trace,round_start_tsc,round_done_tsc,rest_start_tsc,trace_done_tsc,first_round_cycles,attacker_measurement_window_cycles,rest_aes_cycles,trace_wall_cycles
0,234987214198231,234987214199579,234987214229083,234987214230889,1348,29504,1806,32658
1,234987214371563,234987214372867,234987214400843,234987214401703,1304,27976,860,30140
2,234987214490803,234987214491959,234987214555721,234987214556399,1156,63762,678,65596
3,234987214644395,234987214645577,234987214709299,234987214709963,1182,63722,664,65568
4,234987214841303,234987214842475,234987214903931,234987214904605,1172,61456,674,63302
5,234987214991101,234987214992259,234987215057275,234987215057953,1158,65016,678,66852
6,234987215145067,234987215146223,234987215211095,234987215211799,1156,64872,704,66732
7,234987215299321,234987215300485,234987215362177,234987215362873,1164,61692,696,63552
8,234987215463937,234987215465107,234987215528191,234987215528881,1170,63084,690,64944
9,234987215615665,234987215616823,234987215679721,234987215680397,1158,62898,676,64732
10,234987215767141,234987215768303,234987215830439,234987215831129,1162,62136,690,63988
11,234987215917465,234987215918665,234987215979875,234987215980555,1200,61210,680,63090
12,234987216066577,234987216067765,234987216130121,234987216130789,1188,62356,668,64212
13,234987216216971,234987216218131,234987216281917,234987216282583,1160,63786,666,65612
14,234987216368903,234987216370079,234987216431165,234987216431825,1176,61086,660,62922
15,234987216517769,234987216519569,234987216581011,234987216581687,1800,61442,676,63918
16,234987216667799,234987216668983,234987216730799,234987216731467,1184,61816,668,63668
17,234987216818713,234987216819883,234987216882163,234987216882857,1170,62280,694,64144
18,234987216968879,234987216970025,234987217033855,234987217034549,1146,63830,694,65670
19,234987217131073,234987217132231,234987217194499,234987217195159,1158,62268,660,64086
20,234987217282477,234987217283629,234987217346095,234987217346743,1152,62466,648,64266
21,234987217432631,234987217433807,234987217494737,234987217495421,1176,60930,684,62790
22,234987217582193,234987217584361,234987217646911,234987217647593,2168,62550,682,65400
23,234987217733455,234987217734631,234987217800653,234987217801355,1176,66022,702,67900
24,234987217896107,234987217897291,234987217957571,234987217958231,1184,60280,660,62124
25,234987218044303,234987218046545,234987218109389,234987218110063,2242,62844,674,65760
26,234987218196323,234987218197469,234987218260853,234987218261515,1146,63384,662,65192
27,234987218347529,234987218349677,234987218409997,234987218410663,2148,60320,666,63134
28,234987218496113,234987218497279,234987218560867,234987218561525,1166,63588,658,65412
29,234987218648417,234987218649625,234987218710927,234987218711635,1208,61302,708,63218
30,234987218798525,234987218800699,234987218862325,234987218862997,2174,61626,672,64472
31,234987218958073,234987218959247,234987219021391,234987219022019,1174,62144,628,63946
32,234987219108179,234987219110339,234987219173411,234987219174085,2160,63072,674,65906
33,234987219259679,234987219261833,234987219323551,234987219324205,2154,61718,654,64526
34,234987219410303,234987219411469,234987219473849,234987219474527,1166,62380,678,64224
35,234987219560731,234987219561901,234987219626605,234987219627259,1170,64704,654,66528
36,234987219713669,234987219714851,234987219777253,234987219777929,1182,62402,676,64260
37,234987219863347,234987219864485,234987219927557,234987219928231,1138,63072,674,64884
38,234987220014311,234987220015435,234987220077185,234987220077845,1124,61750,660,63534
39,234987220164085,234987220165231,234987220229279,234987220229957,1146,64048,678,65872
40,234987220317007,234987220319153,234987220379903,234987220380571,2146,60750,668,63564
41,234987220467239,234987220468375,234987220532045,234987220532717,1136,63670,672,65478
42,234987220628041,234987220629389,234987220654603,234987220655227,1348,25214,624,27186
43,234987220744229,234987220745933,234987220808479,234987220809181,1704,62546,702,64952
44,234987220906091,234987220907257,234987220969151,234987220969805,1166,61894,654,63714
45,234987221069393,234987221070569,234987221132417,234987221133067,1176,61848,650,63674
46,234987221222215,234987221223397,234987221285945,234987221286611,1182,62548,666,64396
47,234987221375233,234987221377403,234987221440009,234987221440667,2170,62606,658,65434
48,234987221533205,234987221534447,234987221596595,234987221597267,1242,62148,672,64062
49,234987221689571,234987221690795,234987221754523,234987221755193,1224,63728,670,65622
50,234987221847505,234987221849687,234987221912843,234987221913527,2182,63156,684,66022
51,234987222006901,234987222008129,234987222071567,234987222072223,1228,63438,656,65322
52,234987222164567,234987222165775,234987222228763,234987222229427,1208,62988,664,64860
53,234987222334777,234987222336023,234987222401527,234987222402223,1246,65504,696,67446
54,234987222500485,234987222502681,234987222567263,234987222567919,2196,64582,656,67434
55,234987222666871,234987222669179,234987222733865,234987222734531,2308,64686,666,67660
56,234987222832763,234987222834029,234987222898765,234987222899431,1266,64736,666,66668
57,234987222997723,234987222999953,234987223062403,234987223063079,2230,62450,676,65356
58,234987223167977,234987223169281,234987223236743,234987223237405,1304,67462,662,69428
59,234987223342847,234987223344135,234987223409767,234987223410421,1288,65632,654,67574
60,234987223515379,234987223516769,234987223581241,234987223581901,1390,64472,660,66522
61,234987223687255,234987223688555,234987223760383,234987223761041,1300,71828,658,73786
62,234987223857797,234987223858961,234987223920325,234987223921021,1164,61364,696,63224
63,234987224016497,234987224017657,234987224079973,234987224080667,1160,62316,694,64170
64,234987224167249,234987224168435,234987224229209,234987224229845,1186,60774,636,62596
65,234987224315795,234987224317939,234987224380199,234987224380859,2144,62260,660,65064
66,234987224466937,234987224468125,234987224529825,234987224530505,1188,61700,680,63568
67,234987224616637,234987224617795,234987224680631,234987224681309,1158,62836,678,64672
68,234987224766827,234987224767997,234987224832035,234987224832739,1170,64038,704,65912
69,234987224918603,234987224919785,234987224981767,234987224982427,1182,61982,660,63824
70,234987225068561,234987225069739,234987225131203,234987225131885,1178,61464,682,63324
71,234987225218339,234987225219493,234987225281977,234987225282671,1154,62484,694,64332
72,234987225368261,234987225369437,234987225432655,234987225433335,1176,63218,680,65074
73,234987225519275,234987225520441,234987225582305,234987225582979,1166,61864,674,63704
74,234987225668413,234987225669563,234987225732779,234987225733465,1150,63216,686,65052
75,234987225827615,234987225829247,234987225891571,234987225892207,1632,62324,636,64592
76,234987225978649,234987225979831,234987226043857,234987226044539,1182,64026,682,65890
77,234987226130783,234987226131937,234987226194695,234987226195357,1154,62758,662,64574
78,234987226281797,234987226282997,234987226345639,234987226346323,1200,62642,684,64526
79,234987226433137,234987226434287,234987226495471,234987226496143,1150,61184,672,63006
80,234987226582285,234987226583461,234987226646363,234987226647023,1176,62902,660,64738
81,234987226733117,234987226735267,234987226798883,234987226799569,2150,63616,686,66452
82,234987226893925,234987226895107,234987226957499,234987226958189,1182,62392,690,64264
83,234987227044495,234987227045663,234987227108287,234987227108941,1168,62624,654,64446
84,234987227195173,234987227196359,234987227257049,234987227257717,1186,60690,668,62544
85,234987227342969,234987227345119,234987227408849,234987227409505,2150,63730,656,66536
86,234987227512739,234987227513887,234987227578469,234987227579131,1148,64582,662,66392
87,234987227665985,234987227667607,234987227732479,234987227733125,1622,64872,646,67140
88,234987227819395,234987227820577,234987227883187,234987227883851,1182,62610,664,64456
89,234987227970415,234987227972095,234987228034495,234987228035177,1680,62400,682,64762
90,234987228121055,234987228123331,234987228185971,234987228186673,2276,62640,702,65618
91,234987228273107,234987228274267,234987228337171,234987228337819,1160,62904,648,64712
92,234987228431891,234987228433055,234987228495539,234987228496219,1164,62484,680,64328
93,234987228582553,234987228584719,234987228645685,234987228646337,2166,60966,652,63784
94,234987228732607,234987228734779,234987228797033,234987228797699,2172,62254,666,65092
95,234987228883525,234987228884683,234987228947255,234987228947921,1158,62572,666,64396
96,234987229034303,234987229035479,234987229095971,234987229096573,1176,60492,602,62270
97,234987229189469,234987229190623,234987229252081,234987229252739,1154,61458,658,63270
98,234987229338949,234987229340095,234987229404041,234987229404749,1146,63946,708,65800
99,234987229491295,234987229493437,234987229555111,234987229555783,2142,61674,672,64488
100,234987229641799,234987229642963,234987229707551,234987229708219,1164,64588,668,66420
101,234987229808051,234987229809209,234987229870841,234987229871537,1158,61632,696,63486
102,234987229957877,234987229959067,234987230020105,234987230020775,1190,61038,670,62898
103,234987230107027,234987230109187,234987230171437,234987230172121,2160,62250,684,65094
104,234987230258119,234987230259311,234987230322781,234987230323439,1192,63470,658,65320
105,234987230410133,234987230411281,234987230474183,234987230474857,1148,62902,674,64724
106,234987230561381,234987230562515,234987230624699,234987230625361,1134,62184,662,63980
107,234987230711965,234987230713139,234987230775797,234987230776459,1174,62658,662,64494
108,234987230870947,234987230872123,234987230932559,234987230933231,1176,60436,672,62284
109,234987231018941,234987231020119,234987231081455,234987231082145,1178,61336,690,63204
110,234987231168487,234987231169633,234987231232213,234987231232879,1146,62580,666,64392
111,234987231319043,234987231320185,234987231382819,234987231383533,1142,62634,714,64490
112,234987231469537,234987231470723,234987231532901,234987231533609,1186,62178,708,64072
113,234987231619865,234987231621995,234987231684641,234987231685297,2130,62646,656,65432
114,234987231771599,234987231772763,234987231834545,234987231835211,1164,61782,666,63612
115,234987231921157,234987231922313,234987231985199,234987231985837,1156,62886,638,64680
116,234987232071287,234987232072483,234987232133827,234987232134503,1196,61344,676,63216
117,234987232220611,234987232221761,234987232285007,234987232285675,1150,63246,668,65064
118,234987232371979,234987232373185,234987232434653,234987232435325,1206,61468,672,63346
119,234987232530017,234987232532185,234987232594921,234987232595599,2168,62736,678,65582
120,234987232682731,234987232684877,234987232746169,234987232746833,2146,61292,664,64102
121,234987232842755,234987232843975,234987232906129,234987232906823,1220,62154,694,64068
122,234987232995181,234987232997381,234987233058041,234987233058743,2200,60660,702,63562
123,234987233147507,234987233148691,234987233211101,234987233211757,1184,62410,656,64250
124,234987233300365,234987233302583,234987233365625,234987233366305,2218,63042,680,65940
125,234987233454911,234987233456107,234987233519645,234987233520289,1196,63538,644,65378
126,234987233612495,234987233613709,234987233677781,234987233678467,1214,64072,686,65972
127,234987233770727,234987233771911,234987233837351,234987233838017,1184,65440,666,67290
128,234987233930641,234987233932363,234987233995775,234987233996441,1722,63412,666,65800
129,234987234089245,234987234090521,234987234153949,234987234154609,1276,63428,660,65364
130,234987234255571,234987234256777,234987234323527,234987234324211,1206,66750,684,68640
131,234987234421425,234987234423635,234987234488461,234987234489145,2210,64826,684,67720
132,234987234588271,234987234589513,234987234654335,234987234654949,1242,64822,614,66678
133,234987234752339,234987234753581,234987234819643,234987234820303,1242,66062,660,67964
134,234987234917329,234987234918565,234987234982907,234987234983593,1236,64342,686,66264
135,234987235081675,234987235083019,234987235150595,234987235151249,1344,67576,654,69574
136,234987235255903,234987235257233,234987235324177,234987235324835,1330,66944,658,68932
137,234987235429243,234987235430581,234987235497311,234987235497983,1338,66730,672,68740
138,234987235609939,234987235611251,234987235678583,234987235679245,1312,67332,662,69306
139,234987235788577,234987235789733,234987235851269,234987235851943,1156,61536,674,63366
140,234987235937875,234987235939049,234987236001213,234987236001899,1174,62164,686,64024
141,234987236097745,234987236099899,234987236163337,234987236164015,2154,63438,678,66270
142,234987236250869,234987236252021,234987236313303,234987236313961,1152,61282,658,63092
143,234987236400179,234987236401345,234987236464033,234987236464657,1166,62688,624,64478
144,234987236550989,234987236552149,234987236612365,234987236613035,1160,60216,670,62046
145,234987236698825,234987236700967,234987236763233,234987236763917,2142,62266,684,65092
146,234987236850307,234987236851481,234987236912881,234987236913535,1174,61400,654,63228
147,234987237000077,234987237002255,234987237064619,234987237065261,2178,62364,642,65184
148,234987237151469,234987237153671,234987237214925,234987237215623,2202,61254,698,64154
149,234987237301457,234987237302657,234987237363877,234987237364535,1200,61220,658,63078
150,234987237450755,234987237451891,234987237514865,234987237515521,1136,62974,656,64766
151,234987237602131,234987237603373,234987237667135,234987237667799,1242,63762,664,65668
152,234987237761189,234987237763327,234987237824689,234987237825347,2138,61362,658,64158
153,234987237911153,234987237912295,234987237975299,234987237975977,1142,63004,678,64824
154,234987238062295,234987238064437,234987238125239,234987238125907,2142,60802,668,63612
155,234987238211905,234987238213099,234987238273501,234987238274179,1194,60402,678,62274
156,234987238360777,234987238361957,234987238425941,234987238426597,1180,63984,656,65820
157,234987238513085,234987238514249,234987238576687,234987238577353,1164,62438,666,64268
158,234987238663705,234987238665865,234987238730155,234987238730815,2160,64290,660,67110
159,234987238824539,234987238825717,234987238888139,234987238888795,1178,62422,656,64256
160,234987238974869,234987238976011,234987239039215,234987239039893,1142,63204,678,65024
161,234987239126179,234987239127371,234987239188495,234987239189153,1192,61124,658,62974
162,234987239274919,234987239276083,234987239336911,234987239337577,1164,60828,666,62658
163,234987239432017,234987239433197,234987239494153,234987239494835,1180,60956,682,62818
164,234987239580649,234987239582335,234987239644975,234987239645645,1686,62640,670,64996
165,234987239732155,234987239733325,234987239795983,234987239796655,1170,62658,672,64500
166,234987239882663,234987239883815,234987239947243,234987239947907,1152,63428,664,65244
167,234987240034075,234987240035257,234987240097559,234987240098255,1182,62302,696,64180
168,234987240184021,234987240185329,234987240248203,234987240248867,1308,62874,664,64846
169,234987240334873,234987240335999,234987240398933,234987240399587,1126,62934,654,64714
170,234987240485903,234987240487087,234987240546811,234987240547477,1184,59724,666,61574
171,234987240633919,234987240635093,234987240698161,234987240698845,1174,63068,684,64926
172,234987240785233,234987240786391,234987240847403,234987240848093,1158,61012,690,62860
173,234987240934021,234987240935237,234987240996551,234987240997237,1216,61314,686,63216
174,234987241094351,234987241096531,234987241159625,234987241160297,2180,63094,672,65946
175,234987241247237,234987241248407,234987241310201,234987241310879,1170,61794,678,63642
176,234987241396997,234987241398157,234987241459895,234987241460573,1160,61738,678,63576
177,234987241546847,234987241548001,234987241612829,234987241613519,1154,64828,690,66672
178,234987241700681,234987241702759,234987241764227,234987241764937,2078,61468,710,64256
179,234987241861643,234987241862837,234987241923781,234987241924453,1194,60944,672,62810
180,234987242012827,234987242014001,234987242077649,234987242078323,1174,63648,674,65496
181,234987242167069,234987242168251,234987242230735,234987242231441,1182,62484,706,64372
182,234987242320501,234987242322713,234987242384767,234987242385457,2212,62054,690,64956
183,234987242474719,234987242476955,234987242539187,234987242539873,2236,62232,686,65154
184,234987242641253,234987242642485,234987242708147,234987242708819,1232,65662,672,67566
185,234987242809133,234987242810449,234987242839051,234987242839757,1316,28602,706,30624
186,234987242931103,234987242932303,234987242994859,234987242995541,1200,62556,682,64438
187,234987243087475,234987243088709,234987243150689,234987243151355,1234,61980,666,63880
188,234987243243173,234987243244375,234987243309973,234987243310627,1202,65598,654,67454
189,234987243408409,234987243409687,234987243473231,234987243473917,1278,63544,686,65508
190,234987243571325,234987243572557,234987243639449,234987243640105,1232,66892,656,68780
191,234987243738755,234987243740015,234987243804875,234987243805531,1260,64860,656,66776
192,234987243903445,234987243904703,234987243970289,234987243970925,1258,65586,636,67480
193,234987244068541,234987244070431,234987244137379,234987244138075,1890,66948,696,69534
194,234987244243121,234987244244437,234987244311227,234987244311909,1316,66790,682,68788
195,234987244416617,234987244418491,234987244484705,234987244485371,1874,66214,666,68754
196,234987244598525,234987244600043,234987244667363,234987244668031,1518,67320,668,69506
197,234987244785449,234987244787669,234987244853579,234987244854245,2220,65910,666,68796
198,234987244970593,234987244971989,234987245043805,234987245044511,1396,71816,706,73918
199,234987245160481,234987245162159,234987245232725,234987245233393,1678,70566,668,72912
200,234987245349451,234987245350885,234987245421857,234987245422549,1434,70972,692,73098
201,234987245539261,234987245540681,234987245611157,234987245611819,1420,70476,662,72558
202,234987245727751,234987245730083,234987245798003,234987245798699,2332,67920,696,70948
203,234987245914859,234987245916269,234987245987005,234987245987665,1410,70736,660,72806
204,234987246103333,234987246105685,234987246175373,234987246176075,2352,69688,702,72742
205,234987246292077,234987246293461,234987246365191,234987246365891,1384,71730,700,73814
206,234987246491875,234987246494267,234987246565775,234987246566449,2392,71508,674,74574
207,234987246682517,234987246684475,234987246753793,234987246754475,1958,69318,682,71958
208,234987246870509,234987246871955,234987246941561,234987246942241,1446,69606,680,71732
209,234987247057933,234987247060255,234987247127377,234987247128043,2322,67122,666,70110
210,234987247243783,234987247245205,234987247314031,234987247314719,1422,68826,688,70936
211,234987247430863,234987247432301,234987247504555,234987247505245,1438,72254,690,74382
212,234987247621141,234987247622569,234987247696145,234987247696825,1428,73576,680,75684
213,234987247799821,234987247800977,234987247865783,234987247866485,1156,64806,702,66664
214,234987247954277,234987247955467,234987248017349,234987248018009,1190,61882,660,63732
215,234987248103239,234987248104393,234987248169799,234987248170483,1154,65406,684,67244
216,234987248271973,234987248273113,234987248337907,234987248338577,1140,64794,670,66604
217,234987248425555,234987248426701,234987248488681,234987248489341,1146,61980,660,63786
218,234987248575147,234987248576293,234987248638013,234987248638703,1146,61720,690,63556
219,234987248724701,234987248725891,234987248789011,234987248789663,1190,63120,652,64962
220,234987248876167,234987248877319,234987248941357,234987248942023,1152,64038,666,65856
221,234987249028501,234987249030385,234987249092759,234987249093433,1884,62374,674,64932
222,234987249179955,234987249181111,234987249241421,234987249242081,1156,60310,660,62126
223,234987249328031,234987249329201,234987249393181,234987249393851,1170,63980,670,65820
224,234987249480067,234987249481225,234987249545815,234987249546479,1158,64590,664,66412
225,234987249633025,234987249634211,234987249697973,234987249698663,1186,63762,690,65638
226,234987249785039,234987249786205,234987249849055,234987249849715,1166,62850,660,64676
227,234987249943493,234987249944681,234987250007005,234987250007665,1188,62324,660,64172
228,234987250093681,234987250094891,234987250156759,234987250157459,1210,61868,700,63778
229,234987250244187,234987250245353,234987250307761,234987250308443,1166,62408,682,64256
230,234987250403459,234987250404631,234987250466381,234987250467049,1172,61750,668,63590
231,234987250553029,234987250555391,234987250617569,234987250618211,2362,62178,642,65182
232,234987250704223,234987250705369,234987250769329,234987250769995,1146,63960,666,65772
233,234987250863401,234987250864661,234987250927261,234987250927939,1260,62600,678,64538
234,234987251013829,234987251015005,234987251079647,234987251080307,1176,64642,660,66478
235,234987251166671,234987251168833,234987251231291,234987251231995,2162,62458,704,65324
236,234987251317967,234987251319155,234987251381759,234987251382433,1188,62604,674,64466
237,234987251469499,234987251470679,234987251532047,234987251532715,1180,61368,668,63216
238,234987251626907,234987251628119,234987251690371,234987251691043,1212,62252,672,64136
239,234987251777275,234987251778497,234987251839525,234987251840215,1222,61028,690,62940
240,234987251926463,234987251927639,234987251990369,234987251991053,1176,62730,684,64590
241,234987252077353,234987252078517,234987252139817,234987252140501,1164,61300,684,63148
242,234987252226217,234987252227369,234987252290239,234987252290885,1152,62870,646,64668
243,234987252377333,234987252378481,234987252442761,234987252443455,1148,64280,694,66122
244,234987252529253,234987252531403,234987252593227,234987252593887,2150,61824,660,64634
245,234987252679963,234987252682077,234987252743527,234987252744227,2114,61450,700,64264
246,234987252830285,234987252832903,234987252895093,234987252895769,2618,62190,676,65484
247,234987252981503,234987252982667,234987253046921,234987253047593,1164,64254,672,66090
248,234987253133663,234987253134857,234987253197161,234987253197841,1194,62304,680,64178
249,234987253284247,234987253285421,234987253346857,234987253347533,1174,61436,676,63286
250,234987253441363,234987253442533,234987253503031,234987253503691,1170,60498,660,62328
251,234987253589855,234987253591031,234987253653547,234987253654219,1176,62516,672,64364
252,234987253760149,234987253761371,234987253827487,234987253828177,1222,66116,690,68028
253,234987253917635,234987253918823,234987253982231,234987253982923,1188,63408,692,65288
254,234987254072479,234987254073677,234987254134777,234987254135483,1198,61100,706,63004
255,234987254224645,234987254226817,234987254290097,234987254290777,2172,63280,680,66132
256,234987254380349,234987254381557,234987254444629,234987254445299,1208,63072,670,64950
257,234987254537299,234987254538509,234987254603183,234987254603869,1210,64674,686,66570
258,234987254696283,234987254697499,234987254761667,234987254762341,1216,64168,674,66058
259,234987254855341,234987254856551,234987254919359,234987254920027,1210,62808,668,64686
260,234987255020999,234987255022231,234987255085553,234987255086195,1232,63322,642,65196
261,234987255178795,234987255179989,234987255243527,234987255244201,1194,63538,674,65406
262,234987255341921,234987255343651,234987255408461,234987255409121,1730,64810,660,67200
263,234987255507209,234987255508463,234987255576569,234987255577261,1254,68106,692,70052
264,234987255675545,234987255677473,234987255741299,234987255741967,1928,63826,668,66422
265,234987255839935,234987255841327,234987255906911,234987255907573,1392,65584,662,67638
266,234987256005379,234987256006643,234987256071325,234987256071979,1264,64682,654,66600
267,234987256176995,234987256179235,234987256244761,234987256245443,2240,65526,682,68448
268,234987256350181,234987256352411,234987256417087,234987256417771,2230,64676,684,67590
269,234987256521961,234987256523323,234987256589263,234987256589951,1362,65940,688,67990
270,234987256694755,234987256695965,234987256762495,234987256763167,1210,66530,672,68412
271,234987256883113,234987256884421,234987256954211,234987256954883,1308,69790,672,71770
272,234987257071263,234987257072683,234987257142797,234987257143487,1420,70114,690,72224
273,234987257259095,234987257260495,234987257329717,234987257330393,1400,69222,676,71298
274,234987257446399,234987257447821,234987257519305,234987257519977,1422,71484,672,73578
275,234987257636075,234987257637509,234987257706485,234987257707115,1434,68976,630,71040
276,234987257831549,234987257832935,234987257905591,234987257906263,1386,72656,672,74714
277,234987258021557,234987258023935,234987258090929,234987258091549,2378,66994,620,69992
278,234987258207761,234987258209171,234987258280711,234987258281371,1410,71540,660,73610
279,234987258397393,234987258398795,234987258470911,234987258471589,1402,72116,678,74196
280,234987258587771,234987258589213,234987258657991,234987258658667,1442,68778,676,70896
281,234987258784505,234987258786431,234987258857095,234987258857761,1926,70664,666,73256
282,234987258973891,234987258975367,234987259044409,234987259045067,1476,69042,658,71176
283,234987259161179,234987259162625,234987259231975,234987259232617,1446,69350,642,71438
284,234987259348403,234987259350703,234987259419985,234987259420667,2300,69282,682,72264
285,234987259537391,234987259538839,234987259608485,234987259609165,1448,69646,680,71774
286,234987259723037,234987259724891,234987259785901,234987259786567,1854,61010,666,63530
287,234987259881641,234987259883785,234987259943159,234987259943809,2144,59374,650,62168
288,234987260030065,234987260032205,234987260094235,234987260094899,2140,62030,664,64834
289,234987260181113,234987260183267,234987260245787,234987260246443,2154,62520,656,65330
290,234987260332729,234987260334871,234987260394071,234987260394731,2142,59200,660,62002
291,234987260480219,234987260481395,234987260542933,234987260543599,1176,61538,666,63380
292,234987260639009,234987260640191,234987260702221,234987260702899,1182,62030,678,63890
293,234987260788901,234987260790077,234987260851837,234987260852491,1176,61760,654,63590
294,234987260938727,234987260939909,234987261003557,234987261004225,1182,63648,668,65498
295,234987261090635,234987261092803,234987261154771,234987261155435,2168,61968,664,64800
296,234987261241693,234987261242869,234987261306871,234987261307543,1176,64002,672,65850
297,234987261393865,234987261395045,234987261458149,234987261458831,1180,63104,682,64966
298,234987261545549,234987261546727,234987261607733,234987261608377,1178,61006,644,62828
299,234987261694025,234987261695173,234987261758317,234987261758987,1148,63144,670,64962
300,234987261846191,234987261847349,234987261910547,234987261911185,1158,63198,638,64994
301,234987261997607,234987261998771,234987262061081,234987262061731,1164,62310,650,64124
302,234987262148351,234987262150495,234987262214147,234987262214827,2144,63652,680,66476
303,234987262307903,234987262309079,234987262371697,234987262372383,1176,62618,686,64480
304,234987262458655,234987262459823,234987262522093,234987262522741,1168,62270,648,64086
305,234987262608623,234987262609799,234987262674685,234987262675339,1176,64886,654,66716
306,234987262769147,234987262771369,234987262833241,234987262833919,2222,61872,678,64772
307,234987262920677,234987262921859,234987262984649,234987262985335,1182,62790,686,64658
308,234987263071925,234987263073089,234987263136031,234987263136689,1164,62942,658,64764
309,234987263222407,234987263223613,234987263285875,234987263286547,1206,62262,672,64140
310,234987263372621,234987263374777,234987263438539,234987263439215,2156,63762,676,66594
311,234987263525185,234987263526329,234987263588419,234987263589091,1144,62090,672,63906
312,234987263675165,234987263676331,234987263739685,234987263740379,1166,63354,694,65214
313,234987263826575,234987263827775,234987263889155,234987263889847,1200,61380,692,63272
314,234987263984605,234987263985773,234987264047005,234987264047695,1168,61232,690,63090
315,234987264134543,234987264135713,234987264198971,234987264199613,1170,63258,642,65070
316,234987264286129,234987264288337,234987264348319,234987264349009,2208,59982,690,62880
317,234987264434801,234987264436219,234987264497641,234987264498307,1418,61422,666,63506
318,234987264584675,234987264585821,234987264648163,234987264648847,1146,62342,684,64172
319,234987264734749,234987264735923,234987264797525,234987264798191,1174,61602,666,63442
320,234987264883967,234987264885145,234987264947089,234987264947753,1178,61944,664,63786
321,234987265033951,234987265036105,234987265099303,234987265100003,2154,63198,700,66052
322,234987265201441,234987265203169,234987265227419,234987265228099,1728,24250,680,26658
323,234987265313347,234987265315591,234987265377101,234987265377779,2244,61510,678,64432
324,234987265463983,234987265466135,234987265526287,234987265526969,2152,60152,682,62986
325,234987265620947,234987265622119,234987265683341,234987265683991,1172,61222,650,63044
326,234987265780339,234987265781537,234987265845593,234987265846253,1198,64056,660,65914
327,234987265935415,234987265936585,234987266000549,234987266001223,1170,63964,674,65808
328,234987266090327,234987266091521,234987266154577,234987266155237,1194,63056,660,64910
329,234987266244143,234987266245421,234987266308901,234987266309563,1278,63480,662,65420
330,234987266398165,234987266399329,234987266462353,234987266462995,1164,63024,642,64830
331,234987266554189,234987266556727,234987266620811,234987266621515,2538,64084,704,67326
332,234987266713931,234987266715143,234987266777863,234987266778485,1212,62720,622,64554
333,234987266870977,234987266872181,234987266935237,234987266935907,1204,63056,670,64930
334,234987267028381,234987267029957,234987267093673,234987267094339,1576,63716,666,65958
335,234987267187339,234987267188603,234987267250577,234987267251261,1264,61974,684,63922
336,234987267354859,234987267356111,234987267422027,234987267422701,1252,65916,674,67842
337,234987267520549,234987267521911,234987267587467,234987267588155,1362,65556,688,67606
338,234987267686059,234987267687319,234987267752879,234987267753553,1260,65560,674,67494
339,234987267851687,234987267852919,234987267920341,234987267921005,1232,67422,664,69318
340,234987268019281,234987268020539,234987268087447,234987268088125,1258,66908,678,68844
341,234987268192855,234987268194187,234987268260257,234987268260943,1332,66070,686,68088
342,234987268365655,234987268366981,234987268434361,234987268435039,1326,67380,678,69384
343,234987268540165,234987268541509,234987268607245,234987268607903,1344,65736,658,67738
344,234987268712485,234987268714771,234987268780103,234987268780771,2286,65332,668,68286
345,234987268894163,234987268895479,234987268964407,234987268965107,1316,68928,700,70944
346,234987269081413,234987269082805,234987269154437,234987269155111,1392,71632,674,73698
347,234987269286451,234987269287897,234987269359141,234987269359813,1446,71244,672,73362
348,234987269476103,234987269477507,234987269548913,234987269549573,1404,71406,660,73470
349,234987269665291,234987269667577,234987269737001,234987269737681,2286,69424,680,72390
350,234987269853649,234987269855101,234987269922839,234987269923517,1452,67738,678,69868
351,234987270039275,234987270040745,234987270109465,234987270110123,1470,68720,658,70848
352,234987270226621,234987270228031,234987270297017,234987270297703,1410,68986,686,71082
353,234987270413473,234987270414893,234987270483641,234987270484289,1420,68748,648,70816
354,234987270600223,234987270602575,234987270673061,234987270673741,2352,70486,680,73518
355,234987270789817,234987270791225,234987270861809,234987270862455,1408,70584,646,72638
356,234987270978499,234987270979907,234987271050823,234987271051459,1408,70916,636,72960
357,234987271176577,234987271178017,234987271248709,234987271249373,1440,70692,664,72796
358,234987271365181,234987271367563,234987271436329,234987271436983,2382,68766,654,71802
359,234987271553021,234987271555445,234987271625161,234987271625855,2424,69716,694,72834
360,234987271752293,234987271753757,234987271823323,234987271823989,1464,69566,666,71696
361,234987271939921,234987271942693,234987272012345,234987272013001,2772,69652,656,73080
362,234987272128969,234987272131223,234987272199397,234987272200069,2254,68174,672,71100
363,234987272316019,234987272317361,234987272389715,234987272390383,1342,72354,668,74364
364,234987272505847,234987272507261,234987272578193,234987272578867,1414,70932,674,73020
365,234987272694461,234987272695903,234987272765093,234987272765743,1442,69190,650,71282
366,234987272881697,234987272883109,234987272953613,234987272954257,1412,70504,644,72560
367,234987273078793,234987273080275,234987273150767,234987273151459,1482,70492,692,72666
368,234987273276169,234987273277579,234987273347867,234987273348555,1410,70288,688,72386
369,234987273464683,234987273466979,234987273535303,234987273535945,2296,68324,642,71262
370,234987273651847,234987273653275,234987273723601,234987273724253,1428,70326,652,72406
371,234987273839735,234987273841157,234987273910795,234987273911455,1422,69638,660,71720
372,234987274027831,234987274029251,234987274100023,234987274100665,1420,70772,642,72834
373,234987274216307,234987274217737,234987274287347,234987274288009,1430,69610,662,71702
374,234987274404215,234987274405655,234987274476145,234987274476767,1440,70490,622,72552
375,234987274592635,234987274594621,234987274665529,234987274666177,1986,70908,648,73542
376,234987274790053,234987274792453,234987274861427,234987274862099,2400,68974,672,72046
377,234987274987063,234987274988459,234987275060681,234987275061353,1396,72222,672,74290
378,234987275177507,234987275179541,234987275248615,234987275249293,2034,69074,678,71786
379,234987275365055,234987275366495,234987275438035,234987275438707,1440,71540,672,73652
380,234987275554453,234987275555863,234987275626327,234987275626997,1410,70464,670,72544
381,234987275743553,234987275744971,234987275818615,234987275819261,1418,73644,646,75708
382,234987275935201,234987275936663,234987276007205,234987276007871,1462,70542,666,72670
383,234987276123931,234987276125381,234987276196477,234987276197155,1450,71096,678,73224
384,234987276314293,234987276316909,234987276385429,234987276386083,2616,68520,654,71790
385,234987276501637,234987276503317,234987276575237,234987276575939,1680,71920,702,74302
386,234987276691675,234987276693985,234987276762895,234987276763543,2310,68910,648,71868
387,234987276888137,234987276889721,234987276958195,234987276958861,1584,68474,666,70724
388,234987277074817,234987277077091,234987277147429,234987277148093,2274,70338,664,73276
389,234987277263761,234987277265159,234987277336297,234987277336979,1398,71138,682,73218
390,234987277452643,234987277454075,234987277524607,234987277525271,1432,70532,664,72628
391,234987277641533,234987277642937,234987277715309,234987277715987,1404,72372,678,74454
392,234987277839257,234987277840675,234987277911049,234987277911725,1418,70374,676,72468
393,234987278027585,234987278028997,234987278099257,234987278099923,1412,70260,666,72338
394,234987278216251,234987278217643,234987278288237,234987278288891,1392,70594,654,72640
395,234987278404933,234987278406359,234987278476771,234987278477459,1426,70412,688,72526
396,234987278593067,234987278594501,234987278665777,234987278666443,1434,71276,666,73376
397,234987278790671,234987278793521,234987278862131,234987278862779,2850,68610,648,72108
398,234987278979191,234987278981491,234987279050149,234987279050791,2300,68658,642,71600
399,234987279166339,234987279167759,234987279238699,234987279239371,1420,70940,672,73032
400,234987279355117,234987279356549,234987279427199,234987279427859,1432,70650,660,72742
401,234987279544189,234987279546481,234987279617323,234987279617995,2292,70842,672,73806
402,234987279733933,234987279735401,234987279805495,234987279806165,1468,70094,670,72232
403,234987279922267,234987279923693,234987279995005,234987279995693,1426,71312,688,73426
404,234987280111997,234987280113403,234987280184807,234987280185499,1406,71404,692,73502
405,234987280301221,234987280303195,234987280374601,234987280375289,1974,71406,688,74068
406,234987280491001,234987280492427,234987280562107,234987280562795,1426,69680,688,71794
407,234987280687583,234987280690477,234987280758935,234987280759631,2894,68458,696,72048
408,234987280883531,234987280884973,234987280954651,234987280955303,1442,69678,652,71772
409,234987281071523,234987281072971,234987281142709,234987281143369,1448,69738,660,71846
410,234987281259485,234987281260879,234987281328959,234987281329643,1394,68080,684,70158
411,234987281445469,234987281446883,234987281517059,234987281517721,1414,70176,662,72252
412,234987281633669,234987281635109,234987281704843,234987281705509,1440,69734,666,71840
413,234987281821555,234987281823919,234987281893525,234987281894213,2364,69606,688,72658
414,234987282019295,234987282020723,234987282089509,234987282090167,1428,68786,658,70872
415,234987282206783,234987282208165,234987282279587,234987282280265,1382,71422,678,73482
416,234987282396205,234987282398515,234987282465749,234987282466421,2310,67234,672,70216
417,234987282591445,234987282592869,234987282665345,234987282665989,1424,72476,644,74544
418,234987282782401,234987282783815,234987282854441,234987282855079,1414,70626,638,72678
419,234987282970457,234987282971889,234987283040285,234987283040941,1432,68396,656,70484
420,234987283157497,234987283158953,234987283228081,234987283228741,1456,69128,660,71244
421,234987283344841,234987283347127,234987283416059,234987283416737,2286,68932,678,71896
422,234987283533083,234987283535039,234987283604381,234987283605053,1956,69342,672,71970
423,234987283737685,234987283739107,234987283809475,234987283810169,1422,70368,694,72484
424,234987283925779,234987283927291,234987283996771,234987283997453,1512,69480,682,71674
425,234987284113979,234987284115427,234987284186291,234987284186989,1448,70864,698,73010
426,234987284302735,234987284305057,234987284374511,234987284375197,2322,69454,686,72462
427,234987284491631,234987284493041,234987284562779,234987284563445,1410,69738,666,71814
428,234987284688605,234987284690975,234987284761673,234987284762341,2370,70698,668,73736
429,234987284878321,234987284879767,234987284948845,234987284949529,1446,69078,684,71208
430,234987285065755,234987285067171,234987285138763,234987285139435,1416,71592,672,73680
431,234987285255797,234987285257213,234987285327811,234987285328489,1416,70598,678,72692
432,234987285444457,234987285446759,234987285515779,234987285516479,2302,69020,700,72022
433,234987285632809,234987285634231,234987285703771,234987285704443,1422,69540,672,71634
434,234987285820373,234987285821863,234987285890593,234987285891241,1490,68730,648,70868
435,234987286007449,234987286008887,234987286080739,234987286081405,1438,71852,666,73956
436,234987286197481,234987286199927,234987286267991,234987286268681,2446,68064,690,71200
437,234987286384703,234987286386349,234987286456225,234987286456907,1646,69876,682,72204
438,234987286580845,234987286582301,234987286653671,234987286654349,1456,71370,678,73504
439,234987286777795,234987286779215,234987286851443,234987286852129,1420,72228,686,74334
440,234987286968181,234987286969631,234987287038775,234987287039431,1450,69144,656,71250
441,234987287155613,234987287157023,234987287226851,234987287227561,1410,69828,710,71948
442,234987287343403,234987287344843,234987287413769,234987287414387,1440,68926,618,70984
443,234987287530457,234987287531875,234987287603749,234987287604415,1418,71874,666,73958
444,234987287720369,234987287722645,234987287792735,234987287793419,2276,70090,684,73050
445,234987287908987,234987287911399,234987287981531,234987287982199,2412,70132,668,73212
446,234987288098459,234987288099893,234987288169781,234987288170447,1434,69888,666,71988
447,234987288286163,234987288287597,234987288356161,234987288356863,1434,68564,702,70700
448,234987288481639,234987288483061,234987288551315,234987288551981,1422,68254,666,70342
449,234987288668065,234987288669715,234987288737897,234987288738581,1650,68182,684,70516
450,234987288854867,234987288857185,234987288925505,234987288926185,2318,68320,680,71318
451,234987289042057,234987289043489,234987289112837,234987289113455,1432,69348,618,71398
452,234987289230035,234987289231829,234987289300345,234987289301023,1794,68516,678,70988
453,234987289416751,234987289418953,234987289491439,234987289492115,2202,72486,676,75364
454,234987289608181,234987289610567,234987289683059,234987289683745,2386,72492,686,75564
455,234987289807811,234987289809281,234987289880807,234987289881475,1470,71526,668,73664
456,234987289997719,234987289999141,234987290068111,234987290068795,1422,68970,684,71076
457,234987290184791,234987290187109,234987290256781,234987290257465,2318,69672,684,72674
458,234987290382035,234987290384317,234987290452541,234987290453215,2282,68224,674,71180
459,234987290569767,234987290571223,234987290641027,234987290641677,1456,69804,650,71910
460,234987290765683,234987290767157,234987290837113,234987290837801,1474,69956,688,72118
461,234987290954081,234987290955493,234987291025729,234987291026393,1412,70236,664,72312
462,234987291142237,234987291144515,234987291213817,234987291214501,2278,69302,684,72264
463,234987291330095,234987291331519,234987291402409,234987291403075,1424,70890,666,72980
464,234987291519701,234987291521117,234987291591745,234987291592421,1416,70628,676,72720
465,234987291708281,234987291709673,234987291781715,234987291782387,1392,72042,672,74106
466,234987291897749,234987291899173,234987291968071,234987291968735,1424,68898,664,70986
467,234987292084717,234987292086119,234987292156331,234987292157029,1402,70212,698,72312
468,234987292288499,234987292290931,234987292359637,234987292360297,2432,68706,660,71798
469,234987292476493,234987292477973,234987292547221,234987292547869,1480,69248,648,71376
470,234987292664137,234987292666439,234987292737391,234987292738027,2302,70952,636,73890
471,234987292861979,234987292863403,234987292934797,234987292935463,1424,71394,666,73484
472,234987293051621,234987293053919,234987293121779,234987293122439,2298,67860,660,70818
473,234987293238175,234987293239603,234987293309777,234987293310449,1428,70174,672,72274
474,234987293426581,234987293428891,234987293498875,234987293499551,2310,69984,676,72970
475,234987293615257,234987293617097,234987293686501,234987293687179,1840,69404,678,71922
476,234987293803045,234987293804531,234987293875391,234987293876081,1486,70860,690,73036
477,234987293991955,234987293993383,234987294063493,234987294064159,1428,70110,666,72204
478,234987294189131,234987294190907,234987294259705,234987294260369,1776,68798,664,71238
479,234987294376097,234987294377525,234987294448939,234987294449605,1428,71414,666,73508
480,234987294565195,234987294567499,234987294636329,234987294636989,2304,68830,660,71794
481,234987294752765,234987294754117,234987294824525,234987294825215,1352,70408,690,72450
482,234987294940429,234987294941845,234987295013611,234987295014283,1416,71766,672,73854
483,234987295129699,234987295132015,234987295202195,234987295202869,2316,70180,674,73170
484,234987295318795,234987295320583,234987295390303,234987295391005,1788,69720,702,72210
485,234987295506943,234987295508365,234987295581215,234987295581865,1422,72850,650,74922
486,234987295714397,234987295715821,234987295786535,234987295787221,1424,70714,686,72824
487,234987295902779,234987295904183,234987295975889,234987295976557,1404,71706,668,73778
488,234987296100925,234987296102383,234987296172227,234987296172901,1458,69844,674,71976
489,234987296288929,234987296291075,234987296362745,234987296363413,2146,71670,668,74484
490,234987296479751,234987296481163,234987296551609,234987296552285,1412,70446,676,72534
491,234987296668505,234987296670787,234987296740307,234987296740967,2282,69520,660,72462
492,234987296857285,234987296858699,234987296929747,234987296930425,1414,71048,678,73140
493,234987297047047,234987297048517,234987297117415,234987297118085,1470,68898,670,71038
494,234987297234025,234987297235493,234987297304663,234987297305351,1468,69170,688,71326
495,234987297421445,234987297423743,234987297491249,234987297491927,2298,67506,678,70482
496,234987297608159,234987297610133,234987297681569,234987297682247,1974,71436,678,74088
497,234987297798019,234987297799459,234987297868613,234987297869291,1440,69154,678,71272
498,234987297993619,234987297995047,234987298065941,234987298066633,1428,70894,692,73014
499,234987298182517,234987298183951,234987298252991,234987298253641,1434,69040,650,71124
500,234987298369493,234987298371223,234987298441157,234987298441813,1730,69934,656,72320
501,234987298557643,234987298559057,234987298631381,234987298632067,1414,72324,686,74424
502,234987298755725,234987298758671,234987298828267,234987298828943,2946,69596,676,73218
503,234987298945211,234987298946681,234987299015695,234987299016367,1470,69014,672,71156
504,234987299132291,234987299133719,234987299204065,234987299204729,1428,70346,664,72438
505,234987299319655,234987299321027,234987299390465,234987299391137,1372,69438,672,71482
506,234987299515579,234987299516971,234987299587913,234987299588559,1392,70942,646,72980
507,234987299704031,234987299705473,234987299775605,234987299776279,1442,70132,674,72248
508,234987299892415,234987299894741,234987299966401,234987299967055,2326,71660,654,74640
509,234987300090461,234987300091879,234987300164885,234987300165575,1418,73006,690,75114
510,234987300281861,234987300283271,234987300353087,234987300353749,1410,69816,662,71888
511,234987300469855,234987300472183,234987300540731,234987300541423,2328,68548,692,71568
512,234987300658003,234987300660181,234987300729859,234987300730547,2178,69678,688,72544
513,234987300846271,234987300847891,234987300919595,234987300920269,1620,71704,674,73998
514,234987301036157,234987301037561,234987301108303,234987301108951,1404,70742,648,72794
515,234987301225105,234987301226553,234987301295753,234987301296415,1448,69200,662,71310
516,234987301412479,234987301413917,234987301483927,234987301484591,1438,70010,664,72112
517,234987301600697,234987301602103,234987301674305,234987301674967,1406,72202,662,74270
518,234987301800415,234987301802225,234987301872493,234987301873139,1810,70268,646,72724
519,234987301998295,234987301999681,234987302069869,234987302070535,1386,70188,666,72240
520,234987302186189,234987302187619,234987302259241,234987302259907,1430,71622,666,73718
521,234987302376211,234987302378557,234987302449117,234987302449751,2346,70560,634,73540
522,234987302565979,234987302567399,234987302635831,234987302636503,1420,68432,672,70524
523,234987302752591,234987302753975,234987302824201,234987302824879,1384,70226,678,72288
524,234987302940941,234987302942335,234987303014627,234987303015271,1394,72292,644,74330
525,234987303131011,234987303132439,234987303203827,234987303204527,1428,71388,700,73516
526,234987303320161,234987303322487,234987303391999,234987303392659,2326,69512,660,72498
527,234987303508957,234987303510401,234987303581759,234987303582425,1444,71358,666,73468
528,234987303698489,234987303699877,234987303771841,234987303772499,1388,71964,658,74010
529,234987303897209,234987303898627,234987303968773,234987303969449,1418,70146,676,72240
530,234987304085945,234987304087369,234987304159591,234987304160297,1424,72222,706,74352
531,234987304276441,234987304278533,234987304349201,234987304349867,2092,70668,666,73426
532,234987304466311,234987304467727,234987304536839,234987304537501,1416,69112,662,71190
533,234987304653533,234987304654961,234987304725667,234987304726339,1428,70706,672,72806
534,234987304850845,234987304852589,234987304922687,234987304923355,1744,70098,668,72510
535,234987305039465,234987305040893,234987305112011,234987305112697,1428,71118,686,73232
536,234987305228683,234987305230049,234987305302009,234987305302685,1366,71960,676,74002
537,234987305418533,234987305420443,234987305490667,234987305491339,1910,70224,672,72806
538,234987305607103,234987305609479,234987305679713,234987305680391,2376,70234,678,73288
539,234987305804863,234987305807171,234987305836019,234987305836675,2308,28848,656,31812
540,234987305952865,234987305954293,234987306023797,234987306024451,1428,69504,654,71586
541,234987306140441,234987306142699,234987306211349,234987306212017,2258,68650,668,71576
542,234987306328151,234987306329587,234987306397931,234987306398581,1436,68344,650,70430
543,234987306514757,234987306517105,234987306586019,234987306586693,2348,68914,674,71936
544,234987306704155,234987306705565,234987306774311,234987306774967,1410,68746,656,70812
545,234987306890779,234987306892195,234987306961277,234987306961949,1416,69082,672,71170
546,234987307078007,234987307079453,234987307149463,234987307150151,1446,70010,688,72144
547,234987307266617,234987307268035,234987307336895,234987307337555,1418,68860,660,70938
548,234987307454017,234987307455421,234987307526401,234987307527079,1404,70980,678,73062
549,234987307652077,234987307653533,234987307724855,234987307725527,1456,71322,672,73450
550,234987307848989,234987307851275,234987307921757,234987307922423,2286,70482,666,73434
551,234987308038975,234987308040431,234987308110735,234987308111425,1456,70304,690,72450
552,234987308235953,234987308237389,234987308306905,234987308307587,1436,69516,682,71634
553,234987308423491,234987308424937,234987308495665,234987308496353,1446,70728,688,72862
554,234987308612831,234987308614229,234987308685319,234987308685973,1398,71090,654,73142
555,234987308801849,234987308803265,234987308873495,234987308874193,1416,70230,698,72344
556,234987308990507,234987308991991,234987309064067,234987309064751,1484,72076,684,74244
557,234987309180505,234987309181945,234987309251761,234987309252451,1440,69816,690,71946
558,234987309368011,234987309369397,234987309441203,234987309441883,1386,71806,680,73872
559,234987309566917,234987309568357,234987309637793,234987309638453,1440,69436,660,71536
560,234987309755081,234987309756503,234987309827837,234987309828511,1422,71334,674,73430
561,234987309944941,234987309946469,234987310014535,234987310015177,1528,68066,642,70236
562,234987310131385,234987310132787,234987310204471,234987310205135,1402,71684,664,73750
563,234987310321079,234987310322489,234987310394111,234987310394789,1410,71622,678,73710
564,234987310511051,234987310513343,234987310582387,234987310583065,2292,69044,678,72014
565,234987310712173,234987310714489,234987310785601,234987310786259,2316,71112,658,74086
566,234987310901671,234987310903999,234987310974079,234987310974761,2328,70080,682,73090
567,234987311091089,234987311093429,234987311164393,234987311165071,2340,70964,678,73982
568,234987311281307,234987311283649,234987311353037,234987311353657,2342,69388,620,72350
569,234987311477893,234987311479319,234987311551891,234987311552723,1426,72572,832,74830
570,234987311668439,234987311669825,234987311743177,234987311743837,1386,73352,660,75398
571,234987311859665,234987311861111,234987311931481,234987311932157,1446,70370,676,72492
572,234987312048367,234987312049811,234987312120257,234987312120935,1444,70446,678,72568
573,234987312236665,234987312238093,234987312309029,234987312309707,1428,70936,678,73042
574,234987312425647,234987312427067,234987312498545,234987312499241,1420,71478,696,73594
575,234987312615305,234987312617707,234987312688175,234987312688847,2402,70468,672,73542
576,234987312804953,234987312806393,234987312875569,234987312876239,1440,69176,670,71286
577,234987312992131,234987312993517,234987313065635,234987313066289,1386,72118,654,74158
578,234987313182847,234987313184287,234987313254599,234987313255243,1440,70312,644,72396
579,234987313378741,234987313380179,234987313450477,234987313451125,1438,70298,648,72384
580,234987313566493,234987313567913,234987313638889,234987313639553,1420,70976,664,73060
581,234987313765093,234987313766537,234987313835929,234987313836587,1444,69392,658,71494
582,234987313952177,234987313953595,234987314022725,234987314023387,1418,69130,662,71210
583,234987314139581,234987314140985,234987314211109,234987314211787,1404,70124,678,72206
584,234987314327717,234987314329141,234987314399719,234987314400391,1424,70578,672,72674
585,234987314516417,234987314517859,234987314587627,234987314588319,1442,69768,692,71902
586,234987314704129,234987314705533,234987314777849,234987314778523,1404,72316,674,74394
587,234987314894831,234987314896213,234987314969093,234987314969755,1382,72880,662,74924
588,234987315085731,234987315087157,234987315158393,234987315159049,1426,71236,656,73318
589,234987315274715,234987315276121,234987315347161,234987315347801,1406,71040,640,73086
590,234987315473197,234987315474631,234987315545053,234987315545729,1434,70422,676,72532
591,234987315661601,234987315663011,234987315735335,234987315736013,1410,72324,678,74412
592,234987315851501,234987315852901,234987315925535,234987315926171,1400,72634,636,74670
593,234987316042537,234987316043923,234987316117165,234987316117855,1386,73242,690,75318
594,234987316233343,234987316235711,234987316305119,234987316305781,2368,69408,662,72438
595,234987316422653,234987316424063,234987316493807,234987316494487,1410,69744,680,71834
596,234987316609961,234987316612079,234987316680679,234987316681327,2118,68600,648,71366
597,234987316804775,234987316806217,234987316876189,234987316876889,1442,69972,700,72114
598,234987317008727,234987317011029,234987317080745,234987317081407,2302,69716,662,72680
599,234987317197621,234987317199061,234987317269043,234987317269687,1440,69982,644,72066
600,234987317395067,234987317396455,234987317467867,234987317468539,1388,71412,672,73472
601,234987317583819,234987317585239,234987317654525,234987317655187,1420,69286,662,71368
602,234987317771029,234987317773365,234987317842631,234987317843285,2336,69266,654,72256
603,234987317959563,234987317961001,234987318031213,234987318031909,1438,70212,696,72346
604,234987318147665,234987318149069,234987318219155,234987318219835,1404,70086,680,72170
605,234987318335641,234987318337045,234987318408857,234987318409529,1404,71812,672,73888
606,234987318525563,234987318526963,234987318595469,234987318596141,1400,68506,672,70578
607,234987318712115,234987318714389,234987318783269,234987318783965,2274,68880,696,71850
608,234987318899849,234987318901309,234987318970705,234987318971393,1460,69396,688,71544
609,234987319087739,234987319089169,234987319158815,234987319159477,1430,69646,662,71738
610,234987319284467,234987319285885,234987319357393,234987319358093,1418,71508,700,73626
611,234987319474135,234987319475569,234987319547723,234987319548323,1434,72154,600,74188
612,234987319673599,234987319675039,234987319744583,234987319745249,1440,69544,666,71650
613,234987319860941,234987319862395,234987319930853,234987319931531,1454,68458,678,70590
614,234987320047585,234987320049911,234987320117533,234987320118187,2326,67622,654,70602
615,234987320234437,234987320235895,234987320305115,234987320305813,1458,69220,698,71376
616,234987320421997,234987320423423,234987320494865,234987320495491,1426,71442,626,73494
617,234987320611223,234987320613643,234987320682923,234987320683589,2420,69280,666,72366
618,234987320799445,234987320801399,234987320871935,234987320872579,1954,70536,644,73134
619,234987320988595,234987320990023,234987321061861,234987321062533,1428,71838,672,73938
620,234987321187717,234987321190171,234987321259903,234987321260545,2454,69732,642,72828
621,234987321376331,234987321377797,234987321446705,234987321447361,1466,68908,656,71030
622,234987321562927,234987321564331,234987321634501,234987321635143,1404,70170,642,72216
623,234987321750715,234987321753017,234987321821929,234987321822613,2302,68912,684,71898
624,234987321938357,234987321940675,234987322009459,234987322010117,2318,68784,658,71760
625,234987322125677,234987322127119,234987322196735,234987322197421,1442,69616,686,71744
626,234987322313527,234987322314931,234987322385765,234987322386427,1404,70834,662,72900
627,234987322502929,234987322504387,234987322574419,234987322575107,1458,70032,688,72178
628,234987322701601,234987322703761,234987322773601,234987322774253,2160,69840,652,72652
629,234987322890851,234987322892335,234987322961419,234987322962073,1484,69084,654,71222
630,234987323086403,234987323088713,234987323158679,234987323159357,2310,69966,678,72954
631,234987323275349,234987323276815,234987323346985,234987323347651,1466,70170,666,72302
632,234987323463757,234987323465243,234987323537113,234987323537773,1486,71870,660,74016
633,234987323653843,234987323656153,234987323727563,234987323728193,2310,71410,630,74350
634,234987323843549,234987323845003,234987323913959,234987323914635,1454,68956,676,71086
635,234987324030427,234987324031847,234987324102077,234987324102739,1420,70230,662,72312
636,234987324218857,234987324220601,234987324291193,234987324291863,1744,70592,670,73006
637,234987324407723,234987324409199,234987324477817,234987324478511,1476,68618,694,70788
638,234987324594547,234987324595969,234987324666043,234987324666725,1422,70074,682,72178
639,234987324782911,234987324784307,234987324855341,234987324856015,1396,71034,674,73104
640,234987324980209,234987324981755,234987325052233,234987325052851,1546,70478,618,72642
641,234987325169243,234987325171643,234987325242089,234987325242775,2400,70446,686,73532
642,234987325358423,234987325359877,234987325430639,234987325431293,1454,70762,654,72870
643,234987325547665,234987325549639,234987325621247,234987325621919,1974,71608,672,74254
644,234987325762811,234987325764277,234987325833667,234987325834327,1466,69390,660,71516
645,234987325950325,234987325951757,234987326020997,234987326021653,1432,69240,656,71328
646,234987326137613,234987326139025,234987326209651,234987326210315,1412,70626,664,72702
647,234987326326051,234987326328343,234987326396833,234987326397527,2292,68490,694,71476
648,234987326513461,234987326515819,234987326584869,234987326585519,2358,69050,650,72058
649,234987326701379,234987326703949,234987326771413,234987326772065,2570,67464,652,70686
650,234987326897537,234987326898949,234987326968087,234987326968759,1412,69138,672,71222
651,234987327084497,234987327085939,234987327154193,234987327154855,1442,68254,662,70358
652,234987327270941,234987327273389,234987327342197,234987327342847,2448,68808,650,71906
653,234987327458677,234987327460097,234987327529771,234987327530437,1420,69674,666,71760
654,234987327646171,234987327647593,234987327718159,234987327718859,1422,70566,700,72688
655,234987327835021,234987327836453,234987327906275,234987327906953,1432,69822,678,71932
656,234987328022879,234987328024285,234987328094255,234987328094933,1406,69970,678,72054
657,234987328210961,234987328212391,234987328281725,234987328282369,1430,69334,644,71408
658,234987328398047,234987328399469,234987328471543,234987328472233,1422,72074,690,74186
659,234987328588027,234987328590329,234987328661467,234987328662131,2302,71138,664,74104
660,234987328794847,234987328796303,234987328866013,234987328866683,1456,69710,670,71836
661,234987328982819,234987328984279,234987329053709,234987329054395,1460,69430,686,71576
662,234987329170553,234987329172011,234987329241431,234987329242103,1458,69420,672,71550
663,234987329358091,234987329359495,234987329432597,234987329433293,1404,73102,696,75202
664,234987329548739,234987329551067,234987329622247,234987329622919,2328,71180,672,74180
665,234987329738789,234987329740217,234987329810831,234987329811497,1428,70614,666,72708
666,234987329927069,234987329929979,234987329998831,234987329999521,2910,68852,690,72452
667,234987330115777,234987330118177,234987330186053,234987330186727,2400,67876,674,70950
668,234987330302777,234987330305125,234987330375839,234987330376519,2348,70714,680,73742
669,234987330492031,234987330493451,234987330562241,234987330562903,1420,68790,662,70872
670,234987330692129,234987330693583,234987330763487,234987330764153,1454,69904,666,72024
671,234987330880513,234987330881933,234987330953381,234987330954065,1420,71448,684,73552
672,234987331069987,234987331071361,234987331142831,234987331143445,1374,71470,614,73458
673,234987331259191,234987331260601,234987331328737,234987331329419,1410,68136,682,70228
674,234987331445783,234987331447211,234987331516867,234987331517539,1428,69656,672,71756
675,234987331657399,234987331658849,234987331727741,234987331728353,1450,68892,612,70954
676,234987331844561,234987331846001,234987331917079,234987331917767,1440,71078,688,73206
677,234987332033773,234987332036033,234987332106379,234987332107073,2260,70346,694,73300
678,234987332222945,234987332225321,234987332294653,234987332295313,2376,69332,660,72368
679,234987332411287,234987332412745,234987332481547,234987332482223,1458,68802,676,70936
680,234987332598643,234987332600077,234987332671453,234987332672113,1434,71376,660,73470
681,234987332797493,234987332798939,234987332869607,234987332870255,1446,70668,648,72762
682,234987332985775,234987332987239,234987333057895,234987333058535,1464,70656,640,72760
683,234987333174739,234987333176189,234987333245131,234987333245813,1450,68942,682,71074
684,234987333362039,234987333363463,234987333434609,234987333435277,1424,71146,668,73238
685,234987333551425,234987333553243,234987333621929,234987333622573,1818,68686,644,71148
686,234987333738203,234987333739633,234987333811199,234987333811861,1430,71566,662,73658
687,234987333927575,234987333928979,234987334000009,234987334000657,1404,71030,648,73082
688,234987334116635,234987334118065,234987334189855,234987334190533,1430,71790,678,73898
689,234987334306259,234987334307657,234987334377625,234987334378277,1398,69968,652,72018
690,234987334502195,234987334503577,234987334577671,234987334578349,1382,74094,678,76154
691,234987334711985,234987334714337,234987334784581,234987334785247,2352,70244,666,73262
692,234987334901275,234987334902709,234987334972615,234987334973297,1434,69906,682,72022
693,234987335089325,234987335090723,234987335162063,234987335162723,1398,71340,660,73398
694,234987335278625,234987335281357,234987335348981,234987335349611,2732,67624,630,70986
695,234987335465813,234987335467789,234987335539379,234987335540029,1976,71590,650,74216
696,234987335656037,234987335658349,234987335727883,234987335728549,2312,69534,666,72512
697,234987335844119,234987335845541,234987335915777,234987335916437,1422,70236,660,72318
698,234987336032611,234987336034027,234987336105007,234987336105673,1416,70980,666,73062
699,234987336221219,234987336223003,234987336295205,234987336295819,1784,72202,614,74600
700,234987336411137,234987336412553,234987336481565,234987336482245,1416,69012,680,71108
701,234987336607031,234987336608489,234987336679681,234987336680351,1458,71192,670,73320
702,234987336795979,234987336797423,234987336868405,234987336869035,1444,70982,630,73056
703,234987336984721,234987336986123,234987337057057,234987337057729,1402,70934,672,73008
704,234987337173223,234987337174639,234987337246771,234987337247419,1416,72132,648,74196
705,234987337362679,234987337364485,234987337432969,234987337433629,1806,68484,660,70950
706,234987337549319,234987337550645,234987337621459,234987337622137,1326,70814,678,72818
707,234987337746013,234987337747455,234987337817549,234987337818199,1442,70094,650,72186
708,234987337934227,234987337936553,234987338004221,234987338004901,2326,67668,680,70674
709,234987338120461,234987338122631,234987338192839,234987338193481,2170,70208,642,73020
710,234987338309599,234987338311031,234987338381477,234987338382157,1432,70446,680,72558
711,234987338506837,234987338508257,234987338578291,234987338578945,1420,70034,654,72108
712,234987338694581,234987338696879,234987338767411,234987338768081,2298,70532,670,73500
713,234987338883955,234987338885399,234987338956943,234987338957621,1444,71544,678,73666
714,234987339073549,234987339075017,234987339144611,234987339145301,1468,69594,690,71752
715,234987339261271,234987339262705,234987339332579,234987339333265,1434,69874,686,71994
716,234987339449039,234987339450431,234987339520513,234987339521191,1392,70082,678,72152
717,234987339636751,234987339638161,234987339706861,234987339707549,1410,68700,688,70798
718,234987339824537,234987339825941,234987339896819,234987339897481,1404,70878,662,72944
719,234987340013443,234987340015745,234987340085017,234987340085699,2302,69272,682,72256
720,234987340202071,234987340203521,234987340273099,234987340273769,1450,69578,670,71698
721,234987340405049,234987340407359,234987340474945,234987340475615,2310,67586,670,70566
722,234987340591999,234987340594303,234987340663603,234987340664275,2304,69300,672,72276
723,234987340788367,234987340789901,234987340860013,234987340860689,1534,70112,676,72322
724,234987340977053,234987340978463,234987341047417,234987341048087,1410,68954,670,71034
725,234987341164379,234987341165815,234987341235179,234987341235779,1436,69364,600,71400
726,234987341351699,234987341353159,234987341422511,234987341423173,1460,69352,662,71474
727,234987341540521,234987341541941,234987341613241,234987341613919,1420,71300,678,73398
728,234987341730325,234987341731721,234987341802553,234987341803223,1396,70832,670,72898
729,234987341919161,234987341920571,234987341988733,234987341989429,1410,68162,696,70268
730,234987342105257,234987342107195,234987342179315,234987342180007,1938,72120,692,74750
731,234987342304855,234987342307211,234987342377153,234987342377825,2356,69942,672,72970
732,234987342493481,234987342495799,234987342565271,234987342565961,2318,69472,690,72480
733,234987342681833,234987342683243,234987342754735,234987342755381,1410,71492,646,73548
734,234987342870757,234987342872191,234987342942047,234987342942715,1434,69856,668,71958
735,234987343058629,234987343060949,234987343130783,234987343131451,2320,69834,668,72822
736,234987343255823,234987343257209,234987343327975,234987343328647,1386,70766,672,72824
737,234987343444351,234987343445803,234987343514189,234987343514831,1452,68386,642,70480
738,234987343640717,234987343643027,234987343711597,234987343712285,2310,68570,688,71568
739,234987343828255,234987343829665,234987343900445,234987343901117,1410,70780,672,72862
740,234987344016641,234987344018059,234987344086181,234987344086841,1418,68122,660,70200
741,234987344211793,234987344213207,234987344285759,234987344286413,1414,72552,654,74620
742,234987344402161,234987344403545,234987344475281,234987344475977,1384,71736,696,73816
743,234987344591693,234987344593115,234987344661841,234987344662513,1422,68726,672,70820
744,234987344778743,234987344780221,234987344849125,234987344849791,1478,68904,666,71048
745,234987344965727,234987344968061,234987345035863,234987345036481,2334,67802,618,70754
746,234987345152719,234987345155025,234987345223343,234987345223999,2306,68318,656,71280
747,234987345339865,234987345341227,234987345413497,234987345414175,1362,72270,678,74310
748,234987345530071,234987345531469,234987345602881,234987345603547,1398,71412,666,73476
749,234987345719123,234987345720551,234987345789367,234987345790057,1428,68816,690,70934
750,234987345906379,234987345907817,234987345977843,234987345978511,1438,70026,668,72132
751,234987346103161,234987346104583,234987346175161,234987346175831,1422,70578,670,72670
752,234987346291865,234987346293389,234987346364033,234987346364711,1524,70644,678,72846
753,234987346480967,234987346482391,234987346556965,234987346557613,1424,74574,648,76646
754,234987346682177,234987346683613,234987346753225,234987346753903,1436,69612,678,71726
755,234987346869791,234987346871245,234987346940369,234987346941043,1454,69124,674,71252
756,234987347057197,234987347058589,234987347130925,234987347131589,1392,72336,664,74392
757,234987347247331,234987347248759,234987347320409,234987347321069,1428,71650,660,73738
758,234987347436871,234987347438315,234987347507485,234987347508161,1444,69170,676,71290
759,234987347624539,234987347625953,234987347695741,234987347696405,1414,69788,664,71866
760,234987347811863,234987347813303,234987347885423,234987347886035,1440,72120,612,74172
761,234987348001633,234987348004007,234987348073651,234987348074321,2374,69644,670,72688
762,234987348198565,234987348200969,234987348270779,234987348271477,2404,69810,698,72912
763,234987348387413,234987348389695,234987348460247,234987348460901,2282,70552,654,73488
764,234987348576997,234987348579361,234987348650215,234987348650839,2364,70854,624,73842
765,234987348767197,234987348769487,234987348840323,234987348840967,2290,70836,644,73770
766,234987348956515,234987348957923,234987349028035,234987349028729,1408,70112,694,72214
767,234987349144679,234987349147009,234987349215403,234987349216063,2330,68394,660,71384
768,234987349332865,234987349334297,234987349405225,234987349405883,1432,70928,658,73018
769,234987349521869,234987349523293,234987349592035,234987349592699,1424,68742,664,70830
770,234987349717483,234987349718905,234987349788487,234987349789177,1422,69582,690,71694
771,234987349905779,234987349907171,234987349980235,234987349980913,1392,73064,678,75134
772,234987350105587,234987350107063,234987350178371,234987350179039,1476,71308,668,73452
773,234987350294555,234987350296921,234987350367497,234987350368147,2366,70576,650,73592
774,234987350485655,234987350487047,234987350558783,234987350559443,1392,71736,660,73788
775,234987350675411,234987350676823,234987350750195,234987350750885,1412,73372,690,75474
776,234987350866609,234987350868995,234987350940493,234987350941159,2386,71498,666,74550
777,234987351057301,234987351059267,234987351132011,234987351132677,1966,72744,666,75376
778,234987351248581,234987351250025,234987351319601,234987351320287,1444,69576,686,71706
779,234987351436049,234987351437461,234987351510305,234987351510979,1412,72844,674,74930
780,234987351626597,234987351628019,234987351697081,234987351697745,1422,69062,664,71148
781,234987351813775,234987351815209,234987351886997,234987351887645,1434,71788,648,73870
782,234987352020569,234987352022119,234987352049557,234987352050227,1550,27438,670,29658
783,234987352166393,234987352167877,234987352239121,234987352239799,1484,71244,678,73406
784,234987352355923,234987352358263,234987352427327,234987352427993,2340,69064,666,72070
785,234987352544335,234987352545739,234987352616755,234987352617457,1404,71016,702,73122
786,234987352741753,234987352743203,234987352812193,234987352812875,1450,68990,682,71122
787,234987352928681,234987352930999,234987352999813,234987353000435,2318,68814,622,71754
788,234987353116537,234987353117999,234987353186341,234987353187025,1462,68342,684,70488
789,234987353302987,234987353305385,234987353374783,234987353375479,2398,69398,696,72492
790,234987353491379,234987353492809,234987353562073,234987353562757,1430,69264,684,71378
791,234987353679371,234987353680777,234987353754311,234987353754979,1406,73534,668,75608
792,234987353879221,234987353880653,234987353951059,234987353951689,1432,70406,630,72468
793,234987354067295,234987354069655,234987354139193,234987354139849,2360,69538,656,72554
794,234987354256853,234987354258299,234987354327713,234987354328361,1446,69414,648,71508
795,234987354444083,234987354445513,234987354515587,234987354516195,1430,70074,608,72112
796,234987354632047,234987354633455,234987354703585,234987354704263,1408,70130,678,72216
797,234987354820387,234987354821867,234987354892193,234987354892871,1480,70326,678,72484
798,234987355008863,234987355010953,234987355079663,234987355080337,2090,68710,674,71474
799,234987355196701,234987355198715,234987355266803,234987355267429,2014,68088,626,70728
800,234987355383289,234987355384699,234987355455801,234987355456489,1410,71102,688,73200
801,234987355572523,234987355573919,234987355644815,234987355645483,1396,70896,668,72960
802,234987355778575,234987355780057,234987355850425,234987355851097,1482,70368,672,72522
803,234987355966889,234987355968349,234987356038921,234987356039567,1460,70572,646,72678
804,234987356154869,234987356156311,234987356225693,234987356226353,1442,69382,660,71484
805,234987356342323,234987356343793,234987356412617,234987356413285,1470,68824,668,70962
806,234987356529451,234987356530873,234987356600683,234987356601353,1422,69810,670,71902
807,234987356717599,234987356719013,234987356788789,234987356789453,1414,69776,664,71854
808,234987356905247,234987356906669,234987356975653,234987356976331,1422,68984,678,71084
809,234987357092501,234987357093949,234987357163591,234987357164239,1448,69642,648,71738
810,234987357280271,234987357281737,234987357351631,234987357352331,1466,69894,700,72060
811,234987357468059,234987357469501,234987357542705,234987357543367,1442,73204,662,75308
812,234987357674179,234987357676351,234987357701195,234987357701857,2172,24844,662,27678
813,234987357789221,234987357790375,234987357853067,234987357853735,1154,62692,668,64514
814,234987357940943,234987357942113,234987358002949,234987358003591,1170,60836,642,62648
815,234987358090237,234987358091399,234987358152179,234987358152799,1162,60780,620,62562
816,234987358238639,234987358239857,234987358302739,234987358303387,1218,62882,648,64748
817,234987358389881,234987358391045,234987358452029,234987358452719,1164,60984,690,62838
818,234987358538887,234987358540075,234987358601039,234987358601717,1188,60964,678,62830
819,234987358698133,234987358699823,234987358761917,234987358762579,1690,62094,662,64446
820,234987358848661,234987358849841,234987358914781,234987358915457,1180,64940,676,66796
821,234987359001709,234987359002879,234987359067461,234987359068145,1170,64582,684,66436
822,234987359154533,234987359156681,234987359217809,234987359218471,2148,61128,662,63938
823,234987359314073,234987359315267,234987359375981,234987359376655,1194,60714,674,62582
824,234987359463013,234987359465165,234987359526481,234987359527153,2152,61316,672,64140
825,234987359613455,234987359614615,234987359676919,234987359677613,1160,62304,694,64158
826,234987359764121,234987359765373,234987359826613,234987359827283,1252,61240,670,63162
827,234987359913641,234987359914831,234987359975801,234987359976455,1190,60970,654,62814
828,234987360070411,234987360071611,234987360135505,234987360136171,1200,63894,666,65760
829,234987360222213,234987360223399,234987360283511,234987360284191,1186,60112,680,61978
830,234987360370213,234987360371369,234987360434023,234987360434663,1156,62654,640,64450
831,234987360521753,234987360522929,234987360586157,234987360586829,1176,63228,672,65076
832,234987360673241,234987360674435,234987360736081,234987360736763,1194,61646,682,63522
833,234987360823499,234987360825041,234987360885823,234987360886505,1542,60782,682,63006
834,234987360979645,234987360980795,234987361043197,234987361043875,1150,62402,678,64230
835,234987361130101,234987361132261,234987361194257,234987361194847,2160,61996,590,64746
836,234987361281487,234987361282633,234987361346245,234987361346923,1146,63612,678,65436
837,234987361433933,234987361436111,234987361497919,234987361498595,2178,61808,676,64662
838,234987361595737,234987361596931,234987361660045,234987361660733,1194,63114,688,64996
839,234987361746979,234987361748171,234987361809841,234987361810515,1192,61670,674,63536
840,234987361896395,234987361897579,234987361960391,234987361961059,1184,62812,668,64664
841,234987362047657,234987362049833,234987362111503,234987362112167,2176,61670,664,64510
842,234987362198251,234987362199431,234987362262785,234987362263405,1180,63354,620,65154
843,234987362349893,234987362351069,234987362411539,234987362412203,1176,60470,664,62310
844,234987362498345,234987362499567,234987362561293,234987362561957,1222,61726,664,63612
845,234987362663171,234987362664319,234987362728199,234987362728885,1148,63880,686,65714
846,234987362815231,234987362816399,234987362877299,234987362877959,1168,60900,660,62728
847,234987362963843,234987362965037,234987363026947,234987363027631,1194,61910,684,63788
848,234987363113963,234987363115139,234987363176197,234987363176851,1176,61058,654,62888
849,234987363262985,234987363265163,234987363327427,234987363328081,2178,62264,654,65096
850,234987363414511,234987363416671,234987363478505,234987363479203,2160,61834,698,64692
851,234987363564983,234987363566125,234987363630017,234987363630649,1142,63892,632,65666
852,234987363719599,234987363720781,234987363784405,234987363785071,1182,63624,666,65472
853,234987363874385,234987363876643,234987363938575,234987363939239,2258,61932,664,64854
854,234987364027969,234987364029173,234987364090567,234987364091245,1204,61394,678,63276
855,234987364179743,234987364180943,234987364242971,234987364243651,1200,62028,680,63908
856,234987364332745,234987364333933,234987364397873,234987364398559,1188,63940,686,65814
857,234987364498279,234987364500479,234987364565263,234987364565921,2200,64784,658,67642
858,234987364666069,234987364667275,234987364729957,234987364730641,1206,62682,684,64572
859,234987364823605,234987364824793,234987364890341,234987364891013,1188,65548,672,67408
860,234987364983959,234987364986137,234987365047685,234987365048347,2178,61548,662,64388
861,234987365140853,234987365142109,234987365205769,234987365206447,1256,63660,678,65594
862,234987365303227,234987365304505,234987365370073,234987365370773,1278,65568,700,67546
863,234987365468681,234987365469929,234987365533771,234987365534459,1248,63842,688,65778
864,234987365632691,234987365633893,234987365700293,234987365700967,1202,66400,674,68276
865,234987365798479,234987365799737,234987365865293,234987365865983,1258,65556,690,67504
866,234987365964509,234987365965745,234987366031579,234987366032251,1236,65834,672,67742
867,234987366145979,234987366147277,234987366212027,234987366212707,1298,64750,680,66728
868,234987366317851,234987366320153,234987366385543,234987366386209,2302,65390,666,68358
869,234987366491285,234987366492673,234987366558879,234987366559523,1388,66206,644,68238
870,234987366664187,234987366665483,234987366731563,234987366732247,1296,66080,684,68060
871,234987366848669,234987366850081,234987366920411,234987366921091,1412,70330,680,72422
872,234987367037395,234987367039759,234987367109885,234987367110563,2364,70126,678,73168
873,234987367226647,234987367228049,234987367299001,234987367299683,1402,70952,682,73036
874,234987367423793,234987367425215,234987367499069,234987367499753,1422,73854,684,75960
875,234987367626155,234987367627579,234987367698107,234987367698773,1424,70528,666,72618
876,234987367815073,234987367816531,234987367885535,234987367886207,1458,69004,672,71134
877,234987368002505,234987368003917,234987368073617,234987368074309,1412,69700,692,71804
878,234987368198605,234987368200901,234987368271041,234987368271731,2296,70140,690,73126
879,234987368388097,234987368389699,234987368462245,234987368462917,1602,72546,672,74820
880,234987368578025,234987368579449,234987368650945,234987368651627,1424,71496,682,73602
881,234987368767219,234987368768677,234987368838409,234987368839099,1458,69732,690,71880
882,234987368954867,234987368957287,234987369026405,234987369027013,2420,69118,608,72146
883,234987369143057,234987369145049,234987369216539,234987369217307,1992,71490,768,74250
884,234987369333115,234987369334525,234987369406351,234987369407039,1410,71826,688,73924
885,234987369522883,234987369524285,234987369593095,234987369593789,1402,68810,694,70906
886,234987369709463,234987369710903,234987369780433,234987369781109,1440,69530,676,71646
887,234987369896683,234987369898099,234987369969013,234987369969679,1416,70914,666,72996
888,234987370095007,234987370096451,234987370166569,234987370167229,1444,70118,660,72222
889,234987370283179,234987370285513,234987370355221,234987370355893,2334,69708,672,72714
890,234987370471985,234987370473427,234987370543919,234987370544573,1442,70492,654,72588
891,234987370669585,234987370671905,234987370740511,234987370741169,2320,68606,658,71584
892,234987370857175,234987370859449,234987370931633,234987370932317,2274,72184,684,75142
893,234987371049023,234987371050429,234987371121961,234987371122651,1406,71532,690,73628
894,234987371238337,234987371239771,234987371309051,234987371309731,1434,69280,680,71394
895,234987371425769,234987371427223,234987371495813,234987371496463,1454,68590,650,70694
896,234987371612779,234987371615207,234987371683237,234987371683921,2428,68030,684,71142
897,234987371800153,234987371801617,234987371870171,234987371870843,1464,68554,672,70690
898,234987371995465,234987371996897,234987372067009,234987372067693,1432,70112,684,72228
899,234987372183623,234987372185077,234987372255169,234987372255859,1454,70092,690,72236
900,234987372371495,234987372372931,234987372439157,234987372439841,1436,66226,684,68346
901,234987372555793,234987372557915,234987372626555,234987372627221,2122,68640,666,71428
902,234987372742843,234987372745133,234987372814451,234987372815107,2290,69318,656,72264
903,234987372931181,234987372934081,234987373002419,234987373003081,2900,68338,662,71900
904,234987373119253,234987373120657,234987373191209,234987373191871,1404,70552,662,72618
905,234987373307651,234987373309945,234987373381021,234987373381703,2294,71076,682,74052
906,234987373497811,234987373499333,234987373572965,234987373573621,1522,73632,656,75810
907,234987373697167,234987373698605,234987373767847,234987373768513,1438,69242,666,71346
908,234987373893005,234987373894445,234987373963427,234987373964117,1440,68982,690,71112
909,234987374080435,234987374081893,234987374152151,234987374152831,1458,70258,680,72396
910,234987374268589,234987374270021,234987374339503,234987374340173,1432,69482,670,71584
911,234987374456243,234987374457631,234987374529155,234987374529817,1388,71524,662,73574
912,234987374645743,234987374648017,234987374716187,234987374716849,2274,68170,662,71106
913,234987374833127,234987374834543,234987374904349,234987374905013,1416,69806,664,71886
914,234987375020959,234987375023063,234987375093457,234987375094169,2104,70394,712,73210
915,234987375210131,234987375211577,234987375280615,234987375281299,1446,69038,684,71168
916,234987375396601,234987375398947,234987375468697,234987375469363,2346,69750,666,72762
917,234987375585503,234987375586919,234987375655211,234987375655883,1416,68292,672,70380
918,234987375780467,234987375781913,234987375851077,234987375851765,1446,69164,688,71298
919,234987375967861,234987375969319,234987376038455,234987376039151,1458,69136,696,71290
920,234987376163675,234987376165081,234987376234207,234987376234885,1406,69126,678,71210
921,234987376351217,234987376353583,234987376423003,234987376423645,2366,69420,642,72428
922,234987376539799,234987376542091,234987376611313,234987376611971,2292,69222,658,72172
923,234987376735591,234987376737013,234987376807505,234987376808191,1422,70492,686,72600
924,234987376924253,234987376926163,234987376993799,234987376994431,1910,67636,632,70178
925,234987377110315,234987377112613,234987377180537,234987377181205,2298,67924,668,70890
926,234987377297405,234987377298791,234987377370943,234987377371627,1386,72152,684,74222
927,234987377487655,234987377489959,234987377558029,234987377558687,2304,68070,658,71032
928,234987377683897,234987377685337,234987377754925,234987377755597,1440,69588,672,71700
929,234987377871733,234987377873179,234987377942075,234987377942753,1446,68896,678,71020
930,234987378058447,234987378059869,234987378130931,234987378131593,1422,71062,662,73146
931,234987378247789,234987378249341,234987378320861,234987378321517,1552,71520,656,73728
932,234987378437401,234987378438787,234987378509525,234987378510205,1386,70738,680,72804
933,234987378625819,234987378627281,234987378697523,234987378698207,1462,70242,684,72388
934,234987378813839,234987378816181,234987378884563,234987378885229,2342,68382,666,71390
935,234987379001407,234987379002857,234987379070429,234987379071107,1450,67572,678,69700
936,234987379187317,234987379188721,234987379257787,234987379258435,1404,69066,648,71118
937,234987379374499,234987379375913,234987379448083,234987379448747,1414,72170,664,74248
938,234987379586719,234987379588159,234987379657015,234987379657697,1440,68856,682,70978
939,234987379773941,234987379776241,234987379847633,234987379848319,2300,71392,686,74378
940,234987379963879,234987379965313,234987380033329,234987380034005,1434,68016,676,70126
941,234987380150165,234987380152163,234987380223649,234987380224331,1998,71486,682,74166
942,234987380340317,234987380342651,234987380411941,234987380412619,2334,69290,678,72302
943,234987380528459,234987380530765,234987380600189,234987380600857,2306,69424,668,72398
944,234987380716537,234987380717999,234987380786059,234987380786725,1462,68060,666,70188
945,234987380902729,234987380904167,234987380974139,234987380974811,1438,69972,672,72082
946,234987381091121,234987381092561,234987381163231,234987381163927,1440,70670,696,72806
947,234987381279709,234987381281135,234987381351797,234987381352485,1426,70662,688,72776
948,234987381478327,234987381479717,234987381549559,234987381550211,1390,69842,652,71884
949,234987381666211,234987381667625,234987381738121,234987381738811,1414,70496,690,72600
950,234987381854161,234987381856873,234987381927661,234987381928339,2712,70788,678,74178
951,234987382044145,234987382046417,234987382115569,234987382116263,2272,69152,694,72118
952,234987382232029,234987382233469,234987382304861,234987382305547,1440,71392,686,73518
953,234987382421249,234987382422689,234987382496561,234987382497199,1440,73872,638,75950
954,234987382620937,234987382622837,234987382694413,234987382695103,1900,71576,690,74166
955,234987382811629,234987382813033,234987382884295,234987382884955,1404,71262,660,73326
956,234987383001223,234987383002633,234987383072743,234987383073425,1410,70110,682,72202
957,234987383189443,234987383190931,234987383260301,234987383260973,1488,69370,672,71530
958,234987383376671,234987383379185,234987383447821,234987383448469,2514,68636,648,71798
959,234987383573443,234987383574881,234987383647657,234987383648327,1438,72776,670,74884
960,234987383764567,234987383766025,234987383836813,234987383837477,1458,70788,664,72910
961,234987383953193,234987383954609,234987384025043,234987384025727,1416,70434,684,72534
962,234987384141829,234987384144145,234987384214367,234987384215035,2316,70222,668,73206
963,234987384331385,234987384332809,234987384401267,234987384401959,1424,68458,692,70574
964,234987384517891,234987384520169,234987384588493,234987384589163,2278,68324,670,71272
965,234987384705637,234987384707297,234987384777061,234987384777751,1660,69764,690,72114
966,234987384906695,234987384908971,234987384978391,234987384979051,2276,69420,660,72356
967,234987385095415,234987385096861,234987385166779,234987385167457,1446,69918,678,72042
968,234987385283839,234987385285337,234987385353287,234987385353955,1498,67950,668,70116
969,234987385508393,234987385509821,234987385580975,234987385581659,1428,71154,684,73266
970,234987385706071,234987385708169,234987385777661,234987385778329,2098,69492,668,72258
971,234987385894645,234987385896091,234987385966457,234987385967131,1446,70366,674,72486
972,234987386083205,234987386084611,234987386153021,234987386153681,1406,68410,660,70476
973,234987386269265,234987386270677,234987386340127,234987386340811,1412,69450,684,71546
974,234987386457115,234987386458523,234987386528239,234987386528921,1408,69716,682,71806
975,234987386644861,234987386646281,234987386717741,234987386718425,1420,71460,684,73564
976,234987386834465,234987386836801,234987386905223,234987386905901,2336,68422,678,71436
977,234987387022219,234987387023669,234987387092257,234987387092917,1450,68588,660,70698
978,234987387209213,234987387210655,234987387280447,234987387281099,1442,69792,652,71886
979,234987387406157,234987387407575,234987387478769,234987387479449,1418,71194,680,73292
980,234987387595571,234987387596993,234987387668483,234987387669167,1422,71490,684,73596
981,234987387785077,234987387786931,234987387856441,234987387857107,1854,69510,666,72030
982,234987387973303,234987387974717,234987388046191,234987388046861,1414,71474,670,73558
983,234987388162825,234987388164305,234987388233185,234987388233847,1480,68880,662,71022
984,234987388350253,234987388351663,234987388426603,234987388427299,1410,74940,696,77046
985,234987388559845,234987388561553,234987388586789,234987388587439,1708,25236,650,27594
986,234987388702765,234987388705175,234987388774541,234987388775195,2410,69366,654,72430
987,234987388891661,234987388894519,234987388962161,234987388962811,2858,67642,650,71150
988,234987389079691,234987389081137,234987389150303,234987389150977,1446,69166,674,71286
989,234987389275507,234987389277781,234987389349655,234987389350325,2274,71874,670,74818
990,234987389466871,234987389468303,234987389539795,234987389540467,1432,71492,672,73596
991,234987389656349,234987389657771,234987389727187,234987389727871,1422,69416,684,71522
992,234987389843993,234987389845471,234987389915407,234987389916085,1478,69936,678,72092
993,234987390031933,234987390034277,234987390103757,234987390104417,2344,69480,660,72484
994,234987390219953,234987390222095,234987390293419,234987390294083,2142,71324,664,74130
995,234987390410017,234987390411451,234987390480133,234987390480779,1434,68682,646,70762
996,234987390597427,234987390598859,234987390668771,234987390669413,1432,69912,642,71986
997,234987390785323,234987390786739,234987390856231,234987390856891,1416,69492,660,71568
998,234987390972635,234987390974077,234987391042673,234987391043335,1442,68596,662,70700
999,234987391167977,234987391169381,234987391240483,234987391241177,1404,71102,694,73200
1000,234987391356655,234987391358431,234987391429385,234987391430053,1776,70954,668,73398
1001,234987391556125,234987391557511,234987391629319,234987391629997,1386,71808,678,73872
1002,234987391746131,234987391747517,234987391817953,234987391818617,1386,70436,664,72486
1003,234987391934821,234987391936229,234987392006963,234987392007637,1408,70734,674,72816
1004,234987392123959,234987392125517,234987392194807,234987392195495,1558,69290,688,71536
1005,234987392311331,234987392312873,234987392383835,234987392384507,1542,70962,672,73176
1006,234987392500549,234987392502845,234987392572477,234987392573147,2296,69632,670,72598
1007,234987392689049,234987392691385,234987392761541,234987392762239,2336,70156,698,73190
1008,234987392878403,234987392879833,234987392950111,234987392950757,1430,70278,646,72354
1009,234987393075533,234987393076981,234987393147517,234987393148183,1448,70536,666,72650
1010,234987393263947,234987393265361,234987393337309,234987393337973,1414,71948,664,74026
1011,234987393453775,234987393456055,234987393525901,234987393526567,2280,69846,666,72792
1012,234987393651089,234987393652525,234987393721615,234987393722299,1436,69090,684,71210
1013,234987393838805,234987393841115,234987393912449,234987393913117,2310,71334,668,74312
1014,234987394028785,234987394030223,234987394100363,234987394101059,1438,70140,696,72274
1015,234987394217225,234987394219501,234987394288007,234987394288673,2276,68506,666,71448
1016,234987394404557,234987394405921,234987394477685,234987394478345,1364,71764,660,73788
1017,234987394602289,234987394604587,234987394676287,234987394676941,2298,71700,654,74652
1018,234987394792997,234987394794445,234987394864291,234987394864951,1448,69846,660,71954
1019,234987394990375,234987394991813,234987395061463,234987395062129,1438,69650,666,71754
1020,234987395178929,234987395180393,234987395250925,234987395251583,1464,70532,658,72654
1021,234987395367427,234987395369969,234987395438651,234987395439349,2542,68682,698,71922
1022,234987395555291,234987395556713,234987395628917,234987395629601,1422,72204,684,74310
1023,234987395745823,234987395747257,234987395817101,234987395817769,1434,69844,668,71946
1024,234987395933755,234987395935169,234987396005615,234987396006287,1414,70446,672,72532
1025,234987396122261,234987396124117,234987396192613,234987396193261,1856,68496,648,71000
1026,234987396309107,234987396310529,234987396379961,234987396380659,1422,69432,698,71552
1027,234987396496271,234987396497687,234987396568919,234987396569579,1416,71232,660,73308
1028,234987396685477,234987396686911,234987396757067,234987396757743,1434,70156,676,72266
1029,234987396881317,234987396882775,234987396955519,234987396956221,1458,72744,702,74904
1030,234987397072295,234987397073699,234987397144871,234987397145521,1404,71172,650,73226
1031,234987397261387,234987397262821,234987397335265,234987397335955,1434,72444,690,74568
1032,234987397453507,234987397454857,234987397526597,234987397527275,1350,71740,678,73768
1033,234987397651373,234987397652783,234987397723901,234987397724587,1410,71118,686,73214
1034,234987397840469,234987397842739,234987397910815,234987397911493,2270,68076,678,71024
1035,234987398027677,234987398029085,234987398098851,234987398099513,1408,69766,662,71836
1036,234987398215513,234987398216945,234987398286311,234987398286991,1432,69366,680,71478
1037,234987398402861,234987398404279,234987398472455,234987398473121,1418,68176,666,70260
1038,234987398589047,234987398590469,234987398660645,234987398661289,1422,70176,644,72242
1039,234987398777339,234987398779675,234987398848399,234987398849065,2336,68724,666,71726
1040,234987398973647,234987398975675,234987399047399,234987399048061,2028,71724,662,74414
1041,234987399164561,234987399165997,234987399235847,234987399236521,1436,69850,674,71960
1042,234987399352333,234987399353753,234987399424925,234987399425587,1420,71172,662,73254
1043,234987399541625,234987399544457,234987399613865,234987399614555,2832,69408,690,72930
1044,234987399730721,234987399732143,234987399801359,234987399802039,1422,69216,680,71318
1045,234987399918073,234987399919495,234987399988543,234987399989233,1422,69048,690,71160
1046,234987400105153,234987400106561,234987400175353,234987400175995,1408,68792,642,70842
1047,234987400292387,234987400293779,234987400364939,234987400365595,1392,71160,656,73208
1048,234987400481741,234987400483189,234987400552547,234987400553229,1448,69358,682,71488
1049,234987400676789,234987400678943,234987400748377,234987400749037,2154,69434,660,72248
1050,234987400873511,234987400874947,234987400944845,234987400945523,1436,69898,678,72012
1051,234987401061229,234987401062661,234987401133523,234987401134193,1432,70862,670,72964
1052,234987401250143,234987401251555,234987401321275,234987401321947,1412,69720,672,71804
1053,234987401437387,234987401438783,234987401508163,234987401508797,1396,69380,634,71410
1054,234987401624489,234987401625913,234987401696807,234987401697475,1424,70894,668,72986
1055,234987401813561,234987401815255,234987401882429,234987401883079,1694,67174,650,69518
1056,234987401999443,234987402000875,234987402069553,234987402070229,1432,68678,676,70786
1057,234987402186031,234987402188371,234987402257891,234987402258565,2340,69520,674,72534
1058,234987402383761,234987402386077,234987402454657,234987402455311,2316,68580,654,71550
1059,234987402571765,234987402574081,234987402644501,234987402645167,2316,70420,666,73402
1060,234987402769691,234987402771979,234987402842869,234987402843553,2288,70890,684,73862
1061,234987402959869,234987402961309,234987403032287,234987403032943,1440,70978,656,73074
1062,234987403148495,234987403150145,234987403220983,234987403221647,1650,70838,664,73152
1063,234987403337423,234987403338857,234987403409885,234987403410553,1434,71028,668,73130
1064,234987403538789,234987403540249,234987403608785,234987403609487,1460,68536,702,70698
1065,234987403726331,234987403728673,234987403799107,234987403799785,2342,70434,678,73454
1066,234987403915373,234987403917203,234987403987945,234987403988639,1830,70742,694,73266
1067,234987404104793,234987404106229,234987404177863,234987404178545,1436,71634,682,73752
1068,234987404294171,234987404295611,234987404364317,234987404365009,1440,68706,692,70838
1069,234987404480783,234987404482195,234987404552945,234987404553635,1412,70750,690,72852
1070,234987404678197,234987404680483,234987404749825,234987404750467,2286,69342,642,72270
1071,234987404866477,234987404868815,234987404939027,234987404939665,2338,70212,638,73188
1072,234987405055621,234987405057925,234987405130309,234987405130967,2304,72384,658,75346
1073,234987405246583,234987405247999,234987405317761,234987405318449,1416,69762,688,71866
1074,234987405434627,234987405436085,234987405504995,234987405505675,1458,68910,680,71048
1075,234987405621943,234987405623389,234987405693251,234987405693917,1446,69862,666,71974
1076,234987405809927,234987405811345,234987405880661,234987405881317,1418,69316,656,71390
1077,234987405997691,234987406000075,234987406068371,234987406069033,2384,68296,662,71342
1078,234987406185149,234987406186537,234987406258025,234987406258715,1388,71488,690,73566
1079,234987406374455,234987406376177,234987406447673,234987406448347,1722,71496,674,73892
1080,234987406585495,234987406587893,234987406658429,234987406659101,2398,70536,672,73606
1081,234987406775491,234987406776941,234987406845907,234987406846583,1450,68966,676,71092
1082,234987406962667,234987406964063,234987407035897,234987407036561,1396,71834,664,73894
1083,234987407152453,234987407154647,234987407224301,234987407224975,2194,69654,674,72522
1084,234987407340907,234987407342341,234987407412509,234987407413195,1434,70168,686,72288
1085,234987407528969,234987407530393,234987407601131,234987407601811,1424,70738,680,72842
1086,234987407717881,234987407719313,234987407789051,234987407789723,1432,69738,672,71842
1087,234987407906021,234987407907469,234987407976911,234987407977573,1448,69442,662,71552
1088,234987408093569,234987408094993,234987408165783,234987408166451,1424,70790,668,72882
1089,234987408282049,234987408283423,234987408355037,234987408355715,1374,71614,678,73666
1090,234987408480449,234987408481831,234987408555565,234987408556267,1382,73734,702,75818
1091,234987408671873,234987408673351,234987408742789,234987408743477,1478,69438,688,71604
1092,234987408858989,234987408861323,234987408929293,234987408929981,2334,67970,688,70992
1093,234987409045799,234987409047203,234987409118317,234987409119001,1404,71114,684,73202
1094,234987409234741,234987409236155,234987409309037,234987409309727,1414,72882,690,74986
1095,234987409425383,234987409426795,234987409496251,234987409496933,1412,69456,682,71550
1096,234987409621307,234987409622753,234987409693279,234987409693969,1446,70526,690,72662
1097,234987409810105,234987409811533,234987409882609,234987409883309,1428,71076,700,73204
1098,234987409998845,234987410001341,234987410070989,234987410071655,2496,69648,666,72810
1099,234987410187583,234987410189003,234987410259943,234987410260601,1420,70940,658,73018
1100,234987410392381,234987410393797,234987410463353,234987410464007,1416,69556,654,71626
1101,234987410579881,234987410581283,234987410650591,234987410651255,1402,69308,664,71374
1102,234987410767211,234987410769481,234987410838337,234987410839009,2270,68856,672,71798
1103,234987410963237,234987410965637,234987411033919,234987411034585,2400,68282,666,71348
1104,234987411150161,234987411151597,234987411222011,234987411222653,1436,70414,642,72492
1105,234987411338369,234987411339779,234987411411781,234987411412465,1410,72002,684,74096
1106,234987411528487,234987411529951,234987411600575,234987411601241,1464,70624,666,72754
1107,234987411716831,234987411719167,234987411788035,234987411788723,2336,68868,688,71892
1108,234987411905101,234987411906521,234987411978571,234987411979243,1420,72050,672,74142
1109,234987412095043,234987412096519,234987412164619,234987412165289,1476,68100,670,70246
1110,234987412289027,234987412290475,234987412360301,234987412360979,1448,69826,678,71952
1111,234987412476895,234987412479203,234987412549531,234987412550207,2308,70328,676,73312
1112,234987412674787,234987412676203,234987412748021,234987412748705,1416,71818,684,73918
1113,234987412864081,234987412866385,234987412938367,234987412939033,2304,71982,666,74952
1114,234987413054651,234987413057533,234987413129617,234987413130281,2882,72084,664,75630
1115,234987413246339,234987413247721,234987413318105,234987413318771,1382,70384,666,72432
1116,234987413434427,234987413435797,234987413508887,234987413509573,1370,73090,686,75146
1117,234987413625377,234987413627635,234987413696579,234987413697239,2258,68944,660,71862
1118,234987413813401,234987413814821,234987413885333,234987413886011,1420,70512,678,72610
1119,234987414001555,234987414003869,234987414073181,234987414073837,2314,69312,656,72282
1120,234987414198899,234987414200279,234987414273439,234987414274115,1380,73160,676,75216
1121,234987414389737,234987414391505,234987414460369,234987414461039,1768,68864,670,71302
1122,234987414576967,234987414579803,234987414650417,234987414651097,2836,70614,680,74130
1123,234987414766345,234987414767791,234987414837649,234987414838319,1446,69858,670,71974
1124,234987414954283,234987414956597,234987415026547,234987415027205,2314,69950,658,72922
1125,234987415143653,234987415145063,234987415214273,234987415214965,1410,69210,692,71312
1126,234987415330777,234987415332169,234987415401781,234987415402441,1392,69612,660,71664
1127,234987415528549,234987415530005,234987415598201,234987415598875,1456,68196,674,70326
1128,234987415714797,234987415716223,234987415787617,234987415788275,1426,71394,658,73478
1129,234987415904749,234987415906201,234987415976821,234987415977475,1452,70620,654,72726
1130,234987416101841,234987416103301,234987416171795,234987416172451,1460,68494,656,70610
1131,234987416288215,234987416290495,234987416359859,234987416360515,2280,69364,656,72300
1132,234987416476123,234987416477555,234987416547443,234987416548103,1432,69888,660,71980
1133,234987416664637,234987416666033,234987416737337,234987416738023,1396,71304,686,73386
1134,234987416853769,234987416855185,234987416927975,234987416928643,1416,72790,668,74874
1135,234987417044071,234987417046373,234987417115391,234987417116065,2302,69018,674,71994
1136,234987417232405,234987417234719,234987417306853,234987417307511,2314,72134,658,75106
1137,234987417422987,234987417425327,234987417497311,234987417497989,2340,71984,678,75002
1138,234987417614107,234987417615517,234987417683803,234987417684485,1410,68286,682,70378
1139,234987417800575,234987417802031,234987417872867,234987417873515,1456,70836,648,72940
1140,234987417997957,234987417999409,234987418070093,234987418070789,1452,70684,696,72832
1141,234987418187033,234987418188481,234987418258807,234987418259495,1448,70326,688,72462
1142,234987418375415,234987418376855,234987418448173,234987418448869,1440,71318,696,73454
1143,234987418573399,234987418574857,234987418644355,234987418645015,1458,69498,660,71616
1144,234987418761053,234987418762471,234987418833079,234987418833709,1418,70608,630,72656
1145,234987418949545,234987418950949,234987419021381,234987419022031,1404,70432,650,72486
1146,234987419137721,234987419139131,234987419210779,234987419211437,1410,71648,658,73716
1147,234987419326739,234987419329003,234987419399641,234987419400301,2264,70638,660,73562
1148,234987419516219,234987419517659,234987419587373,234987419588023,1440,69714,650,71804
1149,234987419712665,234987419714101,234987419784323,234987419784967,1436,70222,644,72302
1150,234987419900983,234987419902399,234987419970533,234987419971207,1416,68134,674,70224
1151,234987420097795,234987420099227,234987420168281,234987420168907,1432,69054,626,71112
1152,234987420284527,234987420285977,234987420354931,234987420355621,1450,68954,690,71094
1153,234987420471877,234987420474319,234987420545075,234987420545731,2442,70756,656,73854
1154,234987420661199,234987420662605,234987420730717,234987420731389,1406,68112,672,70190
1155,234987420847585,234987420849431,234987420917803,234987420918467,1846,68372,664,70882
1156,234987421034627,234987421036057,234987421105645,234987421106303,1430,69588,658,71676
1157,234987421222109,234987421224053,234987421294291,234987421294999,1944,70238,708,72890
1158,234987421411015,234987421412563,234987421486261,234987421486919,1548,73698,658,75904
1159,234987421610965,234987421612367,234987421682863,234987421683559,1402,70496,696,72594
1160,234987421799257,234987421800725,234987421870849,234987421871515,1468,70124,666,72258
1161,234987421997167,234987421999477,234987422070355,234987422071033,2310,70878,678,73866
1162,234987422186999,234987422188361,234987422258659,234987422259355,1362,70298,696,72356
1163,234987422376169,234987422377579,234987422449229,234987422449855,1410,71650,626,73686
1164,234987422565269,234987422567555,234987422637971,234987422638645,2286,70416,674,73376
1165,234987422754509,234987422755957,234987422826559,234987422827213,1448,70602,654,72704
1166,234987422943515,234987422945513,234987423014639,234987423015269,1998,69126,630,71754
1167,234987423131033,234987423132871,234987423201791,234987423202453,1838,68920,662,71420
1168,234987423317969,234987423319415,234987423388717,234987423389381,1446,69302,664,71412
1169,234987423505463,234987423506897,234987423578531,234987423579217,1434,71634,686,73754
1170,234987423694687,234987423696133,234987423764897,234987423765565,1446,68764,668,70878
1171,234987423889145,234987423891437,234987423961309,234987423961987,2292,69872,678,72842
1172,234987424078121,234987424079549,234987424148447,234987424149119,1428,68898,672,70998
1173,234987424264847,234987424266289,234987424336237,234987424336927,1442,69948,690,72080
1174,234987424452641,234987424454081,234987424522519,234987424523177,1440,68438,658,70536
1175,234987424647763,234987424649255,234987424719311,234987424719983,1492,70056,672,72220
1176,234987424836197,234987424838483,234987424907197,234987424907875,2286,68714,678,71678
1177,234987425023793,234987425026075,234987425093651,234987425094335,2282,67576,684,70542
1178,234987425210639,234987425212085,234987425282917,234987425283631,1446,70832,714,72992
1179,234987425399885,234987425401303,234987425472179,234987425472827,1418,70876,648,72942
1180,234987425588959,234987425590421,234987425662375,234987425663045,1462,71954,670,74086
1181,234987425787095,234987425788553,234987425859139,234987425859811,1458,70586,672,72716
1182,234987425975635,234987425977073,234987426046937,234987426047597,1438,69864,660,71962
1183,234987426163529,234987426165833,234987426235481,234987426236141,2304,69648,660,72612
1184,234987426352393,234987426353803,234987426426449,234987426427129,1410,72646,680,74736
1185,234987426542927,234987426545203,234987426614519,234987426615221,2276,69316,702,72294
1186,234987426731047,234987426732475,234987426804025,234987426804727,1428,71550,702,73680
1187,234987426920551,234987426922901,234987426992647,234987426993313,2350,69746,666,72762
1188,234987427108771,234987427110217,234987427178813,234987427179485,1446,68596,672,70714
1189,234987427295167,234987427296595,234987427366309,234987427366969,1428,69714,660,71802
1190,234987427494457,234987427495903,234987427566281,234987427566979,1446,70378,698,72522
1191,234987427691827,234987427693753,234987427762189,234987427762855,1926,68436,666,71028
1192,234987427878443,234987427879835,234987427950499,234987427951177,1392,70664,678,72734
1193,234987428066669,234987428068559,234987428137661,234987428138339,1890,69102,678,71670
1194,234987428262499,234987428263949,234987428333249,234987428333909,1450,69300,660,71410
1195,234987428450065,234987428451467,234987428520823,234987428521475,1402,69356,652,71410
1196,234987428637773,234987428639219,234987428708201,234987428708861,1446,68982,660,71088
1197,234987428825093,234987428827483,234987428896483,234987428897185,2390,69000,702,72092
1198,234987429013393,234987429014809,234987429085195,234987429085865,1416,70386,670,72472
1199,234987429201887,234987429204119,234987429274235,234987429274925,2232,70116,690,73038
1200,234987429391363,234987429392831,234987429463145,234987429463829,1468,70314,684,72466
1201,234987429588037,234987429589459,234987429659953,234987429660659,1422,70494,706,72622
1202,234987429777079,234987429778537,234987429849625,234987429850325,1458,71088,700,73246
1203,234987429967627,234987429969025,234987430039285,234987430039909,1398,70260,624,72282
1204,234987430155847,234987430158133,234987430227943,234987430228631,2286,69810,688,72784
1205,234987430345333,234987430347749,234987430418459,234987430419157,2416,70710,698,73824
1206,234987430543795,234987430545287,234987430613777,234987430614451,1492,68490,674,70656
1207,234987430730531,234987430733401,234987430801301,234987430801991,2870,67900,690,71460
1208,234987430917919,234987430919783,234987430989403,234987430990079,1864,69620,676,72160
1209,234987431106397,234987431107817,234987431179637,234987431180299,1420,71820,662,73902
1210,234987431296289,234987431297705,234987431366669,234987431367341,1416,68964,672,71052
1211,234987431492551,234987431494001,234987431564213,234987431564887,1450,70212,674,72336
1212,234987431681045,234987431683415,234987431754305,234987431755001,2370,70890,696,73956
1213,234987431871155,234987431872607,234987431941763,234987431942413,1452,69156,650,71258
1214,234987432058489,234987432059927,234987432130631,234987432131293,1438,70704,662,72804
1215,234987432247115,234987432248885,234987432318139,234987432318757,1770,69254,618,71642
1216,234987432434867,234987432436255,234987432508717,234987432509383,1388,72462,666,74516
1217,234987432625157,234987432626561,234987432698077,234987432698749,1404,71516,672,73592
1218,234987432814567,234987432816911,234987432886085,234987432886771,2344,69174,686,72204
1219,234987433002371,234987433005101,234987433073771,234987433074457,2730,68670,686,72086
1220,234987433190491,234987433191917,234987433262777,234987433263485,1426,70860,708,72994
1221,234987433396283,234987433398601,234987433426183,234987433426841,2318,27582,658,30558
1222,234987433551727,234987433553143,234987433622995,234987433623673,1416,69852,678,71946
1223,234987433739537,234987433741687,234987433811521,234987433812215,2150,69834,694,72678
1224,234987433928515,234987433930819,234987433998107,234987433998775,2304,67288,668,70260
1225,234987434115005,234987434117593,234987434188063,234987434188733,2588,70470,670,73728
1226,234987434304851,234987434306279,234987434377229,234987434377885,1428,70950,656,73034
1227,234987434493865,234987434495299,234987434564537,234987434565191,1434,69238,654,71326
1228,234987434681099,234987434682575,234987434751593,234987434752265,1476,69018,672,71166
1229,234987434868425,234987434870735,234987434940295,234987434940961,2310,69560,666,72536
1230,234987435057025,234987435058459,234987435129503,234987435130171,1434,71044,668,73146
1231,234987435254677,234987435256123,234987435328987,234987435329683,1446,72864,696,75006
1232,234987435445799,234987435447221,234987435517093,234987435517753,1422,69872,660,71954
1233,234987435632987,234987435635283,234987435705485,234987435706145,2296,70202,660,73158
1234,234987435822271,234987435823661,234987435893785,234987435894463,1390,70124,678,72192
1235,234987436010201,234987436011601,234987436082429,234987436083119,1400,70828,690,72918
1236,234987436199447,234987436201871,234987436271407,234987436272017,2424,69536,610,72570
1237,234987436387901,234987436389295,234987436462333,234987436462955,1394,73038,622,75054
1238,234987436586807,234987436589105,234987436658573,234987436659275,2298,69468,702,72468
1239,234987436775237,234987436776677,234987436844509,234987436845167,1440,67832,658,69930
1240,234987436971719,234987436973129,234987437043049,234987437043737,1410,69920,688,72018
1241,234987437159653,234987437161165,234987437231915,234987437232589,1512,70750,674,72936
1242,234987437357185,234987437358631,234987437427785,234987437428459,1446,69154,674,71274
1243,234987437544541,234987437546005,234987437613865,234987437614517,1464,67860,652,69976
1244,234987437731001,234987437732443,234987437801815,234987437802493,1442,69372,678,71492
1245,234987437918377,234987437919785,234987437990573,234987437991245,1408,70788,672,72868
1246,234987438106651,234987438109051,234987438178335,234987438178999,2400,69284,664,72348
1247,234987438295325,234987438297881,234987438366227,234987438366881,2556,68346,654,71556
1248,234987438483565,234987438485039,234987438554479,234987438555173,1474,69440,694,71608
1249,234987438671003,234987438672409,234987438742391,234987438743095,1406,69982,704,72092
1250,234987438859153,234987438860581,234987438929699,234987438930365,1428,69118,666,71212
1251,234987439046797,234987439048189,234987439117903,234987439118569,1392,69714,666,71772
1252,234987439242869,234987439244299,234987439316425,234987439317055,1430,72126,630,74186
1253,234987439432765,234987439434187,234987439505177,234987439505845,1422,70990,668,73080
1254,234987439630351,234987439631855,234987439700611,234987439701305,1504,68756,694,70954
1255,234987439817393,234987439819217,234987439889381,234987439890055,1824,70164,674,72662
1256,234987440006167,234987440007623,234987440079857,234987440080531,1456,72234,674,74364
1257,234987440196103,234987440197499,234987440268019,234987440268685,1396,70520,666,72582
1258,234987440384549,234987440385947,234987440457901,234987440458555,1398,71954,654,74006
1259,234987440574257,234987440575693,234987440646023,234987440646665,1436,70330,642,72408
1260,234987440762647,234987440764927,234987440834323,234987440834999,2280,69396,676,72352
1261,234987440951375,234987440952821,234987441021763,234987441022423,1446,68942,660,71048
1262,234987441146291,234987441148303,234987441217561,234987441218237,2012,69258,676,71946
1263,234987441333919,234987441335635,234987441404899,234987441405559,1716,69264,660,71640
1264,234987441521045,234987441522985,234987441591367,234987441592055,1940,68382,688,71010
1265,234987441707867,234987441709303,234987441779945,234987441780583,1436,70642,638,72716
1266,234987441897067,234987441898505,234987441968411,234987441969073,1438,69906,662,72006
1267,234987442085059,234987442087435,234987442154923,234987442155599,2376,67488,676,70540
1268,234987442271821,234987442273227,234987442345445,234987442346131,1406,72218,686,74310
1269,234987442478711,234987442480167,234987442547783,234987442548481,1456,67616,698,69770
1270,234987442664791,234987442666205,234987442736827,234987442737487,1414,70622,660,72696
1271,234987442853891,234987442855319,234987442925575,234987442926229,1428,70256,654,72338
1272,234987443050903,234987443052331,234987443122307,234987443122967,1428,69976,660,72064
1273,234987443239381,234987443241667,234987443313709,234987443314379,2286,72042,670,74998
1274,234987443430091,234987443431691,234987443500997,234987443501657,1600,69306,660,71566
1275,234987443617813,234987443619229,234987443687191,234987443687885,1416,67962,694,70072
1276,234987443804795,234987443806417,234987443879195,234987443879885,1622,72778,690,75090
1277,234987443995435,234987443996845,234987444067211,234987444067889,1410,70366,678,72454
1278,234987444184131,234987444186497,234987444254219,234987444254893,2366,67722,674,70762
1279,234987444371219,234987444372655,234987444441059,234987444441743,1436,68404,684,70524
1280,234987444557815,234987444559297,234987444628099,234987444628795,1482,68802,696,70980
1281,234987444744703,234987444746113,234987444818303,234987444818915,1410,72190,612,74212
1282,234987444942191,234987444943675,234987445013959,234987445014623,1484,70284,664,72432
1283,234987445131091,234987445132501,234987445201465,234987445202111,1410,68964,646,71020
1284,234987445318183,234987445319617,234987445390037,234987445390691,1434,70420,654,72508
1285,234987445523383,234987445524791,234987445597567,234987445598251,1408,72776,684,74868
1286,234987445714705,234987445716103,234987445789255,234987445789927,1398,73152,672,75222
1287,234987445905503,234987445906955,234987445977781,234987445978465,1452,70826,684,72962
1288,234987446094191,234987446095771,234987446164907,234987446165603,1580,69136,696,71412
1289,234987446281919,234987446283349,234987446353757,234987446354455,1430,70408,698,72536
1290,234987446470727,234987446472127,234987446542721,234987446543399,1400,70594,678,72672
1291,234987446659291,234987446661611,234987446729837,234987446730505,2320,68226,668,71214
1292,234987446861159,234987446862683,234987446933291,234987446933957,1524,70608,666,72798
1293,234987447050113,234987447051539,234987447121577,234987447122255,1426,70038,678,72142
1294,234987447238483,234987447239915,234987447311485,234987447312151,1432,71570,666,73668
1295,234987447427673,234987447429119,234987447499309,234987447499991,1446,70190,682,72318
1296,234987447615719,234987447617137,234987447686999,234987447687683,1418,69862,684,71964
1297,234987447803621,234987447805243,234987447877829,234987447878479,1622,72586,650,74858
1298,234987447994631,234987447996083,234987448065137,234987448065821,1452,69054,684,71190
1299,234987448181873,234987448184195,234987448252003,234987448252663,2322,67808,660,70790
1300,234987448368637,234987448370065,234987448438975,234987448439651,1428,68910,676,71014
1301,234987448564247,234987448565695,234987448634773,234987448635437,1448,69078,664,71190
1302,234987448760605,234987448762027,234987448831987,234987448832647,1422,69960,660,72042
1303,234987448948631,234987448951039,234987449022283,234987449022977,2408,71244,694,74346
1304,234987449138669,234987449140217,234987449210243,234987449210917,1548,70026,674,72248
1305,234987449327053,234987449328481,234987449399245,234987449399911,1428,70764,666,72858
1306,234987449515885,234987449517331,234987449586523,234987449587195,1446,69192,672,71310
1307,234987449703175,234987449704595,234987449775145,234987449775823,1420,70550,678,72648
1308,234987449891939,234987449893391,234987449963879,234987449964541,1452,70488,662,72602
1309,234987450080053,234987450082399,234987450152113,234987450152789,2346,69714,676,72736
1310,234987450268589,234987450270211,234987450339775,234987450340447,1622,69564,672,71858
1311,234987450456313,234987450457759,234987450527849,234987450528535,1446,70090,686,72222
1312,234987450653587,234987450655025,234987450724357,234987450725021,1438,69332,664,71434
1313,234987450841423,234987450842821,234987450914713,234987450915389,1398,71892,676,73966
1314,234987451031147,234987451033465,234987451103033,234987451103693,2318,69568,660,72546
1315,234987451219511,234987451220929,234987451289311,234987451289953,1418,68382,642,70442
1316,234987451405967,234987451407415,234987451478161,234987451478815,1448,70746,654,72848
1317,234987451602553,234987451603979,234987451673743,234987451674419,1426,69764,676,71866
1318,234987451790759,234987451793407,234987451861385,234987451862053,2648,67978,668,71294
1319,234987451978505,234987451979971,234987452048377,234987452049053,1466,68406,676,70548
1320,234987452164601,234987452166047,234987452235653,234987452236361,1446,69606,708,71760
1321,234987452352709,234987452355509,234987452423407,234987452424097,2800,67898,690,71388
1322,234987452551003,234987452552419,234987452621081,234987452621759,1416,68662,678,70756
1323,234987452737615,234987452739899,234987452811175,234987452811839,2284,71276,664,74224
1324,234987452927833,234987452930155,234987453001607,234987453002257,2322,71452,650,74424
1325,234987453117737,234987453119183,234987453189711,234987453190397,1446,70528,686,72660
1326,234987453305933,234987453307355,234987453375377,234987453376063,1422,68022,686,70130
1327,234987453492137,234987453493589,234987453564235,234987453564889,1452,70646,654,72752
1328,234987453681053,234987453682457,234987453752833,234987453753485,1404,70376,652,72432
1329,234987453869161,234987453870943,234987453943151,234987453943819,1782,72208,668,74658
1330,234987454059265,234987454060627,234987454132679,234987454133359,1362,72052,680,74094
1331,234987454257275,234987454258703,234987454327855,234987454328521,1428,69152,666,71246
1332,234987454466237,234987454468187,234987454541431,234987454542113,1950,73244,682,75876
1333,234987454657823,234987454660111,234987454729009,234987454729681,2288,68898,672,71858
1334,234987454845389,234987454847741,234987454915429,234987454916101,2352,67688,672,70712
1335,234987455032171,234987455033625,234987455103683,234987455104377,1454,70058,694,72206
1336,234987455220625,234987455222077,234987455291425,234987455292097,1452,69348,672,71472
1337,234987455407907,234987455409335,234987455477395,234987455478041,1428,68060,646,70134
1338,234987455593867,234987455595331,234987455662597,234987455663239,1464,67266,642,69372
1339,234987455779267,234987455780701,234987455847155,234987455847809,1434,66454,654,68542
1340,234987455963843,234987455965249,234987456037331,234987456037997,1406,72082,666,74154
1341,234987456153379,234987456154837,234987456224105,234987456224761,1458,69268,656,71382
1342,234987456339865,234987456341687,234987456412541,234987456413225,1822,70854,684,73360
1343,234987456545029,234987456546669,234987456616867,234987456617525,1640,70198,658,72496
1344,234987456733285,234987456734761,234987456802247,234987456802909,1476,67486,662,69624
1345,234987456919661,234987456921361,234987456990757,234987456991465,1700,69396,708,71804
1346,234987457107541,234987457108955,234987457178901,234987457179565,1414,69946,664,72024
1347,234987457295509,234987457297807,234987457368569,234987457369229,2298,70762,660,73720
1348,234987457494655,234987457496125,234987457566355,234987457567045,1470,70230,690,72390
1349,234987457683881,234987457686187,234987457757185,234987457757843,2306,70998,658,73962
1350,234987457873429,234987457875725,234987457945159,234987457945825,2296,69434,666,72396
1351,234987458061323,234987458063945,234987458132315,234987458132971,2622,68370,656,71648
1352,234987458249155,234987458250575,234987458320789,234987458321455,1420,70214,666,72300
1353,234987458446183,234987458448467,234987458520911,234987458521579,2284,72444,668,75396
1354,234987458637923,234987458639323,234987458711125,234987458711821,1400,71802,696,73898
1355,234987458827351,234987458828773,234987458898377,234987458899025,1422,69604,648,71674
1356,234987459015583,234987459017419,234987459085621,234987459086311,1836,68202,690,70728
1357,234987459202081,234987459203537,234987459271565,234987459272255,1456,68028,690,70174
1358,234987459387835,234987459389249,234987459460133,234987459460835,1414,70884,702,73000
1359,234987459576211,234987459578509,234987459646189,234987459646837,2298,67680,648,70626
1360,234987459762473,234987459763933,234987459832555,234987459833245,1460,68622,690,70772
1361,234987459949243,234987459950641,234987460021459,234987460022137,1398,70818,678,72894
1362,234987460137827,234987460139269,234987460207657,234987460208323,1442,68388,666,70496
1363,234987460332271,234987460333711,234987460404079,234987460404731,1440,70368,652,72460
1364,234987460528975,234987460530431,234987460599401,234987460600069,1456,68970,668,71094
1365,234987460716299,234987460718581,234987460787605,234987460788295,2282,69024,690,71996
1366,234987460903931,234987460906261,234987460975823,234987460976503,2330,69562,680,72572
1367,234987461092729,234987461094127,234987461166257,234987461166925,1398,72130,668,74196
1368,234987461282563,234987461283983,234987461355077,234987461355749,1420,71094,672,73186
1369,234987461471081,234987461473399,234987461542181,234987461542847,2318,68782,666,71766
1370,234987461658581,234987461660017,234987461730989,234987461731633,1436,70972,644,73052
1371,234987461847733,234987461850035,234987461918657,234987461919305,2302,68622,648,71572
1372,234987462034769,234987462036251,234987462106351,234987462107057,1482,70100,706,72288
1373,234987462231683,234987462233125,234987462302863,234987462303505,1442,69738,642,71822
1374,234987462419695,234987462422009,234987462492589,234987462493249,2314,70580,660,73554
1375,234987462609161,234987462610589,234987462679313,234987462679979,1428,68724,666,70818
1376,234987462804259,234987462805669,234987462875821,234987462876523,1410,70152,702,72264
1377,234987462992401,234987462993811,234987463062557,234987463063231,1410,68746,674,70830
1378,234987463179773,234987463181179,234987463250905,234987463251563,1406,69726,658,71790
1379,234987463367249,234987463368607,234987463439821,234987463440491,1358,71214,670,73242
1380,234987463564609,234987463566629,234987463634021,234987463634689,2020,67392,668,70080
1381,234987463750667,234987463752107,234987463823807,234987463824467,1440,71700,660,73800
1382,234987463940383,234987463941805,234987464011699,234987464012407,1422,69894,708,72024
1383,234987464137729,234987464139163,234987464208907,234987464209585,1434,69744,678,71856
1384,234987464325535,234987464326969,234987464397305,234987464397967,1434,70336,662,72432
1385,234987464513911,234987464515325,234987464584537,234987464585213,1414,69212,676,71302
1386,234987464701457,234987464702897,234987464773925,234987464774591,1440,71028,666,73134
1387,234987464890787,234987464892299,234987464961575,234987464962229,1512,69276,654,71442
1388,234987465078019,234987465079475,234987465148675,234987465149339,1456,69200,664,71320
1389,234987465265315,234987465266779,234987465334177,234987465334837,1464,67398,660,69522
1390,234987465450625,234987465452083,234987465522373,234987465523057,1458,70290,684,72432
1391,234987465639245,234987465641549,234987465709531,234987465710195,2304,67982,664,70950
1392,234987465826357,234987465827777,234987465898931,234987465899597,1420,71154,666,73240
1393,234987466023757,234987466025677,234987466096475,234987466097143,1920,70798,668,73386
1394,234987466213199,234987466214651,234987466285109,234987466285807,1452,70458,698,72608
1395,234987466402297,234987466403713,234987466475669,234987466476329,1416,71956,660,74032
1396,234987466600193,234987466601599,234987466672505,234987466673167,1406,70906,662,72974
1397,234987466789739,234987466791157,234987466861961,234987466862627,1418,70804,666,72888
1398,234987466978195,234987466980971,234987467050315,234987467051015,2776,69344,700,72820
1399,234987467166529,234987467167979,234987467235731,234987467236411,1450,67752,680,69882
1400,234987467352791,234987467354753,234987467426595,234987467427287,1962,71842,692,74496
1401,234987467543215,234987467544611,234987467617535,234987467618231,1396,72924,696,75016
1402,234987467733683,234987467735329,234987467804555,234987467805247,1646,69226,692,71564
1403,234987467930005,234987467931407,234987468000887,234987468001583,1402,69480,696,71578
1404,234987468117599,234987468119911,234987468189829,234987468190493,2312,69918,664,72894
1405,234987468306011,234987468307423,234987468378047,234987468378713,1412,70624,666,72702
1406,234987468494849,234987468496447,234987468566511,234987468567181,1598,70064,670,72332
1407,234987468682669,234987468684097,234987468754921,234987468755615,1428,70824,694,72946
1408,234987468871327,234987468873661,234987468941755,234987468942427,2334,68094,672,71100
1409,234987469058713,234987469061021,234987469130273,234987469130939,2308,69252,666,72226
1410,234987469246801,234987469249111,234987469319683,234987469320373,2310,70572,690,73572
1411,234987469446169,234987469448443,234987469517551,234987469518235,2274,69108,684,72066
1412,234987469634069,234987469635473,234987469704229,234987469704895,1404,68756,666,70826
1413,234987469829185,234987469830619,234987469901609,234987469902295,1434,70990,686,73110
1414,234987470018231,234987470019637,234987470091635,234987470092301,1406,71998,666,74070
1415,234987470207663,234987470209081,234987470279261,234987470279905,1418,70180,644,72242
1416,234987470396155,234987470398439,234987470468161,234987470468839,2284,69722,678,72684
1417,234987470584525,234987470585929,234987470657051,234987470657749,1404,71122,698,73224
1418,234987470773667,234987470775083,234987470846851,234987470847517,1416,71768,666,73850
1419,234987470963339,234987470964745,234987471035479,234987471036155,1406,70734,676,72816
1420,234987471151813,234987471153191,234987471223661,234987471224341,1378,70470,680,72528
1421,234987471340189,234987471341923,234987471412727,234987471413395,1734,70804,668,73206
1422,234987471537787,234987471539219,234987471609265,234987471609931,1432,70046,666,72144
1423,234987471733483,234987471734917,234987471805681,234987471806375,1434,70764,694,72892
1424,234987471921787,234987471923201,234987471994315,234987471994993,1414,71114,678,73206
1425,234987472111081,234987472112469,234987472186195,234987472186879,1388,73726,684,75798
1426,234987472302625,234987472304071,234987472371641,234987472372349,1446,67570,708,69724
1427,234987472467371,234987472469605,234987472531571,234987472532221,2234,61966,650,64850
1428,234987472619711,234987472620863,234987472685117,234987472685777,1152,64254,660,66066
1429,234987472772467,234987472773629,234987472836659,234987472837337,1162,63030,678,64870
1430,234987472924403,234987472926565,234987472986653,234987472987333,2162,60088,680,62930
1431,234987473073319,234987473075801,234987473139181,234987473139853,2482,63380,672,66534
1432,234987473226653,234987473227807,234987473290133,234987473290825,1154,62326,692,64172
1433,234987473377349,234987473378515,234987473441477,234987473442197,1166,62962,720,64848
1434,234987473536565,234987473537741,234987473601349,234987473602009,1176,63608,660,65444
1435,234987473688179,234987473689481,234987473753521,234987473754179,1302,64040,658,66000
1436,234987473840933,234987473842135,234987473903563,234987473904227,1202,61428,664,63294
1437,234987473990381,234987473991551,234987474053657,234987474054341,1170,62106,684,63960
1438,234987474140527,234987474141679,234987474204541,234987474205235,1152,62862,694,64708
1439,234987474291947,234987474293107,234987474355099,234987474355775,1160,61992,676,63828
1440,234987474441959,234987474443101,234987474508177,234987474508849,1142,65076,672,66890
1441,234987474596047,234987474597233,234987474659341,234987474660019,1186,62108,678,63972
1442,234987474746353,234987474747515,234987474810551,234987474811217,1162,63036,666,64864
1443,234987474896791,234987474899015,234987474960481,234987474961151,2224,61466,670,64360
1444,234987475047397,234987475048567,234987475110401,234987475111087,1170,61834,686,63690
1445,234987475205051,234987475207181,234987475268627,234987475269289,2130,61446,662,64238
1446,234987475356371,234987475357519,234987475417975,234987475418617,1148,60456,642,62246
1447,234987475512935,234987475514131,234987475577525,234987475578211,1196,63394,686,65276
1448,234987475664885,234987475666043,234987475727879,234987475728553,1158,61836,674,63668
1449,234987475814819,234987475816003,234987475876751,234987475877437,1184,60748,686,62618
1450,234987475963699,234987475964875,234987476029043,234987476029711,1176,64168,668,66012
1451,234987476116997,234987476118155,234987476179447,234987476180107,1158,61292,660,63110
1452,234987476265841,234987476267023,234987476330077,234987476330749,1182,63054,672,64908
1453,234987476416975,234987476419207,234987476481509,234987476482169,2232,62302,660,65194
1454,234987476567807,234987476568985,234987476630707,234987476631407,1178,61722,700,63600
1455,234987476717683,234987476718859,234987476782423,234987476783095,1176,63564,672,65412
1456,234987476877437,234987476878603,234987476939153,234987476939839,1166,60550,686,62402
1457,234987477026021,234987477028199,234987477090479,234987477091135,2178,62280,656,65114
1458,234987477177233,234987477178391,234987477241633,234987477242303,1158,63242,670,65070
1459,234987477328501,234987477329675,234987477392987,234987477393613,1174,63312,626,65112
1460,234987477479825,234987477481979,234987477543557,234987477544223,2154,61578,666,64398
1461,234987477630361,234987477631531,234987477694139,234987477694827,1170,62608,688,64466
1462,234987477780629,234987477782107,234987477844201,234987477844889,1478,62094,688,64260
1463,234987477931523,234987477932711,234987477994327,234987477995033,1188,61616,706,63510
1464,234987478081439,234987478082599,234987478143545,234987478144229,1160,60946,684,62790
1465,234987478230419,234987478231591,234987478292695,234987478293385,1172,61104,690,62966
1466,234987478396199,234987478397401,234987478461505,234987478462183,1202,64104,678,65984
1467,234987478574167,234987478575517,234987478600889,234987478601575,1350,25372,686,27408
1468,234987478689613,234987478690799,234987478754465,234987478755137,1186,63666,672,65524
1469,234987478843681,234987478844851,234987478907393,234987478908067,1170,62542,674,64386
1470,234987478997201,234987478998373,234987479061367,234987479062043,1172,62994,676,64842
1471,234987479153975,234987479155199,234987479219377,234987479220059,1224,64178,682,66084
1472,234987479312603,234987479313811,234987479377373,234987479378083,1208,63562,710,65480
1473,234987479470507,234987479471737,234987479534959,234987479535637,1230,63222,678,65130
1474,234987479628487,234987479629697,234987479694749,234987479695391,1210,65052,642,66904
1475,234987479787391,234987479788591,234987479851999,234987479852653,1200,63408,654,65262
1476,234987479949665,234987479951833,234987480015323,234987480015979,2168,63490,656,66314
1477,234987480113413,234987480115615,234987480179581,234987480180293,2202,63966,712,66880
1478,234987480285821,234987480287783,234987480351671,234987480352355,1962,63888,684,66534
1479,234987480450437,234987480451945,234987480519335,234987480519997,1508,67390,662,69560
1480,234987480617705,234987480618973,234987480683783,234987480684433,1268,64810,650,66728
1481,234987480789061,234987480790369,234987480857533,234987480858215,1308,67164,682,69154
1482,234987480963101,234987480965353,234987481029367,234987481030045,2252,64014,678,66944
1483,234987481135273,234987481137041,234987481201703,234987481202401,1768,64662,698,67128
1484,234987481307129,234987481308413,234987481377407,234987481378075,1284,68994,668,70946
1485,234987481493743,234987481496125,234987481566397,234987481567085,2382,70272,688,73342
1486,234987481683559,234987481684981,234987481753129,234987481753795,1422,68148,666,70236
1487,234987481869271,234987481871591,234987481942259,234987481942903,2320,70668,644,73632
1488,234987482068879,234987482071183,234987482140373,234987482141027,2304,69190,654,72148
1489,234987482257441,234987482259787,234987482328295,234987482328959,2346,68508,664,71518
1490,234987482444989,234987482446435,234987482516885,234987482517555,1446,70450,670,72566
1491,234987482633381,234987482635525,234987482703257,234987482703923,2144,67732,666,70542
1492,234987482819861,234987482821307,234987482891089,234987482891751,1446,69782,662,71890
1493,234987483007889,234987483009313,234987483080585,234987483081269,1424,71272,684,73380
1494,234987483197053,234987483199381,234987483267487,234987483268129,2328,68106,642,71076
1495,234987483383785,234987483385379,234987483455741,234987483456433,1594,70362,692,72648
1496,234987483572695,234987483574981,234987483644633,234987483645325,2286,69652,692,72630
1497,234987483760837,234987483762241,234987483833809,234987483834497,1404,71568,688,73660
1498,234987483950483,234987483952769,234987484021769,234987484022431,2286,69000,662,71948
1499,234987484146617,234987484148021,234987484219177,234987484219847,1404,71156,670,73230
1500,234987484335605,234987484337041,234987484405775,234987484406477,1436,68734,702,70872
1501,234987484530127,234987484531567,234987484601387,234987484602001,1440,69820,614,71874
1502,234987484718117,234987484720483,234987484792019,234987484792705,2366,71536,686,74588
1503,234987484908135,234987484909571,234987484979131,234987484979833,1436,69560,702,71698
1504,234987485096273,234987485098585,234987485169665,234987485170319,2312,71080,654,74046
1505,234987485285687,234987485287109,234987485355899,234987485356565,1422,68790,666,70878
1506,234987485472457,234987485474735,234987485545319,234987485546005,2278,70584,686,73548
1507,234987485662211,234987485664509,234987485734349,234987485735011,2298,69840,662,72800
1508,234987485851097,234987485852531,234987485922563,234987485923213,1434,70032,650,72116
1509,234987486048883,234987486051319,234987486122261,234987486122933,2436,70942,672,74050
1510,234987486239005,234987486240419,234987486309229,234987486309881,1414,68810,652,70876
1511,234987486425759,234987486427153,234987486498127,234987486498755,1394,70974,628,72996
1512,234987486614413,234987486615841,234987486687469,234987486688151,1428,71628,682,73738
1513,234987486813487,234987486814915,234987486885869,234987486886523,1428,70954,654,73036
1514,234987487001995,234987487003645,234987487075105,234987487075771,1650,71460,666,73776
1515,234987487191979,234987487193377,234987487264103,234987487264795,1398,70726,692,72816
1516,234987487395841,234987487397311,234987487468943,234987487469591,1470,71632,648,73750
1517,234987487589275,234987487590671,234987487661483,234987487662161,1396,70812,678,72886
1518,234987487777951,234987487779317,234987487850917,234987487851619,1366,71600,702,73668
1519,234987487975673,234987487977091,234987488049301,234987488049913,1418,72210,612,74240
1520,234987488165821,234987488167259,234987488238061,234987488238733,1438,70802,672,72912
1521,234987488354323,234987488356223,234987488426453,234987488427155,1900,70230,702,72832
1522,234987488543377,234987488544745,234987488618207,234987488618869,1368,73462,662,75492
1523,234987488734763,234987488737735,234987488807341,234987488808037,2972,69606,696,73274
1524,234987488924183,234987488926597,234987488994161,234987488994755,2414,67564,594,70572
1525,234987489110515,234987489111923,234987489181895,234987489182567,1408,69972,672,72052
1526,234987489298889,234987489300335,234987489369715,234987489370361,1446,69380,646,71472
1527,234987489486215,234987489488515,234987489558979,234987489559597,2300,70464,618,73382
1528,234987489675461,234987489677729,234987489750067,234987489750739,2268,72338,672,75278
1529,234987489875047,234987489876493,234987489946199,234987489946883,1446,69706,684,71836
1530,234987490062833,234987490064249,234987490134511,234987490135193,1416,70262,682,72360
1531,234987490251551,234987490253161,234987490322875,234987490323551,1610,69714,676,72000
1532,234987490447993,234987490449389,234987490521403,234987490522111,1396,72014,708,74118
1533,234987490638331,234987490639787,234987490708277,234987490708933,1456,68490,656,70602
1534,234987490824667,234987490826947,234987490895723,234987490896377,2280,68776,654,71710
1535,234987491012317,234987491014285,234987491084161,234987491084839,1968,69876,678,72522
1536,234987491200583,234987491201993,234987491271587,234987491272255,1410,69594,668,71672
1537,234987491387695,234987491390005,234987491458357,234987491459039,2310,68352,682,71344
1538,234987491575229,234987491577515,234987491647741,234987491648345,2286,70226,604,73116
1539,234987491772301,234987491773753,234987491842217,234987491842913,1452,68464,696,70612
1540,234987491958427,234987491959859,234987492030161,234987492030863,1432,70302,702,72436
1541,234987492146809,234987492149117,234987492218819,234987492219493,2308,69702,674,72684
1542,234987492335279,234987492336721,234987492406249,234987492406925,1442,69528,676,71646
1543,234987492522661,234987492524107,234987492593383,234987492594053,1446,69276,670,71392
1544,234987492710297,234987492712211,234987492781871,234987492782543,1914,69660,672,72246
1545,234987492898207,234987492899623,234987492969925,234987492970591,1416,70302,666,72384
1546,234987493086557,234987493088875,234987493159391,234987493160051,2318,70516,660,73494
1547,234987493275689,234987493277137,234987493347355,234987493348011,1448,70218,656,72322
1548,234987493472605,234987493474007,234987493546507,234987493547183,1402,72500,676,74578
1549,234987493671599,234987493673035,234987493741483,234987493742161,1436,68448,678,70562
1550,234987493858501,234987493859929,234987493927963,234987493928621,1428,68034,658,70120
1551,234987494044031,234987494045435,234987494114467,234987494115125,1404,69032,658,71094
1552,234987494231125,234987494233447,234987494305039,234987494305729,2322,71592,690,74604
1553,234987494422055,234987494424439,234987494494957,234987494495617,2384,70518,660,73562
1554,234987494611207,234987494612587,234987494682607,234987494683301,1380,70020,694,72094
1555,234987494798969,234987494800397,234987494869907,234987494870519,1428,69510,612,71550
1556,234987494986705,234987494988991,234987495056869,234987495057545,2286,67878,676,70840
1557,234987495173635,234987495175079,234987495243239,234987495243917,1444,68160,678,70282
1558,234987495367699,234987495369841,234987495438769,234987495439477,2142,68928,708,71778
1559,234987495564161,234987495566555,234987495635935,234987495636587,2394,69380,652,72426
1560,234987495752725,234987495754135,234987495824971,234987495825673,1410,70836,702,72948
1561,234987495942965,234987495944419,234987496011965,234987496012631,1454,67546,666,69666
1562,234987496128829,234987496130225,234987496201201,234987496201871,1396,70976,670,73042
1563,234987496317605,234987496319017,234987496390405,234987496391071,1412,71388,666,73466
1564,234987496515481,234987496517585,234987496586393,234987496587047,2104,68808,654,71566
1565,234987496703563,234987496705207,234987496776737,234987496777411,1644,71530,674,73848
1566,234987496893401,234987496894849,234987496964215,234987496964869,1448,69366,654,71468
1567,234987497080505,234987497081951,234987497151655,234987497152321,1446,69704,666,71816
1568,234987497268187,234987497269591,234987497339017,234987497339665,1404,69426,648,71478
1569,234987497464007,234987497465455,234987497536063,234987497536717,1448,70608,654,72710
1570,234987497653007,234987497655311,234987497725199,234987497725859,2304,69888,660,72852
1571,234987497841727,234987497843155,234987497913545,234987497914193,1428,70390,648,72466
1572,234987498029917,234987498032203,234987498100337,234987498101005,2286,68134,668,71088
1573,234987498217111,234987498218563,234987498287303,234987498287965,1452,68740,662,70854
1574,234987498404173,234987498406511,234987498477799,234987498478465,2338,71288,666,74292
1575,234987498594631,234987498596365,234987498664769,234987498665443,1734,68404,674,70812
1576,234987498782227,234987498783727,234987498853315,234987498853963,1500,69588,648,71736
1577,234987498969895,234987498971357,234987499038835,234987499039505,1462,67478,670,69610
1578,234987499155833,234987499157243,234987499227175,234987499227847,1410,69932,672,72014
1579,234987499352575,234987499353979,234987499424081,234987499424743,1404,70102,662,72168
1580,234987499548433,234987499549819,234987499622695,234987499623371,1386,72876,676,74938
1581,234987499739219,234987499740655,234987499810405,234987499811093,1436,69750,688,71874
1582,234987499926745,234987499928159,234987499998269,234987499998935,1414,70110,666,72190
1583,234987500114893,234987500116309,234987500187283,234987500187925,1416,70974,642,73032
1584,234987500303635,234987500305067,234987500374157,234987500374833,1432,69090,676,71198
1585,234987500490893,234987500493043,234987500562929,234987500563589,2150,69886,660,72696
1586,234987500679329,234987500680741,234987500749649,234987500750327,1412,68908,678,70998
1587,234987500866951,234987500868373,234987500939833,234987500940523,1422,71460,690,73572
1588,234987501057115,234987501058519,234987501127561,234987501128203,1404,69042,642,71088
1589,234987501252755,234987501254477,234987501324857,234987501325571,1722,70380,714,72816
1590,234987501441487,234987501442937,234987501513317,234987501513995,1450,70380,678,72508
1591,234987501629831,234987501631249,234987501701837,234987501702509,1418,70588,672,72678
1592,234987501818365,234987501819799,234987501888175,234987501888799,1434,68376,624,70434
1593,234987502004855,234987502006301,234987502076077,234987502076707,1446,69776,630,71852
1594,234987502193209,234987502194613,234987502267295,234987502267987,1404,72682,692,74778
1595,234987502393127,234987502394581,234987502463641,234987502464325,1454,69060,684,71198
1596,234987502581145,234987502582619,234987502652129,234987502652803,1474,69510,674,71658
1597,234987502768933,234987502770923,234987502840105,234987502840771,1990,69182,666,71838
1598,234987502956683,234987502958221,234987503029741,234987503030431,1538,71520,690,73748
1599,234987503146049,234987503147453,234987503218153,234987503218831,1404,70700,678,72782
1600,234987503350397,234987503351851,234987503422109,234987503422757,1454,70258,648,72360
1601,234987503539085,234987503540497,234987503609821,234987503610511,1412,69324,690,71426
1602,234987503726387,234987503727799,234987503797385,234987503798069,1412,69586,684,71682
1603,234987503914511,234987503915947,234987503986795,234987503987449,1436,70848,654,72938
1604,234987504112067,234987504113501,234987504184813,234987504185443,1434,71312,630,73376
1605,234987504301889,234987504303311,234987504374407,234987504375043,1422,71096,636,73154
1606,234987504490853,234987504492257,234987504562349,234987504563053,1404,70092,704,72200
1607,234987504678899,234987504681185,234987504751069,234987504751685,2286,69884,616,72786
1608,234987504867535,234987504869869,234987504939815,234987504940483,2334,69946,668,72948
1609,234987505056689,234987505058153,234987505127141,234987505127837,1464,68988,696,71148
1610,234987505251631,234987505253353,234987505326007,234987505326665,1722,72654,658,75034
1611,234987505451029,234987505453369,234987505522339,234987505523023,2340,68970,684,71994
1612,234987505639147,234987505640567,234987505710899,234987505711585,1420,70332,686,72438
1613,234987505827535,234987505829827,234987505898635,234987505899311,2292,68808,676,71776
1614,234987506015395,234987506016805,234987506086843,234987506087531,1410,70038,688,72136
1615,234987506202845,234987506204237,234987506275345,234987506275967,1392,71108,622,73122
1616,234987506392105,234987506394389,234987506466953,234987506467621,2284,72564,668,75516
1617,234987506583797,234987506585245,234987506654653,234987506655313,1448,69408,660,71516
1618,234987506771341,234987506772781,234987506843203,234987506843809,1440,70422,606,72468
1619,234987506959595,234987506960995,234987507031603,234987507032267,1400,70608,664,72672
1620,234987507162419,234987507163843,234987507233509,234987507234187,1424,69666,678,71768
1621,234987507349627,234987507351943,234987507420953,234987507421625,2316,69010,672,71998
1622,234987507536993,234987507539317,234987507609047,234987507609743,2324,69730,696,72750
1623,234987507725351,234987507726785,234987507797537,234987507798193,1434,70752,656,72842
1624,234987507914347,234987507915745,234987507986839,234987507987461,1398,71094,622,73114
1625,234987508103549,234987508105013,234987508174487,234987508175131,1464,69474,644,71582
1626,234987508291513,234987508293805,234987508365379,234987508366051,2292,71574,672,74538
1627,234987508490671,234987508492129,234987508563397,234987508564073,1458,71268,676,73402
1628,234987508680035,234987508681429,234987508753891,234987508754569,1394,72462,678,74534
1629,234987508870069,234987508871645,234987508941683,234987508942321,1576,70038,638,72252
1630,234987509066611,234987509068057,234987509137693,234987509138333,1446,69636,640,71722
1631,234987509254241,234987509255657,234987509325967,234987509326615,1416,70310,648,72374
1632,234987509442671,234987509444989,234987509514043,234987509514671,2318,69054,628,72000
1633,234987509629901,234987509631337,234987509701963,234987509702627,1436,70626,664,72726
1634,234987509818883,234987509821261,234987509891587,234987509892253,2378,70326,666,73370
1635,234987510007969,234987510010273,234987510079325,234987510080021,2304,69052,696,72052
1636,234987510195733,234987510197155,234987510268043,234987510268711,1422,70888,668,72978
1637,234987510384695,234987510386143,234987510456157,234987510456827,1448,70014,670,72132
1638,234987510572453,234987510573869,234987510642067,234987510642691,1416,68198,624,70238
1639,234987510758915,234987510760319,234987510832135,234987510832799,1404,71816,664,73884
1640,234987510956917,234987510958409,234987511026629,234987511027309,1492,68220,680,70392
1641,234987511143067,234987511144459,234987511216693,234987511217359,1392,72234,666,74292
1642,234987511333655,234987511335107,234987511404937,234987511405603,1452,69830,666,71948
1643,234987511529413,234987511530863,234987511602157,234987511602811,1450,71294,654,73398
1644,234987511718731,234987511720151,234987511790135,234987511790831,1420,69984,696,72100
1645,234987511906709,234987511908137,234987511981811,234987511982473,1428,73674,662,75764
1646,234987512098495,234987512099915,234987512171033,234987512171687,1420,71118,654,73192
1647,234987512287411,234987512288833,234987512359309,234987512359961,1422,70476,652,72550
1648,234987512476109,234987512477515,234987512547967,234987512548609,1406,70452,642,72500
1649,234987512664755,234987512666195,234987512735207,234987512735855,1440,69012,648,71100
1650,234987512867797,234987512870087,234987512939461,234987512940143,2290,69374,682,72346
1651,234987513056513,234987513057943,234987513127411,234987513128101,1430,69468,690,71588
1652,234987513243959,234987513246305,234987513316921,234987513317581,2346,70616,660,73622
1653,234987513433181,234987513434633,234987513504629,234987513505295,1452,69996,666,72114
1654,234987513621191,234987513622661,234987513693599,234987513694289,1470,70938,690,73098
1655,234987513810193,234987513812515,234987513881825,234987513882533,2322,69310,708,72340
1656,234987513998915,234987514001489,234987514072085,234987514072753,2574,70596,668,73838
1657,234987514188799,234987514190227,234987514260413,234987514261067,1428,70186,654,72268
1658,234987514390505,234987514391945,234987514461887,234987514462561,1440,69942,674,72056
1659,234987514578941,234987514580393,234987514651613,234987514652267,1452,71220,654,73326
1660,234987514776343,234987514777765,234987514848463,234987514849139,1422,70698,676,72796
1661,234987514965239,234987514966675,234987515035781,234987515036453,1436,69106,672,71214
1662,234987515153591,234987515154997,234987515225993,234987515226613,1406,70996,620,73022
1663,234987515342383,234987515343811,234987515412977,234987515413651,1428,69166,674,71268
1664,234987515530123,234987515531561,234987515600923,234987515601599,1438,69362,676,71476
1665,234987515717119,234987515718511,234987515788301,234987515788975,1392,69790,674,71856
1666,234987515905117,234987515906539,234987515977591,234987515978227,1422,71052,636,73110
1667,234987516093889,234987516095315,234987516165587,234987516166253,1426,70272,666,72364
1668,234987516282625,234987516284941,234987516354095,234987516354775,2316,69154,680,72150
1669,234987516470867,234987516472267,234987516543001,234987516543697,1400,70734,696,72830
1670,234987516667697,234987516670019,234987516737131,234987516737767,2322,67112,636,70070
1671,234987516854305,234987516855691,234987516927037,234987516927709,1386,71346,672,73404
1672,234987517043791,234987517045279,234987517114967,234987517115623,1488,69688,656,71832
1673,234987517231777,234987517234103,234987517303057,234987517303721,2326,68954,664,71944
1674,234987517427581,234987517428953,234987517500295,234987517500959,1372,71342,664,73378
1675,234987517616953,234987517619773,234987517687705,234987517688309,2820,67932,604,71356
1676,234987517804469,234987517806191,234987517876663,234987517877323,1722,70472,660,72854
1677,234987517993237,234987517995601,234987518065765,234987518066445,2364,70164,680,73208
1678,234987518182501,234987518183921,234987518254067,234987518254705,1420,70146,638,72204
1679,234987518370703,234987518372127,234987518441819,234987518442503,1424,69692,684,71800
1680,234987518567269,234987518568703,234987518638459,234987518639149,1434,69756,690,71880
1681,234987518755151,234987518756579,234987518826667,234987518827327,1428,70088,660,72176
1682,234987518942861,234987518944297,234987519012737,234987519013399,1436,68440,662,70538
1683,234987519129271,234987519130663,234987519201245,234987519201919,1392,70582,674,72648
1684,234987519317651,234987519319111,234987519388261,234987519388919,1460,69150,658,71268
1685,234987519504545,234987519505945,234987519575579,234987519576217,1400,69634,638,71672
1686,234987519691927,234987519694219,234987519763367,234987519764059,2292,69148,692,72132
1687,234987519879541,234987519880969,234987519950329,234987519951007,1428,69360,678,71466
1688,234987520067815,234987520070107,234987520140523,234987520141183,2292,70416,660,73368
1689,234987520256999,234987520258375,234987520329515,234987520330169,1376,71140,654,73170
1690,234987520464595,234987520466017,234987520536713,234987520537399,1422,70696,686,72804
1691,234987520653179,234987520654597,234987520724987,234987520725649,1418,70390,662,72470
1692,234987520841531,234987520842949,234987520913539,234987520914181,1418,70590,642,72650
1693,234987521030033,234987521032337,234987521101637,234987521102323,2304,69300,686,72290
1694,234987521218145,234987521219651,234987521288521,234987521289199,1506,68870,678,71054
1695,234987521413975,234987521415383,234987521486843,234987521487523,1408,71460,680,73548
1696,234987521603495,234987521604911,234987521675153,234987521675819,1416,70242,666,72324
1697,234987521791501,234987521794325,234987521862757,234987521863439,2824,68432,682,71938
1698,234987521979589,234987521981011,234987522053297,234987522053999,1422,72286,702,74410
1699,234987522169757,234987522171943,234987522240203,234987522240865,2186,68260,662,71108
1700,234987522365633,234987522368105,234987522437873,234987522438521,2472,69768,648,72888
1701,234987522554825,234987522556249,234987522628663,234987522629323,1424,72414,660,74498
1702,234987522745075,234987522747187,234987522820237,234987522820909,2112,73050,672,75834
1703,234987522936413,234987522938813,234987523008373,234987523009081,2400,69560,708,72668
1704,234987523125031,234987523126471,234987523195261,234987523195951,1440,68790,690,70920
1705,234987523306643,234987523307863,234987523374757,234987523375427,1220,66894,670,68784
1706,234987523480215,234987523481479,234987523546171,234987523546865,1264,64692,694,66650
1707,234987523642535,234987523643779,234987523707803,234987523708451,1244,64024,648,65916
1708,234987523803025,234987523804259,234987523869853,234987523870505,1234,65594,652,67480
1709,234987523966139,234987523967359,234987524034067,234987524034715,1220,66708,648,68576
1710,234987524129395,234987524131559,234987524195591,234987524196271,2164,64032,680,66876
1711,234987524300035,234987524301397,234987524326511,234987524327173,1362,25114,662,27138
1712,234987524421341,234987524422571,234987524484931,234987524485597,1230,62360,666,64256
1713,234987524580487,234987524582683,234987524646823,234987524647507,2196,64140,684,67020
1714,234987524743075,234987524744287,234987524809805,234987524810461,1212,65518,656,67386
1715,234987524905625,234987524906821,234987524972491,234987524973175,1196,65670,684,67550
1716,234987525068197,234987525069447,234987525134281,234987525134939,1250,64834,658,66742
1717,234987525229885,234987525232115,234987525295109,234987525295807,2230,62994,698,65922
1718,234987525390793,234987525392027,234987525457655,234987525458339,1234,65628,684,67546
1719,234987525553151,234987525554371,234987525620767,234987525621439,1220,66396,672,68288
1720,234987525716887,234987525718079,234987525783097,234987525783757,1192,65018,660,66870
1721,234987525878761,234987525879991,234987525943751,234987525944413,1230,63760,662,65652
1722,234987526054565,234987526055795,234987526120487,234987526121137,1230,64692,650,66572
1723,234987526217149,234987526218389,234987526284215,234987526284905,1240,65826,690,67756
1724,234987526387369,234987526388599,234987526452053,234987526452749,1230,63454,696,65380
1725,234987526547611,234987526548871,234987526612189,234987526612849,1260,63318,660,65238
1726,234987526707479,234987526709677,234987526773715,234987526774381,2198,64038,666,66902
1727,234987526868647,234987526869863,234987526933045,234987526933715,1216,63182,670,65068
1728,234987527027921,234987527029153,234987527094881,234987527095571,1232,65728,690,67650
1729,234987527190691,234987527192687,234987527258369,234987527259035,1996,65682,666,68344
1730,234987527354425,234987527355673,234987527420417,234987527421077,1248,64744,660,66652
1731,234987527515823,234987527517049,234987527581615,234987527582321,1226,64566,706,66498
1732,234987527685695,234987527686921,234987527753345,234987527754019,1226,66424,674,68324
1733,234987527849371,234987527850623,234987527916311,234987527916997,1252,65688,686,67626
1734,234987528011995,234987528013225,234987528076697,234987528077383,1230,63472,686,65388
1735,234987528172255,234987528173513,234987528237121,234987528237827,1258,63608,706,65572
1736,234987528332711,234987528333949,234987528397531,234987528398221,1238,63582,690,65510
1737,234987528492925,234987528494135,234987528559279,234987528559939,1210,65144,660,67014
1738,234987528655057,234987528656267,234987528720757,234987528721441,1210,64490,684,66384
1739,234987528816533,234987528817769,234987528881617,234987528882295,1236,63848,678,65762
1740,234987528977407,234987528978635,234987529045679,234987529046375,1228,67044,696,68968
1741,234987529155709,234987529157005,234987529222087,234987529222783,1296,65082,696,67074
1742,234987529336917,234987529338169,234987529405013,234987529405693,1252,66844,680,68776
1743,234987529515073,234987529517299,234987529581805,234987529582495,2226,64506,690,67422
1744,234987529683431,234987529684711,234987529749173,234987529749833,1280,64462,660,66402
1745,234987529853695,234987529855463,234987529922899,234987529923589,1768,67436,690,69894
1746,234987530032705,234987530034023,234987530106035,234987530106649,1318,72012,614,73944
1747,234987530216017,234987530217391,234987530285717,234987530286379,1374,68326,662,70362
1748,234987530395943,234987530397319,234987530464745,234987530465387,1376,67426,642,69444
1749,234987530574307,234987530575673,234987530644805,234987530645479,1366,69132,674,71172
1750,234987530762129,234987530763563,234987530833661,234987530834249,1434,70098,588,72120
1751,234987530950019,234987530951473,234987531024131,234987531024793,1454,72658,662,74774
1752,234987531141041,234987531143215,234987531212851,234987531213467,2174,69636,616,72426
1753,234987531337721,234987531339169,234987531409763,234987531410383,1448,70594,620,72662
1754,234987531526313,234987531527699,234987531599153,234987531599809,1386,71454,656,73496
1755,234987531715523,234987531718321,234987531789349,234987531790013,2798,71028,664,74490
1756,234987531906037,234987531908333,234987531978829,234987531979513,2296,70496,684,73476
1757,234987532095223,234987532097533,234987532168571,234987532169299,2310,71038,728,74076
1758,234987532285607,234987532287067,234987532355651,234987532356299,1460,68584,648,70692
1759,234987532479611,234987532481033,234987532551311,234987532552019,1422,70278,708,72408
1760,234987532667629,234987532669069,234987532739567,234987532740259,1440,70498,692,72630
1761,234987532856275,234987532858559,234987532929779,234987532930477,2284,71220,698,74202
1762,234987533046521,234987533048797,234987533117935,234987533118629,2276,69138,694,72108
1763,234987533242543,234987533244913,234987533315015,234987533315689,2370,70102,674,73146
1764,234987533431699,234987533434033,234987533505091,234987533505757,2334,71058,666,74058
1765,234987533621851,234987533623267,234987533693641,234987533694305,1416,70374,664,72454
1766,234987533810125,234987533812429,234987533882407,234987533883085,2304,69978,678,72960
1767,234987533998943,234987534001705,234987534070693,234987534071395,2762,68988,702,72452
1768,234987534187097,234987534188509,234987534259429,234987534260089,1412,70920,660,72992
1769,234987534375857,234987534378169,234987534447085,234987534447733,2312,68916,648,71876
1770,234987534564233,234987534565643,234987534637303,234987534637987,1410,71660,684,73754
1771,234987534754585,234987534756095,234987534825871,234987534826499,1510,69776,628,71914
1772,234987534941881,234987534944357,234987535012915,234987535013599,2476,68558,684,71718
1773,234987535128809,234987535130765,234987535200619,234987535201285,1956,69854,666,72476
1774,234987535337243,234987535338665,234987535409155,234987535409869,1422,70490,714,72626
1775,234987535526081,234987535527493,234987535598063,234987535598725,1412,70570,662,72644
1776,234987535714547,234987535717213,234987535785301,234987535785965,2666,68088,664,71418
1777,234987535901983,234987535903667,234987535972135,234987535972783,1684,68468,648,70800
1778,234987536088625,234987536090045,234987536159467,234987536160145,1420,69422,678,71520
1779,234987536276563,234987536279305,234987536348965,234987536349649,2742,69660,684,73086
1780,234987536465605,234987536466983,234987536535745,234987536536397,1378,68762,652,70792
1781,234987536652929,234987536655269,234987536723873,234987536724565,2340,68604,692,71636
1782,234987536840569,234987536842001,234987536914159,234987536914823,1432,72158,664,74254
1783,234987537030727,234987537032143,234987537103279,234987537103943,1416,71136,664,73216
1784,234987537229453,234987537230915,234987537301229,234987537301873,1462,70314,644,72420
1785,234987537417539,234987537418987,234987537487853,234987537488513,1448,68866,660,70974
1786,234987537613379,234987537614821,234987537685247,234987537685931,1442,70426,684,72552
1787,234987537802219,234987537803665,234987537873017,234987537873637,1446,69352,620,71418
1788,234987537989327,234987537991745,234987538059937,234987538060583,2418,68192,646,71256
1789,234987538176223,234987538178545,234987538249397,234987538250075,2322,70852,678,73852
1790,234987538374251,234987538376575,234987538448107,234987538448771,2324,71532,664,74520
1791,234987538564189,234987538565605,234987538634629,234987538635289,1416,69024,660,71100
1792,234987538751495,234987538752929,234987538821913,234987538822571,1434,68984,658,71076
1793,234987538938575,234987538940875,234987539011571,234987539012221,2300,70696,650,73646
1794,234987539137033,234987539138459,234987539210041,234987539210711,1426,71582,670,73678
1795,234987539327293,234987539328845,234987539399303,234987539399969,1552,70458,666,72676
1796,234987539515771,234987539517191,234987539586475,234987539587153,1420,69284,678,71382
1797,234987539703251,234987539705563,234987539774921,234987539775593,2312,69358,672,72342
1798,234987539891677,234987539893951,234987539962765,234987539963437,2274,68814,672,71760
1799,234987540079685,234987540081085,234987540151987,234987540152669,1400,70902,682,72984
1800,234987540268747,234987540270857,234987540340667,234987540341339,2110,69810,672,72592
1801,234987540457361,234987540459653,234987540530585,234987540531299,2292,70932,714,73938
1802,234987540647227,234987540649547,234987540718667,234987540719347,2320,69120,680,72120
1803,234987540834835,234987540836257,234987540905057,234987540905735,1422,68800,678,70900
1804,234987541029623,234987541030979,234987541102285,234987541102945,1356,71306,660,73322
1805,234987541218805,234987541220221,234987541292461,234987541293095,1416,72240,634,74290
1806,234987541417019,234987541418981,234987541491251,234987541491907,1962,72270,656,74888
1807,234987541607467,234987541608871,234987541677865,234987541678531,1404,68994,666,71064
1808,234987541794361,234987541795769,234987541865581,234987541866247,1408,69812,666,71886
1809,234987541982159,234987541983625,234987542053187,234987542053847,1466,69562,660,71688
1810,234987542169251,234987542171609,234987542240549,234987542241251,2358,68940,702,72000
1811,234987542356939,234987542359229,234987542428633,234987542429287,2290,69404,654,72348
1812,234987542544949,234987542546399,234987542616379,234987542617043,1450,69980,664,72094
1813,234987542732671,234987542734127,234987542804417,234987542805083,1456,70290,666,72412
1814,234987542930057,234987542931479,234987543002933,234987543003599,1422,71454,666,73542
1815,234987543119617,234987543121069,234987543192403,234987543193079,1452,71334,676,73462
1816,234987543309205,234987543311515,234987543381787,234987543382465,2310,70272,678,73260
1817,234987543498403,234987543499871,234987543567479,234987543568153,1468,67608,674,69750
1818,234987543683633,234987543685079,234987543754849,234987543755527,1446,69770,678,71894
1819,234987543871289,234987543872711,234987543943789,234987543944479,1422,71078,690,73190
1820,234987544060313,234987544062601,234987544135223,234987544135883,2288,72622,660,75570
1821,234987544252075,234987544254455,234987544323227,234987544323899,2380,68772,672,71824
1822,234987544447991,234987544449427,234987544519297,234987544519969,1436,69870,672,71978
1823,234987544636685,234987544638113,234987544709477,234987544710169,1428,71364,692,73484
1824,234987544833985,234987544835401,234987544904977,234987544905673,1416,69576,696,71688
1825,234987545020747,234987545022173,234987545093231,234987545093905,1426,71058,674,73158
1826,234987545210017,234987545212381,234987545281745,234987545282405,2364,69364,660,72388
1827,234987545398345,234987545400233,234987545472955,234987545473619,1888,72722,664,75274
1828,234987545589109,234987545591507,234987545661703,234987545662355,2398,70196,652,73246
1829,234987545779021,234987545781733,234987545851453,234987545852111,2712,69720,658,73090
1830,234987545968141,234987545969585,234987546040565,234987546041269,1444,70980,704,73128
1831,234987546157159,234987546158587,234987546227741,234987546228403,1428,69154,662,71244
1832,234987546352757,234987546354581,234987546428401,234987546429071,1824,73820,670,76314
1833,234987546544871,234987546546307,234987546615667,234987546616291,1436,69360,624,71420
1834,234987546740509,234987546741953,234987546813563,234987546814231,1444,71610,668,73722
1835,234987546930545,234987546932897,234987547003015,234987547003693,2352,70118,678,73148
1836,234987547119235,234987547121297,234987547193051,234987547193731,2062,71754,680,74496
1837,234987547317787,234987547320193,234987547390565,234987547391249,2406,70372,684,73462
1838,234987547507055,234987547509371,234987547580083,234987547580749,2316,70712,666,73694
1839,234987547696811,234987547698221,234987547767469,234987547768141,1410,69248,672,71330
1840,234987547883813,234987547885259,234987547954277,234987547954901,1446,69018,624,71088
1841,234987548070827,234987548072239,234987548144533,234987548145181,1412,72294,648,74354
1842,234987548261195,234987548263085,234987548333395,234987548334091,1890,70310,696,72896
1843,234987548450005,234987548451443,234987548521465,234987548522135,1438,70022,670,72130
1844,234987548654327,234987548655787,234987548727173,234987548727871,1460,71386,698,73544
1845,234987548843803,234987548845211,234987548918341,234987548919037,1408,73130,696,75234
1846,234987549034565,234987549036155,234987549106417,234987549107081,1590,70262,664,72516
1847,234987549222313,234987549224603,234987549295961,234987549296639,2290,71358,678,74326
1848,234987549412385,234987549413777,234987549487583,234987549488261,1392,73806,678,75876
1849,234987549603479,234987549604895,234987549677137,234987549677833,1416,72242,696,74354
1850,234987549793657,234987549795047,234987549865729,234987549866383,1390,70682,654,72726
1851,234987549982037,234987549983467,234987550053683,234987550054355,1430,70216,672,72318
1852,234987550170821,234987550173109,234987550243409,234987550244059,2288,70300,650,73238
1853,234987550368063,234987550369513,234987550439467,234987550440141,1450,69954,674,72078
1854,234987550565035,234987550566475,234987550635713,234987550636375,1440,69238,662,71340
1855,234987550752527,234987550753945,234987550824475,234987550825135,1418,70530,660,72608
1856,234987550940611,234987550942033,234987551012111,234987551012749,1422,70078,638,72138
1857,234987551128265,234987551129677,234987551199863,234987551200529,1412,70186,666,72264
1858,234987551316653,234987551318077,234987551388845,234987551389495,1424,70768,650,72842
1859,234987551504941,234987551506913,234987551577541,234987551578211,1972,70628,670,73270
1860,234987551694745,234987551696113,234987551768179,234987551768863,1368,72066,684,74118
1861,234987551884681,234987551887003,234987551956153,234987551956801,2322,69150,648,72120
1862,234987552072733,234987552075065,234987552143239,234987552143929,2332,68174,690,71196
1863,234987552260137,234987552261565,234987552329617,234987552330305,1428,68052,688,70168
1864,234987552454723,234987552456133,234987552526331,234987552526985,1410,70198,654,72262
1865,234987552642815,234987552644257,234987552714211,234987552714887,1442,69954,676,72072
1866,234987552831161,234987552833543,234987552903775,234987552904439,2382,70232,664,73278
1867,234987553020103,234987553021531,234987553092299,234987553092961,1428,70768,662,72858
1868,234987553209109,234987553210931,234987553281125,234987553281791,1822,70194,666,72682
1869,234987553405637,234987553407073,234987553478029,234987553478683,1436,70956,654,73046
1870,234987553594223,234987553595659,234987553665331,234987553666015,1436,69672,684,71792
1871,234987553782167,234987553783607,234987553853233,234987553853929,1440,69626,696,71762
1872,234987553969235,234987553971445,234987554040055,234987554040731,2210,68610,676,71496
1873,234987554156717,234987554158121,234987554228627,234987554229287,1404,70506,660,72570
1874,234987554354401,234987554355847,234987554426635,234987554427295,1446,70788,660,72894
1875,234987554544359,234987554545765,234987554615923,234987554616599,1406,70158,676,72240
1876,234987554732971,234987554734403,234987554803763,234987554804423,1432,69360,660,71452
1877,234987554929705,234987554931181,234987555001195,234987555001817,1476,70014,622,72112
1878,234987555117875,234987555120275,234987555190825,234987555191483,2400,70550,658,73608
1879,234987555307699,234987555309113,234987555379757,234987555380441,1414,70644,684,72742
1880,234987555496579,234987555498001,234987555568207,234987555568873,1422,70206,666,72294
1881,234987555684787,234987555686265,234987555755569,234987555756245,1478,69304,676,71458
1882,234987555872099,234987555873517,234987555945023,234987555945707,1418,71506,684,73608
1883,234987556061579,234987556063925,234987556132597,234987556133287,2346,68672,690,71708
1884,234987556249225,234987556250657,234987556322185,234987556322855,1432,71528,670,73630
1885,234987556455649,234987556457035,234987556527355,234987556528027,1386,70320,672,72378
1886,234987556644139,234987556645585,234987556715557,234987556716217,1446,69972,660,72078
1887,234987556832363,234987556833823,234987556902583,234987556903243,1460,68760,660,70880
1888,234987557019275,234987557020699,234987557091599,234987557092237,1424,70900,638,72962
1889,234987557208127,234987557210471,234987557281117,234987557281741,2344,70646,624,73614
1890,234987557397739,234987557399173,234987557469697,234987557470355,1434,70524,658,72616
1891,234987557586803,234987557588221,234987557659355,234987557660041,1418,71134,686,73238
1892,234987557776279,234987557777689,234987557848939,234987557849599,1410,71250,660,73320
1893,234987557965219,234987557966675,234987558035281,234987558035969,1456,68606,688,70750
1894,234987558151859,234987558153299,234987558222869,234987558223481,1440,69570,612,71622
1895,234987558347887,234987558349307,234987558420305,234987558420983,1420,70998,678,73096
1896,234987558536983,234987558538601,234987558609013,234987558609661,1618,70412,648,72678
1897,234987558725965,234987558728305,234987558797977,234987558798625,2340,69672,648,72660
1898,234987558914395,234987558915845,234987558985331,234987558986011,1450,69486,680,71616
1899,234987559102409,234987559104701,234987559175731,234987559176439,2292,71030,708,74030
1900,234987559304299,234987559305707,234987559378573,234987559379263,1408,72866,690,74964
1901,234987559495183,234987559496633,234987559566415,234987559567093,1450,69782,678,71910
1902,234987559683179,234987559684625,234987559754483,234987559755115,1446,69858,632,71936
1903,234987559871339,234987559872793,234987559945187,234987559945849,1454,72394,662,74510
1904,234987560062699,234987560064119,234987560133527,234987560134141,1420,69408,614,71442
1905,234987560259025,234987560260457,234987560330117,234987560330789,1432,69660,672,71764
1906,234987560447183,234987560449475,234987560519017,234987560519693,2292,69542,676,72510
1907,234987560636071,234987560638397,234987560706851,234987560707537,2326,68454,686,71466
1908,234987560823575,234987560824981,234987560893789,234987560894471,1406,68808,682,70896
1909,234987561010483,234987561011893,234987561080207,234987561080873,1410,68314,666,70390
1910,234987561196817,234987561198257,234987561268367,234987561269017,1440,70110,650,72200
1911,234987561384647,234987561386093,234987561455531,234987561456203,1446,69438,672,71556
1912,234987561572183,234987561573637,234987561643913,234987561644573,1454,70276,660,72390
1913,234987561760433,234987561761879,234987561831151,234987561831811,1446,69272,660,71378
1914,234987561948095,234987561949507,234987562020691,234987562021355,1412,71184,664,73260
1915,234987562145575,234987562146985,234987562218719,234987562219393,1410,71734,674,73818
1916,234987562343591,234987562345039,234987562414819,234987562415503,1448,69780,684,71912
1917,234987562531801,234987562533223,234987562602299,234987562602953,1422,69076,654,71152
1918,234987562719127,234987562720521,234987562792639,234987562793293,1394,72118,654,74166
1919,234987562908965,234987562910383,234987562979005,234987562979663,1418,68622,658,70698
1920,234987563095475,234987563096921,234987563168579,234987563169227,1446,71658,648,73752
1921,234987563284853,234987563286851,234987563356829,234987563357479,1998,69978,650,72626
1922,234987563473741,234987563475173,234987563546819,234987563547439,1432,71646,620,73698
1923,234987563672057,234987563674375,234987563737841,234987563738521,2318,63466,680,66464
1924,234987563826253,234987563827421,234987563887469,234987563888123,1168,60048,654,61870
1925,234987563982889,234987563985125,234987564046615,234987564047309,2236,61490,694,64420
1926,234987564133691,234987564134867,234987564197897,234987564198539,1176,63030,642,64848
1927,234987564284881,234987564287039,234987564349949,234987564350563,2158,62910,614,65682
1928,234987564437267,234987564439535,234987564501535,234987564502181,2268,62000,646,64914
1929,234987564588443,234987564590597,234987564653191,234987564653879,2154,62594,688,65436
1930,234987564740309,234987564742453,234987564802615,234987564803291,2144,60162,676,62982
1931,234987564889439,234987564890899,234987564953921,234987564954587,1460,63022,666,65148
1932,234987565040711,234987565041889,234987565103563,234987565104241,1178,61674,678,63530
1933,234987565190345,234987565191479,234987565253563,234987565254235,1134,62084,672,63890
1934,234987565348429,234987565350589,234987565412761,234987565413427,2160,62172,666,64998
1935,234987565499645,234987565500779,234987565562491,234987565563187,1134,61712,696,63542
1936,234987565657513,234987565658671,234987565720445,234987565721111,1158,61774,666,63598
1937,234987565806913,234987565808107,234987565867849,234987565868551,1194,59742,702,61638
1938,234987565954697,234987565955833,234987566020549,234987566021209,1136,64716,660,66512
1939,234987566107477,234987566108777,234987566171039,234987566171701,1300,62262,662,64224
1940,234987566257591,234987566259821,234987566321657,234987566322325,2230,61836,668,64734
1941,234987566408617,234987566410763,234987566471687,234987566472379,2146,60924,692,63762
1942,234987566558123,234987566560633,234987566624533,234987566625211,2510,63900,678,67088
1943,234987566711287,234987566712487,234987566772325,234987566773007,1200,59838,682,61720
1944,234987566859227,234987566860415,234987566920847,234987566921507,1188,60432,660,62280
1945,234987567007769,234987567008953,234987567070177,234987567070799,1184,61224,622,63030
1946,234987567157117,234987567158285,234987567219913,234987567220603,1168,61628,690,63486
1947,234987567319159,234987567320689,234987567382057,234987567382721,1530,61368,664,63562
1948,234987567469229,234987567470381,234987567531803,234987567532501,1152,61422,698,63272
1949,234987567618797,234987567619975,234987567680731,234987567681417,1178,60756,686,62620
1950,234987567769351,234987567770497,234987567833099,234987567833737,1146,62602,638,64386
1951,234987567920219,234987567922405,234987567983965,234987567984657,2186,61560,692,64438
1952,234987568070801,234987568071985,234987568134497,234987568135157,1184,62512,660,64356
1953,234987568221181,234987568222429,234987568284077,234987568284763,1248,61648,686,63582
1954,234987568378897,234987568380455,234987568440925,234987568441583,1558,60470,658,62686
1955,234987568527343,234987568529549,234987568593805,234987568594469,2206,64256,664,67126
1956,234987568680817,234987568682999,234987568746031,234987568746691,2182,63032,660,65874
1957,234987568832693,234987568833859,234987568895959,234987568896631,1166,62100,672,63938
1958,234987568990357,234987568991491,234987569055215,234987569055895,1134,63724,680,65538
1959,234987569141939,234987569143123,234987569203381,234987569204065,1184,60258,684,62126
1960,234987569289577,234987569291749,234987569352773,234987569353451,2172,61024,678,63874
1961,234987569439577,234987569440789,234987569503185,234987569503883,1212,62396,698,64306
1962,234987569590625,234987569592791,234987569655767,234987569656441,2166,62976,674,65816
1963,234987569745511,234987569747659,234987569810945,234987569811601,2148,63286,656,66090
1964,234987569900675,234987569901857,234987569964271,234987569964955,1182,62414,684,64280
1965,234987570053281,234987570055693,234987570116879,234987570117571,2412,61186,692,64290
1966,234987570206269,234987570208433,234987570269593,234987570270269,2164,61160,676,64000
1967,234987570359407,234987570361637,234987570424993,234987570425665,2230,63356,672,66258
1968,234987570526229,234987570528445,234987570591737,234987570592417,2216,63292,680,66188
1969,234987570699907,234987570701137,234987570764161,234987570764827,1230,63024,666,64920
1970,234987570857551,234987570858779,234987570921623,234987570922315,1228,62844,692,64764
1971,234987571015069,234987571016297,234987571079927,234987571080595,1228,63630,668,65526
1972,234987571174049,234987571175725,234987571240961,234987571241633,1676,65236,672,67584
1973,234987571347397,234987571348903,234987571414579,234987571415237,1506,65676,658,67840
1974,234987571513381,234987571514627,234987571577953,234987571578625,1246,63326,672,65244
1975,234987571676965,234987571678211,234987571744387,234987571745053,1246,66176,666,68088
1976,234987571842487,234987571843717,234987571910959,234987571911635,1230,67242,676,69148
1977,234987572016757,234987572018059,234987572084765,234987572085431,1302,66706,666,68674
1978,234987572189611,234987572190913,234987572259277,234987572259953,1302,68364,676,70342
1979,234987572364811,234987572367047,234987572433907,234987572434571,2236,66860,664,69760
1980,234987572549833,234987572551403,234987572575631,234987572576285,1570,24228,654,26452
1981,234987572679767,234987572682103,234987572746709,234987572747359,2336,64606,650,67592
1982,234987572864273,234987572865631,234987572936189,234987572936855,1358,70558,666,72582
1983,234987573052867,234987573055145,234987573124307,234987573124985,2278,69162,678,72118
1984,234987573241387,234987573243709,234987573311983,234987573312679,2322,68274,696,71292
1985,234987573429053,234987573430453,234987573500569,234987573501241,1400,70116,672,72188
1986,234987573617219,234987573618637,234987573687935,234987573688591,1418,69298,656,71372
1987,234987573804937,234987573806357,234987573877583,234987573878281,1420,71226,698,73344
1988,234987573994453,234987573995839,234987574066117,234987574066769,1386,70278,652,72316
1989,234987574182869,234987574185247,234987574254709,234987574255373,2378,69462,664,72504
1990,234987574388471,234987574389901,234987574459903,234987574460555,1430,70002,652,72084
1991,234987574577555,234987574579013,234987574650565,234987574651243,1458,71552,678,73688
1992,234987574767353,234987574768807,234987574839017,234987574839683,1454,70210,666,72330
1993,234987574955243,234987574956647,234987575027405,234987575028067,1404,70758,662,72824
1994,234987575144237,234987575146561,234987575216431,234987575217115,2324,69870,684,72878
1995,234987575332567,234987575334907,234987575404067,234987575404739,2340,69160,672,72172
1996,234987575520625,234987575522035,234987575593879,234987575594549,1410,71844,670,73924
1997,234987575710429,234987575712703,234987575783057,234987575783681,2274,70354,624,73252
1998,234987575899589,234987575901047,234987575970157,234987575970811,1458,69110,654,71222
1999,234987576087049,234987576089363,234987576161189,234987576161855,2314,71826,666,74806
2000,234987576286961,234987576288355,234987576358135,234987576358799,1394,69780,664,71838
2001,234987576474925,234987576476369,234987576544381,234987576545087,1444,68012,706,70162
2002,234987576661579,234987576663025,234987576733175,234987576733817,1446,70150,642,72238
2003,234987576849919,234987576851321,234987576922817,234987576923459,1402,71496,642,73540
2004,234987577039637,234987577041067,234987577110517,234987577111193,1430,69450,676,71556
2005,234987577227487,234987577228889,234987577298789,234987577299455,1402,69900,666,71968
2006,234987577423561,234987577425017,234987577494581,234987577495237,1456,69564,656,71676
2007,234987577611257,234987577612663,234987577682173,234987577682791,1406,69510,618,71534
2008,234987577798721,234987577800121,234987577873843,234987577874503,1400,73722,660,75782
2009,234987577989973,234987577991429,234987578059069,234987578059685,1456,67640,616,69712
2010,234987578184799,234987578186191,234987578260417,234987578261075,1392,74226,658,76276
2011,234987578376877,234987578378327,234987578447011,234987578447681,1450,68684,670,70804
2012,234987578563945,234987578565331,234987578638027,234987578638709,1386,72696,682,74764
2013,234987578754373,234987578755787,234987578825933,234987578826637,1414,70146,704,72264
2014,234987578951797,234987578953255,234987579022381,234987579023029,1458,69126,648,71232
2015,234987579138973,234987579141341,234987579209389,234987579210085,2368,68048,696,71112
2016,234987579325915,234987579327341,234987579397337,234987579398005,1426,69996,668,72090
2017,234987579514083,234987579515521,234987579585505,234987579586181,1438,69984,676,72098
2018,234987579701851,234987579703273,234987579772327,234987579772999,1422,69054,672,71148
2019,234987579889069,234987579890479,234987579962797,234987579963485,1410,72318,688,74416
2020,234987580087403,234987580088809,234987580158733,234987580160659,1406,69924,1926,73256
2021,234987580286621,234987580288049,234987580357531,234987580358219,1428,69482,688,71598
2022,234987580474525,234987580475947,234987580543699,234987580544353,1422,67752,654,69828
2023,234987580660531,234987580662857,234987580733287,234987580733935,2326,70430,648,73404
2024,234987580849559,234987580851545,234987580923025,234987580923697,1986,71480,672,74138
2025,234987581039363,234987581040781,234987581110357,234987581111021,1418,69576,664,71658
2026,234987581226775,234987581228209,234987581296501,234987581297185,1434,68292,684,70410
2027,234987581412595,234987581414065,234987581482355,234987581483023,1470,68290,668,70428
2028,234987581599139,234987581600909,234987581670563,234987581671243,1770,69654,680,72104
2029,234987581786797,234987581788363,234987581857525,234987581858203,1566,69162,678,71406
2030,234987581974043,234987581976613,234987582047933,234987582048541,2570,71320,608,74498
2031,234987582172699,234987582174637,234987582245315,234987582245989,1938,70678,674,73290
2032,234987582362143,234987582363593,234987582432865,234987582433481,1450,69272,616,71338
2033,234987582549301,234987582550711,234987582622003,234987582622639,1410,71292,636,73338
2034,234987582738781,234987582740219,234987582811931,234987582812623,1438,71712,692,73842
2035,234987582928489,234987582930933,234987583002221,234987583002887,2444,71288,666,74398
2036,234987583118591,234987583120895,234987583192979,234987583193635,2304,72084,656,75044
2037,234987583318319,234987583319761,234987583389757,234987583390381,1442,69996,624,72062
2038,234987583505873,234987583507291,234987583578253,234987583578913,1418,70962,660,73040
2039,234987583694999,234987583697917,234987583767467,234987583768183,2918,69550,716,73184
2040,234987583884983,234987583887283,234987583960049,234987583960707,2300,72766,658,75724
2041,234987584085913,234987584087305,234987584161127,234987584161793,1392,73822,666,75880
2042,234987584277163,234987584278597,234987584349307,234987584349935,1434,70710,628,72772
2043,234987584466185,234987584468533,234987584537899,234987584538583,2348,69366,684,72398
2044,234987584654473,234987584655937,234987584725661,234987584726341,1464,69724,680,71868
2045,234987584841823,234987584843857,234987584914213,234987584914883,2034,70356,670,73060
2046,234987585031493,234987585033811,234987585105295,234987585105967,2318,71484,672,74474
2047,234987585221569,234987585223007,234987585294035,234987585294689,1438,71028,654,73120
2048,234987585410437,234987585412625,234987585482855,234987585483535,2188,70230,680,73098
2049,234987585599603,234987585601003,234987585673127,234987585673765,1400,72124,638,74162
2050,234987585789901,234987585791261,234987585863353,234987585864031,1360,72092,678,74130
2051,234987585988429,234987585989813,234987586060895,234987586061585,1384,71082,690,73156
2052,234987586177691,234987586179049,234987586250675,234987586251349,1358,71626,674,73658
2053,234987586375583,234987586377889,234987586449061,234987586449755,2306,71172,694,74172
2054,234987586565691,234987586568047,234987586636271,234987586636975,2356,68224,704,71284
2055,234987586753051,234987586754489,234987586824707,234987586825381,1438,70218,674,72330
2056,234987586941329,234987586943627,234987587014597,234987587015269,2298,70970,672,73940
2057,234987587132015,234987587133847,234987587202151,234987587202815,1832,68304,664,70800
2058,234987587319239,234987587321159,234987587390743,234987587391343,1920,69584,600,72104
2059,234987587515739,234987587518067,234987587587975,234987587588605,2328,69908,630,72866
2060,234987587704397,234987587705839,234987587777003,234987587777665,1442,71164,662,73268
2061,234987587902291,234987587903735,234987587973295,234987587973961,1444,69560,666,71670
2062,234987588090193,234987588091589,234987588164545,234987588165161,1396,72956,616,74968
2063,234987588280747,234987588282139,234987588353179,234987588353833,1392,71040,654,73086
2064,234987588469505,234987588471913,234987588541543,234987588542221,2408,69630,678,72716
2065,234987588658135,234987588660467,234987588729973,234987588730667,2332,69506,694,72532
2066,234987588846353,234987588848675,234987588918325,234987588919007,2322,69650,682,72654
2067,234987589035283,234987589036727,234987589106557,234987589107235,1444,69830,678,71952
2068,234987589244965,234987589246373,234987589318129,234987589318817,1408,71756,688,73852
2069,234987589435585,234987589437877,234987589507549,234987589508225,2292,69672,676,72640
2070,234987589624565,234987589626007,234987589694465,234987589695145,1442,68458,680,70580
2071,234987589819319,234987589821235,234987589892797,234987589893473,1916,71562,676,74154
2072,234987590009239,234987590010641,234987590082625,234987590083333,1402,71984,708,74094
2073,234987590199539,234987590200975,234987590271607,234987590272309,1436,70632,702,72770
2074,234987590388845,234987590391179,234987590459525,234987590460203,2334,68346,678,71358
2075,234987590576101,234987590577515,234987590649299,234987590649977,1414,71784,678,73876
2076,234987590766121,234987590768419,234987590838767,234987590839427,2298,70348,660,73306
2077,234987590955397,234987590957935,234987591027749,234987591028405,2538,69814,656,73008
2078,234987591145049,234987591146521,234987591215849,234987591216509,1472,69328,660,71460
2079,234987591332731,234987591334207,234987591403175,234987591403837,1476,68968,662,71106
2080,234987591520159,234987591521587,234987591591349,234987591591997,1428,69762,648,71838
2081,234987591717413,234987591718825,234987591788815,234987591789493,1412,69990,678,72080
2082,234987591905455,234987591906913,234987591974995,234987591975647,1458,68082,652,70192
2083,234987592091417,234987592092925,234987592161967,234987592162657,1508,69042,690,71240
2084,234987592286851,234987592288271,234987592357669,234987592358323,1420,69398,654,71472
2085,234987592474663,234987592476079,234987592547075,234987592547747,1416,70996,672,73084
2086,234987592663861,234987592665289,234987592735259,234987592735963,1428,69970,704,72102
2087,234987592851895,234987592853335,234987592922855,234987592923515,1440,69520,660,71620
2088,234987593040139,234987593041585,234987593112049,234987593112715,1446,70464,666,72576
2089,234987593228533,234987593229965,234987593301107,234987593301773,1432,71142,666,73240
2090,234987593417995,234987593419427,234987593490955,234987593491643,1432,71528,688,73648
2091,234987593616427,234987593617849,234987593685715,234987593686415,1422,67866,700,69988
2092,234987593802349,234987593803763,234987593874583,234987593875253,1414,70820,670,72904
2093,234987593990875,234987593992307,234987594061535,234987594062243,1432,69228,708,71368
2094,234987594178393,234987594179845,234987594249409,234987594250095,1452,69564,686,71702
2095,234987594365797,234987594367201,234987594437125,234987594437795,1404,69924,670,71998
2096,234987594553429,234987594554881,234987594625387,234987594626029,1452,70506,642,72600
2097,234987594742351,234987594744623,234987594814261,234987594814931,2272,69638,670,72580
2098,234987594930821,234987594932473,234987595003435,234987595004107,1652,70962,672,73286
2099,234987595119529,234987595121821,234987595194715,234987595195375,2292,72894,660,75846
2100,234987595319509,234987595321837,234987595392257,234987595392923,2328,70420,666,73414
2101,234987595525309,234987595526731,234987595597589,234987595598167,1422,70858,578,72858
2102,234987595714997,234987595717275,234987595785709,234987595786351,2278,68434,642,71354
2103,234987595902283,234987595903697,234987595975985,234987595976665,1414,72288,680,74382
2104,234987596092471,234987596093887,234987596163221,234987596163877,1416,69334,656,71406
2105,234987596287645,234987596289101,234987596357597,234987596358289,1456,68496,692,70644
2106,234987596474525,234987596475919,234987596548217,234987596548885,1394,72298,668,74360
2107,234987596665141,234987596666579,234987596736271,234987596736881,1438,69692,610,71740
2108,234987596852831,234987596854241,234987596924917,234987596925539,1410,70676,622,72708
2109,234987597040991,234987597042443,234987597110963,234987597111631,1452,68520,668,70640
2110,234987597227863,234987597229265,234987597302513,234987597303199,1402,73248,686,75336
2111,234987597427073,234987597428495,234987597497501,234987597498137,1422,69006,636,71064
2112,234987597613991,234987597615427,234987597687797,234987597688447,1436,72370,650,74456
2113,234987597804383,234987597806753,234987597875585,234987597876245,2370,68832,660,71862
2114,234987597992101,234987597994201,234987598064665,234987598065325,2100,70464,660,73224
2115,234987598181417,234987598183721,234987598255531,234987598256231,2304,71810,700,74814
2116,234987598380379,234987598381819,234987598451647,234987598452329,1440,69828,682,71950
2117,234987598568359,234987598569785,234987598641625,234987598642285,1426,71840,660,73926
2118,234987598758085,234987598759463,234987598830227,234987598830901,1378,70764,674,72816
2119,234987598946701,234987598948121,234987599019023,234987599019691,1420,70902,668,72990
2120,234987599135467,234987599136895,234987599207749,234987599208443,1428,70854,694,72976
2121,234987599333305,234987599335247,234987599405485,234987599406133,1942,70238,648,72828
2122,234987599522395,234987599523853,234987599593969,234987599594665,1458,70116,696,72270
2123,234987599710567,234987599712919,234987599783011,234987599783689,2352,70092,678,73122
2124,234987599899427,234987599901757,234987599970623,234987599971309,2330,68866,686,71882
2125,234987600087385,234987600088831,234987600160141,234987600160823,1446,71310,682,73438
2126,234987600276887,234987600278321,234987600349519,234987600350209,1434,71198,690,73322
2127,234987600465853,234987600467245,234987600535949,234987600536633,1392,68704,684,70780
2128,234987600652841,234987600655135,234987600725149,234987600725809,2294,70014,660,72968
2129,234987600842479,234987600843919,234987600914773,234987600915463,1440,70854,690,72984
2130,234987601031149,234987601032589,234987601102907,234987601103591,1440,70318,684,72442
2131,234987601239217,234987601240661,234987601310339,234987601311001,1444,69678,662,71784
2132,234987601427593,234987601429019,234987601498819,234987601499489,1426,69800,670,71896
2133,234987601615261,234987601616651,234987601686283,234987601686935,1390,69632,652,71674
2134,234987601802695,234987601804105,234987601875071,234987601875719,1410,70966,648,73024
2135,234987601991347,234987601992787,234987602063431,234987602064095,1440,70644,664,72748
2136,234987602180065,234987602181449,234987602252693,234987602253383,1384,71244,690,73318
2137,234987602369599,234987602371033,234987602441863,234987602442529,1434,70830,666,72930
2138,234987602558521,234987602559977,234987602630881,234987602631553,1456,70904,672,73032
2139,234987602747641,234987602749103,234987602817647,234987602818315,1462,68544,668,70674
2140,234987602934583,234987602936141,234987603005275,234987603005947,1558,69134,672,71364
2141,234987603122519,234987603123901,234987603193779,234987603194455,1382,69878,676,71936
2142,234987603318661,234987603320099,234987603390139,234987603390805,1438,70040,666,72144
2143,234987603506521,234987603508813,234987603578623,234987603579295,2292,69810,672,72774
2144,234987603695743,234987603697291,234987603765091,234987603765761,1548,67800,670,70018
2145,234987603882311,234987603884483,234987603957229,234987603957905,2172,72746,676,75594
2146,234987604073899,234987604075309,234987604146589,234987604147267,1410,71280,678,73368
2147,234987604271147,234987604272587,234987604343425,234987604344115,1440,70838,690,72968
2148,234987604460423,234987604461871,234987604533865,234987604534537,1448,71994,672,74114
2149,234987604650055,234987604651597,234987604723051,234987604723721,1542,71454,670,73666
2150,234987604848163,234987604849567,234987604921039,234987604921685,1404,71472,646,73522
2151,234987605037475,234987605038903,234987605111399,234987605112061,1428,72496,662,74586
2152,234987605237705,234987605239999,234987605307547,234987605308207,2294,67548,660,70502
2153,234987605424301,234987605425739,234987605495099,234987605495795,1438,69360,696,71494
2154,234987605611541,234987605612971,234987605683897,234987605684579,1430,70926,682,73038
2155,234987605800307,234987605802631,234987605872463,234987605873129,2324,69832,666,72822
2156,234987605988733,234987605991029,234987606061201,234987606061867,2296,70172,666,73134
2157,234987606178043,234987606179729,234987606250879,234987606251539,1686,71150,660,73496
2158,234987606367267,234987606368623,234987606441043,234987606441695,1356,72420,652,74428
2159,234987606557321,234987606558767,234987606631111,234987606631783,1446,72344,672,74462
2160,234987606747833,234987606749279,234987606819153,234987606819817,1446,69874,664,71984
2161,234987606935651,234987606937063,234987607007341,234987607008035,1412,70278,694,72384
2162,234987607132999,234987607134391,234987607206311,234987607206965,1392,71920,654,73966
2163,234987607331195,234987607333159,234987607403539,234987607404209,1964,70380,670,73014
2164,234987607520347,234987607522687,234987607593863,234987607594523,2340,71176,660,74176
2165,234987607709929,234987607711319,234987607783093,234987607783735,1390,71774,642,73806
2166,234987607899487,234987607901077,234987607970875,234987607971565,1590,69798,690,72078
2167,234987608086949,234987608089423,234987608159851,234987608160533,2474,70428,682,73584
2168,234987608276851,234987608278319,234987608348801,234987608349481,1468,70482,680,72630
2169,234987608465143,234987608466589,234987608536513,234987608537171,1446,69924,658,72028
2170,234987608652889,234987608654317,234987608726209,234987608726815,1428,71892,606,73926
2171,234987608843249,234987608844653,234987608916175,234987608916859,1404,71522,684,73610
2172,234987609042633,234987609044087,234987609114637,234987609115295,1454,70550,658,72662
2173,234987609231503,234987609233795,234987609304493,234987609305203,2292,70698,710,73700
2174,234987609421195,234987609422611,234987609492179,234987609492847,1416,69568,668,71652
2175,234987609609173,234987609610657,234987609680527,234987609681197,1484,69870,670,72024
2176,234987609797659,234987609799111,234987609869519,234987609870219,1452,70408,700,72560
2177,234987609986489,234987609987889,234987610058783,234987610059427,1400,70894,644,72938
2178,234987610175327,234987610176779,234987610245737,234987610246429,1452,68958,692,71102
2179,234987610370365,234987610371859,234987610442103,234987610442765,1494,70244,662,72400
2180,234987610558741,234987610561033,234987610630151,234987610630807,2292,69118,656,72066
2181,234987610747177,234987610748621,234987610819421,234987610820095,1444,70800,674,72918
2182,234987610945517,234987610947839,234987611017801,234987611018477,2322,69962,676,72960
2183,234987611134351,234987611135751,234987611205751,234987611206417,1400,70000,666,72066
2184,234987611322721,234987611325025,234987611393629,234987611394295,2304,68604,666,71574
2185,234987611510641,234987611512085,234987611581103,234987611581783,1444,69018,680,71142
2186,234987611697637,234987611700089,234987611771167,234987611771849,2452,71078,682,74212
2187,234987611887883,234987611889305,234987611960591,234987611961253,1422,71286,662,73370
2188,234987612076813,234987612078265,234987612149831,234987612150511,1452,71566,680,73698
2189,234987612266645,234987612268987,234987612339385,234987612340055,2342,70398,670,73410
2190,234987612455719,234987612457999,234987612529399,234987612530059,2280,71400,660,74340
2191,234987612646013,234987612648329,234987612717533,234987612718213,2316,69204,680,72200
2192,234987612842707,234987612844115,234987612914753,234987612915433,1408,70638,680,72726
2193,234987613031621,234987613033063,234987613104527,234987613105183,1442,71464,656,73562
2194,234987613229923,234987613231379,234987613299797,234987613300483,1456,68418,686,70560
2195,234987613416133,234987613418513,234987613489747,234987613490437,2380,71234,690,74304
2196,234987613616555,234987613618021,234987613686955,234987613687633,1466,68934,678,71078
2197,234987613804217,234987613805647,234987613876487,234987613877167,1430,70840,680,72950
2198,234987613993279,234987613994725,234987614062127,234987614062799,1446,67402,672,69520
2199,234987614178947,234987614180369,234987614251141,234987614251819,1422,70772,678,72872
2200,234987614367343,234987614369737,234987614438633,234987614439307,2394,68896,674,71964
2201,234987614554891,234987614556329,234987614626757,234987614627449,1438,70428,692,72558
2202,234987614751217,234987614753551,234987614823703,234987614824357,2334,70152,654,73140
2203,234987614940653,234987614942063,234987615011783,234987615012449,1410,69720,666,71796
2204,234987615128303,234987615129719,234987615202009,234987615202655,1416,72290,646,74352
2205,234987615318445,234987615319867,234987615389509,234987615390197,1422,69642,688,71752
2206,234987615506035,234987615507437,234987615577985,234987615578677,1402,70548,692,72642
2207,234987615694357,234987615695801,234987615764617,234987615765299,1444,68816,682,70942
2208,234987615882071,234987615884381,234987615954541,234987615955211,2310,70160,670,73140
2209,234987616071253,234987616072711,234987616144249,234987616144907,1458,71538,658,73654
2210,234987616269217,234987616270637,234987616342159,234987616342853,1420,71522,694,73636
2211,234987616458583,234987616460873,234987616529963,234987616530595,2290,69090,632,72012
2212,234987616655099,234987616657399,234987616725943,234987616726607,2300,68544,664,71508
2213,234987616842461,234987616843891,234987616915189,234987616915859,1430,71298,670,73398
2214,234987617031845,234987617034151,234987617104219,234987617104849,2306,70068,630,73004
2215,234987617221207,234987617223583,234987617291495,234987617292187,2376,67912,692,70980
2216,234987617408353,234987617410669,234987617481823,234987617482429,2316,71154,606,74076
2217,234987617598547,234987617599919,234987617671939,234987617672603,1372,72020,664,74056
2218,234987617788429,234987617789953,234987617857973,234987617858645,1524,68020,672,70216
2219,234987617974621,234987617976943,234987618047755,234987618048419,2322,70812,664,73798
2220,234987618164521,234987618165965,234987618234557,234987618235229,1444,68592,672,70708
2221,234987618351245,234987618352679,234987618423583,234987618424255,1434,70904,672,73010
2222,234987618554647,234987618556199,234987618581353,234987618582029,1552,25154,676,27382
2223,234987618697619,234987618699053,234987618769085,234987618769739,1434,70032,654,72120
2224,234987618885535,234987618887879,234987618956279,234987618956965,2344,68400,686,71430
2225,234987619073267,234987619074677,234987619146197,234987619146889,1410,71520,692,73622
2226,234987619271665,234987619273109,234987619342711,234987619343393,1444,69602,682,71728
2227,234987619459907,234987619461349,234987619530467,234987619531159,1442,69118,692,71252
2228,234987619647283,234987619649585,234987619717661,234987619718335,2302,68076,674,71052
2229,234987619834349,234987619835789,234987619905679,234987619906349,1440,69890,670,72000
2230,234987620022949,234987620024333,234987620093029,234987620093731,1384,68696,702,70782
2231,234987620209781,234987620211175,234987620282467,234987620283139,1394,71292,672,73358
2232,234987620406973,234987620408381,234987620479423,234987620480117,1408,71042,694,73144
2233,234987620596187,234987620597615,234987620666929,234987620667629,1428,69314,700,71442
2234,234987620783467,234987620784899,234987620854567,234987620855209,1432,69668,642,71742
2235,234987620971243,234987620972647,234987621043111,234987621043799,1404,70464,688,72556
2236,234987621159695,234987621161147,234987621231119,234987621231797,1452,69972,678,72102
2237,234987621347599,234987621349897,234987621419383,234987621420051,2298,69486,668,72452
2238,234987621535973,234987621537413,234987621606655,234987621607307,1440,69242,652,71334
2239,234987621723583,234987621725027,234987621794711,234987621795385,1444,69684,674,71802
2240,234987621911563,234987621913865,234987621982375,234987621983023,2302,68510,648,71460
2241,234987622107253,234987622109581,234987622179019,234987622179689,2328,69438,670,72436
2242,234987622306019,234987622307435,234987622377413,234987622378081,1416,69978,668,72062
2243,234987622502915,234987622504321,234987622574737,234987622575415,1406,70416,678,72500
2244,234987622691563,234987622692977,234987622765081,234987622765729,1414,72104,648,74166
2245,234987622881527,234987622882969,234987622955141,234987622955807,1442,72172,666,74280
2246,234987623072143,234987623073577,234987623142251,234987623142901,1434,68674,650,70758
2247,234987623259001,234987623260427,234987623329019,234987623329691,1426,68592,672,70690
2248,234987623445937,234987623447345,234987623519809,234987623520437,1408,72464,628,74500
2249,234987623636077,234987623638469,234987623708627,234987623709331,2392,70158,704,73254
2250,234987623825843,234987623827243,234987623898223,234987623898907,1400,70980,684,73064
2251,234987624015493,234987624016903,234987624087071,234987624087755,1410,70168,684,72262
2252,234987624204335,234987624205727,234987624278309,234987624278965,1392,72582,656,74630
2253,234987624404957,234987624406393,234987624478517,234987624479159,1436,72124,642,74202
2254,234987624595955,234987624597377,234987624666791,234987624667465,1422,69414,674,71510
2255,234987624783491,234987624785875,234987624855785,234987624856453,2384,69910,668,72962
2256,234987624972445,234987624974851,234987625046159,234987625046833,2406,71308,674,74388
2257,234987625177733,234987625179167,234987625247497,234987625248155,1434,68330,658,70422
2258,234987625364603,234987625366123,234987625434749,234987625435415,1520,68626,666,70812
2259,234987625551479,234987625553489,234987625622975,234987625623641,2010,69486,666,72162
2260,234987625739779,234987625741187,234987625810427,234987625811095,1408,69240,668,71316
2261,234987625927219,234987625928677,234987625997473,234987625998145,1458,68796,672,70926
2262,234987626114225,234987626115655,234987626187235,234987626187913,1430,71580,678,73688
2263,234987626312111,234987626313551,234987626383225,234987626383831,1440,69674,606,71720
2264,234987626499827,234987626502101,234987626572505,234987626573195,2274,70404,690,73368
2265,234987626689009,234987626690441,234987626762491,234987626763133,1432,72050,642,74124
2266,234987626879143,234987626880607,234987626951711,234987626952371,1464,71104,660,73228
2267,234987627068309,234987627069899,234987627139363,234987627140021,1590,69464,658,71712
2268,234987627256151,234987627258449,234987627328727,234987627329399,2298,70278,672,73248
2269,234987627445305,234987627447605,234987627515809,234987627516503,2300,68204,694,71198
2270,234987627632525,234987627633973,234987627703519,234987627704191,1448,69546,672,71666
2271,234987627820235,234987627822533,234987627891155,234987627891851,2298,68622,696,71616
2272,234987628007947,234987628009355,234987628079329,234987628079971,1408,69974,642,72024
2273,234987628218455,234987628219901,234987628291031,234987628291699,1446,71130,668,73244
2274,234987628408231,234987628410461,234987628478825,234987628479485,2230,68364,660,71254
2275,234987628595143,234987628596593,234987628667089,234987628667779,1450,70496,690,72636
2276,234987628783763,234987628786319,234987628855987,234987628856647,2556,69668,660,72884
2277,234987628972463,234987628973905,234987629043427,234987629044097,1442,69522,670,71634
2278,234987629160787,234987629162225,234987629232113,234987629232799,1438,69888,686,72012
2279,234987629349389,234987629350819,234987629419243,234987629419921,1430,68424,678,70532
2280,234987629535709,234987629538017,234987629609047,234987629609731,2308,71030,684,74022
2281,234987629725531,234987629726935,234987629797837,234987629798533,1404,70902,696,73002
2282,234987629914411,234987629915831,234987629987173,234987629987871,1420,71342,698,73460
2283,234987630112085,234987630114305,234987630184423,234987630185081,2220,70118,658,72996
2284,234987630300731,234987630302173,234987630375221,234987630375863,1442,73048,642,75132
2285,234987630491647,234987630493087,234987630562423,234987630563077,1440,69336,654,71430
2286,234987630679423,234987630681715,234987630751069,234987630751729,2292,69354,660,72306
2287,234987630876341,234987630877763,234987630947039,234987630947707,1422,69276,668,71366
2288,234987631063585,234987631065007,234987631136791,234987631137443,1422,71784,652,73858
2289,234987631261297,234987631262735,234987631333637,234987631334291,1438,70902,654,72994
2290,234987631450169,234987631451605,234987631523609,234987631524283,1436,72004,674,74114
2291,234987631640111,234987631641521,234987631714415,234987631715081,1410,72894,666,74970
2292,234987631830703,234987631832995,234987631907355,234987631908047,2292,74360,692,77344
2293,234987632033023,234987632034875,234987632103943,234987632104619,1852,69068,676,71596
2294,234987632220239,234987632222189,234987632292527,234987632293199,1950,70338,672,72960
2295,234987632409577,234987632411959,234987632481127,234987632481775,2382,69168,648,72198
2296,234987632597861,234987632600251,234987632672575,234987632673257,2390,72324,682,75396
2297,234987632788969,234987632791349,234987632860357,234987632861009,2380,69008,652,72040
2298,234987632976541,234987632977969,234987633048095,234987633048755,1428,70126,660,72214
2299,234987633164879,234987633167179,234987633237397,234987633238093,2300,70218,696,73214
2300,234987633353599,234987633355037,234987633426391,234987633427069,1438,71354,678,73470
2301,234987633542195,234987633543643,234987633614255,234987633614917,1448,70612,662,72722
2302,234987633730819,234987633732713,234987633804535,234987633805199,1894,71822,664,74380
2303,234987633930157,234987633932803,234987634003259,234987634003933,2646,70456,674,73776
2304,234987634119943,234987634122275,234987634192091,234987634192747,2332,69816,656,72804
2305,234987634316719,234987634318277,234987634387747,234987634388423,1558,69470,676,71704
2306,234987634504775,234987634506187,234987634577125,234987634577791,1412,70938,666,73016
2307,234987634693789,234987634695193,234987634764157,234987634764817,1404,68964,660,71028
2308,234987634881079,234987634882523,234987634950427,234987634951091,1444,67904,664,70012
2309,234987635066633,234987635068957,234987635137469,234987635138117,2324,68512,648,71484
2310,234987635253931,234987635255363,234987635327551,234987635328169,1432,72188,618,74238
2311,234987635444227,234987635445617,234987635518585,234987635519267,1390,72968,682,75040
2312,234987635635139,234987635636575,234987635707667,234987635708299,1436,71092,632,73160
2313,234987635832649,234987635834081,234987635903759,234987635904431,1432,69678,672,71782
2314,234987636020191,234987636023057,234987636091181,234987636091849,2866,68124,668,71658
2315,234987636207755,234987636209435,234987636278707,234987636279397,1680,69272,690,71642
2316,234987636395825,234987636398141,234987636467663,234987636468349,2316,69522,686,72524
2317,234987636584357,234987636585799,234987636654595,234987636655231,1442,68796,636,70874
2318,234987636771139,234987636772579,234987636842915,234987636843601,1440,70336,686,72462
2319,234987636959045,234987636961367,234987637028705,234987637029389,2322,67338,684,70344
2320,234987637160329,234987637161751,234987637233275,234987637233943,1422,71524,668,73614
2321,234987637350235,234987637352557,234987637420085,234987637420753,2322,67528,668,70518
2322,234987637536703,234987637539401,234987637608907,234987637609577,2698,69506,670,72874
2323,234987637734023,234987637735453,234987637808143,234987637808791,1430,72690,648,74768
2324,234987637925165,234987637926617,234987637997401,234987637998097,1452,70784,696,72932
2325,234987638113907,234987638116265,234987638187199,234987638187875,2358,70934,676,73968
2326,234987638303477,234987638305439,234987638376973,234987638377607,1962,71534,634,74130
2327,234987638493677,234987638496005,234987638565499,234987638566165,2328,69494,666,72488
2328,234987638682215,234987638684509,234987638755877,234987638756521,2294,71368,644,74306
2329,234987638872489,234987638874637,234987638944955,234987638945635,2148,70318,680,73146
2330,234987639061627,234987639063061,234987639132905,234987639133525,1434,69844,620,71898
2331,234987639249325,234987639250729,234987639321137,234987639321829,1404,70408,692,72504
2332,234987639446777,234987639448255,234987639519061,234987639519755,1478,70806,694,72978
2333,234987639644033,234987639646325,234987639716551,234987639717239,2292,70226,688,73206
2334,234987639834013,234987639836393,234987639905749,234987639906443,2380,69356,694,72430
2335,234987640022885,234987640025237,234987640095341,234987640096007,2352,70104,666,73122
2336,234987640220303,234987640221695,234987640292735,234987640293403,1392,71040,668,73100
2337,234987640409329,234987640410739,234987640482869,234987640483583,1410,72130,714,74254
2338,234987640599439,234987640601837,234987640671335,234987640672025,2398,69498,690,72586
2339,234987640787813,234987640790117,234987640860259,234987640860937,2304,70142,678,73124
2340,234987640976975,234987640978435,234987641047043,234987641047729,1460,68608,686,70754
2341,234987641163487,234987641164867,234987641235353,234987641235979,1380,70486,626,72492
2342,234987641352221,234987641354533,234987641425357,234987641426051,2312,70824,694,73830
2343,234987641542745,234987641545013,234987641616773,234987641617439,2268,71760,666,74694
2344,234987641748313,234987641749739,234987641820011,234987641820685,1426,70272,674,72372
2345,234987641936381,234987641938693,234987642009599,234987642010249,2312,70906,650,73868
2346,234987642126323,234987642127717,234987642199453,234987642200125,1394,71736,672,73802
2347,234987642315917,234987642317351,234987642386485,234987642387143,1434,69134,658,71226
2348,234987642503195,234987642505493,234987642574009,234987642574699,2298,68516,690,71504
2349,234987642690875,234987642692311,234987642761509,234987642762167,1436,69198,658,71292
2350,234987642877981,234987642879391,234987642948367,234987642948983,1410,68976,616,71002
2351,234987643064981,234987643066349,234987643135121,234987643135739,1368,68772,618,70758
2352,234987643259893,234987643261319,234987643330979,234987643331651,1426,69660,672,71758
2353,234987643447597,234987643449043,234987643517725,234987643518401,1446,68682,676,70804
2354,234987643642993,234987643644431,234987643713217,234987643713919,1438,68786,702,70926
2355,234987643830031,234987643831417,234987643901215,234987643901893,1386,69798,678,71862
2356,234987644017871,234987644019833,234987644089043,234987644089719,1962,69210,676,71848
2357,234987644206391,234987644208679,234987644276845,234987644277485,2288,68166,640,71094
2358,234987644394181,234987644395633,234987644466535,234987644467207,1452,70902,672,73026
2359,234987644582735,234987644584157,234987644655331,234987644655985,1422,71174,654,73250
2360,234987644772679,234987644774071,234987644846533,234987644847217,1392,72462,684,74538
2361,234987644963309,234987644965607,234987645037189,234987645037871,2298,71582,682,74562
2362,234987645154037,234987645155615,234987645224881,234987645225541,1578,69266,660,71504
2363,234987645342283,234987645344713,234987645413317,234987645414001,2430,68604,684,71718
2364,234987645538387,234987645539849,234987645610375,234987645611057,1462,70526,682,72670
2365,234987645727027,234987645728461,234987645801247,234987645801893,1434,72786,646,74866
2366,234987645918149,234987645920425,234987645989117,234987645989735,2276,68692,618,71586
2367,234987646106357,234987646107737,234987646180565,234987646181263,1380,72828,698,74906
2368,234987646305245,234987646307641,234987646377731,234987646378423,2396,70090,692,73178
2369,234987646493927,234987646495349,234987646567987,234987646568669,1422,72638,682,74742
2370,234987646684653,234987646686997,234987646758283,234987646758949,2344,71286,666,74296
2371,234987646874483,234987646876633,234987646947563,234987646948237,2150,70930,674,73754
2372,234987647064055,234987647065501,234987647134759,234987647135411,1446,69258,652,71356
2373,234987647252095,234987647254405,234987647324747,234987647325431,2310,70342,684,73336
2374,234987647450275,234987647452649,234987647522723,234987647523413,2374,70074,690,73138
2375,234987647639513,234987647641819,234987647711117,234987647711785,2306,69298,668,72272
2376,234987647827849,234987647830141,234987647901917,234987647902567,2292,71776,650,74718
2377,234987648018527,234987648020821,234987648090157,234987648090811,2294,69336,654,72284
2378,234987648215659,234987648217973,234987648287287,234987648287971,2314,69314,684,72312
2379,234987648404075,234987648405533,234987648474865,234987648475529,1458,69332,664,71454
2380,234987648592403,234987648593845,234987648664649,234987648665341,1442,70804,692,72938
2381,234987648780751,234987648782173,234987648852875,234987648853555,1422,70702,680,72804
2382,234987648969613,234987648971045,234987649039027,234987649039733,1432,67982,706,70120
2383,234987649167629,234987649169033,234987649240141,234987649240819,1404,71108,678,73190
2384,234987649366697,234987649368113,234987649436741,234987649437407,1416,68628,666,70710
2385,234987649553725,234987649555153,234987649628387,234987649629065,1428,73234,678,75340
2386,234987649745027,234987649746445,234987649817291,234987649817975,1418,70846,684,72948
2387,234987649933645,234987649936027,234987650005789,234987650006437,2382,69762,648,72792
2388,234987650122733,234987650124121,234987650195285,234987650195959,1388,71164,674,73226
2389,234987650311519,234987650312971,234987650381939,234987650382535,1452,68968,596,71016
2390,234987650498357,234987650499779,234987650567645,234987650568299,1422,67866,654,69942
2391,234987650684569,234987650686003,234987650757577,234987650758255,1434,71574,678,73686
2392,234987650874265,234987650875801,234987650948389,234987650949067,1536,72588,678,74802
2393,234987651064733,234987651067133,234987651137695,234987651138371,2400,70562,676,73638
2394,234987651261965,234987651263377,234987651335593,234987651336299,1412,72216,706,74334
2395,234987651453111,234987651454537,234987651524299,234987651524927,1426,69762,628,71816
2396,234987651641021,234987651642875,234987651711469,234987651712139,1854,68594,670,71118
2397,234987651828083,234987651830393,234987651899209,234987651899879,2310,68816,670,71796
2398,234987652016231,234987652017685,234987652089163,234987652089833,1454,71478,670,73602
2399,234987652213687,234987652216039,234987652288235,234987652288897,2352,72196,662,75210
2400,234987652404955,234987652406411,234987652476607,234987652477279,1456,70196,672,72324
2401,234987652593059,234987652595411,234987652664845,234987652665511,2352,69434,666,72452
2402,234987652781327,234987652782793,234987652852391,234987652853005,1466,69598,614,71678
2403,234987652969463,234987652970873,234987653041033,234987653041687,1410,70160,654,72224
2404,234987653165701,234987653167165,234987653237543,234987653238217,1464,70378,674,72516
2405,234987653354371,234987653355845,234987653425223,234987653425897,1474,69378,674,71526
2406,234987653542099,234987653543469,234987653613965,234987653614625,1370,70496,660,72526
2407,234987653730467,234987653731903,234987653803429,234987653804129,1436,71526,700,73662
2408,234987653920561,234987653922001,234987653992829,234987653993531,1440,70828,702,72970
2409,234987654109201,234987654110569,234987654179497,234987654180173,1368,68928,676,70972
2410,234987654296467,234987654297893,234987654366739,234987654367433,1426,68846,694,70966
2411,234987654483603,234987654484999,234987654557125,234987654557803,1396,72126,678,74200
2412,234987654673481,234987654675761,234987654746099,234987654746767,2280,70338,668,73286
2413,234987654863179,234987654864617,234987654933487,234987654934165,1438,68870,678,70986
2414,234987655058911,234987655060315,234987655128997,234987655129615,1404,68682,618,70704
2415,234987655253557,234987655255331,234987655326781,234987655327457,1774,71450,676,73900
2416,234987655443277,234987655444729,234987655515389,234987655516033,1452,70660,644,72756
2417,234987655632395,234987655633817,234987655704071,234987655704755,1422,70254,684,72360
2418,234987655820485,234987655821929,234987655893293,234987655893971,1444,71364,678,73486
2419,234987656010095,234987656011517,234987656081335,234987656081985,1422,69818,650,71890
2420,234987656197717,234987656199115,234987656269573,234987656270255,1398,70458,682,72538
2421,234987656386123,234987656388491,234987656457871,234987656458531,2368,69380,660,72408
2422,234987656574647,234987656577029,234987656646821,234987656647493,2382,69792,672,72846
2423,234987656771675,234987656773985,234987656842039,234987656842739,2310,68054,700,71064
2424,234987656967479,234987656968877,234987657040931,234987657041587,1398,72054,656,74108
2425,234987657157561,234987657159833,234987657229621,234987657230291,2272,69788,670,72730
2426,234987657346183,234987657348457,234987657419713,234987657420389,2274,71256,676,74206
2427,234987657536183,234987657537595,234987657609253,234987657609941,1412,71658,688,73758
2428,234987657726179,234987657727589,234987657797537,234987657798179,1410,69948,642,72000
2429,234987657914375,234987657916679,234987657985685,234987657986351,2304,69006,666,71976
2430,234987658102877,234987658105219,234987658174459,234987658175143,2342,69240,684,72266
2431,234987658299365,234987658300801,234987658372471,234987658373135,1436,71670,664,73770
2432,234987658489565,234987658490993,234987658562443,234987658563133,1428,71450,690,73568
2433,234987658678871,234987658680431,234987658749959,234987658750627,1560,69528,668,71756
2434,234987658875029,234987658877327,234987658946689,234987658947367,2298,69362,678,72338
2435,234987659063533,234987659065855,234987659137417,234987659138089,2322,71562,672,74556
2436,234987659254237,234987659255675,234987659325745,234987659326397,1438,70070,652,72160
2437,234987659442029,234987659443417,234987659513599,234987659514259,1388,70182,660,72230
2438,234987659629747,234987659632151,234987659701067,234987659701729,2404,68916,662,71982
2439,234987659818045,234987659819453,234987659890879,234987659891549,1408,71426,670,73504
2440,234987660007441,234987660009305,234987660079897,234987660080585,1864,70592,688,73144
2441,234987660196937,234987660198301,234987660265757,234987660266399,1364,67456,642,69462
2442,234987660382469,234987660385087,234987660454691,234987660455345,2618,69604,654,72876
2443,234987660571901,234987660574187,234987660643013,234987660643699,2286,68826,686,71798
2444,234987660768335,234987660769753,234987660841051,234987660841709,1418,71298,658,73374
2445,234987660957587,234987660958999,234987661029439,234987661030109,1412,70440,670,72522
2446,234987661153265,234987661154669,234987661226161,234987661226839,1404,71492,678,73574
2447,234987661343081,234987661344503,234987661413461,234987661414165,1422,68958,704,71084
2448,234987661530245,234987661531735,234987661602289,234987661602949,1490,70554,660,72704
2449,234987661719191,234987661721509,234987661789315,234987661789981,2318,67806,666,70790
2450,234987661906343,234987661908649,234987661978007,234987661978681,2306,69358,674,72338
2451,234987662094955,234987662097241,234987662165941,234987662166583,2286,68700,642,71628
2452,234987662283143,234987662284561,234987662355973,234987662356651,1418,71412,678,73508
2453,234987662472673,234987662474353,234987662543845,234987662544521,1680,69492,676,71848
2454,234987662660531,234987662661943,234987662733457,234987662734111,1412,71514,654,73580
2455,234987662858141,234987662859571,234987662928521,234987662929171,1430,68950,650,71030
2456,234987663045443,234987663046855,234987663118519,234987663119141,1412,71664,622,73698
2457,234987663235091,234987663237379,234987663307855,234987663308513,2288,70476,658,73422
2458,234987663424337,234987663425791,234987663495065,234987663495749,1454,69274,684,71412
2459,234987663612067,234987663613489,234987663684401,234987663685079,1422,70912,678,73012
2460,234987663801061,234987663803237,234987663872221,234987663872879,2176,68984,658,71818
2461,234987663988877,234987663990803,234987664063261,234987664063861,1926,72458,600,74984
2462,234987664188949,234987664190357,234987664264417,234987664265095,1408,74060,678,76146
2463,234987664381007,234987664382957,234987664454513,234987664455187,1950,71556,674,74180
2464,234987664571299,234987664572731,234987664642117,234987664642763,1432,69386,646,71464
2465,234987664768147,234987664769581,234987664839757,234987664840439,1434,70176,682,72292
2466,234987664956655,234987664958053,234987665028331,234987665029007,1398,70278,676,72352
2467,234987665145337,234987665147623,234987665216591,234987665217241,2286,68968,650,71904
2468,234987665333419,234987665335733,234987665404637,234987665405293,2314,68904,656,71874
2469,234987665536121,234987665537533,234987665608709,234987665609371,1412,71176,662,73250
2470,234987665724959,234987665726389,234987665798165,234987665798833,1430,71776,668,73874
2471,234987665914687,234987665916803,234987665986691,234987665987357,2116,69888,666,72670
2472,234987666103277,234987666104741,234987666172705,234987666173395,1464,67964,690,70118
2473,234987666289819,234987666292721,234987666361783,234987666362455,2902,69062,672,72636
2474,234987666478391,234987666480713,234987666550355,234987666551005,2322,69642,650,72614
2475,234987666675905,234987666677333,234987666749623,234987666750269,1428,72290,646,74364
2476,234987666866277,234987666867745,234987666935837,234987666936511,1468,68092,674,70234
2477,234987667052645,234987667054991,234987667127447,234987667128109,2346,72456,662,75464
2478,234987667251653,234987667254029,234987667323445,234987667324103,2376,69416,658,72450
2479,234987667439815,234987667441249,234987667511917,234987667512601,1434,70668,684,72786
2480,234987667628759,234987667630207,234987667698563,234987667699205,1448,68356,642,70446
2481,234987667814695,234987667816123,234987667885345,234987667886021,1428,69222,676,71326
2482,234987668002013,234987668003423,234987668072899,234987668073593,1410,69476,694,71580
2483,234987668189275,234987668190689,234987668260319,234987668260985,1414,69630,666,71710
2484,234987668377211,234987668379563,234987668448613,234987668449291,2352,69050,678,72080
2485,234987668573435,234987668575145,234987668644789,234987668645483,1710,69644,694,72048
2486,234987668761645,234987668763067,234987668832733,234987668833399,1422,69666,666,71754
2487,234987668948843,234987668951149,234987669021971,234987669022649,2306,70822,678,73806
2488,234987669138589,234987669140017,234987669211877,234987669212549,1428,71860,672,73960
2489,234987669328357,234987669330679,234987669402419,234987669403061,2322,71740,642,74704
2490,234987669518947,234987669520369,234987669589211,234987669589885,1422,68842,674,70938
2491,234987669706153,234987669707561,234987669780983,234987669781645,1408,73422,662,75492
2492,234987669897985,234987669899401,234987669968437,234987669969133,1416,69036,696,71148
2493,234987670086139,234987670087573,234987670156195,234987670156873,1434,68622,678,70734
2494,234987670280887,234987670283159,234987670350493,234987670351159,2272,67334,666,70272
2495,234987670476485,234987670478017,234987670550113,234987670550789,1532,72096,676,74304
2496,234987670666421,234987670667827,234987670740091,234987670740773,1406,72264,682,74352
2497,234987670856381,234987670857755,234987670928663,234987670929349,1374,70908,686,72968
2498,234987671045897,234987671047373,234987671115497,234987671116139,1476,68124,642,70242
2499,234987671232499,234987671234855,234987671306375,234987671307043,2356,71520,668,74544
2500,234987671423053,234987671424499,234987671496599,234987671497289,1446,72100,690,74236
2501,234987671612875,234987671614309,234987671684479,234987671685139,1434,70170,660,72264
2502,234987671801347,234987671802781,234987671872085,234987671872705,1434,69304,620,71358
2503,234987671988977,234987671991307,234987672060041,234987672060707,2330,68734,666,71730
2504,234987672176695,234987672178975,234987672247739,234987672248383,2280,68764,644,71688
2505,234987672373109,234987672374939,234987672445211,234987672445859,1830,70272,648,72750
2506,234987672561913,234987672563345,234987672633839,234987672634523,1432,70494,684,72610
2507,234987672750263,234987672751715,234987672821597,234987672822263,1452,69882,666,72000
2508,234987672938213,234987672939613,234987673014445,234987673015135,1400,74832,690,76922
2509,234987673139045,234987673140523,234987673208855,234987673209527,1478,68332,672,70482
2510,234987673325581,234987673326979,234987673395101,234987673395779,1398,68122,678,70198
2511,234987673512085,234987673513493,234987673582517,234987673583191,1408,69024,674,71106
2512,234987673699603,234987673701017,234987673770311,234987673770961,1414,69294,650,71358
2513,234987673887277,234987673888717,234987673957943,234987673958603,1440,69226,660,71326
2514,234987674084195,234987674085947,234987674112693,234987674113381,1752,26746,688,29186
2515,234987674238163,234987674240459,234987674309743,234987674310403,2296,69284,660,72240
2516,234987674426429,234987674427857,234987674498149,234987674498809,1428,70292,660,72380
2517,234987674614729,234987674616865,234987674687269,234987674687945,2136,70404,676,73216
2518,234987674803769,234987674806063,234987674876357,234987674877023,2294,70294,666,73254
2519,234987674992837,234987674995247,234987675065983,234987675066667,2410,70736,684,73830
2520,234987675182983,234987675184439,234987675252047,234987675252697,1456,67608,650,69714
2521,234987675368791,234987675371215,234987675441467,234987675442157,2424,70252,690,73366
2522,234987675558577,234987675560111,234987675628883,234987675629557,1534,68772,674,70980
2523,234987675745517,234987675747421,234987675818855,234987675819535,1904,71434,680,74018
2524,234987675935821,234987675937243,234987676006775,234987676007453,1422,69532,678,71632
2525,234987676140055,234987676141493,234987676210021,234987676210673,1438,68528,652,70618
2526,234987676326913,234987676329265,234987676398479,234987676399133,2352,69214,654,72220
2527,234987676515029,234987676517389,234987676587703,234987676588373,2360,70314,670,73344
2528,234987676704675,234987676706123,234987676776649,234987676777351,1448,70526,702,72676
2529,234987676893523,234987676895059,234987676965631,234987676966289,1536,70572,658,72766
2530,234987677081921,234987677083295,234987677156351,234987677157037,1374,73056,686,75116
2531,234987677272627,234987677274053,234987677347805,234987677348473,1426,73752,668,75846
2532,234987677463935,234987677465321,234987677536355,234987677537029,1386,71034,674,73094
2533,234987677654113,234987677656027,234987677725753,234987677726423,1914,69726,670,72310
2534,234987677842333,234987677843767,234987677913977,234987677914645,1434,70210,668,72312
2535,234987678039179,234987678041521,234987678109843,234987678110507,2342,68322,664,71328
2536,234987678226397,234987678228721,234987678297949,234987678298625,2324,69228,676,72228
2537,234987678414781,234987678416225,234987678486579,234987678487235,1444,70354,656,72454
2538,234987678603475,234987678604909,234987678675131,234987678675799,1434,70222,668,72324
2539,234987678791875,234987678793271,234987678864251,234987678864901,1396,70980,650,73026
2540,234987678981545,234987678982969,234987679055923,234987679056595,1424,72954,672,75050
2541,234987679182529,234987679184131,234987679254947,234987679255655,1602,70816,708,73126
2542,234987679370971,234987679372415,234987679442591,234987679443203,1444,70176,612,72232
2543,234987679559371,234987679560791,234987679630349,234987679630993,1420,69558,644,71622
2544,234987679747237,234987679749551,234987679820497,234987679821181,2314,70946,684,73944
2545,234987679937405,234987679939237,234987680010037,234987680010695,1832,70800,658,73290
2546,234987680135213,234987680136661,234987680205799,234987680206501,1448,69138,702,71288
2547,234987680322565,234987680324893,234987680392603,234987680393275,2328,67710,672,70710
2548,234987680509561,234987680511025,234987680583491,234987680584177,1464,72466,686,74616
2549,234987680699477,234987680701783,234987680772245,234987680772941,2306,70462,696,73464
2550,234987680889053,234987680890429,234987680962275,234987680962981,1376,71846,706,73928
2551,234987681079535,234987681081151,234987681150607,234987681151291,1616,69456,684,71756
2552,234987681267199,234987681268669,234987681337573,234987681338243,1470,68904,670,71044
2553,234987681454567,234987681456975,234987681527891,234987681528569,2408,70916,678,74002
2554,234987681644287,234987681645689,234987681716551,234987681717205,1402,70862,654,72918
2555,234987681832961,234987681835357,234987681903827,234987681904487,2396,68470,660,71526
2556,234987682030033,234987682031485,234987682102013,234987682102687,1452,70528,674,72654
2557,234987682226731,234987682228721,234987682299469,234987682300171,1990,70748,702,73440
2558,234987682415911,234987682417349,234987682487903,234987682488587,1438,70554,684,72676
2559,234987682604617,234987682606067,234987682676519,234987682677175,1450,70452,656,72558
2560,234987682802357,234987682803805,234987682874383,234987682875091,1448,70578,708,72734
2561,234987682991413,234987682992835,234987683064001,234987683064685,1422,71166,684,73272
2562,234987683180149,234987683181539,234987683252341,234987683253013,1390,70802,672,72864
2563,234987683368813,234987683370433,234987683442877,234987683443547,1620,72444,670,74734
2564,234987683558923,234987683561227,234987683630107,234987683630761,2304,68880,654,71838
2565,234987683746255,234987683747675,234987683818505,234987683819171,1420,70830,666,72916
2566,234987683943175,234987683944603,234987684018131,234987684018809,1428,73528,678,75634
2567,234987684134893,234987684136309,234987684207595,234987684208273,1416,71286,678,73380
2568,234987684323819,234987684326125,234987684394975,234987684395621,2306,68850,646,71802
2569,234987684511677,234987684513157,234987684581695,234987684582373,1480,68538,678,70696
2570,234987684698911,234987684700343,234987684770233,234987684770923,1432,69890,690,72012
2571,234987684886883,234987684888341,234987684957871,234987684958531,1458,69530,660,71648
2572,234987685084759,234987685087105,234987685156537,234987685157239,2346,69432,702,72480
2573,234987685273597,234987685275047,234987685345289,234987685345993,1450,70242,704,72396
2574,234987685461907,234987685463341,234987685532999,234987685533667,1434,69658,668,71760
2575,234987685649023,234987685650449,234987685718647,234987685719347,1426,68198,700,70324
2576,234987685844441,234987685845883,234987685915067,234987685915745,1442,69184,678,71304
2577,234987686031589,234987686033005,234987686102543,234987686103203,1416,69538,660,71614
2578,234987686219093,234987686220485,234987686290061,234987686290717,1392,69576,656,71624
2579,234987686406937,234987686408397,234987686478757,234987686479427,1460,70360,670,72490
2580,234987686595355,234987686596801,234987686664419,234987686665109,1446,67618,690,69754
2581,234987686781253,234987686783317,234987686853313,234987686854003,2064,69996,690,72750
2582,234987686969497,234987686971157,234987687041797,234987687042463,1660,70640,666,72966
2583,234987687157927,234987687159407,234987687230051,234987687230725,1480,70644,674,72798
2584,234987687347051,234987687348493,234987687419149,234987687419821,1442,70656,672,72770
2585,234987687535861,234987687537301,234987687606775,234987687607435,1440,69474,660,71574
2586,234987687732077,234987687733507,234987687804487,234987687805157,1430,70980,670,73080
2587,234987687921101,234987687922517,234987687994371,234987687995011,1416,71854,640,73910
2588,234987688119101,234987688121425,234987688191857,234987688192529,2324,70432,672,73428
2589,234987688308565,234987688309967,234987688381013,234987688381691,1402,71046,678,73126
2590,234987688497887,234987688499383,234987688569629,234987688570295,1496,70246,666,72408
2591,234987688686443,234987688687841,234987688758841,234987688759535,1398,71000,694,73092
2592,234987688875401,234987688877665,234987688947461,234987688948133,2264,69796,672,72732
2593,234987689064013,234987689065435,234987689137025,234987689137697,1422,71590,672,73684
2594,234987689253469,234987689254909,234987689324731,234987689325391,1440,69822,660,71922
2595,234987689441695,234987689444095,234987689512469,234987689513123,2400,68374,654,71428
2596,234987689650561,234987689651989,234987689721775,234987689722471,1428,69786,696,71910
2597,234987689838787,234987689840293,234987689910217,234987689910901,1506,69924,684,72114
2598,234987690026753,234987690028195,234987690099955,234987690100615,1442,71760,660,73862
2599,234987690216289,234987690217705,234987690287473,234987690288127,1416,69768,654,71838
2600,234987690404027,234987690405473,234987690472109,234987690472799,1446,66636,690,68772
2601,234987690589159,234987690590575,234987690660361,234987690661033,1416,69786,672,71874
2602,234987690777155,234987690778561,234987690847165,234987690847813,1406,68604,648,70658
2603,234987690963815,234987690966119,234987691036849,234987691037519,2304,70730,670,73704
2604,234987691161475,234987691163263,234987691232899,234987691233577,1788,69636,678,72102
2605,234987691358539,234987691359961,234987691430615,234987691431307,1422,70654,692,72768
2606,234987691556515,234987691558817,234987691627823,234987691628495,2302,69006,672,71980
2607,234987691744639,234987691746049,234987691815965,234987691816645,1410,69916,680,72006
2608,234987691934027,234987691935439,234987692006369,234987692007019,1412,70930,650,72992
2609,234987692122585,234987692124047,234987692196215,234987692196881,1462,72168,666,74296
2610,234987692313101,234987692314547,234987692384779,234987692385461,1446,70232,682,72360
2611,234987692501329,234987692503597,234987692573317,234987692573981,2268,69720,664,72652
2612,234987692690393,234987692691853,234987692761813,234987692762473,1460,69960,660,72080
2613,234987692878951,234987692881247,234987692951269,234987692951935,2296,70022,666,72984
2614,234987693067885,234987693069301,234987693138901,234987693139553,1416,69600,652,71668
2615,234987693255563,234987693256979,234987693328817,234987693329483,1416,71838,666,73920
2616,234987693454045,234987693455411,234987693527053,234987693527731,1366,71642,678,73686
2617,234987693643577,234987693645001,234987693714185,234987693714835,1424,69184,650,71258
2618,234987693830795,234987693833113,234987693903319,234987693903983,2318,70206,664,73188
2619,234987694020293,234987694021735,234987694094861,234987694095541,1442,73126,680,75248
2620,234987694219079,234987694220503,234987694291475,234987694292135,1424,70972,660,73056
2621,234987694408189,234987694409609,234987694480073,234987694480745,1420,70464,672,72556
2622,234987694596857,234987694598255,234987694670713,234987694671367,1398,72458,654,74510
2623,234987694787531,234987694789913,234987694859473,234987694860139,2382,69560,666,72608
2624,234987694976131,234987694977577,234987695047385,234987695048033,1446,69808,648,71902
2625,234987695164015,234987695165411,234987695236547,234987695237231,1396,71136,684,73216
2626,234987695363527,234987695364991,234987695433787,234987695434447,1464,68796,660,70920
2627,234987695550727,234987695552149,234987695626171,234987695626849,1422,74022,678,76122
2628,234987695742973,234987695744405,234987695814071,234987695814739,1432,69666,668,71766
2629,234987695930075,234987695931505,234987696000857,234987696001513,1430,69352,656,71438
2630,234987696117805,234987696119247,234987696190171,234987696190861,1442,70924,690,73056
2631,234987696306925,234987696308353,234987696377803,234987696378491,1428,69450,688,71566
2632,234987696494825,234987696496207,234987696566741,234987696567401,1382,70534,660,72576
2633,234987696683965,234987696686327,234987696755353,234987696756025,2362,69026,672,72060
2634,234987696872461,234987696873889,234987696943247,234987696943921,1428,69358,674,71460
2635,234987697069867,234987697072183,234987697141049,234987697141721,2316,68866,672,71854
2636,234987697267483,234987697268905,234987697338235,234987697338923,1422,69330,688,71440
2637,234987697454927,234987697457109,234987697525771,234987697526447,2182,68662,676,71520
2638,234987697642613,234987697644577,234987697717523,234987697718177,1964,72946,654,75564
2639,234987697834649,234987697836079,234987697908203,234987697908809,1430,72124,606,74160
2640,234987698024465,234987698025913,234987698096543,234987698097197,1448,70630,654,72732
2641,234987698213239,234987698215559,234987698285501,234987698286161,2320,69942,660,72922
2642,234987698402347,234987698403791,234987698474059,234987698474731,1444,70268,672,72384
2643,234987698590967,234987698593273,234987698666659,234987698667265,2306,73386,606,76298
2644,234987698782715,234987698784157,234987698854715,234987698855383,1442,70558,668,72668
2645,234987698972035,234987698973677,234987699043657,234987699044327,1642,69980,670,72292
2646,234987699169285,234987699170719,234987699243505,234987699244173,1434,72786,668,74888
2647,234987699360095,234987699362413,234987699431651,234987699432335,2318,69238,684,72240
2648,234987699549035,234987699550457,234987699619927,234987699620585,1422,69470,658,71550
2649,234987699736927,234987699739267,234987699807005,234987699807683,2340,67738,678,70756
2650,234987699923959,234987699925373,234987700001383,234987700002073,1414,76010,690,78114
2651,234987700135211,234987700136629,234987700207201,234987700207903,1418,70572,702,72692
2652,234987700324159,234987700326119,234987700397821,234987700398503,1960,71702,682,74344
2653,234987700514425,234987700516781,234987700585591,234987700586237,2356,68810,646,71812
2654,234987700701977,234987700704263,234987700773037,234987700773715,2286,68774,678,71738
2655,234987700889897,234987700892201,234987700962517,234987700963145,2304,70316,628,73248
2656,234987701078927,234987701081069,234987701151373,234987701152037,2142,70304,664,73110
2657,234987701276897,234987701278283,234987701349991,234987701350679,1386,71708,688,73782
2658,234987701466415,234987701467913,234987701539457,234987701540135,1498,71544,678,73720
2659,234987701656177,234987701657603,234987701726651,234987701727331,1426,69048,680,71154
2660,234987701843705,234987701846083,234987701914541,234987701915249,2378,68458,708,71544
2661,234987702031385,234987702032791,234987702102365,234987702103031,1406,69574,666,71646
2662,234987702218839,234987702220285,234987702290339,234987702291019,1446,70054,680,72180
2663,234987702407173,234987702408619,234987702476755,234987702477439,1446,68136,684,70266
2664,234987702593593,234987702595043,234987702665095,234987702665765,1450,70052,670,72172
2665,234987702782129,234987702783569,234987702854149,234987702854819,1440,70580,670,72690
2666,234987702970811,234987702972569,234987703045753,234987703046425,1758,73184,672,75614
2667,234987703178615,234987703180019,234987703250437,234987703251103,1404,70418,666,72488
2668,234987703367339,234987703368757,234987703439935,234987703440607,1418,71178,672,73268
2669,234987703556761,234987703558219,234987703628197,234987703628887,1458,69978,690,72126
2670,234987703746325,234987703748603,234987703822807,234987703823425,2278,74204,618,77100
2671,234987703939933,234987703941371,234987704010179,234987704010835,1438,68808,656,70902
2672,234987704126729,234987704129059,234987704200727,234987704201371,2330,71668,644,74642
2673,234987704317705,234987704319235,234987704388553,234987704389225,1530,69318,672,71520
2674,234987704504915,234987704506547,234987704577241,234987704577925,1632,70694,684,73010
2675,234987704693573,234987704695025,234987704761615,234987704762279,1452,66590,664,68706
2676,234987704878343,234987704879785,234987704949535,234987704950189,1442,69750,654,71846
2677,234987705074689,234987705076133,234987705146903,234987705147569,1444,70770,666,72880
2678,234987705263501,234987705264929,234987705334757,234987705335465,1428,69828,708,71964
2679,234987705451435,234987705452885,234987705522905,234987705523573,1450,70020,668,72138
2680,234987705639919,234987705641329,234987705710635,234987705711301,1410,69306,666,71382
2681,234987705827555,234987705829861,234987705899917,234987705900605,2306,70056,688,73050
2682,234987706016785,234987706018223,234987706089007,234987706089679,1438,70784,672,72894
2683,234987706213403,234987706215805,234987706286809,234987706287467,2402,71004,658,74064
2684,234987706403893,234987706406233,234987706476007,234987706476671,2340,69774,664,72778
2685,234987706592621,234987706594073,234987706660523,234987706661197,1452,66450,674,68576
2686,234987706777037,234987706778459,234987706849673,234987706850359,1422,71214,686,73322
2687,234987706975261,234987706977271,234987707046955,234987707047633,2010,69684,678,72372
2688,234987707163775,234987707165195,234987707237261,234987707237875,1420,72066,614,74100
2689,234987707354141,234987707355563,234987707426497,234987707427181,1422,70934,684,73040
2690,234987707543273,234987707545241,234987707614753,234987707615441,1968,69512,688,72168
2691,234987707731345,234987707733601,234987707803529,234987707804203,2256,69928,674,72858
2692,234987707920415,234987707921827,234987707991431,234987707992085,1412,69604,654,71670
2693,234987708108163,234987708109553,234987708180259,234987708180929,1390,70706,670,72766
2694,234987708297101,234987708298519,234987708367915,234987708368585,1418,69396,670,71484
2695,234987708484471,234987708485915,234987708558463,234987708559121,1444,72548,658,74650
2696,234987708683135,234987708685435,234987708754501,234987708755167,2300,69066,666,72032
2697,234987708879415,234987708880841,234987708951979,234987708952655,1426,71138,676,73240
2698,234987709081411,234987709082867,234987709153565,234987709154239,1456,70698,674,72828
2699,234987709270985,234987709272487,234987709342303,234987709343011,1502,69816,708,72026
2700,234987709458815,234987709461121,234987709531265,234987709531945,2306,70144,680,73130
2701,234987709647829,234987709650137,234987709718563,234987709719221,2308,68426,658,71392
2702,234987709834927,234987709836353,234987709908997,234987709909691,1426,72644,694,74764
2703,234987710025871,234987710028625,234987710097149,234987710097821,2754,68524,672,71950
2704,234987710213329,234987710215051,234987710284597,234987710285225,1722,69546,628,71896
2705,234987710401655,234987710403101,234987710473831,234987710474507,1446,70730,676,72852
2706,234987710590873,234987710593169,234987710663117,234987710663785,2296,69948,668,72912
2707,234987710788695,234987710790131,234987710858971,234987710859631,1436,68840,660,70936
2708,234987710975719,234987710977147,234987711049225,234987711049891,1428,72078,666,74172
2709,234987711165559,234987711167003,234987711235117,234987711235775,1444,68114,658,70216
2710,234987711351493,234987711352943,234987711422539,234987711423199,1450,69596,660,71706
2711,234987711539539,234987711540889,234987711613363,234987711614035,1350,72474,672,74496
2712,234987711729779,234987711732365,234987711801611,234987711802295,2586,69246,684,72516
2713,234987711918623,234987711920053,234987711992167,234987711992851,1430,72114,684,74228
2714,234987712117237,234987712118641,234987712189325,234987712189985,1404,70684,660,72748
2715,234987712306553,234987712308833,234987712378109,234987712378765,2280,69276,656,72212
2716,234987712495069,234987712497383,234987712567567,234987712568183,2314,70184,616,73114
2717,234987712698713,234987712700981,234987712771765,234987712772447,2268,70784,682,73734
2718,234987712888721,234987712890689,234987712959937,234987712960609,1968,69248,672,71888
2719,234987713077063,234987713079431,234987713148647,234987713149309,2368,69216,662,72246
2720,234987713265545,234987713267869,234987713336945,234987713337611,2324,69076,666,72066
2721,234987713453699,234987713455129,234987713524903,234987713525561,1430,69774,658,71862
2722,234987713641259,234987713642701,234987713713477,234987713714137,1442,70776,660,72878
2723,234987713830459,234987713832779,234987713901997,234987713902649,2320,69218,652,72190
2724,234987714018775,234987714021695,234987714091015,234987714091699,2920,69320,684,72924
2725,234987714207961,234987714209363,234987714279877,234987714280555,1402,70514,678,72594
2726,234987714396865,234987714398321,234987714467729,234987714468379,1456,69408,650,71514
2727,234987714593203,234987714594661,234987714661909,234987714662665,1458,67248,756,69462
2728,234987714779155,234987714780575,234987714853423,234987714854089,1420,72848,666,74934
2729,234987714969839,234987714971263,234987715040663,234987715041335,1424,69400,672,71496
2730,234987715165653,234987715167709,234987715238819,234987715239487,2056,71110,668,73834
2731,234987715355155,234987715356611,234987715423531,234987715424219,1456,66920,688,69064
2732,234987715540925,234987715542319,234987715612939,234987715613605,1394,70620,666,72680
2733,234987715729231,234987715730683,234987715800397,234987715801057,1452,69714,660,71826
2734,234987715916999,234987715919305,234987715987561,234987715988245,2306,68256,684,71246
2735,234987716104441,234987716105851,234987716173723,234987716174407,1410,67872,684,69966
2736,234987716290375,234987716292377,234987716363489,234987716364163,2002,71112,674,73788
2737,234987716489215,234987716491495,234987716561939,234987716562617,2280,70444,678,73402
2738,234987716678587,234987716680033,234987716749327,234987716749975,1446,69294,648,71388
2739,234987716865713,234987716867147,234987716936425,234987716937103,1434,69278,678,71390
2740,234987717052753,234987717055085,234987717124985,234987717125675,2332,69900,690,72922
2741,234987717241399,234987717242845,234987717312103,234987717312763,1446,69258,660,71364
2742,234987717436961,234987717438415,234987717508099,234987717508753,1454,69684,654,71792
2743,234987717624997,234987717626423,234987717696109,234987717696787,1426,69686,678,71790
2744,234987717812761,234987717814661,234987717882263,234987717882919,1900,67602,656,70158
2745,234987717999503,234987718000909,234987718073545,234987718074211,1406,72636,666,74708
2746,234987718198627,234987718200035,234987718270145,234987718270823,1408,70110,678,72196
2747,234987718395449,234987718396885,234987718465969,234987718466605,1436,69084,636,71156
2748,234987718583339,234987718585739,234987718654771,234987718655465,2400,69032,694,72126
2749,234987718771579,234987718773037,234987718843757,234987718844413,1458,70720,656,72834
2750,234987718960507,234987718963163,234987719033699,234987719034377,2656,70536,678,73870
2751,234987719150353,234987719151721,234987719224363,234987719225027,1368,72642,664,74674
2752,234987719340481,234987719341897,234987719412889,234987719413543,1416,70992,654,73062
2753,234987719529277,234987719531593,234987719603613,234987719604283,2316,72020,670,75006
2754,234987719720431,234987719721857,234987719792125,234987719792807,1426,70268,682,72376
2755,234987719908517,234987719909951,234987719982197,234987719982857,1434,72246,660,74340
2756,234987720099047,234987720100493,234987720169501,234987720170155,1446,69008,654,71108
2757,234987720285859,234987720288151,234987720358595,234987720359255,2292,70444,660,73396
2758,234987720483157,234987720484541,234987720556057,234987720556733,1384,71516,676,73576
2759,234987720672629,234987720674093,234987720745649,234987720746299,1464,71556,650,73670
2760,234987720862271,234987720863689,234987720935081,234987720935729,1418,71392,648,73458
2761,234987721059517,234987721060901,234987721134047,234987721134691,1384,73146,644,75174
2762,234987721250381,234987721252697,234987721321981,234987721322617,2316,69284,636,72236
2763,234987721438399,234987721439821,234987721511083,234987721511731,1422,71262,648,73332
2764,234987721627585,234987721629041,234987721698601,234987721699271,1456,69560,670,71686
2765,234987721815155,234987721817485,234987721887853,234987721888517,2330,70368,664,73362
2766,234987722004797,234987722006791,234987722077351,234987722078015,1994,70560,664,73218
2767,234987722193935,234987722196289,234987722266715,234987722267401,2354,70426,686,73466
2768,234987722392595,234987722394019,234987722463487,234987722464133,1424,69468,646,71538
2769,234987722580257,234987722581691,234987722651153,234987722651831,1434,69462,678,71574
2770,234987722768137,234987722769575,234987722838277,234987722838961,1438,68702,684,70824
2771,234987722954819,234987722956225,234987723028759,234987723029443,1406,72534,684,74624
2772,234987723145651,234987723147955,234987723217109,234987723217765,2304,69154,656,72114
2773,234987723333901,234987723335831,234987723407573,234987723408265,1930,71742,692,74364
2774,234987723524167,234987723526597,234987723595327,234987723595997,2430,68730,670,71830
2775,234987723712015,234987723713411,234987723782969,234987723783679,1396,69558,710,71664
2776,234987723899923,234987723902051,234987723973229,234987723973861,2128,71178,632,73938
2777,234987724097875,234987724099265,234987724171697,234987724172363,1390,72432,666,74488
2778,234987724296839,234987724299223,234987724369267,234987724369943,2384,70044,676,73104
2779,234987724486357,234987724487807,234987724558751,234987724559435,1450,70944,684,73078
2780,234987724675265,234987724677601,234987724746863,234987724747523,2336,69262,660,72258
2781,234987724863583,234987724864997,234987724938215,234987724938907,1414,73218,692,75324
2782,234987725054759,234987725056183,234987725126479,234987725127155,1424,70296,676,72396
2783,234987725243015,234987725245481,234987725316617,234987725317301,2466,71136,684,74286
2784,234987725433143,234987725434531,234987725507653,234987725508341,1388,73122,688,75198
2785,234987725623733,234987725625155,234987725696569,234987725697217,1422,71414,648,73484
2786,234987725813243,234987725815613,234987725885525,234987725886187,2370,69912,662,72944
2787,234987726011455,234987726012863,234987726082939,234987726083631,1408,70076,692,72176
2788,234987726208303,234987726210601,234987726281239,234987726281917,2298,70638,678,73614
2789,234987726397533,234987726398965,234987726467071,234987726467719,1432,68106,648,70186
2790,234987726584331,234987726585749,234987726655895,234987726656549,1418,70146,654,72218
2791,234987726772679,234987726774097,234987726844829,234987726845497,1418,70732,668,72818
2792,234987726965389,234987726966827,234987727038229,234987727038893,1438,71402,664,73504
2793,234987727163515,234987727165793,234987727233919,234987727234601,2278,68126,682,71086
2794,234987727350083,234987727351495,234987727422601,234987727423267,1412,71106,666,73184
2795,234987727539421,234987727540867,234987727610399,234987727611053,1446,69532,654,71632
2796,234987727726837,234987727728307,234987727798595,234987727799257,1470,70288,662,72420
2797,234987727915679,234987727917091,234987727988549,234987727989139,1412,71458,590,73460
2798,234987728113511,234987728115077,234987728139901,234987728140573,1566,24824,672,27062
2799,234987728256383,234987728258713,234987728327017,234987728327665,2330,68304,648,71282
2800,234987728443903,234987728446199,234987728516503,234987728517181,2296,70304,678,73278
2801,234987728633039,234987728634533,234987728705461,234987728706127,1494,70928,666,73088
2802,234987728821985,234987728824301,234987728894761,234987728895415,2316,70460,654,73430
2803,234987729011117,234987729013519,234987729083975,234987729084661,2402,70456,686,73544
2804,234987729200221,234987729201629,234987729273601,234987729274261,1408,71972,660,74040
2805,234987729390343,234987729391759,234987729459223,234987729459881,1416,67464,658,69538
2806,234987729575399,234987729578089,234987729647737,234987729648409,2690,69648,672,73010
2807,234987729764605,234987729766939,234987729837269,234987729837937,2334,70330,668,73332
2808,234987729962657,234987729964069,234987730037041,234987730037717,1412,72972,676,75060
2809,234987730161529,234987730162953,234987730234195,234987730234855,1424,71242,660,73326
2810,234987730350931,234987730353311,234987730423925,234987730424609,2380,70614,684,73678
2811,234987730540597,234987730542043,234987730613559,234987730614263,1446,71516,704,73666
2812,234987730730167,234987730732499,234987730800883,234987730801567,2332,68384,684,71400
2813,234987730917505,234987730919855,234987730990039,234987730990723,2350,70184,684,73218
2814,234987731106953,234987731108389,234987731178533,234987731179153,1436,70144,620,72200
2815,234987731295331,234987731297615,234987731367191,234987731367871,2284,69576,680,72540
2816,234987731483791,234987731485771,234987731556571,234987731557225,1980,70800,654,73434
2817,234987731673251,234987731675561,234987731747141,234987731747815,2310,71580,674,74564
2818,234987731873221,234987731874647,234987731947631,234987731948255,1426,72984,624,75034
2819,234987732063983,234987732065479,234987732134009,234987732134717,1496,68530,708,70734
2820,234987732250951,234987732252821,234987732322363,234987732323029,1870,69542,666,72078
2821,234987732438635,234987732440137,234987732511709,234987732512359,1502,71572,650,73724
2822,234987732628607,234987732630047,234987732700723,234987732701401,1440,70676,678,72794
2823,234987732818075,234987732819463,234987732890891,234987732891551,1388,71428,660,73476
2824,234987733015321,234987733016731,234987733087897,234987733088581,1410,71166,684,73260
2825,234987733204201,234987733205605,234987733276127,234987733276787,1404,70522,660,72586
2826,234987733392641,234987733395425,234987733464421,234987733465091,2784,68996,670,72450
2827,234987733581391,234987733582805,234987733653695,234987733654367,1414,70890,672,72976
2828,234987733779877,234987733781309,234987733852393,234987733853039,1432,71084,646,73162
2829,234987733968997,234987733970425,234987734040775,234987734041417,1428,70350,642,72420
2830,234987734157859,234987734159257,234987734230243,234987734230927,1398,70986,684,73068
2831,234987734347291,234987734348813,234987734418007,234987734418671,1522,69194,664,71380
2832,234987734535077,234987734536537,234987734606471,234987734607137,1460,69934,666,72060
2833,234987734731915,234987734733323,234987734803739,234987734804417,1408,70416,678,72502
2834,234987734920939,234987734923571,234987734990573,234987734991237,2632,67002,664,70298
2835,234987735107785,234987735109211,234987735180295,234987735180967,1426,71084,672,73182
2836,234987735296503,234987735297887,234987735368797,234987735369451,1384,70910,654,72948
2837,234987735485101,234987735486547,234987735554695,234987735555359,1446,68148,664,70258
2838,234987735687415,234987735688855,234987735758303,234987735758935,1440,69448,632,71520
2839,234987735875347,234987735877927,234987735948125,234987735948833,2580,70198,708,73486
2840,234987736073159,234987736074619,234987736144849,234987736145521,1460,70230,672,72362
2841,234987736261181,234987736262621,234987736332035,234987736332679,1440,69414,644,71498
2842,234987736448821,234987736450745,234987736523143,234987736523819,1924,72398,676,74998
2843,234987736639753,234987736641193,234987736711141,234987736711813,1440,69948,672,72060
2844,234987736827907,234987736829341,234987736902241,234987736902937,1434,72900,696,75030
2845,234987737018959,234987737020367,234987737090665,234987737091331,1408,70298,666,72372
2846,234987737207479,234987737208907,234987737278733,234987737279351,1428,69826,618,71872
2847,234987737395351,234987737396777,234987737469035,234987737469701,1426,72258,666,74350
2848,234987737594129,234987737596517,234987737665967,234987737666639,2388,69450,672,72510
2849,234987737782747,234987737784211,234987737852863,234987737853529,1464,68652,666,70782
2850,234987737969257,234987737970685,234987738041269,234987738041917,1428,70584,648,72660
2851,234987738158233,234987738159665,234987738231095,234987738231715,1432,71430,620,73482
2852,234987738348127,234987738349507,234987738420853,234987738421523,1380,71346,670,73396
2853,234987738537947,234987738539327,234987738610103,234987738610781,1380,70776,678,72834
2854,234987738727213,234987738728645,234987738800753,234987738801463,1432,72108,710,74250
2855,234987738917357,234987738918725,234987738989375,234987738990037,1368,70650,662,72680
2856,234987739114183,234987739115621,234987739186807,234987739187491,1438,71186,684,73308
2857,234987739304081,234987739306493,234987739373581,234987739374245,2412,67088,664,70164
2858,234987739489961,234987739491409,234987739562053,234987739562717,1448,70644,664,72756
2859,234987739687591,234987739689047,234987739758541,234987739759213,1456,69494,672,71622
2860,234987739876291,234987739877705,234987739947343,234987739948021,1414,69638,678,71730
2861,234987740063899,234987740065317,234987740135731,234987740136407,1418,70414,676,72508
2862,234987740252165,234987740253547,234987740323517,234987740324179,1382,69970,662,72014
2863,234987740439599,234987740441029,234987740512411,234987740513071,1430,71382,660,73472
2864,234987740629105,234987740631079,234987740701915,234987740702615,1974,70836,700,73510
2865,234987740818717,234987740820139,234987740890597,234987740891287,1422,70458,690,72570
2866,234987741007493,234987741008935,234987741078071,234987741078715,1442,69136,644,71222
2867,234987741194299,234987741195727,234987741265163,234987741265843,1428,69436,680,71544
2868,234987741381187,234987741383497,234987741451087,234987741451743,2310,67590,656,70556
2869,234987741575629,234987741577093,234987741645563,234987741646187,1464,68470,624,70558
2870,234987741762267,234987741764609,234987741833593,234987741834211,2342,68984,618,71944
2871,234987741950981,234987741952439,234987742022839,234987742023529,1458,70400,690,72548
2872,234987742147873,234987742149299,234987742218335,234987742219003,1426,69036,668,71130
2873,234987742335295,234987742337635,234987742407341,234987742407997,2340,69706,656,72702
2874,234987742524347,234987742525795,234987742595603,234987742596271,1448,69808,668,71924
2875,234987742712347,234987742713775,234987742781861,234987742782535,1428,68086,674,70188
2876,234987742898513,234987742900795,234987742970095,234987742970761,2282,69300,666,72248
2877,234987743087009,234987743089295,234987743160745,234987743161409,2286,71450,664,74400
2878,234987743286067,234987743287523,234987743356121,234987743356795,1456,68598,674,70728
2879,234987743481193,234987743482643,234987743553073,234987743553733,1450,70430,660,72540
2880,234987743669875,234987743671271,234987743742347,234987743742989,1396,71076,642,73114
2881,234987743858939,234987743861257,234987743929675,234987743930333,2318,68418,658,71394
2882,234987744046513,234987744048785,234987744120571,234987744121187,2272,71786,616,74674
2883,234987744236789,234987744239159,234987744309155,234987744309809,2370,69996,654,73020
2884,234987744425893,234987744427309,234987744497111,234987744497779,1416,69802,668,71886
2885,234987744613991,234987744615409,234987744684595,234987744685273,1418,69186,678,71282
2886,234987744801289,234987744802715,234987744874273,234987744874939,1426,71558,666,73650
2887,234987745000099,234987745001515,234987745071635,234987745072291,1416,70120,656,72192
2888,234987745187849,234987745189307,234987745259693,234987745260379,1458,70386,686,72530
2889,234987745383971,234987745385459,234987745455607,234987745456283,1488,70148,676,72312
2890,234987745571987,234987745574335,234987745644319,234987745645035,2348,69984,716,73048
2891,234987745761091,234987745762531,234987745832381,234987745832983,1440,69850,602,71892
2892,234987745948985,234987745950401,234987746021863,234987746022535,1416,71462,672,73550
2893,234987746138419,234987746139827,234987746210317,234987746210999,1408,70490,682,72580
2894,234987746327027,234987746328445,234987746397223,234987746397893,1418,68778,670,70866
2895,234987746514277,234987746515723,234987746586859,234987746587529,1446,71136,670,73252
2896,234987746703001,234987746705309,234987746775163,234987746775853,2308,69854,690,72852
2897,234987746892421,234987746894713,234987746965429,234987746966087,2292,70716,658,73666
2898,234987747082039,234987747084343,234987747154703,234987747155369,2304,70360,666,73330
2899,234987747279433,234987747280841,234987747354665,234987747355319,1408,73824,654,75886
2900,234987747471265,234987747472667,234987747543953,234987747544603,1402,71286,650,73338
2901,234987747660289,234987747662357,234987747731579,234987747732245,2068,69222,666,71956
2902,234987747848081,234987747849511,234987747920071,234987747920741,1430,70560,670,72660
2903,234987748045247,234987748046671,234987748116673,234987748117357,1424,70002,684,72110
2904,234987748233325,234987748234729,234987748304935,234987748305599,1404,70206,664,72274
2905,234987748421869,234987748424191,234987748493803,234987748494479,2322,69612,676,72610
2906,234987748610021,234987748611517,234987748681141,234987748681813,1496,69624,672,71792
2907,234987748798097,234987748799495,234987748870361,234987748871053,1398,70866,692,72956
2908,234987748987071,234987748988549,234987749056331,234987749057017,1478,67782,686,69946
2909,234987749181785,234987749183209,234987749254933,234987749255599,1424,71724,666,73814
2910,234987749371501,234987749372959,234987749442243,234987749442941,1458,69284,698,71440
2911,234987749558905,234987749561303,234987749630125,234987749630797,2398,68822,672,71892
2912,234987749746445,234987749747873,234987749818601,234987749819263,1428,70728,662,72818
2913,234987749935937,234987749937385,234987750006773,234987750007457,1448,69388,684,71520
2914,234987750123625,234987750125041,234987750195019,234987750195689,1416,69978,670,72064
2915,234987750311771,234987750313195,234987750383939,234987750384607,1424,70744,668,72836
2916,234987750500635,234987750502475,234987750572789,234987750573463,1840,70314,674,72828
2917,234987750689807,234987750692137,234987750762869,234987750763501,2330,70732,632,73694
2918,234987750879743,234987750881209,234987750953051,234987750953675,1466,71842,624,73932
2919,234987751092251,234987751094741,234987751163315,234987751163977,2490,68574,662,71726
2920,234987751280749,234987751282147,234987751351397,234987751352053,1398,69250,656,71304
2921,234987751467817,234987751469225,234987751540211,234987751540879,1408,70986,668,73062
2922,234987751656719,234987751658137,234987751728227,234987751728845,1418,70090,618,72126
2923,234987751844597,234987751845971,234987751917325,234987751917995,1374,71354,670,73398
2924,234987752045443,234987752047769,234987752116537,234987752117201,2326,68768,664,71758
2925,234987752233193,234987752235509,234987752305661,234987752306275,2316,70152,614,73082
2926,234987752422375,234987752424701,234987752494417,234987752495081,2326,69716,664,72706
2927,234987752611597,234987752613017,234987752682979,234987752683595,1420,69962,616,71998
2928,234987752799521,234987752800975,234987752873599,234987752874259,1454,72624,660,74738
2929,234987752998631,234987753000029,234987753072813,234987753073477,1398,72784,664,74846
2930,234987753189691,234987753191135,234987753261815,234987753262495,1444,70680,680,72804
2931,234987753378233,234987753379687,234987753449383,234987753450037,1454,69696,654,71804
2932,234987753566805,234987753568205,234987753638111,234987753638777,1400,69906,666,71972
2933,234987753754861,234987753756275,234987753826543,234987753827201,1414,70268,658,72340
2934,234987753943189,234987753946001,234987754016533,234987754017191,2812,70532,658,74002
2935,234987754141045,234987754143341,234987754212061,234987754212761,2296,68720,700,71716
2936,234987754328891,234987754330319,234987754399601,234987754400263,1428,69282,662,71372
2937,234987754516249,234987754518311,234987754586447,234987754587125,2062,68136,678,70876
2938,234987754703151,234987754704539,234987754773671,234987754774355,1388,69132,684,71204
2939,234987754899953,234987754902265,234987754973489,234987754974163,2312,71224,674,74210
2940,234987755090239,234987755091689,234987755160931,234987755161567,1450,69242,636,71328
2941,234987755277937,234987755280287,234987755351567,234987755352247,2350,71280,680,74310
2942,234987755468183,234987755470591,234987755541521,234987755542133,2408,70930,612,73950
2943,234987755658277,234987755659673,234987755731183,234987755731861,1396,71510,678,73584
2944,234987755847709,234987755849137,234987755921147,234987755921797,1428,72010,650,74088
2945,234987756037693,234987756039143,234987756108925,234987756109579,1450,69782,654,71886
2946,234987756225187,234987756227575,234987756299089,234987756299717,2388,71514,628,74530
2947,234987756416077,234987756418391,234987756487493,234987756488161,2314,69102,668,72084
2948,234987756604267,234987756606569,234987756674803,234987756675517,2302,68234,714,71250
2949,234987756800573,234987756803213,234987756873805,234987756874501,2640,70592,696,73928
2950,234987757001161,234987757002613,234987757073549,234987757074211,1452,70936,662,73050
2951,234987757190885,234987757192331,234987757262371,234987757263035,1446,70040,664,72150
2952,234987757378975,234987757381423,234987757451227,234987757451863,2448,69804,636,72888
2953,234987757568353,234987757570735,234987757638793,234987757639477,2382,68058,684,71124
2954,234987757755673,234987757757959,234987757827287,234987757827977,2286,69328,690,72304
2955,234987757944103,234987757945525,234987758014859,234987758015543,1422,69334,684,71440
2956,234987758131859,234987758133297,234987758203061,234987758203757,1438,69764,696,71898
2957,234987758319557,234987758321017,234987758389529,234987758390203,1460,68512,674,70646
2958,234987758506645,234987758508083,234987758578295,234987758578979,1438,70212,684,72334
2959,234987758695081,234987758696543,234987758764985,234987758765627,1462,68442,642,70546
2960,234987758890625,234987758893433,234987758962477,234987758963153,2808,69044,676,72528
2961,234987759079433,234987759081811,234987759151513,234987759152165,2378,69702,652,72732
2962,234987759268265,234987759269653,234987759338927,234987759339619,1388,69274,692,71354
2963,234987759455437,234987759456863,234987759529003,234987759529667,1426,72140,664,74230
2964,234987759645949,234987759648707,234987759718595,234987759719257,2758,69888,662,73308
2965,234987759835219,234987759836669,234987759910313,234987759911005,1450,73644,692,75786
2966,234987760034701,234987760036151,234987760103831,234987760104499,1450,67680,668,69798
2967,234987760220723,234987760223015,234987760294915,234987760295587,2292,71900,672,74864
2968,234987760411351,234987760412809,234987760484455,234987760485161,1458,71646,706,73810
2969,234987760616705,234987760619023,234987760688765,234987760689419,2318,69742,654,72714
2970,234987760813979,234987760815433,234987760884533,234987760885211,1454,69100,678,71232
2971,234987761001191,234987761002627,234987761071655,234987761072339,1436,69028,684,71148
2972,234987761187895,234987761189311,234987761259049,234987761259707,1416,69738,658,71812
2973,234987761375651,234987761377085,234987761446427,234987761447107,1434,69342,680,71456
2974,234987761563417,234987761565877,234987761635229,234987761635889,2460,69352,660,72472
2975,234987761751919,234987761753347,234987761824745,234987761825435,1428,71398,690,73516
2976,234987761941531,234987761942975,234987762013517,234987762014183,1444,70542,666,72652
2977,234987762130489,234987762131921,234987762200467,234987762201125,1432,68546,658,70636
2978,234987762317429,234987762318895,234987762391045,234987762391685,1466,72150,640,74256
2979,234987762507047,234987762508427,234987762579695,234987762580375,1380,71268,680,73328
2980,234987762706013,234987762708305,234987762779045,234987762779725,2292,70740,680,73712
2981,234987762896027,234987762897455,234987762966431,234987762967105,1428,68976,674,71078
2982,234987763091101,234987763093421,234987763163141,234987763163791,2320,69720,650,72690
2983,234987763279973,234987763281421,234987763350929,234987763351627,1448,69508,698,71654
2984,234987763467685,234987763469111,234987763540657,234987763541335,1426,71546,678,73650
2985,234987763657321,234987763659673,234987763728947,234987763729597,2352,69274,650,72276
2986,234987763845563,234987763846999,234987763917149,234987763917827,1436,70150,678,72264
2987,234987764034061,234987764035447,234987764108965,234987764109643,1386,73518,678,75582
2988,234987764225191,234987764227615,234987764296099,234987764296759,2424,68484,660,71568
2989,234987764412455,234987764414777,234987764482631,234987764483333,2322,67854,702,70878
2990,234987764607805,234987764610127,234987764679769,234987764680433,2322,69642,664,72628
2991,234987764796209,234987764798531,234987764867111,234987764867809,2322,68580,698,71600
2992,234987764984155,234987764985577,234987765056621,234987765057301,1422,71044,680,73146
2993,234987765172775,234987765175687,234987765249713,234987765250361,2912,74026,648,77586
2994,234987765366307,234987765367945,234987765438547,234987765439211,1638,70602,664,72904
2995,234987765555029,234987765556489,234987765624569,234987765625253,1460,68080,684,70224
2996,234987765741671,234987765743959,234987765814841,234987765815519,2288,70882,678,73848
2997,234987765934177,234987765936863,234987766007353,234987766008031,2686,70490,678,73854
2998,234987766131887,234987766134241,234987766202023,234987766202689,2354,67782,666,70802
2999,234987766319147,234987766321451,234987766389881,234987766390555,2304,68430,674,71408
3000,234987766515137,234987766516601,234987766584881,234987766585531,1464,68280,650,70394
3001,234987766701439,234987766702931,234987766774367,234987766775039,1492,71436,672,73600
3002,234987766891585,234987766893067,234987766961387,234987766961973,1482,68320,586,70388
3003,234987767078509,234987767079947,234987767150569,234987767151233,1438,70622,664,72724
3004,234987767267867,234987767270185,234987767339081,234987767339755,2318,68896,674,71888
3005,234987767456239,234987767458163,234987767530231,234987767530895,1924,72068,664,74656
3006,234987767647043,234987767649367,234987767719615,234987767720287,2324,70248,672,73244
3007,234987767836277,234987767837723,234987767906893,234987767907557,1446,69170,664,71280
3008,234987768023719,234987768025145,234987768094465,234987768095153,1426,69320,688,71434
3009,234987768211237,234987768212635,234987768282937,234987768283589,1398,70302,652,72352
3010,234987768408947,234987768411247,234987768481643,234987768482323,2300,70396,680,73376
3011,234987768598169,234987768599855,234987768668803,234987768669499,1686,68948,696,71330
3012,234987768785287,234987768787193,234987768858883,234987768859547,1906,71690,664,74260
3013,234987768983831,234987768985273,234987769056859,234987769057523,1442,71586,664,73692
3014,234987769174061,234987769175447,234987769247089,234987769247743,1386,71642,654,73682
3015,234987769372687,234987769374103,234987769444481,234987769445165,1416,70378,684,72478
3016,234987769561265,234987769562663,234987769635385,234987769636051,1398,72722,666,74786
3017,234987769752199,234987769754501,234987769824101,234987769824763,2302,69600,662,72564
3018,234987769941169,234987769942615,234987770012543,234987770013215,1446,69928,672,72046
3019,234987770129045,234987770130503,234987770199403,234987770200027,1458,68900,624,70982
3020,234987770324753,234987770326159,234987770396539,234987770397221,1406,70380,682,72468
3021,234987770512951,234987770514511,234987770583059,234987770583725,1560,68548,666,70774
3022,234987770699875,234987770701835,234987770773925,234987770774563,1960,72090,638,74688
3023,234987770890243,234987770892563,234987770960593,234987770961257,2320,68030,664,71014
3024,234987771077879,234987771079309,234987771148069,234987771148765,1430,68760,696,70886
3025,234987771264661,234987771266981,234987771335777,234987771336439,2320,68796,662,71778
3026,234987771452221,234987771453635,234987771522787,234987771523445,1414,69152,658,71224
3027,234987771638897,234987771640315,234987771711955,234987771712613,1418,71640,658,73716
3028,234987771828227,234987771830605,234987771901085,234987771901765,2378,70480,680,73538
3029,234987772025735,234987772027151,234987772099465,234987772100131,1416,72314,666,74396
3030,234987772225667,234987772227107,234987772296413,234987772297105,1440,69306,692,71438
3031,234987772413031,234987772415345,234987772483625,234987772484237,2314,68280,612,71206
3032,234987772600741,234987772602121,234987772675429,234987772676117,1380,73308,688,75376
3033,234987772791935,234987772794307,234987772865335,234987772865999,2372,71028,664,74064
3034,234987772982269,234987772983683,234987773055005,234987773055697,1414,71322,692,73428
3035,234987773170835,234987773172485,234987773243677,234987773244337,1650,71192,660,73502
3036,234987773360197,234987773361653,234987773433173,234987773433851,1456,71520,678,73654
3037,234987773549813,234987773551235,234987773620699,234987773621335,1422,69464,636,71522
3038,234987773737327,234987773738743,234987773809289,234987773809939,1416,70546,650,72612
3039,234987773925977,234987773928799,234987773998429,234987773999113,2822,69630,684,73136
3040,234987774123979,234987774126311,234987774195433,234987774196093,2332,69122,660,72114
3041,234987774312211,234987774314129,234987774386917,234987774387589,1918,72788,672,75378
3042,234987774503867,234987774505297,234987774576413,234987774577069,1430,71116,656,73202
3043,234987774692911,234987774694781,234987774764993,234987774765649,1870,70212,656,72738
3044,234987774881731,234987774883127,234987774955081,234987774955745,1396,71954,664,74014
3045,234987775080385,234987775081843,234987775152845,234987775153507,1458,71002,662,73122
3046,234987775269577,234987775271041,234987775341973,234987775342649,1464,70932,676,73072
3047,234987775458871,234987775461163,234987775532389,234987775533043,2292,71226,654,74172
3048,234987775648825,234987775651099,234987775720549,234987775721205,2274,69450,656,72380
3049,234987775836829,234987775838279,234987775910609,234987775911257,1450,72330,648,74428
3050,234987776036303,234987776038589,234987776108033,234987776108699,2286,69444,666,72396
3051,234987776224559,234987776226005,234987776295715,234987776296339,1446,69710,624,71780
3052,234987776412437,234987776414737,234987776485301,234987776485961,2300,70564,660,73524
3053,234987776601701,234987776603471,234987776673007,234987776673677,1770,69536,670,71976
3054,234987776789725,234987776791139,234987776862385,234987776863075,1414,71246,690,73350
3055,234987776979191,234987776980633,234987777049619,234987777050269,1442,68986,650,71078
3056,234987777166181,234987777167603,234987777238483,234987777239161,1422,70880,678,72980
3057,234987777354859,234987777356263,234987777426919,234987777427573,1404,70656,654,72714
3058,234987777543943,234987777545365,234987777618091,234987777618755,1422,72726,664,74812
3059,234987777734555,234987777735967,234987777805679,234987777806357,1412,69712,678,71802
3060,234987777950897,234987777952327,234987778021991,234987778022663,1430,69664,672,71766
3061,234987778138093,234987778140421,234987778209479,234987778210165,2328,69058,686,72072
3062,234987778325743,234987778327183,234987778397099,234987778397713,1440,69916,614,71970
3063,234987778515053,234987778517341,234987778585699,234987778586357,2288,68358,658,71304
3064,234987778703003,234987778704439,234987778774793,234987778775449,1436,70354,656,72446
3065,234987778892281,234987778893685,234987778965841,234987778966513,1404,72156,672,74232
3066,234987779082383,234987779084791,234987779154791,234987779155469,2408,70000,678,73086
3067,234987779271769,234987779273287,234987779343995,234987779344651,1518,70708,656,72882
3068,234987779460319,234987779461735,234987779531239,234987779531915,1416,69504,676,71596
3069,234987779647753,234987779650049,234987779721259,234987779721913,2296,71210,654,74160
3070,234987779837617,234987779840003,234987779909797,234987779910451,2386,69794,654,72834
3071,234987780034979,234987780037291,234987780106333,234987780107015,2312,69042,682,72036
3072,234987780222977,234987780224393,234987780295925,234987780296585,1416,71532,660,73608
3073,234987780412309,234987780414629,234987780483773,234987780484435,2320,69144,662,72126
3074,234987780600781,234987780602383,234987780672551,234987780673181,1602,70168,630,72400
3075,234987780789185,234987780790595,234987780862111,234987780862787,1410,71516,676,73602
3076,234987780986935,234987780988763,234987781057595,234987781058257,1828,68832,662,71322
3077,234987781174627,234987781176145,234987781246523,234987781247225,1518,70378,702,72598
3078,234987781363321,234987781364753,234987781435171,234987781435859,1432,70418,688,72538
3079,234987781552187,234987781553603,234987781626997,234987781627697,1416,73394,700,75510
3080,234987781742923,234987781744351,234987781814639,234987781815307,1428,70288,668,72384
3081,234987781939987,234987781941559,234987781967407,234987781968085,1572,25848,678,28098
3082,234987782083763,234987782085157,234987782155075,234987782155763,1394,69918,688,72000
3083,234987782272477,234987782274833,234987782345131,234987782345807,2356,70298,676,73330
3084,234987782461901,234987782463325,234987782535575,234987782536243,1424,72250,668,74342
3085,234987782652497,234987782653951,234987782724593,234987782725283,1454,70642,690,72786
3086,234987782841115,234987782842559,234987782913505,234987782914159,1444,70946,654,73044
3087,234987783030011,234987783031439,234987783102329,234987783103013,1428,70890,684,73002
3088,234987783219011,234987783220381,234987783290653,234987783291311,1370,70272,658,72300
3089,234987783407069,234987783408481,234987783478553,234987783479225,1412,70072,672,72156
3090,234987783595001,234987783597413,234987783666521,234987783667195,2412,69108,674,72194
3091,234987783797417,234987783800023,234987783867361,234987783868019,2606,67338,658,70602
3092,234987783992005,234987783993445,234987784064017,234987784064681,1440,70572,664,72676
3093,234987784180741,234987784182155,234987784252123,234987784252807,1414,69968,684,72066
3094,234987784368803,234987784370255,234987784439323,234987784439981,1452,69068,658,71178
3095,234987784556533,234987784558855,234987784629725,234987784630421,2322,70870,696,73888
3096,234987784746207,234987784747681,234987784816775,234987784817485,1474,69094,710,71278
3097,234987784933921,234987784935359,234987785006017,234987785006615,1438,70658,598,72694
3098,234987785122217,234987785123699,234987785194589,234987785195215,1482,70890,626,72998
3099,234987785311127,234987785313451,234987785384285,234987785384939,2324,70834,654,73812
3100,234987785501161,234987785503837,234987785572217,234987785572889,2676,68380,672,71728
3101,234987785697641,234987785699971,234987785768989,234987785769655,2330,69018,666,72014
3102,234987785885737,234987785887165,234987785957645,234987785958283,1428,70480,638,72546
3103,234987786074459,234987786076871,234987786145699,234987786146347,2412,68828,648,71888
3104,234987786262679,234987786264965,234987786335603,234987786336271,2286,70638,668,73592
3105,234987786451997,234987786453401,234987786523175,234987786523837,1404,69774,662,71840
3106,234987786647875,234987786649987,234987786721295,234987786721979,2112,71308,684,74104
3107,234987786837461,234987786839077,234987786909629,234987786910249,1616,70552,620,72788
3108,234987787034083,234987787035561,234987787106381,234987787107049,1478,70820,668,72966
3109,234987787223959,234987787226363,234987787297231,234987787297903,2404,70868,672,73944
3110,234987787414355,234987787415785,234987787485683,234987787486367,1430,69898,684,72012
3111,234987787611695,234987787613107,234987787684831,234987787685503,1412,71724,672,73808
3112,234987787801183,234987787803503,234987787873397,234987787874077,2320,69894,680,72894
3113,234987787990187,234987787991593,234987788062021,234987788062681,1406,70428,660,72494
3114,234987788178553,234987788179993,234987788249261,234987788249921,1440,69268,660,71368
3115,234987788365483,234987788366935,234987788437003,234987788437667,1452,70068,664,72184
3116,234987788553703,234987788555155,234987788624069,234987788624731,1452,68914,662,71028
3117,234987788740759,234987788743079,234987788811205,234987788811895,2320,68126,690,71136
3118,234987788928707,234987788931019,234987788998583,234987788999239,2312,67564,656,70532
3119,234987789115561,234987789116981,234987789184859,234987789185501,1420,67878,642,69940
3120,234987789301513,234987789302933,234987789372229,234987789372901,1420,69296,672,71388
3121,234987789497581,234987789498965,234987789570335,234987789571025,1384,71370,690,73444
3122,234987789686599,234987789688675,234987789759925,234987789760573,2076,71250,648,73974
3123,234987789877403,234987789878845,234987789949447,234987789950153,1442,70602,706,72750
3124,234987790074203,234987790076513,234987790146143,234987790146839,2310,69630,696,72636
3125,234987790262491,234987790263907,234987790335143,234987790335833,1416,71236,690,73342
3126,234987790451923,234987790453321,234987790523581,234987790524193,1398,70260,612,72270
3127,234987790639949,234987790641373,234987790709959,234987790710625,1424,68586,666,70676
3128,234987790826749,234987790828129,234987790897967,234987790898635,1380,69838,668,71886
3129,234987791014331,234987791016617,234987791086339,234987791087005,2286,69722,666,72674
3130,234987791203381,234987791204803,234987791275733,234987791276381,1422,70930,648,73000
3131,234987791401363,234987791402773,234987791473693,234987791474359,1410,70920,666,72996
3132,234987791590403,234987791591917,234987791663449,234987791664143,1514,71532,694,73740
3133,234987791779943,234987791781395,234987791851021,234987791851667,1452,69626,646,71724
3134,234987791968357,234987791969793,234987792038783,234987792039481,1436,68990,698,71124
3135,234987792155503,234987792156949,234987792227189,234987792227855,1446,70240,666,72352
3136,234987792343613,234987792345067,234987792416561,234987792417229,1454,71494,668,73616
3137,234987792533165,234987792534695,234987792604901,234987792605585,1530,70206,684,72420
3138,234987792721853,234987792724157,234987792792223,234987792792881,2304,68066,658,71028
3139,234987792923239,234987792924667,234987792994739,234987792995423,1428,70072,684,72184
3140,234987793111121,234987793112551,234987793182743,234987793183393,1430,70192,650,72272
3141,234987793308589,234987793310903,234987793379833,234987793380479,2314,68930,646,71890
3142,234987793496861,234987793498279,234987793571389,234987793572055,1418,73110,666,75194
3143,234987793688119,234987793689539,234987793759909,234987793760573,1420,70370,664,72454
3144,234987793876589,234987793878025,234987793948939,234987793949597,1436,70914,658,73008
3145,234987794065789,234987794067253,234987794135969,234987794136643,1464,68716,674,70854
3146,234987794252563,234987794254027,234987794323867,234987794324539,1464,69840,672,71976
3147,234987794440709,234987794442187,234987794510779,234987794511433,1478,68592,654,70724
3148,234987794627603,234987794628983,234987794702749,234987794703391,1380,73766,642,75788
3149,234987794819455,234987794820899,234987794891519,234987794892181,1444,70620,662,72726
3150,234987795008297,234987795009695,234987795080447,234987795081131,1398,70752,684,72834
3151,234987795214909,234987795216337,234987795287725,234987795288371,1428,71388,646,73462
3152,234987795404171,234987795406639,234987795476027,234987795476699,2468,69388,672,72528
3153,234987795592825,234987795595249,234987795664819,234987795665491,2424,69570,672,72666
3154,234987795781217,234987795782653,234987795852961,234987795853637,1436,70308,676,72420
3155,234987795948707,234987795949885,234987796013051,234987796013713,1178,63166,662,65006
3156,234987796101655,234987796102825,234987796165921,234987796166587,1170,63096,666,64932
3157,234987796253279,234987796254439,234987796317797,234987796318465,1160,63358,668,65186
3158,234987796404779,234987796405939,234987796468687,234987796469359,1160,62748,672,64580
3159,234987796556123,234987796557265,234987796618835,234987796619497,1142,61570,662,63374
3160,234987796705463,234987796706611,234987796770181,234987796770863,1148,63570,682,65400
3161,234987796857763,234987796859927,234987796921379,234987796922077,2164,61452,698,64314
3162,234987797016497,234987797017679,234987797080547,234987797081219,1182,62868,672,64722
3163,234987797168215,234987797169373,234987797233517,234987797234183,1158,64144,666,65968
3164,234987797320549,234987797322683,234987797383423,234987797384081,2134,60740,658,63532
3165,234987797470051,234987797472205,234987797535135,234987797535799,2154,62930,664,65748
3166,234987797622271,234987797623445,234987797684219,234987797684905,1174,60774,686,62634
3167,234987797770909,234987797772083,234987797834687,234987797835367,1174,62604,680,64458
3168,234987797921631,234987797923825,234987797984849,234987797985523,2194,61024,674,63892
3169,234987798071771,234987798074207,234987798134441,234987798135127,2436,60234,686,63356
3170,234987798220819,234987798221983,234987798282827,234987798283477,1164,60844,650,62658
3171,234987798369073,234987798371275,234987798432985,234987798433597,2202,61710,612,64524
3172,234987798519725,234987798520891,234987798584263,234987798584957,1166,63372,694,65232
3173,234987798679991,234987798682163,234987798742385,234987798743059,2172,60222,674,63068
3174,234987798830029,234987798831205,234987798892163,234987798892823,1176,60958,660,62794
3175,234987798986659,234987798987859,234987799049335,234987799050025,1200,61476,690,63366
3176,234987799135895,234987799137071,234987799201861,234987799202521,1176,64790,660,66626
3177,234987799289147,234987799291289,234987799352035,234987799352675,2142,60746,640,63528
3178,234987799438661,234987799440829,234987799500467,234987799501121,2168,59638,654,62460
3179,234987799587295,234987799588465,234987799650871,234987799651537,1170,62406,666,64242
3180,234987799737917,234987799739101,234987799800319,234987799800983,1184,61218,664,63066
3181,234987799886903,234987799889201,234987799952461,234987799953127,2298,63260,666,66224
3182,234987800039419,234987800040577,234987800101553,234987800102219,1158,60976,666,62800
3183,234987800187953,234987800189143,234987800250139,234987800250805,1190,60996,666,62852
3184,234987800345447,234987800346631,234987800409065,234987800409745,1184,62434,680,64298
3185,234987800496287,234987800498441,234987800560511,234987800561167,2154,62070,656,64880
3186,234987800647217,234987800648359,234987800711531,234987800712185,1142,63172,654,64968
3187,234987800798471,234987800799607,234987800861179,234987800861845,1136,61572,666,63374
3188,234987800947621,234987800949775,234987801011095,234987801011761,2154,61320,666,64140
3189,234987801098369,234987801101141,234987801162155,234987801162835,2772,61014,680,64466
3190,234987801249221,234987801251383,234987801313045,234987801313723,2162,61662,678,64502
3191,234987801399907,234987801401081,234987801462235,234987801462895,1174,61154,660,62988
3192,234987801548933,234987801550099,234987801611879,234987801612565,1166,61780,686,63632
3193,234987801700655,234987801701813,234987801766495,234987801767101,1158,64682,606,66446
3194,234987801872891,234987801874081,234987801938027,234987801938665,1190,63946,638,65774
3195,234987802036265,234987802037477,234987802099349,234987802099991,1212,61872,642,63726
3196,234987802189013,234987802190201,234987802252141,234987802252819,1188,61940,678,63806
3197,234987802349021,234987802351183,234987802413587,234987802414241,2162,62404,654,65220
3198,234987802505921,234987802508141,234987802572805,234987802573471,2220,64664,666,67550
3199,234987802666217,234987802667459,234987802731385,234987802732049,1242,63926,664,65832
3200,234987802824677,234987802825889,234987802889695,234987802890361,1212,63806,666,65684
3201,234987802983209,234987802985093,234987803048545,234987803049235,1884,63452,690,66026
3202,234987803141605,234987803142833,234987803204917,234987803205607,1228,62084,690,64002
3203,234987803302075,234987803303323,234987803367143,234987803367829,1248,63820,686,65754
3204,234987803465165,234987803466439,234987803530517,234987803531213,1274,64078,696,66048
3205,234987803629001,234987803631239,234987803695435,234987803696137,2238,64196,702,67136
3206,234987803801101,234987803802341,234987803868299,234987803868991,1240,65958,692,67890
3207,234987803966029,234987803967275,234987804031835,234987804032479,1246,64560,644,66450
3208,234987804136805,234987804138139,234987804203377,234987804204001,1334,65238,624,67196
3209,234987804308695,234987804310057,234987804375857,234987804376535,1362,65800,678,67840
3210,234987804481543,234987804483841,234987804550013,234987804550697,2298,66172,684,69154
3211,234987804655295,234987804657529,234987804723577,234987804724249,2234,66048,672,68954
3212,234987804828653,234987804830939,234987804898481,234987804899179,2286,67542,698,70526
3213,234987805023629,234987805025107,234987805095943,234987805096625,1478,70836,682,72996
3214,234987805212251,234987805214573,234987805283809,234987805284485,2322,69236,676,72234
3215,234987805400651,234987805402099,234987805471127,234987805471825,1448,69028,698,71174
3216,234987805587917,234987805590205,234987805660567,234987805661243,2288,70362,676,73326
3217,234987805792835,234987805794289,234987805862201,234987805862863,1454,67912,662,70028
3218,234987805978745,234987805980151,234987806050873,234987806051545,1406,70722,672,72800
3219,234987806167595,234987806169893,234987806239879,234987806240567,2298,69986,688,72972
3220,234987806357341,234987806358793,234987806429725,234987806430413,1452,70932,688,73072
3221,234987806546791,234987806549147,234987806620399,234987806621087,2356,71252,688,74296
3222,234987806738051,234987806740397,234987806810107,234987806810773,2346,69710,666,72722
3223,234987806926981,234987806928431,234987806999089,234987806999761,1450,70658,672,72780
3224,234987807115855,234987807117307,234987807188863,234987807189557,1452,71556,694,73702
3225,234987807305807,234987807307213,234987807376723,234987807377357,1406,69510,634,71550
3226,234987807493099,234987807494521,234987807565643,234987807566323,1422,71122,680,73224
3227,234987807690371,234987807692591,234987807762137,234987807762823,2220,69546,686,72452
3228,234987807891047,234987807892547,234987807961247,234987807961909,1500,68700,662,70862
3229,234987808078489,234987808079903,234987808149823,234987808150541,1414,69920,718,72052
3230,234987808266299,234987808267759,234987808337267,234987808337945,1460,69508,678,71646
3231,234987808454509,234987808455949,234987808525589,234987808526251,1440,69640,662,71742
3232,234987808642217,234987808643653,234987808713589,234987808714243,1436,69936,654,72026
3233,234987808830533,234987808832887,234987808901821,234987808902493,2354,68934,672,71960
3234,234987809018471,234987809019875,234987809089273,234987809089939,1404,69398,666,71468
3235,234987809205769,234987809207179,234987809278567,234987809279219,1410,71388,652,73450
3236,234987809395585,234987809396975,234987809469427,234987809470069,1390,72452,642,74484
3237,234987809594057,234987809595721,234987809667179,234987809667859,1664,71458,680,73802
3238,234987809784329,234987809785781,234987809856697,234987809857385,1452,70916,688,73056
3239,234987809973637,234987809975029,234987810047839,234987810048529,1392,72810,690,74892
3240,234987810164449,234987810165863,234987810235595,234987810236233,1414,69732,638,71784
3241,234987810352097,234987810353521,234987810425285,234987810425947,1424,71764,662,73850
3242,234987810555589,234987810556991,234987810628453,234987810629131,1402,71462,678,73542
3243,234987810745295,234987810746705,234987810818957,234987810819601,1410,72252,644,74306
3244,234987810944053,234987810945487,234987811015259,234987811015907,1434,69772,648,71854
3245,234987811132447,234987811133825,234987811207007,234987811207697,1378,73182,690,75250
3246,234987811323341,234987811324697,234987811396339,234987811396999,1356,71642,660,73658
3247,234987811521023,234987811522429,234987811592831,234987811593503,1406,70402,672,72480
3248,234987811709867,234987811712225,234987811782613,234987811783285,2358,70388,672,73418
3249,234987811898983,234987811900437,234987811968761,234987811969439,1454,68324,678,70456
3250,234987812085437,234987812086885,234987812157289,234987812157983,1448,70404,694,72546
3251,234987812273567,234987812275019,234987812343173,234987812343871,1452,68154,698,70304
3252,234987812459801,234987812462209,234987812530201,234987812530867,2408,67992,666,71066
3253,234987812647189,234987812649491,234987812717425,234987812718097,2302,67934,672,70908
3254,234987812834081,234987812835495,234987812905739,234987812906393,1414,70244,654,72312
3255,234987813022007,234987813023471,234987813092387,234987813093053,1464,68916,666,71046
3256,234987813209327,234987813210737,234987813282283,234987813282971,1410,71546,688,73644
3257,234987813407257,234987813408713,234987813477883,234987813478531,1456,69170,648,71274
3258,234987813594355,234987813596687,234987813666077,234987813666733,2332,69390,656,72378
3259,234987813783187,234987813785387,234987813855493,234987813856147,2200,70106,654,72960
3260,234987813980959,234987813983243,234987814052905,234987814053551,2284,69662,646,72592
3261,234987814169711,234987814172137,234987814244635,234987814245295,2426,72498,660,75584
3262,234987814361749,234987814363169,234987814434697,234987814435355,1420,71528,658,73606
3263,234987814551631,234987814553087,234987814622293,234987814622957,1456,69206,664,71326
3264,234987814739009,234987814741453,234987814810577,234987814811249,2444,69124,672,72240
3265,234987814927717,234987814929515,234987815000329,234987815000969,1798,70814,640,73252
3266,234987815116711,234987815118097,234987815189651,234987815190359,1386,71554,708,73648
3267,234987815314877,234987815316313,234987815387395,234987815388071,1436,71082,676,73194
3268,234987815503907,234987815505337,234987815575699,234987815576347,1430,70362,648,72440
3269,234987815691731,234987815694061,234987815764283,234987815764921,2330,70222,638,73190
3270,234987815881175,234987815882591,234987815953895,234987815954581,1416,71304,686,73406
3271,234987816070501,234987816071905,234987816142595,234987816143293,1404,70690,698,72792
3272,234987816259451,234987816261767,234987816334093,234987816334757,2316,72326,664,75306
3273,234987816450547,234987816451979,234987816522679,234987816523345,1432,70700,666,72798
3274,234987816639779,234987816642085,234987816712231,234987816712937,2306,70146,706,73158
3275,234987816829165,234987816830593,234987816901003,234987816901657,1428,70410,654,72492
3276,234987817025503,234987817026917,234987817096273,234987817096933,1414,69356,660,71430
3277,234987817222901,234987817224611,234987817295585,234987817296269,1710,70974,684,73368
3278,234987817411943,234987817413385,234987817483697,234987817484389,1442,70312,692,72446
3279,234987817600165,234987817602655,234987817673935,234987817674611,2490,71280,676,74446
3280,234987817790573,234987817792549,234987817862821,234987817863487,1976,70272,666,72914
3281,234987817979779,234987817981211,234987818050597,234987818051263,1432,69386,666,71484
3282,234987818167381,234987818168803,234987818239685,234987818240371,1422,70882,686,72990
3283,234987818356193,234987818357609,234987818426801,234987818427475,1416,69192,674,71282
3284,234987818543557,234987818545925,234987818615149,234987818615821,2368,69224,672,72264
3285,234987818731859,234987818733263,234987818804887,234987818805559,1404,71624,672,73700
3286,234987818921171,234987818923519,234987818992603,234987818993267,2348,69084,664,72096
3287,234987819119357,234987819120821,234987819188167,234987819188815,1464,67346,648,69458
3288,234987819313405,234987819315769,234987819384049,234987819384745,2364,68280,696,71340
3289,234987819500609,234987819502189,234987819570025,234987819570709,1580,67836,684,70100
3290,234987819686299,234987819688591,234987819757081,234987819757753,2292,68490,672,71454
3291,234987819855961,234987819857167,234987819919759,234987819920449,1206,62592,690,64488
3292,234987820008413,234987820010645,234987820071421,234987820072085,2232,60776,664,63672
3293,234987820158625,234987820160777,234987820221805,234987820222477,2152,61028,672,63852
3294,234987820309271,234987820310447,234987820372475,234987820373141,1176,62028,666,63870
3295,234987820459159,234987820460299,234987820524265,234987820524955,1140,63966,690,65796
3296,234987820611241,234987820612391,234987820675171,234987820675825,1150,62780,654,64584
3297,234987820762363,234987820763519,234987820826513,234987820827191,1156,62994,678,64828
3298,234987820922735,234987820923915,234987820986397,234987820987031,1180,62482,634,64296
3299,234987821072975,234987821075117,234987821137933,234987821138599,2142,62816,666,65624
3300,234987821224867,234987821226023,234987821289001,234987821289673,1156,62978,672,64806
3301,234987821376337,234987821377499,234987821441717,234987821442341,1162,64218,624,66004
3302,234987821528425,234987821530577,234987821591579,234987821592235,2152,61002,656,63810
3303,234987821679553,234987821680727,234987821741479,234987821742175,1174,60752,696,62622
3304,234987821828519,234987821829655,234987821891963,234987821892659,1136,62308,696,64140
3305,234987821978273,234987821980427,234987822041569,234987822042203,2154,61142,634,63930
3306,234987822128281,234987822129463,234987822190615,234987822191293,1182,61152,678,63012
3307,234987822277481,234987822278647,234987822340903,234987822341543,1166,62256,640,64062
3308,234987822427457,234987822428635,234987822490019,234987822490691,1178,61384,672,63234
3309,234987822584939,234987822586093,234987822648917,234987822649607,1154,62824,690,64668
3310,234987822735713,234987822736853,234987822799591,234987822800263,1140,62738,672,64550
3311,234987822894155,234987822895339,234987822956767,234987822957455,1184,61428,688,63300
3312,234987823043849,234987823045007,234987823106093,234987823106761,1158,61086,668,62912
3313,234987823192567,234987823193761,234987823254673,234987823255375,1194,60912,702,62808
3314,234987823341191,234987823343837,234987823404065,234987823404733,2646,60228,668,63542
3315,234987823490711,234987823491877,234987823553909,234987823554605,1166,62032,696,63894
3316,234987823640441,234987823641595,234987823703185,234987823703863,1154,61590,678,63422
3317,234987823789753,234987823791985,234987823852637,234987823853297,2232,60652,660,63544
3318,234987823939241,234987823940429,234987824001217,234987824001889,1188,60788,672,62648
3319,234987824087597,234987824088759,234987824148663,234987824149319,1162,59904,656,61722
3320,234987824243893,234987824245075,234987824306297,234987824306965,1182,61222,668,63072
3321,234987824392831,234987824393977,234987824457997,234987824458661,1146,64020,664,65830
3322,234987824544619,234987824545781,234987824607787,234987824608463,1162,62006,676,63844
3323,234987824694563,234987824696723,234987824757085,234987824757761,2160,60362,676,63198
3324,234987824844149,234987824845303,234987824909021,234987824909701,1154,63718,680,65552
3325,234987824996683,234987824997809,234987825059891,234987825060565,1126,62082,674,63882
3326,234987825146641,234987825148801,234987825210031,234987825210725,2160,61230,694,64084
3327,234987825296485,234987825297647,234987825359545,234987825360197,1162,61898,652,63712
3328,234987825447157,234987825448307,234987825512155,234987825512827,1150,63848,672,65670
3329,234987825599485,234987825601655,234987825663259,234987825663937,2170,61604,678,64452
3330,234987825752687,234987825753893,234987825818035,234987825818675,1206,64142,640,65988
3331,234987825924175,234987825925387,234987825986057,234987825986713,1212,60670,656,62538
3332,234987826075931,234987826078177,234987826139023,234987826139713,2246,60846,690,63782
3333,234987826237097,234987826238305,234987826301429,234987826302103,1208,63124,674,65006
3334,234987826391255,234987826392451,234987826455319,234987826455991,1196,62868,672,64736
3335,234987826548791,234987826549993,234987826611971,234987826612673,1202,61978,702,63882
3336,234987826705453,234987826707635,234987826769965,234987826770649,2182,62330,684,65196
3337,234987826863491,234987826865723,234987826927981,234987826928671,2232,62258,690,65180
3338,234987827021615,234987827022827,234987827085739,234987827086411,1212,62912,672,64796
3339,234987827178445,234987827179669,234987827243795,234987827244467,1224,64126,672,66022
3340,234987827341963,234987827344165,234987827408825,234987827409499,2202,64660,674,67536
3341,234987827506663,234987827507917,234987827575223,234987827575889,1254,67306,666,69226
3342,234987827687611,234987827688863,234987827755379,234987827756063,1252,66516,684,68452
3343,234987827854243,234987827855495,234987827921143,234987827921795,1252,65648,652,67552
3344,234987828019651,234987828021905,234987828086761,234987828087421,2254,64856,660,67770
3345,234987828192133,234987828193421,234987828261973,234987828262631,1288,68552,658,70498
3346,234987828367681,234987828369955,234987828436175,234987828436885,2274,66220,710,69204
3347,234987828541775,234987828543089,234987828608525,234987828609227,1314,65436,702,67452
3348,234987828713747,234987828715069,234987828783139,234987828783805,1322,68070,666,70058
3349,234987828901297,234987828902743,234987828972743,234987828973429,1446,70000,686,72132
3350,234987829089977,234987829091399,234987829163069,234987829163719,1422,71670,650,73742
3351,234987829279711,234987829281163,234987829350521,234987829351199,1452,69358,678,71488
3352,234987829478329,234987829479743,234987829550887,234987829551551,1414,71144,664,73222
3353,234987829667309,234987829669603,234987829738507,234987829739165,2294,68904,658,71856
3354,234987829856909,234987829858375,234987829925921,234987829926589,1466,67546,668,69680
3355,234987830042921,234987830044327,234987830115649,234987830116343,1406,71322,694,73422
3356,234987830232445,234987830234111,234987830304769,234987830305411,1666,70658,642,72966
3357,234987830420687,234987830422121,234987830491925,234987830492587,1434,69804,662,71900
3358,234987830608979,234987830610391,234987830681497,234987830682191,1412,71106,694,73212
3359,234987830798267,234987830800555,234987830870195,234987830870833,2288,69640,638,72566
3360,234987830986877,234987830989027,234987831056711,234987831057371,2150,67684,660,70494
3361,234987831173117,234987831175403,234987831244147,234987831244775,2286,68744,628,71658
3362,234987831370385,234987831371809,234987831442867,234987831443519,1424,71058,652,73134
3363,234987831559921,234987831561337,234987831630887,234987831631531,1416,69550,644,71610
3364,234987831747137,234987831748573,234987831818221,234987831818881,1436,69648,660,71744
3365,234987831942853,234987831944281,234987832015127,234987832015783,1428,70846,656,72930
3366,234987832132057,234987832133435,234987832203557,234987832204229,1378,70122,672,72172
3367,234987832320745,234987832322179,234987832391527,234987832392217,1434,69348,690,71472
3368,234987832508477,234987832509875,234987832579397,234987832580063,1398,69522,666,71586
3369,234987832696591,234987832698019,234987832767779,234987832768451,1428,69760,672,71860
3370,234987832884181,234987832885637,234987832956269,234987832956923,1456,70632,654,72742
3371,234987833072735,234987833074151,234987833145253,234987833145919,1416,71102,666,73184
3372,234987833261785,234987833263175,234987833334229,234987833334883,1390,71054,654,73098
3373,234987833459521,234987833460947,234987833531917,234987833532595,1426,70970,678,73074
3374,234987833648737,234987833651065,234987833720191,234987833720851,2328,69126,660,72114
3375,234987833836805,234987833838241,234987833909155,234987833909807,1436,70914,652,73002
3376,234987834026125,234987834028117,234987834099565,234987834100273,1992,71448,708,74148
3377,234987834216179,234987834217633,234987834287497,234987834288137,1454,69864,640,71958
3378,234987834405185,234987834407513,234987834477911,234987834478573,2328,70398,662,73388
3379,234987834603251,234987834604771,234987834630067,234987834630757,1520,25296,690,27506
3380,234987834746777,234987834748279,234987834819817,234987834820493,1502,71538,676,73716
3381,234987834944465,234987834945913,234987835015889,234987835016561,1448,69976,672,72096
3382,234987835132277,234987835134337,234987835205305,234987835205987,2060,70968,682,73710
3383,234987835330735,234987835332085,234987835404707,234987835405375,1350,72622,668,74640
3384,234987835521499,234987835522931,234987835594315,234987835594993,1432,71384,678,73494
3385,234987835711039,234987835712473,234987835781941,234987835782629,1434,69468,688,71590
3386,234987835899509,234987835900915,234987835971403,234987835972087,1406,70488,684,72578
3387,234987836087617,234987836089975,234987836158039,234987836158687,2358,68064,648,71070
3388,234987836274883,234987836277343,234987836345815,234987836346439,2460,68472,624,71556
3389,234987836462711,234987836464135,234987836536109,234987836536783,1424,71974,674,74072
3390,234987836652857,234987836654299,234987836723777,234987836724433,1442,69478,656,71576
3391,234987836840613,234987836842033,234987836912155,234987836912827,1420,70122,672,72214
3392,234987837029417,234987837030867,234987837099463,234987837100127,1450,68596,664,70710
3393,234987837224173,234987837225619,234987837296395,234987837297101,1446,70776,706,72928
3394,234987837413231,234987837414655,234987837485227,234987837485863,1424,70572,636,72632
3395,234987837601669,234987837603985,234987837672653,234987837673325,2316,68668,672,71656
3396,234987837789515,234987837790949,234987837860867,234987837861523,1434,69918,656,72008
3397,234987837985111,234987837986561,234987838058137,234987838058815,1450,71576,678,73704
3398,234987838174967,234987838176359,234987838246987,234987838247675,1392,70628,688,72708
3399,234987838363525,234987838365919,234987838436169,234987838436827,2394,70250,658,73302
3400,234987838552909,234987838555271,234987838626439,234987838627121,2362,71168,682,74212
3401,234987838742963,234987838745299,234987838814557,234987838815245,2336,69258,688,72282
3402,234987838931423,234987838933837,234987839002663,234987839003327,2414,68826,664,71904
3403,234987839127011,234987839128443,234987839199791,234987839200459,1432,71348,668,73448
3404,234987839316449,234987839318789,234987839389583,234987839390255,2340,70794,672,73806
3405,234987839506333,234987839508305,234987839578825,234987839579519,1972,70520,694,73186
3406,234987839695133,234987839696567,234987839767559,234987839768233,1434,70992,674,73100
3407,234987839885243,234987839887549,234987839957081,234987839957711,2306,69532,630,72468
3408,234987840074137,234987840076513,234987840148841,234987840149513,2376,72328,672,75376
3409,234987840265147,234987840266575,234987840337063,234987840337729,1428,70488,666,72582
3410,234987840453523,234987840454945,234987840525163,234987840525835,1422,70218,672,72312
3411,234987840641093,234987840642503,234987840713599,234987840714293,1410,71096,694,73200
3412,234987840838513,234987840839941,234987840909757,234987840910433,1428,69816,676,71920
3413,234987841034681,234987841036397,234987841106267,234987841106933,1716,69870,666,72252
3414,234987841223231,234987841224659,234987841295479,234987841296137,1428,70820,658,72906
3415,234987841411873,234987841413329,234987841481929,234987841482597,1456,68600,668,70724
3416,234987841598593,234987841600013,234987841671065,234987841671689,1420,71052,624,73096
3417,234987841787245,234987841788701,234987841861307,234987841861969,1456,72606,662,74724
3418,234987841977935,234987841979363,234987842048533,234987842049223,1428,69170,690,71288
3419,234987842165155,234987842167501,234987842237183,234987842237845,2346,69682,662,72690
3420,234987842354095,234987842355467,234987842428919,234987842429605,1372,73452,686,75510
3421,234987842545265,234987842547695,234987842617859,234987842618519,2430,70164,660,73254
3422,234987842734091,234987842735501,234987842807527,234987842808191,1410,72026,664,74100
3423,234987842932045,234987842933477,234987843002701,234987843003379,1432,69224,678,71334
3424,234987843127333,234987843129715,234987843198559,234987843199181,2382,68844,622,71848
3425,234987843315433,234987843316865,234987843389653,234987843390359,1432,72788,706,74926
3426,234987843506599,234987843508009,234987843577793,234987843578479,1410,69784,686,71880
3427,234987843694039,234987843695437,234987843767041,234987843767703,1398,71604,662,73664
3428,234987843895867,234987843897325,234987843966919,234987843967589,1458,69594,670,71722
3429,234987844083461,234987844084885,234987844155787,234987844156451,1424,70902,664,72990
3430,234987844272035,234987844274371,234987844344221,234987844344895,2336,69850,674,72860
3431,234987844460867,234987844463251,234987844533667,234987844534363,2384,70416,696,73496
3432,234987844649885,234987844652185,234987844722911,234987844723603,2300,70726,692,73718
3433,234987844848467,234987844849915,234987844921415,234987844922081,1448,71500,666,73614
3434,234987845037649,234987845039075,234987845111261,234987845111953,1426,72186,692,74304
3435,234987845227957,234987845230259,234987845298995,234987845299657,2302,68736,662,71700
3436,234987845415817,234987845418101,234987845492239,234987845492897,2284,74138,658,77080
3437,234987845608427,234987845609869,234987845679559,234987845680235,1442,69690,676,71808
3438,234987845796113,234987845797519,234987845869831,234987845870495,1406,72312,664,74382
3439,234987845986769,234987845988205,234987846057811,234987846058469,1436,69606,658,71700
3440,234987846174425,234987846176599,234987846246173,234987846246863,2174,69574,690,72438
3441,234987846363065,234987846364555,234987846433523,234987846434201,1490,68968,678,71136
3442,234987846550381,234987846552743,234987846620881,234987846621571,2362,68138,690,71190
3443,234987846746221,234987846747599,234987846819565,234987846820253,1378,71966,688,74032
3444,234987846945443,234987846947779,234987847016609,234987847017253,2336,68830,644,71810
3445,234987847133263,234987847134709,234987847204345,234987847204985,1446,69636,640,71722
3446,234987847321501,234987847323507,234987847394287,234987847394939,2006,70780,652,73438
3447,234987847511533,234987847513837,234987847583683,234987847584343,2304,69846,660,72810
3448,234987847699935,234987847701313,234987847773901,234987847774561,1378,72588,660,74626
3449,234987847890095,234987847891475,234987847964407,234987847965101,1380,72932,694,75006
3450,234987848080771,234987848082185,234987848151659,234987848152319,1414,69474,660,71548
3451,234987848268187,234987848269595,234987848339597,234987848340283,1408,70002,686,72096
3452,234987848456713,234987848458135,234987848527877,234987848528551,1422,69742,674,71838
3453,234987848654677,234987848656093,234987848728225,234987848728883,1416,72132,658,74206
3454,234987848844763,234987848847047,234987848917489,234987848918189,2284,70442,700,73426
3455,234987849034537,234987849036853,234987849105517,234987849106183,2316,68664,666,71646
3456,234987849222227,234987849223679,234987849291973,234987849292631,1452,68294,658,70404
3457,234987849408895,234987849411187,234987849480887,234987849481511,2292,69700,624,72616
3458,234987849597953,234987849599399,234987849668833,234987849669505,1446,69434,672,71552
3459,234987849785771,234987849787177,234987849857339,234987849858007,1406,70162,668,72236
3460,234987849981641,234987849983065,234987850051975,234987850052651,1424,68910,676,71010
3461,234987850168775,234987850170169,234987850241509,234987850242191,1394,71340,682,73416
3462,234987850357819,234987850360169,234987850429651,234987850430339,2350,69482,688,72520
3463,234987850555871,234987850557319,234987850625747,234987850626433,1448,68428,686,70562
3464,234987850742339,234987850743809,234987850816285,234987850816985,1470,72476,700,74646
3465,234987850934821,234987850936241,234987851008439,234987851009089,1420,72198,650,74268
3466,234987851125475,234987851127839,234987851196869,234987851197541,2364,69030,672,72066
3467,234987851313863,234987851315249,234987851387909,234987851388595,1386,72660,686,74732
3468,234987851504179,234987851505599,234987851577995,234987851578675,1420,72396,680,74496
3469,234987851694571,234987851695937,234987851767297,234987851767955,1366,71360,658,73384
3470,234987851900987,234987851903059,234987851972051,234987851972693,2072,68992,642,71706
3471,234987852089029,234987852090471,234987852159419,234987852160067,1442,68948,648,71038
3472,234987852275765,234987852277789,234987852346501,234987852347179,2024,68712,678,71414
3473,234987852463151,234987852466061,234987852536093,234987852536777,2910,70032,684,73626
3474,234987852661669,234987852663143,234987852734483,234987852735143,1474,71340,660,73474
3475,234987852858791,234987852860189,234987852930175,234987852930863,1398,69986,688,72072
3476,234987853047055,234987853048457,234987853118323,234987853118995,1402,69866,672,71940
3477,234987853234919,234987853236349,234987853306407,234987853307077,1430,70058,670,72158
3478,234987853423379,234987853425313,234987853494491,234987853495153,1934,69178,662,71774
3479,234987853611523,234987853612955,234987853681865,234987853682545,1432,68910,680,71022
3480,234987853798825,234987853800283,234987853869511,234987853870175,1458,69228,664,71350
3481,234987853986439,234987853987871,234987854059225,234987854059891,1432,71354,666,73452
3482,234987854175935,234987854177353,234987854246203,234987854246905,1418,68850,702,70970
3483,234987854363167,234987854365471,234987854434087,234987854434757,2304,68616,670,71590
3484,234987854559769,234987854561231,234987854630617,234987854631283,1462,69386,666,71514
3485,234987854747423,234987854748835,234987854818963,234987854819633,1412,70128,670,72210
3486,234987854935463,234987854936861,234987855009247,234987855009895,1398,72386,648,74432
3487,234987855125779,234987855127217,234987855197395,234987855198071,1438,70178,676,72292
3488,234987855314875,234987855316385,234987855388745,234987855389401,1510,72360,656,74526
3489,234987855505175,234987855506627,234987855576157,234987855576823,1452,69530,666,71648
3490,234987855692605,234987855694069,234987855764189,234987855764855,1464,70120,666,72250
3491,234987855888329,234987855890315,234987855961445,234987855962107,1986,71130,662,73778
3492,234987856078103,234987856079509,234987856150139,234987856150783,1406,70630,644,72680
3493,234987856266577,234987856267981,234987856338815,234987856339483,1404,70834,668,72906
3494,234987856464109,234987856465561,234987856535359,234987856536031,1452,69798,672,71922
3495,234987856651801,234987856653227,234987856723879,234987856724545,1426,70652,666,72744
3496,234987856840759,234987856842173,234987856911763,234987856912423,1414,69590,660,71664
3497,234987857028967,234987857031307,234987857100883,234987857101565,2340,69576,682,72598
3498,234987857218219,234987857219651,234987857289025,234987857289691,1432,69374,666,71472
3499,234987857405663,234987857407091,234987857478067,234987857478739,1428,70976,672,73076
3500,234987857594491,234987857596775,234987857666575,234987857667265,2284,69800,690,72774
3501,234987857783605,234987857785891,234987857856259,234987857856901,2286,70368,642,73296
3502,234987857972177,234987857973605,234987858043709,234987858044387,1428,70104,678,72210
3503,234987858160639,234987858162119,234987858233399,234987858234043,1480,71280,644,73404
3504,234987858359483,234987858361019,234987858433477,234987858434161,1536,72458,684,74678
3505,234987858550115,234987858551579,234987858621097,234987858621757,1464,69518,660,71642
3506,234987858738349,234987858739789,234987858810071,234987858810737,1440,70282,666,72388
3507,234987858934433,234987858936769,234987859007455,234987859008119,2336,70686,664,73686
3508,234987859124665,234987859126123,234987859196737,234987859197409,1458,70614,672,72744
3509,234987859313155,234987859314625,234987859383331,234987859384007,1470,68706,676,70852
3510,234987859499825,234987859502257,234987859571681,234987859572365,2432,69424,684,72540
3511,234987859688515,234987859690027,234987859759321,234987859759985,1512,69294,664,71470
3512,234987859876239,234987859877687,234987859947769,234987859948415,1448,70082,646,72176
3513,234987860064085,234987860065535,234987860136979,234987860137657,1450,71444,678,73572
3514,234987860262385,234987860264717,234987860335255,234987860335957,2332,70538,702,73572
3515,234987860460685,234987860462143,234987860534333,234987860535043,1458,72190,710,74358
3516,234987860651201,234987860652679,234987860721691,234987860722345,1478,69012,654,71144
3517,234987860838863,234987860840293,234987860910149,234987860910823,1430,69856,674,71960
3518,234987861027449,234987861029791,234987861101107,234987861101795,2342,71316,688,74346
3519,234987861217603,234987861219025,234987861289847,234987861290531,1422,70822,684,72928
3520,234987861406001,234987861408347,234987861476917,234987861477557,2346,68570,640,71556
3521,234987861594445,234987861596785,234987861666373,234987861667051,2340,69588,678,72606
3522,234987861791431,234987861792829,234987861862711,234987861863417,1398,69882,706,71986
3523,234987861983971,234987861985451,234987862054835,234987862055531,1480,69384,696,71560
3524,234987862180427,234987862181819,234987862253977,234987862254647,1392,72158,670,74220
3525,234987862370717,234987862372105,234987862443049,234987862443755,1388,70944,706,73038
3526,234987862559801,234987862561223,234987862629541,234987862630213,1422,68318,672,70412
3527,234987862745941,234987862747357,234987862818011,234987862818667,1416,70654,656,72726
3528,234987862934399,234987862935815,234987863005915,234987863006587,1416,70100,672,72188
3529,234987863122307,234987863123765,234987863194433,234987863195107,1458,70668,674,72800
3530,234987863311345,234987863312701,234987863387971,234987863388637,1356,75270,666,77292
3531,234987863504453,234987863505883,234987863575693,234987863576401,1430,69810,708,71948
3532,234987863692127,234987863693539,234987863763047,234987863763713,1412,69508,666,71586
3533,234987863880001,234987863881379,234987863951381,234987863952047,1378,70002,666,72046
3534,234987864076381,234987864077807,234987864146947,234987864147641,1426,69140,694,71260
3535,234987864263513,234987864264959,234987864335273,234987864335923,1446,70314,650,72410
3536,234987864451511,234987864453871,234987864522541,234987864523163,2360,68670,622,71652
3537,234987864639425,234987864641723,234987864710719,234987864711407,2298,68996,688,71982
3538,234987864835325,234987864836779,234987864906835,234987864907499,1454,70056,664,72174
3539,234987865023713,234987865026035,234987865096069,234987865096733,2322,70034,664,73020
3540,234987865212439,234987865214773,234987865284407,234987865285073,2334,69634,666,72634
3541,234987865400843,234987865402259,234987865474145,234987865474799,1416,71886,654,73956
3542,234987865590883,234987865592309,234987865663369,234987865664047,1426,71060,678,73164
3543,234987865779917,234987865781351,234987865851665,234987865852357,1434,70314,692,72440
3544,234987865977697,234987865979125,234987866048905,234987866049583,1428,69780,678,71886
3545,234987866165225,234987866166629,234987866238749,234987866239411,1404,72120,662,74186
3546,234987866355571,234987866357011,234987866425369,234987866426029,1440,68358,660,70458
3547,234987866542523,234987866543957,234987866614211,234987866614895,1434,70254,684,72372
3548,234987866730959,234987866733055,234987866805223,234987866805883,2096,72168,660,74924
3549,234987866921563,234987866923003,234987866991049,234987866991703,1440,68046,654,70140
3550,234987867107669,234987867109087,234987867180187,234987867180857,1418,71100,670,73188
3551,234987867296959,234987867298387,234987867368057,234987867368749,1428,69670,692,71790
3552,234987867484939,234987867486353,234987867559295,234987867559951,1414,72942,656,75012
3553,234987867675845,234987867677239,234987867749431,234987867750091,1394,72192,660,74246
3554,234987867881225,234987867882671,234987867952543,234987867953207,1446,69872,664,71982
3555,234987868070069,234987868071509,234987868141577,234987868142251,1440,70068,674,72182
3556,234987868258751,234987868260167,234987868331375,234987868332043,1416,71208,668,73292
3557,234987868448167,234987868450457,234987868521089,234987868521767,2290,70632,678,73600
3558,234987868637813,234987868639253,234987868711213,234987868711873,1440,71960,660,74060
3559,234987868828321,234987868829755,234987868900109,234987868900789,1434,70354,680,72468
3560,234987869016485,234987869017939,234987869086417,234987869087081,1454,68478,664,70596
3561,234987869212123,234987869214427,234987869284109,234987869284787,2304,69682,678,72664
3562,234987869400557,234987869401967,234987869475067,234987869475721,1410,73100,654,75164
3563,234987869591557,234987869593861,234987869665001,234987869665655,2304,71140,654,74098
3564,234987869800263,234987869801677,234987869872867,234987869873545,1414,71190,678,73282
3565,234987869989861,234987869991245,234987870066055,234987870066713,1384,74810,658,76852
3566,234987870182801,234987870185267,234987870255713,234987870256375,2466,70446,662,73574
3567,234987870372713,234987870374123,234987870444499,234987870445171,1410,70376,672,72458
3568,234987870560833,234987870562599,234987870631819,234987870632477,1766,69220,658,71644
3569,234987870748529,234987870749933,234987870821665,234987870822355,1404,71732,690,73826
3570,234987870947459,234987870949031,234987871018385,234987871019039,1572,69354,654,71580
3571,234987871134733,234987871136347,234987871206121,234987871206785,1614,69774,664,72052
3572,234987871323263,234987871324675,234987871396159,234987871396799,1412,71484,640,73536
3573,234987871512805,234987871515199,234987871584017,234987871584691,2394,68818,674,71886
3574,234987871710293,234987871711747,234987871781579,234987871782269,1454,69832,690,71976
3575,234987871898257,234987871899707,234987871969423,234987871970081,1450,69716,658,71824
3576,234987872085515,234987872086933,234987872156567,234987872157235,1418,69634,668,71720
3577,234987872273093,234987872274491,234987872346217,234987872346871,1398,71726,654,73778
3578,234987872462933,234987872464379,234987872533555,234987872534225,1446,69176,670,71292
3579,234987872650129,234987872651581,234987872721023,234987872721689,1452,69442,666,71560
3580,234987872837959,234987872840327,234987872910871,234987872911541,2368,70544,670,73582
3581,234987873028099,234987873029501,234987873102977,234987873103657,1402,73476,680,75558
3582,234987873219781,234987873221203,234987873291251,234987873291917,1422,70048,666,72136
3583,234987873407689,234987873409153,234987873478139,234987873478805,1464,68986,666,71116
3584,234987873595061,234987873597373,234987873665339,234987873666029,2312,67966,690,70968
3585,234987873799199,234987873801509,234987873873587,234987873874235,2310,72078,648,75036
3586,234987873990127,234987873991583,234987874060535,234987874061197,1456,68952,662,71070
3587,234987874178741,234987874180705,234987874250467,234987874251145,1964,69762,678,72404
3588,234987874366943,234987874369255,234987874438835,234987874439539,2312,69580,704,72596
3589,234987874555465,234987874556917,234987874628107,234987874628773,1452,71190,666,73308
3590,234987874744709,234987874746151,234987874817381,234987874818067,1442,71230,686,73358
3591,234987874934761,234987874937119,234987875006915,234987875007583,2358,69796,668,72822
3592,234987875123515,234987875124959,234987875197861,234987875198545,1444,72902,684,75030
3593,234987875314525,234987875316847,234987875391081,234987875391739,2322,74234,658,77214
3594,234987875507497,234987875508907,234987875578411,234987875579089,1410,69504,678,71592
3595,234987875710493,234987875711941,234987875782181,234987875782807,1448,70240,626,72314
3596,234987875898997,234987875901395,234987875972605,234987875973299,2398,71210,694,74302
3597,234987876089579,234987876091003,234987876160261,234987876160919,1424,69258,658,71340
3598,234987876277237,234987876278641,234987876345911,234987876346603,1404,67270,692,69366
3599,234987876462943,234987876465313,234987876534037,234987876534721,2370,68724,684,71778
3600,234987876650869,234987876653233,234987876723121,234987876723821,2364,69888,700,72952
3601,234987876847903,234987876850231,234987876920383,234987876921071,2328,70152,688,73168
3602,234987877037327,234987877039615,234987877110313,234987877110977,2288,70698,664,73650
3603,234987877227205,234987877228675,234987877297033,234987877297693,1470,68358,660,70488
3604,234987877413877,234987877416241,234987877487381,234987877488055,2364,71140,674,74178
3605,234987877613221,234987877614673,234987877686323,234987877687003,1452,71650,680,73782
3606,234987877810453,234987877812797,234987877883309,234987877883989,2344,70512,680,73536
3607,234987877999723,234987878002027,234987878071487,234987878072161,2304,69460,674,72438
3608,234987878188039,234987878190331,234987878260945,234987878261609,2292,70614,664,73570
3609,234987878377817,234987878380117,234987878450989,234987878451671,2300,70872,682,73854
3610,234987878567659,234987878569055,234987878640647,234987878641315,1396,71592,668,73656
3611,234987878757505,234987878759339,234987878829887,234987878830555,1834,70548,668,73050
3612,234987878946251,234987878948557,234987879018467,234987879019115,2306,69910,648,72864
3613,234987879135439,234987879136885,234987879206647,234987879207311,1446,69762,664,71872
3614,234987879323581,234987879325871,234987879397301,234987879398005,2290,71430,704,74424
3615,234987879522557,234987879523991,234987879594301,234987879594977,1434,70310,676,72420
3616,234987879711335,234987879712741,234987879787271,234987879787961,1406,74530,690,76626
3617,234987879912217,234987879914569,234987879983119,234987879983785,2352,68550,666,71568
3618,234987880099427,234987880101815,234987880170455,234987880171097,2388,68640,642,71670
3619,234987880287343,234987880288807,234987880356313,234987880356991,1464,67506,678,69648
3620,234987880473175,234987880474831,234987880543573,234987880544231,1656,68742,658,71056
3621,234987880660241,234987880662199,234987880734365,234987880735057,1958,72166,692,74816
3622,234987880851001,234987880852447,234987880921975,234987880922659,1446,69528,684,71658
3623,234987881038511,234987881039957,234987881109967,234987881110625,1446,70010,658,72114
3624,234987881227019,234987881228419,234987881299099,234987881299753,1400,70680,654,72734
3625,234987881425009,234987881426471,234987881496151,234987881496839,1462,69680,688,71830
3626,234987881612383,234987881613817,234987881685427,234987881686081,1434,71610,654,73698
3627,234987881801833,234987881803297,234987881872075,234987881872741,1464,68778,666,70908
3628,234987881988937,234987881990363,234987882062059,234987882062749,1426,71696,690,73812
3629,234987882178547,234987882180931,234987882252701,234987882253379,2384,71770,678,74832
3630,234987882369319,234987882370747,234987882441035,234987882441707,1428,70288,672,72388
3631,234987882557705,234987882559225,234987882627811,234987882628469,1520,68586,658,70764
3632,234987882745009,234987882747493,234987882818039,234987882818695,2484,70546,656,73686
3633,234987882943117,234987882945299,234987883015969,234987883016657,2182,70670,688,73540
3634,234987883132241,234987883134601,234987883204651,234987883205311,2360,70050,660,73070
3635,234987883330213,234987883332023,234987883400699,234987883401355,1810,68676,656,71142
3636,234987883517051,234987883518437,234987883588271,234987883588949,1386,69834,678,71898
3637,234987883704977,234987883707647,234987883778857,234987883779517,2670,71210,660,74540
3638,234987883895881,234987883897315,234987883966837,234987883967489,1434,69522,652,71608
3639,234987884083721,234987884086075,234987884157187,234987884157859,2354,71112,672,74138
3640,234987884274079,234987884275483,234987884345239,234987884345941,1404,69756,702,71862
3641,234987884462065,234987884463521,234987884532679,234987884533363,1456,69158,684,71298
3642,234987884649701,234987884652029,234987884722327,234987884723009,2328,70298,682,73308
3643,234987884838367,234987884839783,234987884910667,234987884911349,1416,70884,682,72982
3644,234987885027373,234987885028817,234987885099175,234987885099831,1444,70358,656,72458
3645,234987885224057,234987885225679,234987885252923,234987885253589,1622,27244,666,29532
3646,234987885369623,234987885371059,234987885441251,234987885441941,1436,70192,690,72318
3647,234987885558847,234987885560303,234987885629947,234987885630631,1456,69644,684,71784
3648,234987885753239,234987885754669,234987885825337,234987885826013,1430,70668,676,72774
3649,234987885946273,234987885947729,234987886016929,234987886017619,1456,69200,690,71346
3650,234987886133683,234987886135133,234987886204357,234987886205011,1450,69224,654,71328
3651,234987886321087,234987886322515,234987886392425,234987886393091,1428,69910,666,72004
3652,234987886517965,234987886519433,234987886590121,234987886590793,1468,70688,672,72828
3653,234987886707329,234987886708775,234987886780921,234987886781581,1446,72146,660,74252
3654,234987886898141,234987886900459,234987886969807,234987886970429,2318,69348,622,72288
3655,234987887095567,234987887097023,234987887168489,234987887169161,1456,71466,672,73594
3656,234987887284963,234987887286383,234987887355745,234987887356417,1420,69362,672,71454
3657,234987887472847,234987887475163,234987887544469,234987887545151,2316,69306,682,72304
3658,234987887661335,234987887662757,234987887731667,234987887732383,1422,68910,716,71048
3659,234987887848441,234987887849875,234987887922151,234987887922805,1434,72276,654,74364
3660,234987888038515,234987888040903,234987888110479,234987888111155,2388,69576,676,72640
3661,234987888227383,234987888228827,234987888296695,234987888297379,1444,67868,684,69996
3662,234987888414017,234987888416323,234987888485659,234987888486325,2306,69336,666,72308
3663,234987888602407,234987888603833,234987888673685,234987888674357,1426,69852,672,71950
3664,234987888798407,234987888800731,234987888871955,234987888872623,2324,71224,668,74216
3665,234987888998123,234987888999607,234987889071319,234987889071995,1484,71712,676,73872
3666,234987889187897,234987889190191,234987889259039,234987889259725,2294,68848,686,71828
3667,234987889375763,234987889377197,234987889447273,234987889447927,1434,70076,654,72164
3668,234987889564333,234987889565789,234987889635931,234987889636603,1456,70142,672,72270
3669,234987889752817,234987889754807,234987889825839,234987889826513,1990,71032,674,73696
3670,234987889942825,234987889945123,234987890014411,234987890015077,2298,69288,666,72252
3671,234987890131001,234987890132419,234987890202863,234987890203543,1418,70444,680,72542
3672,234987890319085,234987890320515,234987890389913,234987890390597,1430,69398,684,71512
3673,234987890506705,234987890508119,234987890576543,234987890577221,1414,68424,678,70516
3674,234987890693389,234987890694811,234987890763185,234987890763863,1422,68374,678,70474
3675,234987890879561,234987890881001,234987890950613,234987890951261,1440,69612,648,71700
3676,234987891076033,234987891078971,234987891149473,234987891150119,2938,70502,646,74086
3677,234987891266237,234987891267683,234987891337777,234987891338443,1446,70094,666,72206
3678,234987891454267,234987891455705,234987891527287,234987891527935,1438,71582,648,73668
3679,234987891643945,234987891645839,234987891718427,234987891719119,1894,72588,692,75174
3680,234987891845203,234987891847577,234987891917621,234987891918301,2374,70044,680,73098
3681,234987892034101,234987892035517,234987892106747,234987892107407,1416,71230,660,73306
3682,234987892223131,234987892225195,234987892296929,234987892297627,2064,71734,698,74496
3683,234987892414163,234987892415567,234987892485413,234987892486075,1404,69846,662,71912
3684,234987892602439,234987892603811,234987892673957,234987892674625,1372,70146,668,72186
3685,234987892790557,234987892792871,234987892862441,234987892863095,2314,69570,654,72538
3686,234987892987849,234987892990231,234987893058163,234987893058841,2382,67932,678,70992
3687,234987893174999,234987893177305,234987893247833,234987893248525,2306,70528,692,73526
3688,234987893364541,234987893365943,234987893436139,234987893436773,1402,70196,634,72232
3689,234987893553289,234987893555593,234987893625343,234987893625991,2304,69750,648,72702
3690,234987893741537,234987893743889,234987893813309,234987893813989,2352,69420,680,72452
3691,234987893930261,234987893932573,234987894002825,234987894003503,2312,70252,678,73242
3692,234987894119651,234987894121097,234987894192287,234987894192943,1446,71190,656,73292
3693,234987894309107,234987894310501,234987894380473,234987894381163,1394,69972,690,72056
3694,234987894497149,234987894498529,234987894570521,234987894571211,1380,71992,690,74062
3695,234987894687037,234987894688525,234987894758611,234987894759275,1488,70086,664,72238
3696,234987894892531,234987894894031,234987894961795,234987894962483,1500,67764,688,69952
3697,234987895087019,234987895089605,234987895159277,234987895159945,2586,69672,668,72926
3698,234987895276051,234987895277461,234987895348937,234987895349603,1410,71476,666,73552
3699,234987895465267,234987895466695,234987895537643,234987895538305,1428,70948,662,73038
3700,234987895654187,234987895655629,234987895724713,234987895725367,1442,69084,654,71180
3701,234987895841453,234987895843741,234987895913417,234987895914079,2288,69676,662,72626
3702,234987896030153,234987896031575,234987896100595,234987896101259,1422,69020,664,71106
3703,234987896217095,234987896219597,234987896288299,234987896289007,2502,68702,708,71912
3704,234987896405023,234987896406461,234987896477449,234987896478137,1438,70988,688,73114
3705,234987896594295,234987896595731,234987896665421,234987896666081,1436,69690,660,71786
3706,234987896790745,234987896792437,234987896861363,234987896862011,1692,68926,648,71266
3707,234987896977687,234987896980075,234987897049925,234987897050581,2388,69850,656,72894
3708,234987897166609,234987897168907,234987897238805,234987897239515,2298,69898,710,72906
3709,234987897355657,234987897357067,234987897426937,234987897427591,1410,69870,654,71934
3710,234987897543707,234987897545981,234987897615623,234987897616303,2274,69642,680,72596
3711,234987897740945,234987897742361,234987897812735,234987897813397,1416,70374,662,72452
3712,234987897929027,234987897930427,234987898002157,234987898002839,1400,71730,682,73812
3713,234987898119563,234987898121519,234987898190879,234987898191535,1956,69360,656,71972
3714,234987898308031,234987898309457,234987898380385,234987898381069,1426,70928,684,73038
3715,234987898497271,234987898498687,234987898569119,234987898569815,1416,70432,696,72544
3716,234987898701061,234987898703465,234987898773971,234987898774607,2404,70506,636,73546
3717,234987898890413,234987898891819,234987898963727,234987898964347,1406,71908,620,73934
3718,234987899080081,234987899081615,234987899152837,234987899153527,1534,71222,690,73446
3719,234987899269295,234987899270725,234987899340115,234987899340785,1430,69390,670,71490
3720,234987899456701,234987899458135,234987899528021,234987899528683,1434,69886,662,71982
3721,234987899645243,234987899646709,234987899717947,234987899718631,1466,71238,684,73388
3722,234987899834903,234987899836757,234987899906741,234987899907409,1854,69984,668,72506
3723,234987900022715,234987900024317,234987900096485,234987900097159,1602,72168,674,74444
3724,234987900213361,234987900214759,234987900286345,234987900286999,1398,71586,654,73638
3725,234987900403135,234987900405811,234987900477019,234987900477671,2676,71208,652,74536
3726,234987900602605,234987900604091,234987900673009,234987900673693,1486,68918,684,71088
3727,234987900797743,234987900800095,234987900869597,234987900870283,2352,69502,686,72540
3728,234987900986117,234987900987565,234987901057919,234987901058593,1448,70354,674,72476
3729,234987901174591,234987901176027,234987901245721,234987901246421,1436,69694,700,71830
3730,234987901362641,234987901364065,234987901434743,234987901435411,1424,70678,668,72770
3731,234987901551463,234987901552925,234987901621993,234987901622683,1462,69068,690,71220
3732,234987901738631,234987901740079,234987901807859,234987901808515,1448,67780,656,69884
3733,234987901924621,234987901926047,234987901995539,234987901996199,1426,69492,660,71578
3734,234987902112007,234987902113445,234987902181847,234987902182525,1438,68402,678,70518
3735,234987902298503,234987902299931,234987902372393,234987902373073,1428,72462,680,74570
3736,234987902497813,234987902499299,234987902569099,234987902569759,1486,69800,660,71946
3737,234987902685935,234987902688269,234987902757059,234987902757723,2334,68790,664,71788
3738,234987902874017,234987902875637,234987902942635,234987902943293,1620,66998,658,69276
3739,234987903059465,234987903061807,234987903131719,234987903132427,2342,69912,708,72962
3740,234987903248453,234987903250319,234987903319627,234987903320291,1866,69308,664,71838
3741,234987903435835,234987903438655,234987903507487,234987903508159,2820,68832,672,72324
3742,234987903624557,234987903625985,234987903696523,234987903697205,1428,70538,682,72648
3743,234987903831575,234987903833005,234987903902891,234987903903575,1430,69886,684,72000
3744,234987904019587,234987904021039,234987904090531,234987904091177,1452,69492,646,71590
3745,234987904208383,234987904210673,234987904281113,234987904281731,2290,70440,618,73348
3746,234987904406861,234987904408309,234987904479355,234987904479983,1448,71046,628,73122
3747,234987904595521,234987904597049,234987904666455,234987904667135,1528,69406,680,71614
3748,234987904783399,234987904784813,234987904855507,234987904856189,1414,70694,682,72790
3749,234987904972553,234987904973945,234987905046445,234987905047111,1392,72500,666,74558
3750,234987905163091,234987905164867,234987905234977,234987905235655,1776,70110,678,72564
3751,234987905351567,234987905352997,234987905425885,234987905426587,1430,72888,702,75020
3752,234987905542999,234987905544437,234987905613709,234987905614385,1438,69272,676,71386
3753,234987905730289,234987905732449,234987905800485,234987905801185,2160,68036,700,70896
3754,234987905916907,234987905918321,234987905990263,234987905990969,1414,71942,706,74062
3755,234987906106903,234987906109307,234987906179015,234987906179693,2404,69708,678,72790
3756,234987906304451,234987906305899,234987906376277,234987906376957,1448,70378,680,72506
3757,234987906493115,234987906494551,234987906562379,234987906563089,1436,67828,710,69974
3758,234987906679349,234987906682223,234987906751429,234987906752099,2874,69206,670,72750
3759,234987906876343,234987906877735,234987906948943,234987906949615,1392,71208,672,73272
3760,234987907065385,234987907066799,234987907137199,234987907137851,1414,70400,652,72466
3761,234987907253993,234987907256305,234987907326901,234987907327597,2312,70596,696,73604
3762,234987907443383,234987907444781,234987907515385,234987907516051,1398,70604,666,72668
3763,234987907632281,234987907633711,234987907703485,234987907704169,1430,69774,684,71888
3764,234987907820377,234987907821775,234987907893745,234987907894451,1398,71970,706,74074
3765,234987908010147,234987908011579,234987908082453,234987908083123,1432,70874,670,72976
3766,234987908208425,234987908209861,234987908280073,234987908280733,1436,70212,660,72308
3767,234987908396425,234987908397871,234987908467253,234987908467921,1446,69382,668,71496
3768,234987908585135,234987908587477,234987908656463,234987908657083,2342,68986,620,71948
3769,234987908773243,234987908775557,234987908848033,234987908848697,2314,72476,664,75454
3770,234987908964881,234987908967199,234987909037825,234987909038513,2318,70626,688,73632
3771,234987909154193,234987909155683,234987909224927,234987909225599,1490,69244,672,71406
3772,234987909341917,234987909343357,234987909412495,234987909413197,1440,69138,702,71280
3773,234987909529163,234987909530585,234987909600179,234987909600835,1422,69594,656,71672
3774,234987909726845,234987909728251,234987909800119,234987909800791,1406,71868,672,73946
3775,234987909916609,234987909918029,234987909988115,234987909988801,1420,70086,686,72192
3776,234987910114063,234987910116353,234987910187863,234987910188533,2290,71510,670,74470
3777,234987910304227,234987910305701,234987910374731,234987910375399,1474,69030,668,71172
3778,234987910491337,234987910493723,234987910562905,234987910563577,2386,69182,672,72240
3779,234987910679687,234987910682033,234987910755257,234987910755949,2346,73224,692,76262
3780,234987910871467,234987910874321,234987910942887,234987910943561,2854,68566,674,72094
3781,234987911060197,234987911061619,234987911132221,234987911132893,1422,70602,672,72696
3782,234987911249117,234987911250503,234987911321611,234987911322295,1386,71108,684,73178
3783,234987911437997,234987911439391,234987911512783,234987911513435,1394,73392,652,75438
3784,234987911628881,234987911631143,234987911701369,234987911702045,2262,70226,676,73164
3785,234987911818043,234987911820457,234987911890999,234987911891677,2414,70542,678,73634
3786,234987912007711,234987912009241,234987912079009,234987912079697,1530,69768,688,71986
3787,234987912204607,234987912206905,234987912275341,234987912276001,2298,68436,660,71394
3788,234987912392575,234987912393989,234987912462613,234987912463295,1414,68624,682,70720
3789,234987912588139,234987912590543,234987912660311,234987912661001,2404,69768,690,72862
3790,234987912785585,234987912787033,234987912856183,234987912856843,1448,69150,660,71258
3791,234987912973115,234987912974563,234987913043159,234987913043819,1448,68596,660,70704
3792,234987913160147,234987913161599,234987913231057,234987913231739,1452,69458,682,71592
3793,234987913348591,234987913350871,234987913420039,234987913420715,2280,69168,676,72124
3794,234987913536989,234987913538389,234987913611311,234987913611979,1400,72922,668,74990
3795,234987913727771,234987913729207,234987913800797,234987913801493,1436,71590,696,73722
3796,234987913917413,234987913918843,234987913987093,234987913987765,1430,68250,672,70352
3797,234987914113069,234987914114461,234987914186873,234987914187551,1392,72412,678,74482
3798,234987914303441,234987914304875,234987914376737,234987914377405,1434,71862,668,73964
3799,234987914493365,234987914494819,234987914567153,234987914567843,1454,72334,690,74478
3800,234987914683667,234987914685053,234987914758049,234987914758759,1386,72996,710,75092
3801,234987914875075,234987914876495,234987914947051,234987914947727,1420,70556,676,72652
3802,234987915063811,234987915065443,234987915134633,234987915135341,1632,69190,708,71530
3803,234987915251087,234987915252787,234987915322319,234987915322993,1700,69532,674,71906
3804,234987915438601,234987915440149,234987915512069,234987915512753,1548,71920,684,74152
3805,234987915628337,234987915629741,234987915700637,234987915701293,1404,70896,656,72956
3806,234987915825143,234987915826645,234987915896733,234987915897401,1502,70088,668,72258
3807,234987916021919,234987916023343,234987916094291,234987916094941,1424,70948,650,73022
3808,234987916210561,234987916211983,234987916283729,234987916284421,1422,71746,692,73860
3809,234987916400125,234987916401541,234987916471915,234987916472575,1416,70374,660,72450
3810,234987916588387,234987916590815,234987916663237,234987916663913,2428,72422,676,75526
3811,234987916779839,234987916781257,234987916850681,234987916851343,1418,69424,662,71504
3812,234987916967669,234987916969099,234987917039809,234987917040493,1430,70710,684,72824
3813,234987917156095,234987917157491,234987917230639,234987917231317,1396,73148,678,75222
3814,234987917347163,234987917348861,234987917420371,234987917421053,1698,71510,682,73890
3815,234987917536975,234987917538377,234987917608483,234987917609141,1402,70106,658,72166
3816,234987917725427,234987917726837,234987917797805,234987917798467,1410,70968,662,73040
3817,234987917922717,234987917924099,234987917994961,234987917995663,1382,70862,702,72946
3818,234987918111221,234987918113605,234987918183779,234987918184451,2384,70174,672,73230
3819,234987918300443,234987918302773,234987918374783,234987918375473,2330,72010,690,75030
3820,234987918491707,234987918493123,234987918564287,234987918564979,1416,71164,692,73272
3821,234987918680663,234987918682073,234987918753803,234987918754513,1410,71730,710,73850
3822,234987918878641,234987918880069,234987918950515,234987918951173,1428,70446,658,72532
3823,234987919067683,234987919069895,234987919138519,234987919139203,2212,68624,684,71520
3824,234987919255355,234987919256801,234987919326343,234987919327003,1446,69542,660,71648
3825,234987919442945,234987919445831,234987919514479,234987919515173,2886,68648,694,72228
3826,234987919630963,234987919633291,234987919701611,234987919702277,2328,68320,666,71314
3827,234987919827361,234987919828855,234987919898071,234987919898753,1494,69216,682,71392
3828,234987920014631,234987920016989,234987920087009,234987920087695,2358,70020,686,73064
3829,234987920203499,234987920204951,234987920274655,234987920275309,1452,69704,654,71810
3830,234987920390839,234987920392235,234987920465675,234987920466323,1396,73440,648,75484
3831,234987920582245,234987920583709,234987920653241,234987920653919,1464,69532,678,71674
3832,234987920770097,234987920771509,234987920841181,234987920841871,1412,69672,690,71774
3833,234987920958031,234987920959463,234987921032797,234987921033457,1432,73334,660,75426
3834,234987921157535,234987921158983,234987921229075,234987921229727,1448,70092,652,72192
3835,234987921346069,234987921347743,234987921417343,234987921418021,1674,69600,678,71952
3836,234987921533833,234987921535303,234987921603689,234987921604361,1470,68386,672,70528
3837,234987921745871,234987921747359,234987921816385,234987921817043,1488,69026,658,71172
3838,234987921933545,234987921935861,234987922007539,234987922008223,2316,71678,684,74678
3839,234987922124065,234987922125467,234987922197143,234987922197809,1402,71676,666,73744
3840,234987922314199,234987922316965,234987922387169,234987922387843,2766,70204,674,73644
3841,234987922503683,234987922505099,234987922576915,234987922577575,1416,71816,660,73892
3842,234987922693369,234987922694791,234987922764965,234987922765619,1422,70174,654,72250
3843,234987922881835,234987922884215,234987922955071,234987922955735,2380,70856,664,73900
3844,234987923071909,234987923073331,234987923141515,234987923142181,1422,68184,666,70272
3845,234987923258567,234987923260009,234987923329981,234987923330641,1442,69972,660,72074
3846,234987923446319,234987923447729,234987923519495,234987923520187,1410,71766,692,73868
3847,234987923645497,234987923646911,234987923718119,234987923718785,1414,71208,666,73288
3848,234987923835223,234987923836627,234987923907575,234987923908243,1404,70948,668,73020
3849,234987924025085,234987924027419,234987924096689,234987924097361,2334,69270,672,72276
3850,234987924213781,234987924216085,234987924286973,234987924287645,2304,70888,672,73864
3851,234987924403547,234987924405889,234987924475457,234987924476129,2342,69568,672,72582
3852,234987924591979,234987924593405,234987924661825,234987924662503,1426,68420,678,70524
3853,234987924786065,234987924787499,234987924856973,234987924857645,1434,69474,672,71580
3854,234987924973727,234987924975133,234987925045567,234987925046201,1406,70434,634,72474
3855,234987925162783,234987925164209,234987925237391,234987925238017,1426,73182,626,75234
3856,234987925353767,234987925355197,234987925426135,234987925426819,1430,70938,684,73052
3857,234987925552087,234987925553509,234987925623785,234987925624433,1422,70276,648,72346
3858,234987925740623,234987925742957,234987925812883,234987925813583,2334,69926,700,72960
3859,234987925930285,234987925932107,234987926001883,234987926002543,1822,69776,660,72258
3860,234987926119081,234987926120483,234987926191111,234987926191787,1402,70628,676,72706
3861,234987926307655,234987926309111,234987926379049,234987926379743,1456,69938,694,72088
3862,234987926495921,234987926498291,234987926568385,234987926569075,2370,70094,690,73154
3863,234987926684791,234987926686247,234987926755445,234987926756101,1456,69198,656,71310
3864,234987926871469,234987926872907,234987926943425,234987926944099,1438,70518,674,72630
3865,234987927059603,234987927061007,234987927130261,234987927130939,1404,69254,678,71336
3866,234987927246725,234987927249029,234987927318367,234987927319039,2304,69338,672,72314
3867,234987927442873,234987927444311,234987927514627,234987927515299,1438,70316,672,72426
3868,234987927631663,234987927633083,234987927703153,234987927703813,1420,70070,660,72150
3869,234987927828121,234987927829513,234987927903193,234987927903863,1392,73680,670,75742
3870,234987928019537,234987928020953,234987928092893,234987928093579,1416,71940,686,74042
3871,234987928209655,234987928211941,234987928281721,234987928282355,2286,69780,634,72700
3872,234987928397723,234987928399151,234987928469411,234987928470079,1428,70260,668,72356
3873,234987928586177,234987928588571,234987928657711,234987928658407,2394,69140,696,72230
3874,234987928774621,234987928776077,234987928846349,234987928847023,1456,70272,674,72402
3875,234987928963625,234987928965973,234987929033825,234987929034497,2348,67852,672,70872
3876,234987929150419,234987929152301,234987929223193,234987929223871,1882,70892,678,73452
3877,234987929348867,234987929350301,234987929418779,234987929419447,1434,68478,668,70580
3878,234987929535651,234987929537081,234987929608343,234987929609029,1430,71262,686,73378
3879,234987929725249,234987929726645,234987929800315,234987929801011,1396,73670,696,75762
3880,234987929925341,234987929926715,234987930000191,234987930000859,1374,73476,668,75518
3881,234987930116677,234987930119317,234987930188069,234987930188689,2640,68752,620,72012
3882,234987930304297,234987930306659,234987930376769,234987930377437,2362,70110,668,73140
3883,234987930493561,234987930494969,234987930568907,234987930569611,1408,73938,704,76050
3884,234987930693397,234987930694837,234987930765121,234987930765775,1440,70284,654,72378
3885,234987930881527,234987930882967,234987930954749,234987930955399,1440,71782,650,73872
3886,234987931071595,234987931073059,234987931142465,234987931143133,1464,69406,668,71538
3887,234987931272211,234987931273639,234987931344221,234987931344925,1428,70582,704,72714
3888,234987931461025,234987931463339,234987931533313,234987931533931,2314,69974,618,72906
3889,234987931649423,234987931650841,234987931719745,234987931720393,1418,68904,648,70970
3890,234987931836841,234987931838281,234987931907311,234987931907977,1440,69030,666,71136
3891,234987932024627,234987932026829,234987932094649,234987932095291,2202,67820,642,70664
3892,234987932211191,234987932213491,234987932281633,234987932282273,2300,68142,640,71082
3893,234987932398825,234987932400245,234987932472365,234987932473057,1420,72120,692,74232
3894,234987932588855,234987932591189,234987932659855,234987932660533,2334,68666,678,71678
3895,234987932776361,234987932777797,234987932847847,234987932848501,1436,70050,654,72140
3896,234987932964085,234987932965549,234987933034069,234987933034751,1464,68520,682,70666
3897,234987933159757,234987933162035,234987933235235,234987933235915,2278,73200,680,76158
3898,234987933351881,234987933353287,234987933427577,234987933428275,1406,74290,698,76394
3899,234987933543811,234987933545245,234987933615097,234987933615779,1434,69852,682,71968
3900,234987933739801,234987933742151,234987933810253,234987933810955,2350,68102,702,71154
3901,234987933927169,234987933928603,234987933999859,234987934000517,1434,71256,658,73348
3902,234987934116635,234987934118063,234987934186771,234987934187467,1428,68708,696,70832
3903,234987934303573,234987934305031,234987934374791,234987934375453,1458,69760,662,71880
3904,234987934491287,234987934492711,234987934565545,234987934566233,1424,72834,688,74946
3905,234987934682327,234987934683775,234987934752913,234987934753613,1448,69138,700,71286
3906,234987934870007,234987934871407,234987934942273,234987934942957,1400,70866,684,72950
3907,234987935059237,234987935060659,234987935133311,234987935133985,1422,72652,674,74748
3908,234987935259001,234987935260423,234987935332099,234987935332789,1422,71676,690,73788
3909,234987935449141,234987935450591,234987935520985,234987935521639,1450,70394,654,72498
3910,234987935637403,234987935639227,234987935709253,234987935709931,1824,70026,678,72528
3911,234987935826017,234987935828347,234987935897971,234987935898649,2330,69624,678,72632
3912,234987936014279,234987936015685,234987936086017,234987936086683,1406,70332,666,72404
3913,234987936203221,234987936204635,234987936274835,234987936275491,1414,70200,656,72270
3914,234987936391319,234987936393617,234987936463361,234987936464029,2298,69744,668,72710
3915,234987936580585,234987936582175,234987936651865,234987936652555,1590,69690,690,71970
3916,234987936776347,234987936778745,234987936847901,234987936848593,2398,69156,692,72246
3917,234987936964541,234987936965965,234987937035919,234987937036627,1424,69954,708,72086
3918,234987937161733,234987937163173,234987937233323,234987937233989,1440,70150,666,72256
3919,234987937349971,234987937351385,234987937422239,234987937422901,1414,70854,662,72930
3920,234987937538749,234987937541089,234987937611151,234987937611841,2340,70062,690,73092
3921,234987937727737,234987937730615,234987937800271,234987937800955,2878,69656,684,73218
3922,234987937917083,234987937918483,234987937990741,234987937991393,1400,72258,652,74310
3923,234987938107273,234987938109581,234987938180879,234987938181569,2308,71298,690,74296
3924,234987938297083,234987938298457,234987938369927,234987938370593,1374,71470,666,73510
3925,234987938494469,234987938495935,234987938566223,234987938566903,1466,70288,680,72434
3926,234987938682683,234987938684935,234987938752711,234987938753375,2252,67776,664,70692
3927,234987938869211,234987938870647,234987938942189,234987938942843,1436,71542,654,73632
3928,234987939069241,234987939070783,234987939097747,234987939098393,1542,26964,646,29152
3929,234987939214067,234987939215485,234987939285151,234987939285823,1418,69666,672,71756
3930,234987939402433,234987939405097,234987939474815,234987939475493,2664,69718,678,73060
3931,234987939592037,234987939593453,234987939663751,234987939664445,1416,70298,694,72408
3932,234987939788501,234987939790789,234987939858679,234987939859355,2288,67890,676,70854
3933,234987939975529,234987939976963,234987940045517,234987940046179,1434,68554,662,70650
3934,234987940162043,234987940163453,234987940233629,234987940234289,1410,70176,660,72246
3935,234987940350595,234987940352045,234987940422739,234987940423417,1450,70694,678,72822
3936,234987940539545,234987940540969,234987940612141,234987940612789,1424,71172,648,73244
3937,234987940728553,234987940729961,234987940800631,234987940801285,1408,70670,654,72732
3938,234987940919909,234987940922047,234987940948195,234987940948883,2138,26148,688,28974
3939,234987941034553,234987941036701,234987941099153,234987941099813,2148,62452,660,65260
3940,234987941187763,234987941189909,234987941252443,234987941253119,2146,62534,676,65356
3941,234987941341291,234987941343433,234987941403241,234987941403931,2142,59808,690,62640
3942,234987941490013,234987941491193,234987941552687,234987941553365,1180,61494,678,63352
3943,234987941639759,234987941640917,234987941703805,234987941704487,1158,62888,682,64728
3944,234987941790127,234987941791307,234987941854825,234987941855521,1180,63518,696,65394
3945,234987941941993,234987941943151,234987942004673,234987942005365,1158,61522,692,63372
3946,234987942091397,234987942092557,234987942154583,234987942155243,1160,62026,660,63846
3947,234987942240913,234987942242071,234987942305639,234987942306287,1158,63568,648,65374
3948,234987942392833,234987942393985,234987942456433,234987942457091,1152,62448,658,64258
3949,234987942550885,234987942552637,234987942613823,234987942614521,1752,61186,698,63636
3950,234987942708389,234987942709565,234987942770203,234987942770869,1176,60638,666,62480
3951,234987942857405,234987942858595,234987942921035,234987942921697,1190,62440,662,64292
3952,234987943007699,234987943008865,234987943071649,234987943072321,1166,62784,672,64622
3953,234987943159025,234987943160197,234987943219943,234987943220611,1172,59746,668,61586
3954,234987943306273,234987943308433,234987943369331,234987943370021,2160,60898,690,63748
3955,234987943456457,234987943457605,234987943521767,234987943522433,1148,64162,666,65976
3956,234987943608491,234987943609637,234987943671277,234987943671925,1146,61640,648,63434
3957,234987943757611,234987943758769,234987943820575,234987943821259,1158,61806,684,63648
3958,234987943907491,234987943908667,234987943972891,234987943973573,1176,64224,682,66082
3959,234987944059471,234987944060639,234987944122345,234987944123027,1168,61706,682,63556
3960,234987944216777,234987944218921,234987944280347,234987944281043,2144,61426,696,64266
3961,234987944367665,234987944368909,234987944431225,234987944431913,1244,62316,688,64248
3962,234987944518289,234987944519449,234987944582893,234987944583563,1160,63444,670,65274
3963,234987944669923,234987944671097,234987944733155,234987944733799,1174,62058,644,63876
3964,234987944819929,234987944821099,234987944883289,234987944883947,1170,62190,658,64018
3965,234987944969795,234987944970935,234987945034325,234987945034987,1140,63390,662,65192
3966,234987945120959,234987945122113,234987945183421,234987945184085,1154,61308,664,63126
3967,234987945270445,234987945271645,234987945334085,234987945334745,1200,62440,660,64300
3968,234987945421111,234987945422785,234987945486499,234987945487135,1674,63714,636,66024
3969,234987945573211,234987945574931,234987945636059,234987945636733,1720,61128,674,63522
3970,234987945730753,234987945731941,234987945794161,234987945794857,1188,62220,696,64104
3971,234987945903761,234987945904919,234987945967087,234987945967745,1158,62168,658,63984
3972,234987946053967,234987946055185,234987946118461,234987946119131,1218,63276,670,65164
3973,234987946205479,234987946206631,234987946267903,234987946268581,1152,61272,678,63102
3974,234987946354891,234987946356037,234987946419065,234987946419731,1146,63028,666,64840
3975,234987946506283,234987946507471,234987946569097,234987946569773,1188,61626,676,63490
3976,234987946656061,234987946657789,234987946718785,234987946719469,1728,60996,684,63408
3977,234987946808785,234987946810529,234987946872367,234987946873015,1744,61838,648,64230
3978,234987946961773,234987946963921,234987947026145,234987947026835,2148,62224,690,65062
3979,234987947115397,234987947116573,234987947181313,234987947181971,1176,64740,658,66574
3980,234987947270725,234987947271911,234987947334973,234987947335639,1186,63062,666,64914
3981,234987947424383,234987947426533,234987947488297,234987947488927,2150,61764,630,64544
3982,234987947588941,234987947591141,234987947653291,234987947653939,2200,62150,648,64998
3983,234987947746565,234987947747755,234987947812051,234987947812711,1190,64296,660,66146
3984,234987947905379,234987947906557,234987947969873,234987947970505,1178,63316,632,65126
3985,234987948063347,234987948064557,234987948128941,234987948129601,1210,64384,660,66254
3986,234987948221903,234987948223103,234987948288395,234987948289057,1200,65292,662,67154
3987,234987948387041,234987948388285,234987948454043,234987948454699,1244,65758,656,67658
3988,234987948552793,234987948554749,234987948619613,234987948620281,1956,64864,668,67488
3989,234987948727627,234987948728893,234987948793949,234987948794651,1266,65056,702,67024
3990,234987948892751,234987948894005,234987948959101,234987948959795,1254,65096,694,67044
3991,234987949057861,234987949060087,234987949124375,234987949125043,2226,64288,668,67182
3992,234987949229677,234987949230973,234987949297633,234987949298293,1296,66660,660,68616
3993,234987949411463,234987949412799,234987949480763,234987949481455,1336,67964,692,69992
3994,234987949585813,234987949587103,234987949656467,234987949657123,1290,69364,656,71310
3995,234987949761373,234987949762723,234987949828969,234987949829623,1350,66246,654,68250
3996,234987949946201,234987949947641,234987950017807,234987950018479,1440,70166,672,72278
3997,234987950134471,234987950136225,234987950206897,234987950207575,1754,70672,678,73104
3998,234987950323699,234987950326003,234987950396127,234987950396779,2304,70124,652,73080
3999,234987950512471,234987950513923,234987950583929,234987950584609,1452,70006,680,72138
4000,234987950700757,234987950702143,234987950773577,234987950774239,1386,71434,662,73482
4001,234987950890013,234987950891531,234987950962241,234987950962909,1518,70710,668,72896
4002,234987951079165,234987951081445,234987951149741,234987951150377,2280,68296,636,71212
4003,234987951274735,234987951276197,234987951346103,234987951346763,1462,69906,660,72028
4004,234987951463067,234987951464495,234987951534797,234987951535493,1428,70302,696,72426
4005,234987951659387,234987951660793,234987951730745,234987951731423,1406,69952,678,72036
4006,234987951847249,234987951848669,234987951920329,234987951920971,1420,71660,642,73722
4007,234987952036769,234987952038179,234987952109255,234987952109947,1410,71076,692,73178
4008,234987952226119,234987952228423,234987952297871,234987952298539,2304,69448,668,72420
4009,234987952414649,234987952416995,234987952486427,234987952487101,2346,69432,674,72452
4010,234987952602995,234987952604395,234987952671851,234987952672529,1400,67456,678,69534
4011,234987952788367,234987952789801,234987952858897,234987952859527,1434,69096,630,71160
4012,234987952975407,234987952976801,234987953047975,234987953048629,1394,71174,654,73222
4013,234987953174177,234987953175625,234987953245561,234987953246233,1448,69936,672,72056
4014,234987953362391,234987953363785,234987953435785,234987953436467,1394,72000,682,74076
4015,234987953553011,234987953554447,234987953625715,234987953626379,1436,71268,664,73368
4016,234987953751239,234987953753531,234987953823581,234987953824265,2292,70050,684,73026
4017,234987953940541,234987953941975,234987954012157,234987954012847,1434,70182,690,72306
4018,234987954129313,234987954130711,234987954202371,234987954203045,1398,71660,674,73732
4019,234987954319019,234987954320483,234987954390457,234987954391133,1464,69974,676,72114
4020,234987954507371,234987954508753,234987954580379,234987954581057,1382,71626,678,73686
4021,234987954704603,234987954705995,234987954774049,234987954774709,1392,68054,660,70106
4022,234987954891025,234987954892483,234987954963475,234987954964097,1458,70992,622,73072
4023,234987955089409,234987955091813,234987955161533,234987955162195,2404,69720,662,72786
4024,234987955278347,234987955279759,234987955350721,234987955351409,1412,70962,688,73062
4025,234987955467097,234987955469437,234987955540537,234987955541159,2340,71100,622,74062
4026,234987955656971,234987955659251,234987955727617,234987955728291,2280,68366,674,71320
4027,234987955844545,234987955846013,234987955916171,234987955916873,1468,70158,702,72328
4028,234987956032501,234987956033923,234987956102243,234987956102921,1422,68320,678,70420
4029,234987956218741,234987956220173,234987956289619,234987956290301,1432,69446,682,71560
4030,234987956406385,234987956407825,234987956479583,234987956480275,1440,71758,692,73890
4031,234987956596517,234987956597945,234987956668961,234987956669639,1428,71016,678,73122
4032,234987956785375,234987956787337,234987956856613,234987956857277,1962,69276,664,71902
4033,234987956981867,234987956983267,234987957055055,234987957055739,1400,71788,684,73872
4034,234987957171643,234987957174053,234987957243473,234987957244155,2410,69420,682,72512
4035,234987957360179,234987957361591,234987957429331,234987957429985,1412,67740,654,69806
4036,234987957545837,234987957548189,234987957618953,234987957619585,2352,70764,632,73748
4037,234987957743543,234987957744953,234987957816341,234987957817031,1410,71388,690,73488
4038,234987957933683,234987957935107,234987958006303,234987958006975,1424,71196,672,73292
4039,234987958123567,234987958125013,234987958195783,234987958196449,1446,70770,666,72882
4040,234987958312583,234987958314031,234987958385531,234987958386191,1448,71500,660,73608
4041,234987958502183,234987958504535,234987958575155,234987958575797,2352,70620,642,73614
4042,234987958691795,234987958693187,234987958763917,234987958764625,1392,70730,708,72830
4043,234987958880503,234987958881943,234987958952807,234987958953485,1440,70864,678,72982
4044,234987959078653,234987959081041,234987959151967,234987959152639,2388,70926,672,73986
4045,234987959269451,234987959270893,234987959342363,234987959343037,1442,71470,674,73586
4046,234987959458723,234987959460191,234987959529761,234987959530409,1468,69570,648,71686
4047,234987959645971,234987959647417,234987959718605,234987959719205,1446,71188,600,73234
4048,234987959835469,234987959836871,234987959907617,234987959908295,1402,70746,678,72826
4049,234987960024285,234987960025721,234987960094499,234987960095185,1436,68778,686,70900
4050,234987960211255,234987960212669,234987960284809,234987960285431,1414,72140,622,74176
4051,234987960401017,234987960403373,234987960471349,234987960472037,2356,67976,688,71020
4052,234987960589009,234987960591353,234987960658549,234987960659245,2344,67196,696,70236
4053,234987960784495,234987960786161,234987960860789,234987960861463,1666,74628,674,76968
4054,234987960986455,234987960987889,234987961057961,234987961058629,1434,70072,668,72174
4055,234987961174549,234987961175949,234987961246441,234987961247111,1400,70492,670,72562
4056,234987961363835,234987961366741,234987961438841,234987961439503,2906,72100,662,75668
4057,234987961556167,234987961557637,234987961626877,234987961627525,1470,69240,648,71358
4058,234987961743745,234987961746065,234987961813817,234987961814497,2320,67752,680,70752
4059,234987961930495,234987961931947,234987962002595,234987962003291,1452,70648,696,72796
4060,234987962119625,234987962122091,234987962190277,234987962190935,2466,68186,658,71310
4061,234987962306939,234987962308477,234987962378131,234987962378819,1538,69654,688,71880
4062,234987962502553,234987962504035,234987962573953,234987962574659,1482,69918,706,72106
4063,234987962690495,234987962691925,234987962761513,234987962762189,1430,69588,676,71694
4064,234987962886667,234987962888155,234987962959739,234987962960401,1488,71584,662,73734
4065,234987963076271,234987963077759,234987963147067,234987963147731,1488,69308,664,71460
4066,234987963263851,234987963265289,234987963335945,234987963336613,1438,70656,668,72762
4067,234987963453169,234987963455489,234987963526873,234987963527501,2320,71384,628,74332
4068,234987963650927,234987963652349,234987963723491,234987963724171,1422,71142,680,73244
4069,234987963839851,234987963841279,234987963912199,234987963912875,1428,70920,676,73024
4070,234987964029379,234987964031735,234987964101515,234987964102211,2356,69780,696,72832
4071,234987964218265,234987964219691,234987964289695,234987964290343,1426,70004,648,72078
4072,234987964406321,234987964407745,234987964477469,234987964478125,1424,69724,656,71804
4073,234987964594697,234987964596095,234987964668715,234987964669385,1398,72620,670,74688
4074,234987964794733,234987964796689,234987964867753,234987964868389,1956,71064,636,73656
4075,234987964984531,234987964985941,234987965056729,234987965057383,1410,70788,654,72852
4076,234987965173225,234987965174665,234987965244361,234987965245027,1440,69696,666,71802
4077,234987965360545,234987965361943,234987965434345,234987965435005,1398,72402,660,74460
4078,234987965550407,234987965552047,234987965622493,234987965623181,1640,70446,688,72774
4079,234987965739643,234987965741951,234987965810885,234987965811559,2308,68934,674,71916
4080,234987965927791,234987965929231,234987965998213,234987965998879,1440,68982,666,71088
4081,234987966115055,234987966117377,234987966186715,234987966187387,2322,69338,672,72332
4082,234987966303337,234987966304769,234987966372929,234987966373613,1432,68160,684,70276
4083,234987966489683,234987966491125,234987966560049,234987966560653,1442,68924,604,70970
4084,234987966693385,234987966694831,234987966762541,234987966763201,1446,67710,660,69816
4085,234987966879827,234987966881249,234987966951601,234987966952249,1422,70352,648,72422
4086,234987967067891,234987967070279,234987967140077,234987967140763,2388,69798,686,72872
4087,234987967256683,234987967259081,234987967330187,234987967330837,2398,71106,650,74154
4088,234987967447123,234987967449947,234987967520207,234987967520891,2824,70260,684,73768
4089,234987967637033,234987967638403,234987967710065,234987967710719,1370,71662,654,73686
4090,234987967826785,234987967828171,234987967896469,234987967897127,1386,68298,658,70342
4091,234987968013223,234987968014679,234987968083939,234987968084611,1456,69260,672,71388
4092,234987968200951,234987968203231,234987968271707,234987968272361,2280,68476,654,71410
4093,234987968388815,234987968391199,234987968461643,234987968462309,2384,70444,666,73494
4094,234987968595017,234987968596583,234987968669035,234987968669729,1566,72452,694,74712
4095,234987968785285,234987968786705,234987968857247,234987968857933,1420,70542,686,72648
4096,234987968973911,234987968976247,234987969046361,234987969047017,2336,70114,656,73106
4097,234987969162707,234987969165485,234987969236681,234987969237377,2778,71196,696,74670
4098,234987969353177,234987969354607,234987969424249,234987969424933,1430,69642,684,71756
4099,234987969541013,234987969542449,234987969613465,234987969614135,1436,71016,670,73122
4100,234987969738865,234987969741191,234987969811621,234987969812285,2326,70430,664,73420
4101,234987969927985,234987969929459,234987969997859,234987969998543,1474,68400,684,70558
4102,234987970114123,234987970115537,234987970187071,234987970187729,1414,71534,658,73606
4103,234987970303711,234987970305133,234987970375511,234987970376131,1422,70378,620,72420
4104,234987970500973,234987970502395,234987970573097,234987970573787,1422,70702,690,72814
4105,234987970689979,234987970691407,234987970759163,234987970759831,1428,67756,668,69852
4106,234987970876015,234987970878395,234987970948631,234987970949323,2380,70236,692,73308
4107,234987971074339,234987971075799,234987971146549,234987971147249,1460,70750,700,72910
4108,234987971263717,234987971265139,234987971336255,234987971336905,1422,71116,650,73188
4109,234987971452601,234987971453993,234987971523295,234987971523919,1392,69302,624,71318
4110,234987971640181,234987971641613,234987971711825,234987971712469,1432,70212,644,72288
4111,234987971828447,234987971830739,234987971900195,234987971900843,2292,69456,648,72396
4112,234987972016615,234987972018053,234987972085907,234987972086585,1438,67854,678,69970
4113,234987972202211,234987972204325,234987972274813,234987972275479,2114,70488,666,73268
4114,234987972400603,234987972402247,234987972472133,234987972472799,1644,69886,666,72196
4115,234987972588917,234987972590329,234987972660517,234987972661195,1412,70188,678,72278
4116,234987972786715,234987972788737,234987972858079,234987972858767,2022,69342,688,72052
4117,234987972975197,234987972976641,234987973045551,234987973046215,1444,68910,664,71018
4118,234987973162327,234987973164635,234987973232471,234987973233137,2308,67836,666,70810
4119,234987973349245,234987973351741,234987973420729,234987973421399,2496,68988,670,72154
4120,234987973537591,234987973539019,234987973608763,234987973609441,1428,69744,678,71850
4121,234987973725395,234987973727695,234987973797763,234987973798435,2300,70068,672,73040
4122,234987973914565,234987973916897,234987973986691,234987973987385,2332,69794,694,72820
4123,234987974103745,234987974105165,234987974174591,234987974175269,1420,69426,678,71524
4124,234987974300281,234987974301725,234987974373109,234987974373751,1444,71384,642,73470
4125,234987974489737,234987974491153,234987974563919,234987974564591,1416,72766,672,74854
4126,234987974680565,234987974682851,234987974752267,234987974752943,2286,69416,676,72378
4127,234987974868733,234987974870135,234987974940619,234987974941265,1402,70484,646,72532
4128,234987975056597,234987975058991,234987975129539,234987975130237,2394,70548,698,73640
4129,234987975246203,234987975247741,234987975319247,234987975319903,1538,71506,656,73700
4130,234987975435761,234987975437177,234987975509267,234987975509939,1416,72090,672,74178
4131,234987975633725,234987975635125,234987975705629,234987975706315,1400,70504,686,72590
4132,234987975822613,234987975824009,234987975896489,234987975897179,1396,72480,690,74566
4133,234987976013285,234987976014809,234987976085489,234987976086115,1524,70680,626,72830
4134,234987976211047,234987976212479,234987976285885,234987976286563,1432,73406,678,75516
4135,234987976402477,234987976403873,234987976474811,234987976475473,1396,70938,662,72996
4136,234987976590935,234987976593241,234987976663019,234987976663685,2306,69778,666,72750
4137,234987976779257,234987976780681,234987976853189,234987976853873,1424,72508,684,74616
4138,234987976969973,234987976972325,234987977041883,234987977042543,2352,69558,660,72570
4139,234987977158213,234987977160505,234987977231341,234987977232001,2292,70836,660,73788
4140,234987977347957,234987977349613,234987977421157,234987977421847,1656,71544,690,73890
4141,234987977538181,234987977539591,234987977609389,234987977610073,1410,69798,684,71892
4142,234987977726359,234987977727755,234987977801285,234987977801929,1396,73530,644,75570
4143,234987977917853,234987977919235,234987977995805,234987977996495,1382,76570,690,78642
4144,234987978120593,234987978122569,234987978193069,234987978193759,1976,70500,690,73166
4145,234987978309989,234987978311401,234987978381337,234987978382003,1412,69936,666,72014
4146,234987978497633,234987978499025,234987978571015,234987978571693,1392,71990,678,74060
4147,234987978696119,234987978697511,234987978769433,234987978770119,1392,71922,686,74000
4148,234987978886169,234987978887641,234987978956825,234987978957451,1472,69184,626,71282
4149,234987979073185,234987979074623,234987979143769,234987979144409,1438,69146,640,71224
4150,234987979260013,234987979261417,234987979332941,234987979333565,1404,71524,624,73552
4151,234987979449625,234987979451531,234987979522967,234987979523665,1906,71436,698,74040
4152,234987979639457,234987979640887,234987979710487,234987979711169,1430,69600,682,71712
4153,234987979836127,234987979838867,234987979908107,234987979908779,2740,69240,672,72652
4154,234987980024687,234987980026109,234987980096753,234987980097425,1422,70644,672,72738
4155,234987980221925,234987980223365,234987980293937,234987980294609,1440,70572,672,72684
4156,234987980410655,234987980412109,234987980483245,234987980483921,1454,71136,676,73266
4157,234987980599765,234987980601167,234987980672707,234987980673397,1402,71540,690,73632
4158,234987980788855,234987980790269,234987980860513,234987980861183,1414,70244,670,72328
4159,234987980977331,234987980978783,234987981048787,234987981049459,1452,70004,672,72128
4160,234987981165647,234987981168023,234987981236773,234987981237427,2376,68750,654,71780
4161,234987981354043,234987981355487,234987981425435,234987981426115,1444,69948,680,72072
4162,234987981541753,234987981543191,234987981613219,234987981613855,1438,70028,636,72102
4163,234987981737647,234987981739975,234987981809395,234987981810089,2328,69420,694,72442
4164,234987981925915,234987981927331,234987981997405,234987981998071,1416,70074,666,72156
4165,234987982123319,234987982124759,234987982196669,234987982197331,1440,71910,662,74012
4166,234987982313279,234987982314749,234987982384741,234987982385387,1470,69992,646,72108
4167,234987982501481,234987982503799,234987982572185,234987982572847,2318,68386,662,71366
4168,234987982688881,234987982690295,234987982761539,234987982762207,1414,71244,668,73326
4169,234987982878095,234987982879519,234987982949875,234987982950553,1424,70356,678,72458
4170,234987983066825,234987983068267,234987983137207,234987983137861,1442,68940,654,71036
4171,234987983253997,234987983256323,234987983327183,234987983327839,2326,70860,656,73842
4172,234987983444209,234987983445607,234987983517683,234987983518361,1398,72076,678,74152
4173,234987983634247,234987983635715,234987983705177,234987983705837,1468,69462,660,71590
4174,234987983822173,234987983823613,234987983895421,234987983896099,1440,71808,678,73926
4175,234987984021319,234987984023683,234987984091129,234987984091789,2364,67446,660,70470
4176,234987984207811,234987984209257,234987984281077,234987984281747,1446,71820,670,73936
4177,234987984397673,234987984399139,234987984467369,234987984468043,1466,68230,674,70370
4178,234987984601471,234987984603565,234987984674287,234987984674957,2094,70722,670,73486
4179,234987984794309,234987984795763,234987984865621,234987984866281,1454,69858,660,71972
4180,234987984981871,234987984984133,234987985052461,234987985053107,2262,68328,646,71236
4181,234987985168951,234987985170355,234987985240159,234987985240829,1404,69804,670,71878
4182,234987985356865,234987985358321,234987985426469,234987985427143,1456,68148,674,70278
4183,234987985542831,234987985545145,234987985614301,234987985614971,2314,69156,670,72140
4184,234987985730887,234987985732295,234987985805285,234987985805945,1408,72990,660,75058
4185,234987985930847,234987985933187,234987986002339,234987986002997,2340,69152,658,72150
4186,234987986118973,234987986120425,234987986189705,234987986190385,1452,69280,680,71412
4187,234987986306581,234987986308967,234987986377673,234987986378345,2386,68706,672,71764
4188,234987986494331,234987986495731,234987986569055,234987986569709,1400,73324,654,75378
4189,234987986685493,234987986686913,234987986757811,234987986758481,1420,70898,670,72988
4190,234987986874443,234987986875873,234987986945215,234987986945839,1430,69342,624,71396
4191,234987987062305,234987987063745,234987987134101,234987987134785,1440,70356,684,72480
4192,234987987250703,234987987252115,234987987322537,234987987323233,1412,70422,696,72530
4193,234987987439175,234987987440585,234987987510455,234987987511129,1410,69870,674,71954
4194,234987987635063,234987987637651,234987987708371,234987987709027,2588,70720,656,73964
4195,234987987834973,234987987836381,234987987908665,234987987909337,1408,72284,672,74364
4196,234987988025719,234987988028041,234987988100357,234987988101043,2322,72316,686,75324
4197,234987988217347,234987988218745,234987988288945,234987988289551,1398,70200,606,72204
4198,234987988413445,234987988416341,234987988486121,234987988486797,2896,69780,676,73352
4199,234987988602925,234987988604383,234987988674331,234987988675003,1458,69948,672,72078
4200,234987988790795,234987988792195,234987988863209,234987988863883,1400,71014,674,73088
4201,234987988979803,234987988982215,234987989050411,234987989051071,2412,68196,660,71268
4202,234987989166925,234987989168345,234987989238941,234987989239583,1420,70596,642,72658
4203,234987989355685,234987989357863,234987989429483,234987989430187,2178,71620,704,74502
4204,234987989546137,234987989547521,234987989618731,234987989619397,1384,71210,666,73260
4205,234987989744623,234987989746061,234987989815861,234987989816549,1438,69800,688,71926
4206,234987989933167,234987989935481,234987990005045,234987990005693,2314,69564,648,72526
4207,234987990121499,234987990122917,234987990192629,234987990193301,1418,69712,672,71802
4208,234987990309739,234987990311161,234987990384895,234987990385559,1422,73734,664,75820
4209,234987990500957,234987990502345,234987990570343,234987990570925,1388,67998,582,69968
4210,234987990694921,234987990696401,234987990764377,234987990765031,1480,67976,654,70110
4211,234987990881483,234987990882851,234987990954745,234987990955405,1368,71894,660,73922
4212,234987991071257,234987991072655,234987991142963,234987991143647,1398,70308,684,72390
4213,234987991260007,234987991261439,234987991332781,234987991333459,1432,71342,678,73452
4214,234987991449053,234987991450453,234987991522399,234987991523069,1400,71946,670,74016
4215,234987991661203,234987991662955,234987991692485,234987991693145,1752,29530,660,31942
4216,234987991809475,234987991811171,234987991882141,234987991882817,1696,70970,676,73342
4217,234987991999843,234987992002223,234987992070539,234987992071235,2380,68316,696,71392
4218,234987992187007,234987992189357,234987992257349,234987992258017,2350,67992,668,71010
4219,234987992373811,234987992375237,234987992446429,234987992447089,1426,71192,660,73278
4220,234987992563453,234987992564879,234987992634521,234987992635211,1426,69642,690,71758
4221,234987992751689,234987992753081,234987992824711,234987992825395,1392,71630,684,73706
4222,234987992941351,234987992942747,234987993013999,234987993014699,1396,71252,700,73348
4223,234987993130769,234987993133123,234987993202093,234987993202787,2354,68970,694,72018
4224,234987993318713,234987993320137,234987993391609,234987993392303,1424,71472,694,73590
4225,234987993517181,234987993518645,234987993587363,234987993588037,1464,68718,674,70856
4226,234987993712115,234987993714041,234987993783563,234987993784219,1926,69522,656,72104
4227,234987993900413,234987993902779,234987993973705,234987993974311,2366,70926,606,73898
4228,234987994090669,234987994092073,234987994161913,234987994162607,1404,69840,694,71938
4229,234987994278925,234987994280383,234987994349411,234987994350089,1458,69028,678,71164
4230,234987994465897,234987994468279,234987994536113,234987994536793,2382,67834,680,70896
4231,234987994652765,234987994655099,234987994724287,234987994724935,2334,69188,648,72170
4232,234987994840699,234987994842113,234987994912699,234987994913303,1414,70586,604,72604
4233,234987995029429,234987995031353,234987995102845,234987995103511,1924,71492,666,74082
4234,234987995219209,234987995220649,234987995288897,234987995289559,1440,68248,662,70350
4235,234987995415081,234987995416471,234987995488721,234987995489395,1390,72250,674,74314
4236,234987995605109,234987995606543,234987995676781,234987995677481,1434,70238,700,72372
4237,234987995793503,234987995794933,234987995865079,234987995865743,1430,70146,664,72240
4238,234987995982271,234987995983691,234987996053375,234987996054059,1420,69684,684,71788
4239,234987996170285,234987996171701,234987996242401,234987996243065,1416,70700,664,72780
4240,234987996358583,234987996360461,234987996427159,234987996427811,1878,66698,652,69228
4241,234987996543883,234987996545317,234987996614861,234987996615559,1434,69544,698,71676
4242,234987996739807,234987996741223,234987996809441,234987996810131,1416,68218,690,70324
4243,234987996926299,234987996928253,234987996997325,234987996998015,1954,69072,690,71716
4244,234987997123381,234987997124827,234987997195247,234987997195909,1446,70420,662,72528
4245,234987997320469,234987997321939,234987997392649,234987997393339,1470,70710,690,72870
4246,234987997508891,234987997510327,234987997579603,234987997580285,1436,69276,682,71394
4247,234987997696111,234987997697551,234987997767065,234987997767731,1440,69514,666,71620
4248,234987997883419,234987997885795,234987997954939,234987997955603,2376,69144,664,72184
4249,234987998072023,234987998073413,234987998145187,234987998145851,1390,71774,664,73828
4250,234987998262197,234987998263615,234987998335061,234987998335727,1418,71446,666,73530
4251,234987998451311,234987998452741,234987998524299,234987998524963,1430,71558,664,73652
4252,234987998640407,234987998641835,234987998712311,234987998712971,1428,70476,660,72564
4253,234987998829013,234987998830453,234987998900071,234987998900747,1440,69618,676,71734
4254,234987999016837,234987999018565,234987999088999,234987999089671,1728,70434,672,72834
4255,234987999205645,234987999207083,234987999275651,234987999276325,1438,68568,674,70680
4256,234987999401723,234987999404867,234987999474217,234987999474871,3144,69350,654,73148
4257,234987999599813,234987999601253,234987999672499,234987999673201,1440,71246,702,73388
4258,234987999789433,234987999791369,234987999861565,234987999862225,1936,70196,660,72792
4259,234987999978193,234987999979595,234988000050517,234988000051183,1402,70922,666,72990
4260,234988000167173,234988000168607,234988000239023,234988000239713,1434,70416,690,72540
4261,234988000355653,234988000357085,234988000427695,234988000428347,1432,70610,652,72694
4262,234988000543735,234988000546043,234988000614251,234988000614923,2308,68208,672,71188
4263,234988000732043,234988000734011,234988000806241,234988000806901,1968,72230,660,74858
4264,234988000922635,234988000924021,234988000994179,234988000994845,1386,70158,666,72210
4265,234988001110837,234988001113145,234988001183981,234988001184631,2308,70836,650,73794
4266,234988001309009,234988001310437,234988001382013,234988001382617,1428,71576,604,73608
4267,234988001498887,234988001500313,234988001572475,234988001573167,1426,72162,692,74280
4268,234988001689401,234988001690845,234988001759867,234988001760545,1444,69022,678,71144
4269,234988001876621,234988001878025,234988001948215,234988001948845,1404,70190,630,72224
4270,234988002065447,234988002066829,234988002138253,234988002138917,1382,71424,664,73470
4271,234988002255199,234988002256613,234988002326735,234988002327409,1414,70122,674,72210
4272,234988002442957,234988002444359,234988002514337,234988002515017,1402,69978,680,72060
4273,234988002639647,234988002641095,234988002709969,234988002710629,1448,68874,660,70982
4274,234988002826693,234988002828127,234988002897763,234988002898435,1434,69636,672,71742
4275,234988003014151,234988003015559,234988003086647,234988003087285,1408,71088,638,73134
4276,234988003212169,234988003213585,234988003286635,234988003287323,1416,73050,688,75154
4277,234988003403371,234988003404835,234988003475519,234988003476203,1464,70684,684,72832
4278,234988003592545,234988003595771,234988003665491,234988003666169,3226,69720,678,73624
4279,234988003782305,234988003784567,234988003853825,234988003854517,2262,69258,692,72212
4280,234988003970669,234988003973035,234988004043883,234988004044549,2366,70848,666,73880
4281,234988004160835,234988004162257,234988004233147,234988004233835,1422,70890,688,73000
4282,234988004350043,234988004351441,234988004421137,234988004421791,1398,69696,654,71748
4283,234988004537947,234988004539709,234988004610619,234988004611277,1762,70910,658,73330
4284,234988004727061,234988004728489,234988004799485,234988004800171,1428,70996,686,73110
4285,234988004916283,234988004918593,234988004987639,234988004988331,2310,69046,692,72048
4286,234988005113261,234988005115601,234988005186563,234988005187231,2340,70962,668,73970
4287,234988005303707,234988005306019,234988005375511,234988005376187,2312,69492,676,72480
4288,234988005492325,234988005494323,234988005564809,234988005565483,1998,70486,674,73158
4289,234988005698359,234988005699803,234988005769495,234988005770189,1444,69692,694,71830
4290,234988005886723,234988005888191,234988005957251,234988005957917,1468,69060,666,71194
4291,234988006074085,234988006075525,234988006144369,234988006145039,1440,68844,670,70954
4292,234988006261081,234988006262527,234988006333807,234988006334471,1446,71280,664,73390
4293,234988006451041,234988006452487,234988006520327,234988006521007,1446,67840,680,69966
4294,234988006637033,234988006638437,234988006707239,234988006707901,1404,68802,662,70868
4295,234988006823671,234988006825087,234988006893629,234988006894313,1416,68542,684,70642
4296,234988007018801,234988007020259,234988007090913,234988007091605,1458,70654,692,72804
4297,234988007207831,234988007209553,234988007277677,234988007278375,1722,68124,698,70544
4298,234988007394515,234988007395955,234988007467135,234988007467807,1440,71180,672,73292
4299,234988007584513,234988007585959,234988007655985,234988007656675,1446,70026,690,72162
4300,234988007772709,234988007774135,234988007844445,234988007845105,1426,70310,660,72396
4301,234988007961367,234988007962777,234988008031897,234988008032603,1410,69120,706,71236
4302,234988008148205,234988008150497,234988008222067,234988008222745,2292,71570,678,74540
4303,234988008338851,234988008340241,234988008412727,234988008413405,1390,72486,678,74554
4304,234988008529289,234988008531595,234988008598117,234988008598799,2306,66522,682,69510
4305,234988008722909,234988008725215,234988008793583,234988008794263,2306,68368,680,71354
4306,234988008919657,234988008921073,234988008990499,234988008991151,1416,69426,652,71494
4307,234988009107523,234988009108955,234988009179043,234988009179727,1432,70088,684,72204
4308,234988009295575,234988009296977,234988009367471,234988009368173,1402,70494,702,72598
4309,234988009484323,234988009485775,234988009555349,234988009555991,1452,69574,642,71668
4310,234988009672027,234988009673483,234988009743985,234988009744663,1456,70502,678,72636
4311,234988009860757,234988009862209,234988009931653,234988009932325,1452,69444,672,71568
4312,234988010048735,234988010050177,234988010119001,234988010119661,1442,68824,660,70926
4313,234988010235487,234988010236955,234988010307125,234988010307821,1468,70170,696,72334
4314,234988010423675,234988010425105,234988010493577,234988010494219,1430,68472,642,70544
4315,234988010610823,234988010612263,234988010683531,234988010684197,1440,71268,666,73374
4316,234988010809627,234988010811941,234988010881105,234988010881781,2314,69164,676,72154
4317,234988010997743,234988010999197,234988011068813,234988011069481,1454,69616,668,71738
4318,234988011185851,234988011188237,234988011257137,234988011257795,2386,68900,658,71944
4319,234988011373627,234988011375053,234988011447241,234988011447917,1426,72188,676,74290
4320,234988011572999,234988011574445,234988011643243,234988011643919,1446,68798,676,70920
4321,234988011760123,234988011762457,234988011832445,234988011833131,2334,69988,686,73008
4322,234988011948971,234988011950417,234988012020481,234988012021145,1446,70064,664,72174
4323,234988012138123,234988012139551,234988012210151,234988012210829,1428,70600,678,72706
4324,234988012327427,234988012328827,234988012400681,234988012401349,1400,71854,668,73922
4325,234988012517293,234988012518727,234988012590101,234988012590755,1434,71374,654,73462
4326,234988012716035,234988012717393,234988012789169,234988012789829,1358,71776,660,73794
4327,234988012905655,234988012907977,234988012978415,234988012979089,2322,70438,674,73434
4328,234988013095057,234988013097443,234988013166823,234988013167523,2386,69380,700,72466
4329,234988013283221,234988013284643,234988013357461,234988013358119,1422,72818,658,74898
4330,234988013474495,234988013475887,234988013545333,234988013545975,1392,69446,642,71480
4331,234988013661623,234988013663047,234988013732305,234988013732969,1424,69258,664,71346
4332,234988013848891,234988013850371,234988013919235,234988013919935,1480,68864,700,71044
4333,234988014036067,234988014038371,234988014109513,234988014110185,2304,71142,672,74118
4334,234988014226067,234988014227497,234988014300275,234988014300929,1430,72778,654,74862
4335,234988014426145,234988014428357,234988014497489,234988014498161,2212,69132,672,72016
4336,234988014637733,234988014640283,234988014708571,234988014709243,2550,68288,672,71510
4337,234988014825299,234988014826755,234988014896413,234988014897091,1456,69658,678,71792
4338,234988015012999,234988015015297,234988015085515,234988015086179,2298,70218,664,73180
4339,234988015201921,234988015204283,234988015274795,234988015275461,2362,70512,666,73540
4340,234988015391863,234988015393301,234988015462313,234988015462981,1438,69012,668,71118
4341,234988015578667,234988015580105,234988015651219,234988015651885,1438,71114,666,73218
4342,234988015767527,234988015770271,234988015839403,234988015840069,2744,69132,666,72542
4343,234988015955863,234988015957291,234988016029333,234988016030011,1428,72042,678,74148
4344,234988016146537,234988016147965,234988016218919,234988016219587,1428,70954,668,73050
4345,234988016335673,234988016337215,234988016407445,234988016408119,1542,70230,674,72446
4346,234988016532557,234988016533987,234988016604833,234988016605495,1430,70846,662,72938
4347,234988016721619,234988016723051,234988016795369,234988016796031,1432,72318,662,74412
4348,234988016911391,234988016912785,234988016983009,234988016983675,1394,70224,666,72284
4349,234988017099797,234988017102131,234988017172273,234988017172897,2334,70142,624,73100
4350,234988017289195,234988017290647,234988017362047,234988017362699,1452,71400,652,73504
4351,234988017478771,234988017480217,234988017550693,234988017551341,1446,70476,648,72570
4352,234988017675373,234988017677513,234988017746231,234988017746893,2140,68718,662,71520
4353,234988017863219,234988017864635,234988017938377,234988017939023,1416,73742,646,75804
4354,234988018054981,234988018056431,234988018125131,234988018125805,1450,68700,674,70824
4355,234988018242245,234988018244549,234988018313417,234988018314073,2304,68868,656,71828
4356,234988018430401,234988018431869,234988018502033,234988018502699,1468,70164,666,72298
4357,234988018627781,234988018630081,234988018699027,234988018699697,2300,68946,670,71916
4358,234988018816219,234988018817657,234988018886645,234988018887319,1438,68988,674,71100
4359,234988019003335,234988019004737,234988019075333,234988019076001,1402,70596,668,72666
4360,234988019191781,234988019193203,234988019262187,234988019262845,1422,68984,658,71064
4361,234988019378705,234988019380091,234988019452045,234988019452681,1386,71954,636,73976
4362,234988019568425,234988019569879,234988019639383,234988019640047,1454,69504,664,71622
4363,234988019755849,234988019758141,234988019828603,234988019829283,2292,70462,680,73434
4364,234988019945497,234988019947855,234988020017131,234988020017819,2358,69276,688,72322
4365,234988020134177,234988020135571,234988020206597,234988020207253,1394,71026,656,73076
4366,234988020323009,234988020324565,234988020394741,234988020395413,1556,70176,672,72404
4367,234988020520705,234988020522103,234988020595997,234988020596675,1398,73894,678,75970
4368,234988020720713,234988020722533,234988020794521,234988020795203,1820,71988,682,74490
4369,234988020910615,234988020912061,234988020981707,234988020982339,1446,69646,632,71724
4370,234988021098421,234988021100737,234988021172645,234988021173313,2316,71908,668,74892
4371,234988021288745,234988021290473,234988021361677,234988021362341,1728,71204,664,73596
4372,234988021477823,234988021479277,234988021548619,234988021549297,1454,69342,678,71474
4373,234988021665353,234988021666805,234988021734911,234988021735579,1452,68106,668,70226
4374,234988021852537,234988021854913,234988021925983,234988021926671,2376,71070,688,74134
4375,234988022043071,234988022044531,234988022114615,234988022115295,1460,70084,680,72224
4376,234988022230891,234988022232355,234988022302265,234988022302949,1464,69910,684,72058
4377,234988022427359,234988022428811,234988022498347,234988022499035,1452,69536,688,71676
4378,234988022614273,234988022615723,234988022685235,234988022685905,1450,69512,670,71632
4379,234988022801431,234988022802923,234988022871481,234988022872117,1492,68558,636,70686
4380,234988022997175,234988022998597,234988023069629,234988023070283,1422,71032,654,73108
4381,234988023186389,234988023187825,234988023259565,234988023260227,1436,71740,662,73838
4382,234988023376067,234988023378365,234988023447227,234988023447889,2298,68862,662,71822
4383,234988023573055,234988023575425,234988023643859,234988023644543,2370,68434,684,71488
4384,234988023760903,234988023762349,234988023831557,234988023832237,1446,69208,680,71334
4385,234988023950863,234988023952267,234988024025933,234988024026607,1404,73666,674,75744
4386,234988024142413,234988024143853,234988024212499,234988024213177,1440,68646,678,70764
4387,234988024337707,234988024339111,234988024408603,234988024409269,1404,69492,666,71562
4388,234988024525133,234988024527979,234988024600517,234988024601185,2846,72538,668,76052
4389,234988024716863,234988024718291,234988024789003,234988024789643,1428,70712,640,72780
4390,234988024905575,234988024907905,234988024978603,234988024979299,2330,70698,696,73724
4391,234988025095177,234988025096639,234988025166577,234988025167229,1462,69938,652,72052
4392,234988025283259,234988025285551,234988025355581,234988025356271,2292,70030,690,73012
4393,234988025472521,234988025473951,234988025543857,234988025544547,1430,69906,690,72026
4394,234988025660135,234988025661565,234988025731651,234988025732339,1430,70086,688,72204
4395,234988025848607,234988025850899,234988025921023,234988025921701,2292,70124,678,73094
4396,234988026037345,234988026038831,234988026110309,234988026110981,1486,71478,672,73636
4397,234988026235189,234988026236635,234988026308227,234988026308905,1446,71592,678,73716
4398,234988026424601,234988026426895,234988026498245,234988026498923,2294,71350,678,74322
4399,234988026623339,234988026624731,234988026695101,234988026695785,1392,70370,684,72446
4400,234988026811859,234988026813263,234988026885703,234988026886363,1404,72440,660,74504
4401,234988027001303,234988027002713,234988027073153,234988027073821,1410,70440,668,72518
4402,234988027189493,234988027191823,234988027260373,234988027261049,2330,68550,676,71556
4403,234988027376623,234988027378073,234988027448071,234988027448737,1450,69998,666,72114
4404,234988027564607,234988027566029,234988027635043,234988027635725,1422,69014,682,71118
4405,234988027751513,234988027752973,234988027823563,234988027824197,1460,70590,634,72684
4406,234988027940239,234988027941709,234988028010013,234988028010685,1470,68304,672,70446
4407,234988028136703,234988028138171,234988028207981,234988028208649,1468,69810,668,71946
4408,234988028325231,234988028326649,234988028396239,234988028396917,1418,69590,678,71686
4409,234988028513069,234988028514469,234988028586539,234988028587223,1400,72070,684,74154
4410,234988028703061,234988028704475,234988028774309,234988028774971,1414,69834,662,71910
4411,234988028891167,234988028892647,234988028961455,234988028962129,1480,68808,674,70962
4412,234988029078029,234988029079477,234988029150655,234988029151307,1448,71178,652,73278
4413,234988029267043,234988029268441,234988029340709,234988029341401,1398,72268,692,74358
4414,234988029457609,234988029459917,234988029529351,234988029529997,2308,69434,646,72388
4415,234988029653503,234988029655685,234988029725089,234988029725741,2182,69404,652,72238
4416,234988029841409,234988029842839,234988029911495,234988029912169,1430,68656,674,70760
4417,234988030037723,234988030039171,234988030108535,234988030109215,1448,69364,680,71492
4418,234988030225121,234988030227455,234988030296511,234988030297201,2334,69056,690,72080
4419,234988030413055,234988030414451,234988030483271,234988030483921,1396,68820,650,70866
4420,234988030599999,234988030601425,234988030671703,234988030672373,1426,70278,670,72374
4421,234988030788277,234988030789715,234988030859747,234988030860403,1438,70032,656,72126
4422,234988030976137,234988030977559,234988031049749,234988031050397,1422,72190,648,74260
4423,234988031166751,234988031168179,234988031236117,234988031236789,1428,67938,672,70038
4424,234988031352887,234988031354327,234988031423353,234988031424047,1440,69026,694,71160
4425,234988031540465,234988031543305,234988031612683,234988031613355,2840,69378,672,72890
4426,234988031737915,234988031739319,234988031808575,234988031809217,1404,69256,642,71302
4427,234988031933425,234988031935765,234988032006965,234988032007651,2340,71200,686,74226
4428,234988032124249,234988032125725,234988032195401,234988032196067,1476,69676,666,71818
4429,234988032312067,234988032314351,234988032384965,234988032385637,2284,70614,672,73570
4430,234988032500851,234988032503557,234988032574051,234988032574711,2706,70494,660,73860
4431,234988032700915,234988032702401,234988032772417,234988032773113,1486,70016,696,72198
4432,234988032889361,234988032890725,234988032967153,234988032967843,1364,76428,690,78482
4433,234988033083547,234988033084975,234988033156445,234988033157137,1428,71470,692,73590
4434,234988033273141,234988033274579,234988033344997,234988033345657,1438,70418,660,72516
4435,234988033461395,234988033462885,234988033533493,234988033534147,1490,70608,654,72752
4436,234988033649843,234988033652159,234988033724375,234988033725037,2316,72216,662,75194
4437,234988033849441,234988033851797,234988033921609,234988033922305,2356,69812,696,72864
4438,234988034038007,234988034040341,234988034111879,234988034112551,2334,71538,672,74544
4439,234988034228201,234988034229761,234988034301341,234988034302001,1560,71580,660,73800
4440,234988034418181,234988034420609,234988034489639,234988034490293,2428,69030,654,72112
4441,234988034606011,234988034607469,234988034677475,234988034678107,1458,70006,632,72096
4442,234988034794409,234988034795855,234988034865095,234988034865761,1446,69240,666,71352
4443,234988034982127,234988034983555,234988035054445,234988035055109,1428,70890,664,72982
4444,234988035171241,234988035173549,234988035241645,234988035242311,2308,68096,666,71070
4445,234988035358285,234988035359777,234988035431267,234988035431911,1492,71490,644,73626
4446,234988035556805,234988035559745,234988035627341,234988035628019,2940,67596,678,71214
4447,234988035753191,234988035755515,234988035823229,234988035823889,2324,67714,660,70698
4448,234988035940601,234988035942029,234988036011671,234988036012321,1428,69642,650,71720
4449,234988036128575,234988036130005,234988036198349,234988036198993,1430,68344,644,70418
4450,234988036314889,234988036316339,234988036385459,234988036386139,1450,69120,680,71250
4451,234988036502015,234988036503437,234988036571939,234988036572623,1422,68502,684,70608
4452,234988036688447,234988036689841,234988036760309,234988036760981,1394,70468,672,72534
4453,234988036876463,234988036877881,234988036948615,234988036949297,1418,70734,682,72834
4454,234988037065433,234988037066885,234988037137535,234988037138195,1452,70650,660,72762
4455,234988037254231,234988037255639,234988037323709,234988037324383,1408,68070,674,70152
4456,234988037439931,234988037441333,234988037510149,234988037510821,1402,68816,672,70890
4457,234988037636093,234988037637545,234988037708753,234988037709415,1452,71208,662,73322
4458,234988037824963,234988037826413,234988037897941,234988037898619,1450,71528,678,73656
4459,234988038014927,234988038016345,234988038087977,234988038088637,1418,71632,660,73710
4460,234988038204481,234988038205909,234988038275047,234988038275707,1428,69138,660,71226
4461,234988038391117,234988038393563,234988038464531,234988038465217,2446,70968,686,74100
4462,234988038589921,234988038591677,234988038663163,234988038663863,1756,71486,700,73942
4463,234988038779627,234988038781025,234988038850487,234988038851183,1398,69462,696,71556
4464,234988038967129,234988038968563,234988039038871,234988039039541,1434,70308,670,72412
4465,234988039155647,234988039157069,234988039227923,234988039228601,1422,70854,678,72954
4466,234988039344475,234988039345907,234988039415605,234988039416281,1432,69698,676,71806
4467,234988039531883,234988039533325,234988039602959,234988039603627,1442,69634,668,71744
4468,234988039749829,234988039751191,234988039776031,234988039776679,1362,24840,648,26850
4469,234988039863505,234988039864651,234988039926889,234988039927555,1146,62238,666,64050
4470,234988040014403,234988040015557,234988040076905,234988040077551,1154,61348,646,63148
4471,234988040171411,234988040172557,234988040235673,234988040236345,1146,63116,672,64934
4472,234988040322793,234988040324471,234988040388391,234988040389063,1678,63920,672,66270
4473,234988040474929,234988040476103,234988040537797,234988040538467,1174,61694,670,63538
4474,234988040624779,234988040625943,234988040688607,234988040689253,1164,62664,646,64474
4475,234988040776015,234988040777201,234988040838133,234988040838839,1186,60932,706,62824
4476,234988040925265,234988040926433,234988040989355,234988040989973,1168,62922,618,64708
4477,234988041076903,234988041078071,234988041140227,234988041140923,1168,62156,696,64020
4478,234988041227327,234988041229481,234988041289927,234988041290569,2154,60446,642,63242
4479,234988041384373,234988041385535,234988041451949,234988041452617,1162,66414,668,68244
4480,234988041547001,234988041548219,234988041611347,234988041612031,1218,63128,684,65030
4481,234988041698963,234988041700423,234988041763951,234988041764623,1460,63528,672,65660
4482,234988041852025,234988041853177,234988041915323,234988041915991,1152,62146,668,63966
4483,234988042002229,234988042004407,234988042066139,234988042066819,2178,61732,680,64590
4484,234988042152899,234988042155091,234988042216759,234988042217443,2192,61668,684,64544
4485,234988042303633,234988042304825,234988042366223,234988042366871,1192,61398,648,63238
4486,234988042453375,234988042454549,234988042516291,234988042516969,1174,61742,678,63594
4487,234988042603441,234988042605625,234988042669889,234988042670569,2184,64264,680,67128
4488,234988042757009,234988042758187,234988042821425,234988042822105,1178,63238,680,65096
4489,234988042908355,234988042909531,234988042971023,234988042971673,1176,61492,650,63318
4490,234988043066089,234988043067259,234988043127293,234988043127961,1170,60034,668,61872
4491,234988043213669,234988043214853,234988043277329,234988043277995,1184,62476,666,64326
4492,234988043363915,234988043365081,234988043425487,234988043426153,1166,60406,666,62238
4493,234988043511761,234988043512909,234988043575133,234988043575799,1148,62224,666,64038
4494,234988043662291,234988043664427,234988043724703,234988043725361,2136,60276,658,63070
4495,234988043811095,234988043812241,234988043875481,234988043876165,1146,63240,684,65070
4496,234988043962969,234988043964133,234988044024319,234988044024985,1164,60186,666,62016
4497,234988044111775,234988044112957,234988044174913,234988044175579,1182,61956,666,63804
4498,234988044261365,234988044262519,234988044323669,234988044324347,1154,61150,678,62982
4499,234988044410239,234988044411397,234988044477511,234988044478189,1158,66114,678,67950
4500,234988044572417,234988044573595,234988044636329,234988044636997,1178,62734,668,64580
4501,234988044731945,234988044734263,234988044794159,234988044794803,2318,59896,644,62858
4502,234988044880941,234988044882095,234988044945197,234988044945845,1154,63102,648,64904
4503,234988045032703,234988045033849,234988045096673,234988045097347,1146,62824,674,64644
4504,234988045183745,234988045184893,234988045246607,234988045247267,1148,61714,660,63522
4505,234988045334081,234988045335269,234988045396925,234988045397579,1188,61656,654,63498
4506,234988045484395,234988045485575,234988045546913,234988045547581,1180,61338,668,63186
4507,234988045636505,234988045637677,234988045701403,234988045702075,1172,63726,672,65570
4508,234988045791223,234988045792989,234988045854727,234988045855385,1766,61738,658,64162
4509,234988045944359,234988045945529,234988046007743,234988046008415,1170,62214,672,64056
4510,234988046097377,234988046098567,234988046163007,234988046163709,1190,64440,702,66332
4511,234988046252735,234988046253913,234988046315845,234988046316493,1178,61932,648,63758
4512,234988046417185,234988046418433,234988046480281,234988046480947,1248,61848,666,63762
4513,234988046573657,234988046575831,234988046639467,234988046640175,2174,63636,708,66518
4514,234988046732729,234988046733935,234988046798383,234988046799055,1206,64448,672,66326
4515,234988046891861,234988046893619,234988046956345,234988046957011,1758,62726,666,65150
4516,234988047049777,234988047051941,234988047117515,234988047118189,2164,65574,674,68412
4517,234988047223805,234988047225071,234988047289999,234988047290701,1266,64928,702,66896
4518,234988047388799,234988047390055,234988047455009,234988047455681,1256,64954,672,66882
4519,234988047560683,234988047562883,234988047625265,234988047625915,2200,62382,650,65232
4520,234988047723361,234988047725159,234988047789217,234988047789887,1798,64058,670,66526
4521,234988047891085,234988047892379,234988047960551,234988047961247,1294,68172,696,70162
4522,234988048066435,234988048068655,234988048136791,234988048137461,2220,68136,670,71026
4523,234988048250563,234988048252121,234988048319557,234988048320241,1558,67436,684,69678
4524,234988048424695,234988048426007,234988048493203,234988048493867,1312,67196,664,69172
4525,234988048598167,234988048600405,234988048667627,234988048668259,2238,67222,632,70092
4526,234988048785389,234988048787701,234988048858301,234988048858981,2312,70600,680,73592
4527,234988048975037,234988048976473,234988049046833,234988049047493,1436,70360,660,72456
4528,234988049164093,234988049166527,234988049237017,234988049237695,2434,70490,678,73602
4529,234988049353835,234988049356123,234988049424701,234988049425367,2288,68578,666,71532
4530,234988049541281,234988049542699,234988049612335,234988049613043,1418,69636,708,71762
4531,234988049729453,234988049730841,234988049801783,234988049802457,1388,70942,674,73004
4532,234988049918789,234988049921097,234988049990119,234988049990813,2308,69022,694,72024
4533,234988050115409,234988050117757,234988050187601,234988050188255,2348,69844,654,72846
4534,234988050304051,234988050305473,234988050375583,234988050376265,1422,70110,682,72214
4535,234988050503941,234988050506717,234988050578611,234988050579299,2776,71894,688,75358
4536,234988050695221,234988050697525,234988050768317,234988050769001,2304,70792,684,73780
4537,234988050885337,234988050887917,234988050957559,234988050958169,2580,69642,610,72832
4538,234988051074323,234988051076621,234988051147607,234988051148263,2298,70986,656,73940
4539,234988051264477,234988051266827,234988051338913,234988051339559,2350,72086,646,75082
4540,234988051455415,234988051456853,234988051527661,234988051528315,1438,70808,654,72900
4541,234988051644469,234988051645891,234988051717315,234988051717987,1422,71424,672,73518
4542,234988051833751,234988051836287,234988051904363,234988051905029,2536,68076,666,71278
4543,234988052035055,234988052036557,234988052105931,234988052106619,1502,69374,688,71564
4544,234988052222561,234988052224937,234988052293045,234988052293735,2376,68108,690,71174
4545,234988052410247,234988052411671,234988052481829,234988052482507,1424,70158,678,72260
4546,234988052598571,234988052600011,234988052671993,234988052672675,1440,71982,682,74104
4547,234988052789213,234988052790647,234988052862301,234988052862955,1434,71654,654,73742
4548,234988052978743,234988052980183,234988053051037,234988053051665,1440,70854,628,72922
4549,234988053167795,234988053169231,234988053238813,234988053239477,1436,69582,664,71682
4550,234988053356059,234988053357617,234988053431653,234988053432325,1558,74036,672,76266
4551,234988053556271,234988053557687,234988053628117,234988053628741,1416,70430,624,72470
4552,234988053745049,234988053746485,234988053815527,234988053816221,1436,69042,694,71172
4553,234988053941473,234988053944129,234988054014749,234988054015417,2656,70620,668,73944
4554,234988054131307,234988054132751,234988054201709,234988054202341,1444,68958,632,71034
4555,234988054318907,234988054320343,234988054391891,234988054392587,1436,71548,696,73680
4556,234988054508513,234988054509947,234988054580219,234988054580909,1434,70272,690,72396
4557,234988054697129,234988054698589,234988054768573,234988054769225,1460,69984,652,72096
4558,234988054885213,234988054886623,234988054957267,234988054957921,1410,70644,654,72708
4559,234988055073517,234988055074903,234988055145631,234988055146285,1386,70728,654,72768
4560,234988055262257,234988055264579,234988055336833,234988055337517,2322,72254,684,75260
4561,234988055453399,234988055455727,234988055526455,234988055527081,2328,70728,626,73682
4562,234988055651899,234988055653331,234988055722235,234988055722909,1432,68904,674,71010
4563,234988055847091,234988055848531,234988055917471,234988055918135,1440,68940,664,71044
4564,234988056034433,234988056036733,234988056106243,234988056106915,2300,69510,672,72482
4565,234988056222563,234988056223961,234988056295181,234988056295853,1398,71220,672,73290
4566,234988056412007,234988056413885,234988056483485,234988056484127,1878,69600,642,72120
4567,234988056611329,234988056612973,234988056682745,234988056683423,1644,69772,678,72094
4568,234988056799457,234988056800879,234988056871907,234988056872591,1422,71028,684,73134
4569,234988056988831,234988056990259,234988057060069,234988057060735,1428,69810,666,71904
4570,234988057176817,234988057179133,234988057248575,234988057249243,2316,69442,668,72426
4571,234988057364859,234988057367173,234988057438237,234988057438907,2314,71064,670,74048
4572,234988057555117,234988057557397,234988057626551,234988057627199,2280,69154,648,72082
4573,234988057751089,234988057753421,234988057823645,234988057824341,2332,70224,696,73252
4574,234988057941285,234988057943587,234988058013899,234988058014555,2302,70312,656,73270
4575,234988058130827,234988058133101,234988058204165,234988058204863,2274,71064,698,74036
4576,234988058320651,234988058322605,234988058392655,234988058393311,1954,70050,656,72660
4577,234988058509847,234988058511305,234988058578975,234988058579653,1458,67670,678,69806
4578,234988058695589,234988058697343,234988058769799,234988058770469,1754,72456,670,74880
4579,234988058886377,234988058887805,234988058959915,234988058960609,1428,72110,694,74232
4580,234988059076583,234988059078073,234988059147889,234988059148571,1490,69816,682,71988
4581,234988059264707,234988059266987,234988059337151,234988059337811,2280,70164,660,73104
4582,234988059453713,234988059455113,234988059525199,234988059525865,1400,70086,666,72152
4583,234988059661969,234988059664327,234988059732961,234988059733633,2358,68634,672,71664
4584,234988059849959,234988059851441,234988059919537,234988059920251,1482,68096,714,70292
4585,234988060037359,234988060038775,234988060110445,234988060111093,1416,71670,648,73734
4586,234988060227163,234988060228561,234988060300849,234988060301507,1398,72288,658,74344
4587,234988060417661,234988060419061,234988060491439,234988060492121,1400,72378,682,74460
4588,234988060607723,234988060609139,234988060679429,234988060680083,1416,70290,654,72360
4589,234988060796573,234988060798009,234988060867427,234988060868089,1436,69418,662,71516
4590,234988060983763,234988060985173,234988061056733,234988061057435,1410,71560,702,73672
4591,234988061174213,234988061175623,234988061245801,234988061246429,1410,70178,628,72216
4592,234988061362823,234988061365135,234988061434781,234988061435449,2312,69646,668,72626
4593,234988061567597,234988061569033,234988061638189,234988061638801,1436,69156,612,71204
4594,234988061755313,234988061757715,234988061826205,234988061826911,2402,68490,706,71598
4595,234988061942819,234988061944217,234988062016363,234988062017051,1398,72146,688,74232
4596,234988062133123,234988062135529,234988062207559,234988062208207,2406,72030,648,75084
4597,234988062324533,234988062326969,234988062398471,234988062399131,2436,71502,660,74598
4598,234988062523165,234988062525445,234988062594679,234988062595367,2280,69234,688,72202
4599,234988062712339,234988062713803,234988062783259,234988062783955,1464,69456,696,71616
4600,234988062900187,234988062901631,234988062971693,234988062972383,1444,70062,690,72196
4601,234988063088387,234988063089793,234988063158689,234988063159385,1406,68896,696,70998
4602,234988063275433,234988063276885,234988063348027,234988063348691,1452,71142,664,73258
4603,234988063474213,234988063475633,234988063546603,234988063547275,1420,70970,672,73062
4604,234988063663051,234988063664503,234988063733249,234988063733945,1452,68746,696,70894
4605,234988063849987,234988063852315,234988063921085,234988063921747,2328,68770,662,71760
4606,234988064037691,234988064039095,234988064108683,234988064109347,1404,69588,664,71656
4607,234988064224999,234988064226439,234988064297809,234988064298469,1440,71370,660,73470
4608,234988064423155,234988064424595,234988064495977,234988064496643,1440,71382,666,73488
4609,234988064612285,234988064613727,234988064684375,234988064684993,1442,70648,618,72708
4610,234988064800867,234988064802323,234988064871409,234988064872087,1456,69086,678,71220
4611,234988064988623,234988064990047,234988065060977,234988065061657,1424,70930,680,73034
4612,234988065177865,234988065179291,234988065248165,234988065248821,1426,68874,656,70956
4613,234988065373757,234988065375203,234988065446441,234988065447127,1446,71238,686,73370
4614,234988065571247,234988065572641,234988065644249,234988065644909,1394,71608,660,73662
4615,234988065760753,234988065763121,234988065835591,234988065836267,2368,72470,676,75514
4616,234988065951923,234988065954229,234988066023199,234988066023875,2306,68970,676,71952
4617,234988066140187,234988066142471,234988066214105,234988066214777,2284,71634,672,74590
4618,234988066331123,234988066332563,234988066402001,234988066402687,1440,69438,686,71564
4619,234988066518953,234988066520377,234988066591765,234988066592449,1424,71388,684,73496
4620,234988066708547,234988066709933,234988066782397,234988066783069,1386,72464,672,74522
4621,234988066898537,234988066900057,234988066969393,234988066970065,1520,69336,672,71528
4622,234988067085727,234988067087323,234988067157667,234988067158357,1596,70344,690,72630
4623,234988067284235,234988067286559,234988067357935,234988067358577,2324,71376,642,74342
4624,234988067474095,234988067475505,234988067546095,234988067546789,1410,70590,694,72694
4625,234988067663281,234988067665643,234988067736199,234988067736827,2362,70556,628,73546
4626,234988067852639,234988067854351,234988067926003,234988067926667,1712,71652,664,74028
4627,234988068042761,234988068045077,234988068115207,234988068115871,2316,70130,664,73110
4628,234988068232565,234988068234623,234988068305531,234988068306215,2058,70908,684,73650
4629,234988068422875,234988068424301,234988068494077,234988068494735,1426,69776,658,71860
4630,234988068618461,234988068620747,234988068690941,234988068691577,2286,70194,636,73116
4631,234988068807323,234988068808751,234988068877507,234988068878147,1428,68756,640,70824
4632,234988068993811,234988068996257,234988069064665,234988069065355,2446,68408,690,71544
4633,234988069181221,234988069183519,234988069253015,234988069253699,2298,69496,684,72478
4634,234988069378751,234988069381051,234988069451963,234988069452649,2300,70912,686,73898
4635,234988069569295,234988069571683,234988069640423,234988069641103,2388,68740,680,71808
4636,234988069757053,234988069759363,234988069827971,234988069828663,2310,68608,692,71610
4637,234988069944631,234988069946081,234988070013871,234988070014549,1450,67790,678,69918
4638,234988070130481,234988070131949,234988070203927,234988070204593,1468,71978,666,74112
4639,234988070320373,234988070322713,234988070393593,234988070394253,2340,70880,660,73880
4640,234988070509747,234988070511179,234988070583383,234988070584079,1432,72204,696,74332
4641,234988070699929,234988070701381,234988070770445,234988070771117,1452,69064,672,71188
4642,234988070887285,234988070889707,234988070959969,234988070960675,2422,70262,706,73390
4643,234988071076981,234988071078397,234988071149917,234988071150629,1416,71520,712,73648
4644,234988071275371,234988071276941,234988071301093,234988071301745,1570,24152,652,26374
4645,234988071418543,234988071419993,234988071490667,234988071491341,1450,70674,674,72798
4646,234988071616039,234988071618353,234988071685981,234988071686665,2314,67628,684,70626
4647,234988071802775,234988071804221,234988071874783,234988071875471,1446,70562,688,72696
4648,234988071992045,234988071993781,234988072062655,234988072063319,1736,68874,664,71274
4649,234988072179089,234988072180949,234988072252621,234988072253293,1860,71672,672,74204
4650,234988072369369,234988072371671,234988072440661,234988072441327,2302,68990,666,71958
4651,234988072557811,234988072559207,234988072631459,234988072632127,1396,72252,668,74316
4652,234988072748251,234988072749679,234988072818317,234988072818973,1428,68638,656,70722
4653,234988072942319,234988072943753,234988073013835,234988073014507,1434,70082,672,72188
4654,234988073138461,234988073139889,234988073210579,234988073211263,1428,70690,684,72802
4655,234988073327641,234988073330063,234988073399885,234988073400589,2422,69822,704,72948
4656,234988073516855,234988073519195,234988073586653,234988073587349,2340,67458,696,70494
4657,234988073703589,234988073704999,234988073777111,234988073777777,1410,72112,666,74188
4658,234988073893769,234988073895235,234988073963203,234988073963901,1466,67968,698,70132
4659,234988074079859,234988074082115,234988074152263,234988074152915,2256,70148,652,73056
4660,234988074268637,234988074270095,234988074341101,234988074341783,1458,71006,682,73146
4661,234988074467165,234988074468545,234988074539309,234988074539965,1380,70764,656,72800
4662,234988074656089,234988074657671,234988074728011,234988074728671,1582,70340,660,72582
4663,234988074845239,234988074846635,234988074916895,234988074917599,1396,70260,704,72360
4664,234988075042301,234988075045079,234988075115579,234988075116259,2778,70500,680,73958
4665,234988075232227,234988075233683,234988075303423,234988075304029,1456,69740,606,71802
4666,234988075420349,234988075421789,234988075491967,234988075492625,1440,70178,658,72276
4667,234988075609165,234988075610585,234988075679987,234988075680647,1420,69402,660,71482
4668,234988075797013,234988075798435,234988075868101,234988075868761,1422,69666,660,71748
4669,234988075985315,234988075986803,234988076057575,234988076058251,1488,70772,676,72936
4670,234988076173735,234988076175131,234988076244583,234988076245245,1396,69452,662,71510
4671,234988076360975,234988076363287,234988076431229,234988076431889,2312,67942,660,70914
4672,234988076548475,234988076549923,234988076620337,234988076620991,1448,70414,654,72516
4673,234988076737327,234988076738749,234988076810611,234988076811281,1422,71862,670,73954
4674,234988076935883,234988076938195,234988077008347,234988077009047,2312,70152,700,73164
4675,234988077125083,234988077126487,234988077198443,234988077199099,1404,71956,656,74016
4676,234988077314833,234988077316265,234988077386603,234988077387259,1432,70338,656,72426
4677,234988077511595,234988077513917,234988077584335,234988077584971,2322,70418,636,73376
4678,234988077700709,234988077702211,234988077772099,234988077772757,1502,69888,658,72048
4679,234988077888533,234988077890831,234988077960173,234988077960865,2298,69342,692,72332
4680,234988078076737,234988078078171,234988078147949,234988078148603,1434,69778,654,71866
4681,234988078264387,234988078265819,234988078335583,234988078336243,1432,69764,660,71856
4682,234988078453091,234988078454495,234988078528951,234988078529615,1404,74456,664,76524
4683,234988078645537,234988078646923,234988078717465,234988078718153,1386,70542,688,72616
4684,234988078843105,234988078844543,234988078913965,234988078914613,1438,69422,648,71508
4685,234988079031157,234988079032577,234988079102899,234988079103583,1420,70322,684,72426
4686,234988079219221,234988079220643,234988079290465,234988079291095,1422,69822,630,71874
4687,234988079406883,234988079408329,234988079476987,234988079477651,1446,68658,664,70768
4688,234988079593949,234988079595319,234988079666995,234988079667653,1370,71676,658,73704
4689,234988079783509,234988079784913,234988079856781,234988079857453,1404,71868,672,73944
4690,234988079973287,234988079974723,234988080045377,234988080046057,1436,70654,680,72770
4691,234988080161983,234988080163405,234988080233191,234988080233849,1422,69786,658,71866
4692,234988080349895,234988080352175,234988080422255,234988080422941,2280,70080,686,73046
4693,234988080546947,234988080548357,234988080619033,234988080619705,1410,70676,672,72758
4694,234988080744133,234988080745537,234988080816305,234988080816989,1404,70768,684,72856
4695,234988080932783,234988080934199,234988081002799,234988081003459,1416,68600,660,70676
4696,234988081119865,234988081121483,234988081192189,234988081192853,1618,70706,664,72988
4697,234988081308817,234988081310201,234988081381411,234988081382069,1384,71210,658,73252
4698,234988081498045,234988081499525,234988081568699,234988081569371,1480,69174,672,71326
4699,234988081693313,234988081696235,234988081762685,234988081763363,2922,66450,678,70050
4700,234988081879615,234988081881905,234988081952329,234988081953011,2290,70424,682,73396
4701,234988082069137,234988082071595,234988082142641,234988082143309,2458,71046,668,74172
4702,234988082258915,234988082260331,234988082327899,234988082328565,1416,67568,666,69650
4703,234988082445229,234988082446583,234988082517485,234988082518133,1354,70902,648,72904
4704,234988082642225,234988082644655,234988082711219,234988082711875,2430,66564,656,69650
4705,234988082828341,234988082829757,234988082901905,234988082902583,1416,72148,678,74242
4706,234988083018313,234988083019789,234988083090037,234988083090709,1476,70248,672,72396
4707,234988083206587,234988083208025,234988083277255,234988083277943,1438,69230,688,71356
4708,234988083394199,234988083395671,234988083465425,234988083466103,1472,69754,678,71904
4709,234988083590183,234988083591629,234988083663929,234988083664621,1446,72300,692,74438
4710,234988083780911,234988083782323,234988083851719,234988083852379,1412,69396,660,71468
4711,234988083968131,234988083969589,234988084039345,234988084039969,1458,69756,624,71838
4712,234988084155491,234988084156915,234988084227421,234988084228127,1424,70506,706,72636
4713,234988084343749,234988084345205,234988084414751,234988084415413,1456,69546,662,71664
4714,234988084546979,234988084549339,234988084619101,234988084619791,2360,69762,690,72812
4715,234988084735687,234988084738015,234988084808569,234988084809217,2328,70554,648,73530
4716,234988084924661,234988084926823,234988084994359,234988084995059,2162,67536,700,70398
4717,234988085111143,234988085112551,234988085182873,234988085183533,1408,70322,660,72390
4718,234988085299279,234988085300749,234988085369125,234988085369789,1470,68376,664,70510
4719,234988085485741,234988085487197,234988085555921,234988085556625,1456,68724,704,70884
4720,234988085672011,234988085674321,234988085744513,234988085745173,2310,70192,660,73162
4721,234988085861059,234988085862517,234988085932631,234988085933323,1458,70114,692,72264
4722,234988086049669,234988086051289,234988086119795,234988086120469,1620,68506,674,70800
4723,234988086236803,234988086238607,234988086309101,234988086309791,1804,70494,690,72988
4724,234988086441623,234988086444499,234988086513097,234988086513767,2876,68598,670,72144
4725,234988086638717,234988086641033,234988086711145,234988086711823,2316,70112,678,73106
4726,234988086827683,234988086829115,234988086900799,234988086901475,1432,71684,676,73792
4727,234988087017341,234988087019675,234988087088837,234988087089509,2334,69162,672,72168
4728,234988087205785,234988087207207,234988087277017,234988087277687,1422,69810,670,71902
4729,234988087393543,234988087395829,234988087465249,234988087465951,2286,69420,702,72408
4730,234988087581481,234988087582849,234988087654357,234988087655045,1368,71508,688,73564
4731,234988087771045,234988087773547,234988087843321,234988087843957,2502,69774,636,72912
4732,234988087960169,234988087962547,234988088031413,234988088032117,2378,68866,704,71948
4733,234988088147905,234988088149333,234988088220541,234988088221235,1428,71208,694,73330
4734,234988088336921,234988088339267,234988088409913,234988088410577,2346,70646,664,73656
4735,234988088536669,234988088538089,234988088607587,234988088608265,1420,69498,678,71596
4736,234988088724443,234988088725907,234988088796985,234988088797597,1464,71078,612,73154
4737,234988088913709,234988088915113,234988088985793,234988088986481,1404,70680,688,72772
4738,234988089102671,234988089104071,234988089173443,234988089174113,1400,69372,670,71442
4739,234988089289789,234988089291223,234988089363445,234988089364125,1434,72222,680,74336
4740,234988089490295,234988089491725,234988089561313,234988089561983,1430,69588,670,71688
4741,234988089678451,234988089679925,234988089749261,234988089749909,1474,69336,648,71458
4742,234988089866159,234988089867595,234988089938975,234988089939637,1436,71380,662,73478
4743,234988090055819,234988090057277,234988090127545,234988090128239,1458,70268,694,72420
4744,234988090253867,234988090255297,234988090327823,234988090328507,1430,72526,684,74640
4745,234988090452967,234988090454399,234988090524007,234988090524743,1432,69608,736,71776
4746,234988090640773,234988090642195,234988090711885,234988090712573,1422,69690,688,71800
4747,234988090828735,234988090830169,234988090900405,234988090901063,1434,70236,658,72328
4748,234988091016953,234988091018401,234988091090941,234988091091587,1448,72540,646,74634
4749,234988091207509,234988091210407,234988091279347,234988091280017,2898,68940,670,72508
4750,234988091395987,234988091398259,234988091467387,234988091468069,2272,69128,682,72082
4751,234988091584333,234988091586599,234988091658061,234988091658667,2266,71462,606,74334
4752,234988091774695,234988091776085,234988091845369,234988091846075,1390,69284,706,71380
4753,234988091962163,234988091964253,234988092032873,234988092033553,2090,68620,680,71390
4754,234988092149293,234988092151567,234988092222241,234988092222937,2274,70674,696,73644
4755,234988092347101,234988092348491,234988092418283,234988092418939,1390,69792,656,71838
4756,234988092542645,234988092545291,234988092616039,234988092616723,2646,70748,684,74078
4757,234988092732469,234988092733907,234988092803705,234988092804343,1438,69798,638,71874
4758,234988092920413,234988092921799,234988092992605,234988092993283,1386,70806,678,72870
4759,234988093109239,234988093110689,234988093179581,234988093180249,1450,68892,668,71010
4760,234988093296047,234988093297453,234988093367129,234988093367803,1406,69676,674,71756
4761,234988093483375,234988093484821,234988093554601,234988093555271,1446,69780,670,71896
4762,234988093670989,234988093672415,234988093743409,234988093744085,1426,70994,676,73096
4763,234988093859741,234988093861669,234988093931449,234988093932151,1928,69780,702,72410
4764,234988094048533,234988094050835,234988094119367,234988094120005,2302,68532,638,71472
4765,234988094244319,234988094245739,234988094316613,234988094317289,1420,70874,676,72970
4766,234988094433293,234988094435609,234988094506889,234988094507557,2316,71280,668,74264
4767,234988094623157,234988094625481,234988094695829,234988094696501,2324,70348,672,73344
4768,234988094812727,234988094814161,234988094883517,234988094884183,1434,69356,666,71456
4769,234988095000233,234988095002617,234988095072949,234988095073625,2384,70332,676,73392
4770,234988095189769,234988095191233,234988095260351,234988095261041,1464,69118,690,71272
4771,234988095376681,234988095379037,234988095449615,234988095450271,2356,70578,656,73590
4772,234988095574555,234988095576707,234988095645977,234988095646657,2152,69270,680,72102
4773,234988095762719,234988095764515,234988095834073,234988095834745,1796,69558,672,72026
4774,234988095951047,234988095953375,234988096027211,234988096027877,2328,73836,666,76830
4775,234988096152655,234988096154099,234988096224007,234988096224677,1444,69908,670,72022
4776,234988096341517,234988096343581,234988096414769,234988096415405,2064,71188,636,73888
4777,234988096531523,234988096532941,234988096603909,234988096604567,1418,70968,658,73044
4778,234988096720147,234988096722485,234988096794005,234988096794667,2338,71520,662,74520
4779,234988096910293,234988096912103,234988096980059,234988096980725,1810,67956,666,70432
4780,234988097096783,234988097098931,234988097170189,234988097170861,2148,71258,672,74078
4781,234988097287399,234988097288789,234988097359451,234988097360161,1390,70662,710,72762
4782,234988097475691,234988097477981,234988097544127,234988097544841,2290,66146,714,69150
4783,234988097661713,234988097664001,234988097733437,234988097734123,2288,69436,686,72410
4784,234988097849965,234988097851373,234988097923451,234988097924117,1408,72078,666,74152
4785,234988098047935,234988098049369,234988098120335,234988098121013,1434,70966,678,73078
4786,234988098236855,234988098238303,234988098306815,234988098307471,1448,68512,656,70616
4787,234988098433739,234988098436087,234988098505957,234988098506621,2348,69870,664,72882
4788,234988098622783,234988098625139,234988098693215,234988098693911,2356,68076,696,71128
4789,234988098810299,234988098811717,234988098881065,234988098881761,1418,69348,696,71462
4790,234988099006105,234988099008079,234988099077607,234988099078259,1974,69528,652,72154
4791,234988099194127,234988099196441,234988099265947,234988099266587,2314,69506,640,72460
4792,234988099382413,234988099383823,234988099454281,234988099454975,1410,70458,694,72562
4793,234988099571183,234988099573501,234988099643269,234988099643941,2318,69768,672,72758
4794,234988099759955,234988099762265,234988099834927,234988099835615,2310,72662,688,75660
4795,234988099960373,234988099961791,234988100032081,234988100032727,1418,70290,646,72354
4796,234988100148791,234988100150261,234988100220355,234988100221009,1470,70094,654,72218
4797,234988100337067,234988100338505,234988100409377,234988100410027,1438,70872,650,72960
4798,234988100526391,234988100527847,234988100597065,234988100597741,1456,69218,676,71350
4799,234988100713483,234988100715797,234988100784067,234988100784743,2314,68270,676,71260
4800,234988100900405,234988100901823,234988100973041,234988100973697,1418,71218,656,73292
4801,234988101089591,234988101091913,234988101161699,234988101162389,2322,69786,690,72798
4802,234988101278527,234988101280031,234988101351095,234988101351781,1504,71064,686,73254
4803,234988101475741,234988101477151,234988101548887,234988101549547,1410,71736,660,73806
4804,234988101665953,234988101668245,234988101737095,234988101737771,2292,68850,676,71818
4805,234988101862897,234988101864343,234988101935605,234988101936287,1446,71262,682,73390
4806,234988102052249,234988102053661,234988102123481,234988102124135,1412,69820,654,71886
4807,234988102241603,234988102242997,234988102312727,234988102313383,1394,69730,656,71780
4808,234988102429895,234988102431383,234988102499071,234988102499749,1488,67688,678,69854
4809,234988102615823,234988102618127,234988102685503,234988102686163,2304,67376,660,70340
4810,234988102802377,234988102803817,234988102873729,234988102874413,1440,69912,684,72036
4811,234988102990675,234988102992113,234988103062585,234988103063243,1438,70472,658,72568
4812,234988103179897,234988103181341,234988103251859,234988103252537,1444,70518,678,72640
4813,234988103367775,234988103369155,234988103441491,234988103442181,1380,72336,690,74406
4814,234988103558335,234988103560697,234988103629247,234988103629913,2362,68550,666,71578
4815,234988103754953,234988103756485,234988103826895,234988103827567,1532,70410,672,72614
4816,234988103943241,234988103945557,234988104014893,234988104015563,2316,69336,670,72322
4817,234988104131579,234988104133013,234988104202591,234988104203275,1434,69578,684,71696
4818,234988104320435,234988104322739,234988104391105,234988104391805,2304,68366,700,71370
4819,234988104516301,234988104518695,234988104589453,234988104590111,2394,70758,658,73810
4820,234988104706697,234988104709025,234988104777743,234988104778405,2328,68718,662,71708
4821,234988104893491,234988104894899,234988104964697,234988104965371,1408,69798,674,71880
4822,234988105081733,234988105083157,234988105154861,234988105155539,1424,71704,678,73806
4823,234988105271345,234988105272839,234988105341379,234988105342043,1494,68540,664,70698
4824,234988105457375,234988105458807,234988105528345,234988105529017,1432,69538,672,71642
4825,234988105653631,234988105655017,234988105725707,234988105726375,1386,70690,668,72744
4826,234988105841951,234988105843393,234988105913335,234988105913983,1442,69942,648,72032
4827,234988106030009,234988106032357,234988106099687,234988106100359,2348,67330,672,70350
4828,234988106216399,234988106217793,234988106289431,234988106290139,1394,71638,708,73740
4829,234988106406197,234988106408263,234988106476993,234988106477675,2066,68730,682,71478
4830,234988106593901,234988106596213,234988106666773,234988106667445,2312,70560,672,73544
4831,234988106783309,234988106784721,234988106855675,234988106856329,1412,70954,654,73020
4832,234988106972929,234988106974351,234988107044059,234988107044749,1422,69708,690,71820
4833,234988107160511,234988107161941,234988107231311,234988107231983,1430,69370,672,71472
4834,234988107348295,234988107350647,234988107420383,234988107421061,2352,69736,678,72766
4835,234988107554375,234988107557185,234988107627695,234988107628363,2810,70510,668,73988
4836,234988107760975,234988107762409,234988107833269,234988107833957,1434,70860,688,72982
4837,234988107949831,234988107951223,234988108021327,234988108021997,1392,70104,670,72166
4838,234988108137635,234988108139099,234988108207681,234988108208347,1464,68582,666,70712
4839,234988108324031,234988108326329,234988108397387,234988108398053,2298,71058,666,74022
4840,234988108514231,234988108515635,234988108585957,234988108586617,1404,70322,660,72386
4841,234988108702057,234988108703765,234988108775585,234988108776235,1708,71820,650,74178
4842,234988108892473,234988108893905,234988108964467,234988108965133,1432,70562,666,72660
4843,234988109081257,234988109082689,234988109152237,234988109152915,1432,69548,678,71658
4844,234988109268971,234988109270419,234988109339281,234988109339929,1448,68862,648,70958
4845,234988109456153,234988109458853,234988109529631,234988109530303,2700,70778,672,74150
4846,234988109654681,234988109656081,234988109726341,234988109727005,1400,70260,664,72324
4847,234988109842903,234988109844997,234988109914709,234988109915329,2094,69712,620,72426
4848,234988110031183,234988110032863,234988110105307,234988110105899,1680,72444,592,74716
4849,234988110221963,234988110223405,234988110293243,234988110293855,1442,69838,612,71892
4850,234988110421591,234988110423893,234988110493103,234988110493775,2302,69210,672,72184
4851,234988110609703,234988110611135,234988110679963,234988110680635,1432,68828,672,70932
4852,234988110797573,234988110798989,234988110871895,234988110872549,1416,72906,654,74976
4853,234988110988319,234988110990617,234988111060349,234988111061029,2298,69732,680,72710
4854,234988111177421,234988111178845,234988111249033,234988111249705,1424,70188,672,72284
4855,234988111365551,234988111367003,234988111436915,234988111437583,1452,69912,668,72032
4856,234988111563193,234988111564607,234988111635011,234988111635677,1414,70404,666,72484
4857,234988111752425,234988111754143,234988111824113,234988111824775,1718,69970,662,72350
4858,234988111940743,234988111942211,234988112012023,234988112012683,1468,69812,660,71940
4859,234988112128727,234988112130169,234988112199719,234988112200367,1442,69550,648,71640
4860,234988112316439,234988112317889,234988112385169,234988112385823,1450,67280,654,69384
4861,234988112502547,234988112503979,234988112572673,234988112573357,1432,68694,684,70810
4862,234988112689369,234988112691001,234988112761399,234988112762097,1632,70398,698,72728
4863,234988112878021,234988112879449,234988112949925,234988112950579,1428,70476,654,72558
4864,234988113066823,234988113068227,234988113138053,234988113138719,1404,69826,666,71896
4865,234988113254383,234988113256747,234988113327719,234988113328379,2364,70972,660,73996
4866,234988113467767,234988113470593,234988113500239,234988113501013,2826,29646,774,33246
4867,234988113617797,234988113619219,234988113689147,234988113689843,1422,69928,696,72046
4868,234988113805679,234988113807079,234988113878723,234988113879403,1400,71644,680,73724
4869,234988113995549,234988113996961,234988114066819,234988114067461,1412,69858,642,71912
4870,234988114183379,234988114184767,234988114255477,234988114256119,1388,70710,642,72740
4871,234988114371947,234988114374229,234988114443179,234988114443871,2282,68950,692,71924
4872,234988114559443,234988114560881,234988114630729,234988114631401,1438,69848,672,71958
4873,234988114747745,234988114749161,234988114820141,234988114820789,1416,70980,648,73044
4874,234988114936771,234988114938193,234988115008501,234988115009137,1422,70308,636,72366
4875,234988115124739,234988115126723,234988115196043,234988115196709,1984,69320,666,71970
4876,234988115321653,234988115323987,234988115394487,234988115395183,2334,70500,696,73530
4877,234988115510869,234988115513219,234988115582933,234988115583631,2350,69714,698,72762
4878,234988115699587,234988115701015,234988115771003,234988115771671,1428,69988,668,72084
4879,234988115887889,234988115889319,234988115960731,234988115961397,1430,71412,666,73508
4880,234988116077213,234988116078665,234988116149083,234988116149707,1452,70418,624,72494
4881,234988116274129,234988116275549,234988116344749,234988116345419,1420,69200,670,71290
4882,234988116470281,234988116471727,234988116541355,234988116542057,1446,69628,702,71776
4883,234988116658591,234988116660611,234988116732071,234988116732745,2020,71460,674,74154
4884,234988116848641,234988116850095,234988116920417,234988116921083,1454,70322,666,72442
4885,234988117036661,234988117038047,234988117109273,234988117109929,1386,71226,656,73268
4886,234988117234207,234988117236523,234988117304183,234988117304881,2316,67660,698,70674
4887,234988117421407,234988117422833,234988117494785,234988117495465,1426,71952,680,74058
4888,234988117611691,234988117613981,234988117683029,234988117683697,2290,69048,668,72006
4889,234988117799909,234988117801339,234988117874701,234988117875397,1430,73362,696,75488
4890,234988117991189,234988117993513,234988118064415,234988118065091,2324,70902,676,73902
4891,234988118181493,234988118182933,234988118254393,234988118255105,1440,71460,712,73612
4892,234988118370949,234988118372359,234988118443283,234988118443957,1410,70924,674,73008
4893,234988118560267,234988118561689,234988118631077,234988118631757,1422,69388,680,71490
4894,234988118747665,234988118750011,234988118819387,234988118820035,2346,69376,648,72370
4895,234988118936137,234988118939099,234988119010159,234988119010789,2962,71060,630,74652
4896,234988119134825,234988119136229,234988119209165,234988119209785,1404,72936,620,74960
4897,234988119325823,234988119328175,234988119397205,234988119397879,2352,69030,674,72056
4898,234988119521759,234988119524615,234988119595963,234988119596639,2856,71348,676,74880
4899,234988119712633,234988119714929,234988119785273,234988119785935,2296,70344,662,73302
4900,234988119901787,234988119903217,234988119971827,234988119972451,1430,68610,624,70664
4901,234988120088555,234988120089989,234988120160471,234988120161145,1434,70482,674,72590
4902,234988120276661,234988120279051,234988120348573,234988120349257,2390,69522,684,72596
4903,234988120465415,234988120466815,234988120539415,234988120540087,1400,72600,672,74672
4904,234988120655915,234988120657279,234988120728943,234988120729601,1364,71664,658,73686
4905,234988120845173,234988120847747,234988120918303,234988120918963,2574,70556,660,73790
4906,234988121045191,234988121047525,234988121116483,234988121117147,2334,68958,664,71956
4907,234988121233423,234988121234869,234988121303153,234988121303825,1446,68284,672,70402
4908,234988121419775,234988121421199,234988121492911,234988121493595,1424,71712,684,73820
4909,234988121609893,234988121611313,234988121681249,234988121681915,1420,69936,666,72022
4910,234988121798293,234988121799725,234988121870555,234988121871227,1432,70830,672,72934
4911,234988121986957,234988121989439,234988122060005,234988122060667,2482,70566,662,73710
4912,234988122176069,234988122177479,234988122248929,234988122249593,1410,71450,664,73524
4913,234988122379075,234988122380807,234988122451387,234988122452035,1732,70580,648,72960
4914,234988122568241,234988122570619,234988122642175,234988122642817,2378,71556,642,74576
4915,234988122758879,234988122760309,234988122830425,234988122831097,1430,70116,672,72218
4916,234988122956189,234988122957611,234988123028621,234988123029287,1422,71010,666,73098
4917,234988123145717,234988123147153,234988123217755,234988123218443,1436,70602,688,72726
4918,234988123334687,234988123336099,234988123407047,234988123407731,1412,70948,684,73044
4919,234988123523921,234988123526323,234988123594777,234988123595453,2402,68454,676,71532
4920,234988123711291,234988123713617,234988123781315,234988123781977,2326,67698,662,70686
4921,234988123897991,234988123899407,234988123969577,234988123970249,1416,70170,672,72258
4922,234988124086385,234988124087813,234988124157503,234988124158181,1428,69690,678,71796
4923,234988124274515,234988124275963,234988124345323,234988124345999,1448,69360,676,71484
4924,234988124462291,234988124463707,234988124534539,234988124535181,1416,70832,642,72890
4925,234988124651255,234988124653579,234988124723177,234988124723837,2324,69598,660,72582
4926,234988124848651,234988124851021,234988124922541,234988124923219,2370,71520,678,74568
4927,234988125047371,234988125048787,234988125120641,234988125121313,1416,71854,672,73942
4928,234988125236957,234988125238363,234988125312211,234988125312877,1406,73848,666,75920
4929,234988125436267,234988125438665,234988125507331,234988125508019,2398,68666,688,71752
4930,234988125624487,234988125625903,234988125697751,234988125698425,1416,71848,674,73938
4931,234988125814439,234988125815863,234988125884819,234988125885493,1424,68956,674,71054
4932,234988126001599,234988126003027,234988126072571,234988126073231,1428,69544,660,71632
4933,234988126189363,234988126190819,234988126258063,234988126258759,1456,67244,696,69396
4934,234988126374883,234988126377311,234988126446575,234988126447255,2428,69264,680,72372
4935,234988126563445,234988126564867,234988126634363,234988126635043,1422,69496,680,71598
4936,234988126750807,234988126752227,234988126822601,234988126823243,1420,70374,642,72436
4937,234988126947649,234988126949045,234988127021095,234988127021791,1396,72050,696,74142
4938,234988127137961,234988127139371,234988127209499,234988127210161,1410,70128,662,72200
4939,234988127325865,234988127328109,234988127397313,234988127398001,2244,69204,688,72136
4940,234988127514215,234988127515649,234988127583019,234988127583691,1434,67370,672,69476
4941,234988127699707,234988127701111,234988127772571,234988127773249,1404,71460,678,73542
4942,234988127889157,234988127890597,234988127961473,234988127962175,1440,70876,702,73018
4943,234988128077957,234988128079351,234988128150625,234988128151283,1394,71274,658,73326
4944,234988128266917,234988128268325,234988128340213,234988128340901,1408,71888,688,73984
4945,234988128465679,234988128467983,234988128535511,234988128536195,2304,67528,684,70516
4946,234988128652655,234988128654929,234988128724223,234988128724885,2274,69294,662,72230
4947,234988128849521,234988128850937,234988128922163,234988128922807,1416,71226,644,73286
4948,234988129038797,234988129040243,234988129111229,234988129111891,1446,70986,662,73094
4949,234988129228369,234988129229815,234988129300847,234988129301515,1446,71032,668,73146
4950,234988129417543,234988129419011,234988129487377,234988129488047,1468,68366,670,70504
4951,234988129604627,234988129606031,234988129679491,234988129680145,1404,73460,654,75518
4952,234988129795583,234988129797985,234988129867825,234988129868449,2402,69840,624,72866
4953,234988129984531,234988129986299,234988130055781,234988130056447,1768,69482,666,71916
4954,234988130172439,234988130173831,234988130246149,234988130246813,1392,72318,664,74374
4955,234988130362669,234988130364101,234988130433787,234988130434457,1432,69686,670,71788
4956,234988130550553,234988130552869,234988130621465,234988130622119,2316,68596,654,71566
4957,234988130746865,234988130749187,234988130819381,234988130820067,2322,70194,686,73202
4958,234988130936747,234988130938159,234988131007641,234988131008321,1412,69482,680,71574
4959,234988131124507,234988131125905,234988131196499,234988131197165,1398,70594,666,72658
4960,234988131312977,234988131314393,234988131386839,234988131387517,1416,72446,678,74540
4961,234988131511843,234988131513253,234988131584183,234988131584857,1410,70930,674,73014
4962,234988131701033,234988131702445,234988131772043,234988131772747,1412,69598,704,71714
4963,234988131888805,234988131890215,234988131961685,234988131962343,1410,71470,658,73538
4964,234988132078519,234988132079935,234988132152623,234988132153321,1416,72688,698,74802
4965,234988132269403,234988132270813,234988132343225,234988132343899,1410,72412,674,74496
4966,234988132459973,234988132461407,234988132530523,234988132531223,1434,69116,700,71250
4967,234988132662623,234988132664969,234988132733501,234988132734169,2346,68532,668,71546
4968,234988132850573,234988132852009,234988132921817,234988132922479,1436,69808,662,71906
4969,234988133038309,234988133039725,234988133110139,234988133110789,1416,70414,650,72480
4970,234988133226581,234988133227979,234988133298121,234988133298793,1398,70142,672,72212
4971,234988133414719,234988133416979,234988133488321,234988133488979,2260,71342,658,74260
4972,234988133613359,234988133614771,234988133685653,234988133686319,1412,70882,666,72960
4973,234988133802077,234988133803667,234988133875237,234988133875859,1590,71570,622,73782
4974,234988133992493,234988133993905,234988134063649,234988134064337,1412,69744,688,71844
4975,234988134180233,234988134181639,234988134251927,234988134252589,1406,70288,662,72356
4976,234988134382873,234988134385163,234988134454867,234988134455545,2290,69704,678,72672
4977,234988134580097,234988134581513,234988134654619,234988134655313,1416,73106,694,75216
4978,234988134771011,234988134772457,234988134841237,234988134841907,1446,68780,670,70896
4979,234988134957941,234988134959353,234988135027741,234988135028413,1412,68388,672,70472
4980,234988135144711,234988135146163,234988135214003,234988135214693,1452,67840,690,69982
4981,234988135331051,234988135333477,234988135403231,234988135403893,2426,69754,662,72842
4982,234988135519651,234988135521053,234988135591925,234988135592591,1402,70872,666,72940
4983,234988135708561,234988135710007,234988135779335,234988135780009,1446,69328,674,71448
4984,234988135895281,234988135896701,234988135967031,234988135967695,1420,70330,664,72414
4985,234988136083267,234988136085647,234988136155795,234988136156461,2380,70148,666,73194
4986,234988136272795,234988136274409,234988136345321,234988136346011,1614,70912,690,73216
4987,234988136470111,234988136471549,234988136542639,234988136543297,1438,71090,658,73186
4988,234988136659253,234988136660833,234988136729557,234988136730215,1580,68724,658,70962
4989,234988136846021,234988136847475,234988136916625,234988136917267,1454,69150,642,71246
4990,234988137033383,234988137034819,234988137103747,234988137104387,1436,68928,640,71004
4991,234988137220249,234988137222563,234988137293347,234988137294011,2314,70784,664,73762
4992,234988137418643,234988137420031,234988137488749,234988137489403,1388,68718,654,70760
4993,234988137605599,234988137606997,234988137677731,234988137678337,1398,70734,606,72738
4994,234988137794359,234988137795793,234988137865533,234988137866189,1434,69740,656,71830
4995,234988137982193,234988137984025,234988138053469,234988138054099,1832,69444,630,71906
4996,234988138170031,234988138172357,234988138242631,234988138243235,2326,70274,604,73204
4997,234988138368901,234988138370467,234988138441169,234988138441841,1566,70702,672,72940
4998,234988138557739,234988138560091,234988138627597,234988138628293,2352,67506,696,70554
4999,234988138744259,234988138745651,234988138817663,234988138818307,1392,72012,644,74048
5000,234988138933979,234988138936297,234988139007971,234988139008633,2318,71674,662,74654
5001,234988139124457,234988139125847,234988139196861,234988139197529,1390,71014,668,73072
5002,234988139314219,234988139316509,234988139387359,234988139388019,2290,70850,660,73800
5003,234988139503715,234988139505853,234988139572811,234988139573455,2138,66958,644,69740
5004,234988139689069,234988139690471,234988139761217,234988139761873,1402,70746,656,72804
5005,234988139877319,234988139878741,234988139948491,234988139949173,1422,69750,682,71854
5006,234988140064915,234988140066313,234988140135125,234988140135791,1398,68812,666,70876
5007,234988140260479,234988140261827,234988140334051,234988140334693,1348,72224,642,74214
5008,234988140459259,234988140460747,234988140532111,234988140532733,1488,71364,622,73474
5009,234988140649111,234988140651373,234988140722021,234988140722695,2262,70648,674,73584
5010,234988140838283,234988140839731,234988140909617,234988140910285,1448,69886,668,72002
5011,234988141026115,234988141027541,234988141097527,234988141098181,1426,69986,654,72066
5012,234988141214011,234988141215937,234988141286395,234988141287065,1926,70458,670,73054
5013,234988141402547,234988141403927,234988141473911,234988141474561,1380,69984,650,72014
5014,234988141590391,234988141592749,234988141663207,234988141663837,2358,70458,630,73446
5015,234988141779739,234988141781147,234988141851659,234988141852337,1408,70512,678,72598
5016,234988141968335,234988141969777,234988142039287,234988142039929,1442,69510,642,71594
5017,234988142173717,234988142175197,234988142245819,234988142246479,1480,70622,660,72762
5018,234988142362877,234988142364293,234988142433577,234988142434223,1416,69284,646,71346
5019,234988142550211,234988142552533,234988142619971,234988142620649,2322,67438,678,70438
5020,234988142736545,234988142739181,234988142810489,234988142811139,2636,71308,650,74594
5021,234988142927021,234988142928449,234988143000901,234988143001565,1428,72452,664,74544
5022,234988143117653,234988143119111,234988143189371,234988143190045,1458,70260,674,72392
5023,234988143305719,234988143307139,234988143377761,234988143378425,1420,70622,664,72706
5024,234988143503423,234988143505231,234988143576121,234988143576803,1808,70890,682,73380
5025,234988143692915,234988143694355,234988143764927,234988143765613,1440,70572,686,72698
5026,234988143881489,234988143882917,234988143952981,234988143953677,1428,70064,696,72188
5027,234988144079413,234988144081849,234988144152395,234988144153067,2436,70546,672,73654
5028,234988144269283,234988144270735,234988144341239,234988144341919,1452,70504,680,72636
5029,234988144458715,234988144460165,234988144528513,234988144529179,1450,68348,666,70464
5030,234988144645115,234988144647839,234988144717339,234988144718045,2724,69500,706,72930
5031,234988144835081,234988144837415,234988144907749,234988144908409,2334,70334,660,73328
5032,234988145024605,234988145026933,234988145096335,234988145096989,2328,69402,654,72384
5033,234988145212381,234988145213813,234988145286791,234988145287451,1432,72978,660,75070
5034,234988145403415,234988145404841,234988145476813,234988145477479,1426,71972,666,74064
5035,234988145592989,234988145594389,234988145668723,234988145669363,1400,74334,640,76374
5036,234988145785465,234988145787745,234988145857477,234988145858119,2280,69732,642,72654
5037,234988145973985,234988145975993,234988146043337,234988146044003,2008,67344,666,70018
5038,234988146169079,234988146170537,234988146239537,234988146240223,1458,69000,686,71144
5039,234988146369457,234988146371805,234988146440467,234988146441163,2348,68662,696,71706
5040,234988146557335,234988146558781,234988146628753,234988146629353,1446,69972,600,72018
5041,234988146745549,234988146746965,234988146815477,234988146816135,1416,68512,658,70586
5042,234988146932197,234988146933637,234988147002747,234988147003409,1440,69110,662,71212
5043,234988147119313,234988147120745,234988147190893,234988147191529,1432,70148,636,72216
5044,234988147307069,234988147309345,234988147378439,234988147379107,2276,69094,668,72038
5045,234988147495355,234988147497649,234988147566889,234988147567571,2294,69240,682,72216
5046,234988147683485,234988147684891,234988147754549,234988147755235,1406,69658,686,71750
5047,234988147871765,234988147874083,234988147943153,234988147943821,2318,69070,668,72056
5048,234988148069677,234988148071093,234988148140891,234988148141543,1416,69798,652,71866
5049,234988148257063,234988148259419,234988148328649,234988148329315,2356,69230,666,72252
5050,234988148445415,234988148446859,234988148515303,234988148515963,1444,68444,660,70548
5051,234988148631939,234988148633395,234988148707195,234988148707877,1456,73800,682,75938
5052,234988148823587,234988148825017,234988148895805,234988148896477,1430,70788,672,72890
5053,234988149012557,234988149013981,234988149084385,234988149085067,1424,70404,682,72510
5054,234988149201535,234988149203815,234988149274189,234988149274867,2280,70374,678,73332
5055,234988149398965,234988149400939,234988149471899,234988149472583,1974,70960,684,73618
5056,234988149588641,234988149590081,234988149660563,234988149661235,1440,70482,672,72594
5057,234988149777265,234988149779593,234988149850925,234988149851569,2328,71332,644,74304
5058,234988149975967,234988149977417,234988150046365,234988150047031,1450,68948,666,71064
5059,234988150163245,234988150164683,234988150233779,234988150234439,1438,69096,660,71194
5060,234988150350565,234988150352927,234988150423015,234988150423697,2362,70088,682,73132
5061,234988150540073,234988150541441,234988150613509,234988150614163,1368,72068,654,74090
5062,234988150730347,234988150731755,234988150804271,234988150804945,1408,72516,674,74598
5063,234988150929563,234988150930951,234988151002639,234988151003329,1388,71688,690,73766
5064,234988151119205,234988151121511,234988151193073,234988151193751,2306,71562,678,74546
5065,234988151309567,234988151311013,234988151380705,234988151381387,1446,69692,682,71820
5066,234988151497349,234988151498783,234988151568079,234988151568773,1434,69296,694,71424
5067,234988151684495,234988151685905,234988151755991,234988151756675,1410,70086,684,72180
5068,234988151879789,234988151881073,234988151906683,234988151907347,1284,25610,664,27558
5069,234988151993785,234988151994929,234988152058901,234988152059587,1144,63972,686,65802
5070,234988152147155,234988152148303,234988152210289,234988152210961,1148,61986,672,63806
5071,234988152312637,234988152313813,234988152377983,234988152378625,1176,64170,642,65988
5072,234988152465385,234988152466565,234988152526907,234988152527561,1180,60342,654,62176
5073,234988152613859,234988152615245,234988152676157,234988152676813,1386,60912,656,62954
5074,234988152762913,234988152764107,234988152826109,234988152826783,1194,62002,674,63870
5075,234988152913099,234988152914249,234988152976933,234988152977621,1150,62684,688,64522
5076,234988153064033,234988153066183,234988153128545,234988153129199,2150,62362,654,65166
5077,234988153215583,234988153216789,234988153278863,234988153279535,1206,62074,672,63952
5078,234988153366105,234988153368235,234988153429331,234988153429997,2130,61096,666,63892
5079,234988153524449,234988153525627,234988153587487,234988153588139,1178,61860,652,63690
5080,234988153674415,234988153676557,234988153737145,234988153737817,2142,60588,672,63402
5081,234988153824365,234988153825543,234988153887275,234988153887949,1178,61732,674,63584
5082,234988153973793,234988153975927,234988154036773,234988154037463,2134,60846,690,63670
5083,234988154123435,234988154125265,234988154187641,234988154188299,1830,62376,658,64864
5084,234988154274277,234988154275457,234988154339017,234988154339719,1180,63560,702,65442
5085,234988154426159,234988154428361,234988154490097,234988154490781,2202,61736,684,64622
5086,234988154577019,234988154578171,234988154640533,234988154641205,1152,62362,672,64186
5087,234988154726833,234988154729039,234988154790163,234988154790835,2206,61124,672,64002
5088,234988154876441,234988154877599,234988154940215,234988154940883,1158,62616,668,64442
5089,234988155026467,234988155027641,234988155089779,234988155090451,1174,62138,672,63984
5090,234988155191957,234988155194095,234988155257005,234988155257659,2138,62910,654,65702
5091,234988155351889,234988155353081,234988155417089,234988155417791,1192,64008,702,65902
5092,234988155503989,234988155505135,234988155568411,234988155569063,1146,63276,652,65074
5093,234988155654821,234988155656005,234988155715693,234988155716353,1184,59688,660,61532
5094,234988155802413,234988155804551,234988155867091,234988155867769,2138,62540,678,65356
5095,234988155953929,234988155955115,234988156016501,234988156017167,1186,61386,666,63238
5096,234988156102717,234988156103893,234988156165579,234988156166267,1176,61686,688,63550
5097,234988156252241,234988156253423,234988156313359,234988156314031,1182,59936,672,61790
5098,234988156399589,234988156400741,234988156464383,234988156465033,1152,63642,650,65444
5099,234988156551923,234988156553101,234988156615627,234988156616293,1178,62526,666,64370
5100,234988156702307,234988156703495,234988156765441,234988156766137,1188,61946,696,63830
5101,234988156859977,234988156861139,234988156924193,234988156924861,1162,63054,668,64884
5102,234988157011055,234988157012279,234988157074825,234988157075519,1224,62546,694,64464
5103,234988157161355,234988157162521,234988157224819,234988157225495,1166,62298,676,64140
5104,234988157311819,234988157312983,234988157375689,234988157376361,1164,62706,672,64542
5105,234988157462575,234988157464715,234988157525605,234988157526287,2140,60890,682,63712
5106,234988157612605,234988157613767,234988157675707,234988157676365,1162,61940,658,63760
5107,234988157762047,234988157763227,234988157827237,234988157827895,1180,64010,658,65848
5108,234988157924885,234988157926081,234988157989661,234988157990323,1196,63580,662,65438
5109,234988158079525,234988158081673,234988158142489,234988158143143,2148,60816,654,63618
5110,234988158233989,234988158235165,234988158301477,234988158302131,1176,66312,654,68142
5111,234988158398525,234988158400877,234988158463319,234988158463991,2352,62442,672,65466
5112,234988158561817,234988158563029,234988158626039,234988158626723,1212,63010,684,64906
5113,234988158719227,234988158720439,234988158784951,234988158785617,1212,64512,666,66390
5114,234988158878749,234988158880055,234988158943369,234988158944059,1306,63314,690,65310
5115,234988159036773,234988159038083,234988159102979,234988159103647,1310,64896,668,66874
5116,234988159196545,234988159197755,234988159261991,234988159262659,1210,64236,668,66114
5117,234988159354895,234988159356133,234988159421269,234988159421933,1238,65136,664,67038
5118,234988159519441,234988159520701,234988159584743,234988159585417,1260,64042,674,65976
5119,234988159683295,234988159684565,234988159748701,234988159749337,1270,64136,636,66042
5120,234988159846885,234988159848137,234988159913275,234988159913947,1252,65138,672,67062
5121,234988160011825,234988160014109,234988160078675,234988160079383,2284,64566,708,67558
5122,234988160180989,234988160182289,234988160249431,234988160250091,1300,67142,660,69102
5123,234988160362609,234988160363931,234988160431901,234988160432567,1322,67970,666,69958
5124,234988160537527,234988160538853,234988160605171,234988160605819,1326,66318,648,68292
5125,234988160709985,234988160711305,234988160778961,234988160779627,1320,67656,666,69642
5126,234988160883691,234988160885929,234988160954107,234988160954777,2238,68178,670,71086
5127,234988161071737,234988161073147,234988161142435,234988161143113,1410,69288,678,71376
5128,234988161258815,234988161260227,234988161331343,234988161332011,1412,71116,668,73196
5129,234988161457663,234988161459071,234988161530011,234988161530677,1408,70940,666,73014
5130,234988161646639,234988161648101,234988161719521,234988161720187,1462,71420,666,73548
5131,234988161836185,234988161837581,234988161908041,234988161908705,1396,70460,664,72520
5132,234988162024861,234988162026293,234988162097609,234988162098283,1432,71316,674,73422
5133,234988162224067,234988162225513,234988162293259,234988162293943,1446,67746,684,69876
5134,234988162410769,234988162412185,234988162480801,234988162481449,1416,68616,648,70680
5135,234988162597009,234988162598423,234988162669105,234988162669771,1414,70682,666,72762
5136,234988162786061,234988162787491,234988162859029,234988162859695,1430,71538,666,73634
5137,234988162975915,234988162977385,234988163050151,234988163050847,1470,72766,696,74932
5138,234988163167031,234988163168465,234988163239015,234988163239687,1434,70550,672,72656
5139,234988163356145,234988163357617,234988163426765,234988163427431,1472,69148,666,71286
5140,234988163543239,234988163544659,234988163617985,234988163618669,1420,73326,684,75430
5141,234988163734921,234988163736325,234988163808715,234988163809379,1404,72390,664,74458
5142,234988163925641,234988163927083,234988163999281,234988163999971,1442,72198,690,74330
5143,234988164123719,234988164125821,234988164195661,234988164196315,2102,69840,654,72596
5144,234988164325391,234988164326811,234988164397039,234988164397703,1420,70228,664,72312
5145,234988164514121,234988164515539,234988164584905,234988164585595,1418,69366,690,71474
5146,234988164701449,234988164702901,234988164774091,234988164774787,1452,71190,696,73338
5147,234988164890495,234988164891887,234988164963823,234988164964495,1392,71936,672,74000
5148,234988165080991,234988165083317,234988165153915,234988165154585,2326,70598,670,73594
5149,234988165270865,234988165273213,234988165342679,234988165343323,2348,69466,644,72458
5150,234988165459673,234988165461989,234988165531253,234988165531909,2316,69264,656,72236
5151,234988165648373,234988165650641,234988165721081,234988165721769,2268,70440,688,73396
5152,234988165837339,234988165839635,234988165909253,234988165909915,2296,69618,662,72576
5153,234988166034455,234988166035907,234988166107859,234988166108533,1452,71952,674,74078
5154,234988166233151,234988166234525,234988166308097,234988166308781,1374,73572,684,75630
5155,234988166425055,234988166428055,234988166498207,234988166498849,3000,70152,642,73794
5156,234988166614735,234988166616133,234988166686523,234988166687201,1398,70390,678,72466
5157,234988166803267,234988166805583,234988166873729,234988166874419,2316,68146,690,71152
5158,234988166990347,234988166992633,234988167062369,234988167063043,2286,69736,674,72696
5159,234988167179143,234988167180575,234988167252887,234988167253555,1432,72312,668,74412
5160,234988167378025,234988167380393,234988167448945,234988167449627,2368,68552,682,71602
5161,234988167565657,234988167567965,234988167637195,234988167637861,2308,69230,666,72204
5162,234988167753949,234988167756247,234988167825851,234988167826535,2298,69604,684,72586
5163,234988167951133,234988167952607,234988168022263,234988168022921,1474,69656,658,71788
5164,234988168139557,234988168140997,234988168211755,234988168212373,1440,70758,618,72816
5165,234988168328485,234988168329985,234988168397645,234988168398307,1500,67660,662,69822
5166,234988168514671,234988168516075,234988168588807,234988168589437,1404,72732,630,74766
5167,234988168705033,234988168707305,234988168778165,234988168778815,2272,70860,650,73782
5168,234988168894433,234988168895905,234988168964293,234988168964999,1472,68388,706,70566
5169,234988169080849,234988169082253,234988169152765,234988169153435,1404,70512,670,72586
5170,234988169269991,234988169271415,234988169344669,234988169345339,1424,73254,670,75348
5171,234988169461769,234988169463227,234988169530415,234988169531051,1458,67188,636,69282
5172,234988169647273,234988169648713,234988169717863,234988169718535,1440,69150,672,71262
5173,234988169843377,234988169844793,234988169915711,234988169916401,1416,70918,690,73024
5174,234988170032353,234988170033793,234988170105217,234988170105891,1440,71424,674,73538
5175,234988170221717,234988170223133,234988170293059,234988170293723,1416,69926,664,72006
5176,234988170418039,234988170420959,234988170492029,234988170492719,2920,71070,690,74680
5177,234988170608269,234988170609695,234988170679681,234988170680329,1426,69986,648,72060
5178,234988170796579,234988170798047,234988170866831,234988170867503,1468,68784,672,70924
5179,234988170983933,234988170985387,234988171056655,234988171057325,1454,71268,670,73392
5180,234988171173047,234988171174483,234988171243255,234988171243943,1436,68772,688,70896
5181,234988171360337,234988171362409,234988171431727,234988171432397,2072,69318,670,72060
5182,234988171548923,234988171550381,234988171619803,234988171620479,1458,69422,676,71556
5183,234988171736695,234988171738123,234988171808893,234988171809581,1428,70770,688,72886
5184,234988171934671,234988171936519,234988172008201,234988172008841,1848,71682,640,74170
5185,234988172124923,234988172127277,234988172194459,234988172195143,2354,67182,684,70220
5186,234988172311243,234988172312641,234988172383121,234988172383789,1398,70480,668,72546
5187,234988172499335,234988172500747,234988172570179,234988172570839,1412,69432,660,71504
5188,234988172686817,234988172689129,234988172757505,234988172758187,2312,68376,682,71370
5189,234988172874629,234988172876969,234988172947681,234988172948371,2340,70712,690,73742
5190,234988173063689,234988173065093,234988173134603,234988173135269,1404,69510,666,71580
5191,234988173251573,234988173253019,234988173322463,234988173323141,1446,69444,678,71568
5192,234988173447137,234988173448565,234988173519157,234988173519829,1428,70592,672,72692
5193,234988173635491,234988173636919,234988173709553,234988173710221,1428,72634,668,74730
5194,234988173840977,234988173843287,234988173912085,234988173912757,2310,68798,672,71780
5195,234988174029077,234988174030487,234988174101527,234988174102141,1410,71040,614,73064
5196,234988174218073,234988174219883,234988174289107,234988174289767,1810,69224,660,71694
5197,234988174405549,234988174407241,234988174477027,234988174477721,1692,69786,694,72172
5198,234988174593847,234988174596197,234988174663579,234988174664249,2350,67382,670,70402
5199,234988174789697,234988174791131,234988174861355,234988174862039,1434,70224,684,72342
5200,234988174978003,234988174980317,234988175050285,234988175050943,2314,69968,658,72940
5201,234988175167273,234988175168707,234988175240137,234988175240795,1434,71430,658,73522
5202,234988175357053,234988175358491,234988175428991,234988175429651,1438,70500,660,72598
5203,234988175545849,234988175548159,234988175617783,234988175618437,2310,69624,654,72588
5204,234988175742461,234988175743895,234988175815715,234988175816395,1434,71820,680,73934
5205,234988175932399,234988175934721,234988176005047,234988176005695,2322,70326,648,73296
5206,234988176121741,234988176123203,234988176194153,234988176194807,1462,70950,654,73066
5207,234988176323635,234988176325055,234988176396521,234988176397183,1420,71466,662,73548
5208,234988176513539,234988176515947,234988176585221,234988176585883,2408,69274,662,72344
5209,234988176701993,234988176703393,234988176774835,234988176775499,1400,71442,664,73506
5210,234988176891343,234988176892759,234988176962815,234988176963487,1416,70056,672,72144
5211,234988177079639,234988177082029,234988177151329,234988177151977,2390,69300,648,72338
5212,234988177268029,234988177269457,234988177340497,234988177341151,1428,71040,654,73122
5213,234988177457389,234988177459687,234988177528283,234988177528955,2298,68596,672,71566
5214,234988177661233,234988177662655,234988177733045,234988177733713,1422,70390,668,72480
5215,234988177849867,234988177852181,234988177922287,234988177922969,2314,70106,682,73102
5216,234988178039263,234988178040707,234988178111449,234988178112115,1444,70742,666,72852
5217,234988178228867,234988178230453,234988178301967,234988178302645,1586,71514,678,73778
5218,234988178418673,234988178420999,234988178489399,234988178490083,2326,68400,684,71410
5219,234988178605387,234988178606813,234988178677831,234988178678507,1426,71018,676,73120
5220,234988178794661,234988178796083,234988178864747,234988178865443,1422,68664,696,70782
5221,234988178982277,234988178983685,234988179053887,234988179054593,1408,70202,706,72316
5222,234988179170647,234988179172795,234988179242515,234988179243193,2148,69720,678,72546
5223,234988179367799,234988179369251,234988179439619,234988179440291,1452,70368,672,72492
5224,234988179564887,234988179567197,234988179637157,234988179637849,2310,69960,692,72962
5225,234988179753305,234988179754693,234988179827225,234988179827891,1388,72532,666,74586
5226,234988179943669,234988179945077,234988180014551,234988180015231,1408,69474,680,71562
5227,234988180131097,234988180133437,234988180204045,234988180204727,2340,70608,682,73630
5228,234988180321133,234988180322563,234988180389713,234988180390339,1430,67150,626,69206
5229,234988180506707,234988180508173,234988180579577,234988180580245,1466,71404,668,73538
5230,234988180696079,234988180697525,234988180768399,234988180769059,1446,70874,660,72980
5231,234988180885633,234988180887967,234988180957369,234988180958069,2334,69402,700,72436
5232,234988181074277,234988181075983,234988181146217,234988181146907,1706,70234,690,72630
5233,234988181262883,234988181264305,234988181334953,234988181335621,1422,70648,668,72738
5234,234988181462815,234988181465171,234988181534137,234988181534791,2356,68966,654,71976
5235,234988181650399,234988181652721,234988181722731,234988181723405,2322,70010,674,73006
5236,234988181838907,234988181840363,234988181910035,234988181910691,1456,69672,656,71784
5237,234988182026965,234988182029315,234988182097631,234988182098287,2350,68316,656,71322
5238,234988182214771,234988182216169,234988182285253,234988182285949,1398,69084,696,71178
5239,234988182410747,234988182413057,234988182481445,234988182482129,2310,68388,684,71382
5240,234988182598225,234988182599687,234988182667957,234988182668651,1462,68270,694,70426
5241,234988182784837,234988182787111,234988182856013,234988182856675,2274,68902,662,71838
5242,234988182973091,234988182974509,234988183044389,234988183045039,1418,69880,650,71948
5243,234988183160993,234988183162409,234988183235407,234988183236049,1416,72998,642,75056
5244,234988183358935,234988183360403,234988183431907,234988183432565,1468,71504,658,73630
5245,234988183557467,234988183558889,234988183628411,234988183629109,1422,69522,698,71642
5246,234988183745357,234988183746757,234988183817473,234988183818139,1400,70716,666,72782
5247,234988183934305,234988183936639,234988184004601,234988184005259,2334,67962,658,70954
5248,234988184121493,234988184122895,234988184195393,234988184196055,1402,72498,662,74562
5249,234988184311721,234988184313719,234988184385259,234988184385917,1998,71540,658,74196
5250,234988184502197,234988184503621,234988184574805,234988184575471,1424,71184,666,73274
5251,234988184691295,234988184693575,234988184764555,234988184765183,2280,70980,628,73888
5252,234988184881381,234988184882789,234988184956967,234988184957633,1408,74178,666,76252
5253,234988185073493,234988185074933,234988185145429,234988185146089,1440,70496,660,72596
5254,234988185279659,234988185281111,234988185350299,234988185350975,1452,69188,676,71316
5255,234988185471023,234988185473909,234988185543497,234988185544171,2886,69588,674,73148
5256,234988185660367,234988185661777,234988185734399,234988185735059,1410,72622,660,74692
5257,234988185850939,234988185852365,234988185922913,234988185923597,1426,70548,684,72658
5258,234988186039583,234988186040987,234988186113391,234988186114051,1404,72404,660,74468
5259,234988186230011,234988186231429,234988186303247,234988186303897,1418,71818,650,73886
5260,234988186419373,234988186421329,234988186489939,234988186490617,1956,68610,678,71244
5261,234988186606291,234988186607719,234988186678061,234988186678721,1428,70342,660,72430
5262,234988186795363,234988186796791,234988186866805,234988186867423,1428,70014,618,72060
5263,234988186983635,234988186985953,234988187055181,234988187055851,2318,69228,670,72216
5264,234988187180761,234988187183531,234988187209963,234988187210639,2770,26432,676,29878
5265,234988187326097,234988187327533,234988187397023,234988187397655,1436,69490,632,71558
5266,234988187513383,234988187514805,234988187584373,234988187585039,1422,69568,666,71656
5267,234988187701157,234988187703259,234988187773133,234988187773783,2102,69874,650,72626
5268,234988187889859,234988187891281,234988187961473,234988187962129,1422,70192,656,72270
5269,234988188078613,234988188080063,234988188149791,234988188150479,1450,69728,688,71866
5270,234988188279013,234988188280429,234988188352069,234988188352771,1416,71640,702,73758
5271,234988188469339,234988188470711,234988188541379,234988188542063,1372,70668,684,72724
5272,234988188658439,234988188660745,234988188730201,234988188730865,2306,69456,664,72426
5273,234988188847391,234988188848827,234988188918895,234988188919555,1436,70068,660,72164
5274,234988189044301,234988189045723,234988189116371,234988189117051,1422,70648,680,72750
5275,234988189233469,234988189235827,234988189305911,234988189306597,2358,70084,686,73128
5276,234988189422809,234988189425175,234988189494433,234988189495111,2366,69258,678,72302
5277,234988189611467,234988189612903,234988189683667,234988189684373,1436,70764,706,72906
5278,234988189800307,234988189801745,234988189873199,234988189873867,1438,71454,668,73560
5279,234988189989803,234988189991197,234988190064689,234988190065385,1394,73492,696,75582
5280,234988190181199,234988190182613,234988190254295,234988190254979,1414,71682,684,73780
5281,234988190371057,234988190372491,234988190443597,234988190444233,1434,71106,636,73176
5282,234988190559977,234988190562379,234988190632709,234988190633377,2402,70330,668,73400
5283,234988190748871,234988190750291,234988190819909,234988190820571,1420,69618,662,71700
5284,234988190936695,234988190938135,234988191009137,234988191009805,1440,71002,668,73110
5285,234988191133765,234988191136109,234988191206369,234988191207049,2344,70260,680,73284
5286,234988191331231,234988191333979,234988191404255,234988191404929,2748,70276,674,73698
5287,234988191520703,234988191522137,234988191592709,234988191593383,1434,70572,674,72680
5288,234988191709549,234988191710965,234988191779819,234988191780503,1416,68854,684,70954
5289,234988191897133,234988191898529,234988191969877,234988191970579,1396,71348,702,73446
5290,234988192096343,234988192098661,234988192168193,234988192168855,2318,69532,662,72512
5291,234988192285451,234988192287763,234988192357891,234988192358579,2312,70128,688,73128
5292,234988192474451,234988192475855,234988192546441,234988192547119,1404,70586,678,72668
5293,234988192662883,234988192664309,234988192734691,234988192735361,1426,70382,670,72478
5294,234988192852043,234988192853429,234988192926157,234988192926835,1386,72728,678,74792
5295,234988193050555,234988193051969,234988193123459,234988193124127,1414,71490,668,73572
5296,234988193239813,234988193241877,234988193313875,234988193314565,2064,71998,690,74752
5297,234988193429897,234988193432191,234988193501207,234988193501887,2294,69016,680,71990
5298,234988193618129,234988193619577,234988193689501,234988193690191,1448,69924,690,72062
5299,234988193806381,234988193807839,234988193876501,234988193877157,1458,68662,656,70776
5300,234988193992945,234988193994407,234988194064411,234988194065069,1462,70004,658,72124
5301,234988194181745,234988194183095,234988194254327,234988194255005,1350,71232,678,73260
5302,234988194378991,234988194380429,234988194449897,234988194450595,1438,69468,698,71604
5303,234988194566545,234988194567949,234988194637769,234988194638441,1404,69820,672,71896
5304,234988194755015,234988194756409,234988194827045,234988194827713,1394,70636,668,72698
5305,234988194952525,234988194955069,234988195024117,234988195024789,2544,69048,672,72264
5306,234988195141849,234988195144177,234988195212521,234988195213171,2328,68344,650,71322
5307,234988195329019,234988195330435,234988195402327,234988195402985,1416,71892,658,73966
5308,234988195518991,234988195520401,234988195593091,234988195593763,1410,72690,672,74772
5309,234988195709635,234988195711079,234988195780603,234988195781275,1444,69524,672,71640
5310,234988195897099,234988195898537,234988195968733,234988195969437,1438,70196,704,72338
5311,234988196085607,234988196087041,234988196155709,234988196156353,1434,68668,644,70746
5312,234988196272675,234988196274835,234988196346013,234988196346709,2160,71178,696,74034
5313,234988196462585,234988196464009,234988196534251,234988196534947,1424,70242,696,72362
5314,234988196650923,234988196652331,234988196722921,234988196723597,1408,70590,676,72674
5315,234988196848109,234988196849587,234988196921981,234988196922649,1478,72394,668,74540
5316,234988197038245,234988197039709,234988197110341,234988197111023,1464,70632,682,72778
5317,234988197227383,234988197228787,234988197300289,234988197300981,1404,71502,692,73598
5318,234988197424823,234988197426259,234988197498947,234988197499601,1436,72688,654,74778
5319,234988197616081,234988197617575,234988197687247,234988197687899,1494,69672,652,71818
5320,234988197803759,234988197806089,234988197875011,234988197875707,2330,68922,696,71948
5321,234988197992219,234988197993667,234988198063751,234988198064441,1448,70084,690,72222
5322,234988198180369,234988198182485,234988198252307,234988198252997,2116,69822,690,72628
5323,234988198369549,234988198371205,234988198441037,234988198441685,1656,69832,648,72136
5324,234988198557179,234988198558667,234988198627607,234988198628263,1488,68940,656,71084
5325,234988198751749,234988198754081,234988198823995,234988198824689,2332,69914,694,72940
5326,234988198940369,234988198941809,234988199011597,234988199012299,1440,69788,702,71930
5327,234988199128073,234988199129491,234988199199875,234988199200565,1418,70384,690,72492
5328,234988199316569,234988199317951,234988199391961,234988199392633,1382,74010,672,76064
5329,234988199507947,234988199509349,234988199581255,234988199581919,1402,71906,664,73972
5330,234988199698625,234988199701235,234988199770195,234988199770843,2610,68960,648,72218
5331,234988199887097,234988199889539,234988199956949,234988199957605,2442,67410,656,70508
5332,234988200073609,234988200075049,234988200145765,234988200146413,1440,70716,648,72804
5333,234988200277865,234988200280193,234988200349667,234988200350327,2328,69474,660,72462
5334,234988200466689,234988200468121,234988200538687,234988200539315,1432,70566,628,72626
5335,234988200664403,234988200666403,234988200736109,234988200736717,2000,69706,608,72314
5336,234988200867785,234988200869215,234988200938669,234988200939347,1430,69454,678,71562
5337,234988201055687,234988201057109,234988201127149,234988201127741,1422,70040,592,72054
5338,234988201243969,234988201246925,234988201317173,234988201317865,2956,70248,692,73896
5339,234988201433863,234988201436155,234988201504891,234988201505557,2292,68736,666,71694
5340,234988201621423,234988201623799,234988201693999,234988201694681,2376,70200,682,73258
5341,234988201810679,234988201812083,234988201882343,234988201883011,1404,70260,668,72332
5342,234988201998949,234988202001047,234988202071099,234988202071783,2098,70052,684,72834
5343,234988202188145,234988202189551,234988202258021,234988202258729,1406,68470,708,70584
5344,234988202375317,234988202376767,234988202446015,234988202446621,1450,69248,606,71304
5345,234988202570819,234988202572247,234988202641985,234988202642675,1428,69738,690,71856
5346,234988202759477,234988202760929,234988202829961,234988202830643,1452,69032,682,71166
5347,234988202946535,234988202947921,234988203018037,234988203018647,1386,70116,610,72112
5348,234988203135673,234988203138031,234988203207269,234988203207959,2358,69238,690,72286
5349,234988203332057,234988203333499,234988203402791,234988203403411,1442,69292,620,71354
5350,234988203519197,234988203521533,234988203590665,234988203591331,2336,69132,666,72134
5351,234988203707615,234988203709073,234988203779141,234988203779813,1458,70068,672,72198
5352,234988203896317,234988203898247,234988203969763,234988203970441,1930,71516,678,74124
5353,234988204086767,234988204088197,234988204159255,234988204159913,1430,71058,658,73146
5354,234988204276313,234988204278425,234988204347649,234988204348343,2112,69224,694,72030
5355,234988204472549,234988204473965,234988204543529,234988204544233,1416,69564,704,71684
5356,234988204660907,234988204662319,234988204731029,234988204731679,1412,68710,650,70772
5357,234988204847453,234988204848887,234988204920427,234988204921087,1434,71540,660,73634
5358,234988205037379,234988205038835,234988205108245,234988205108921,1456,69410,676,71542
5359,234988205224555,234988205225951,234988205298031,234988205298713,1396,72080,682,74158
5360,234988205414563,234988205415953,234988205489173,234988205489839,1390,73220,666,75276
5361,234988205606053,234988205607863,234988205677759,234988205678425,1810,69896,666,72372
5362,234988205794351,234988205795779,234988205867117,234988205867767,1428,71338,650,73416
5363,234988205983973,234988205985377,234988206054917,234988206055541,1404,69540,624,71568
5364,234988206172093,234988206174385,234988206242453,234988206243079,2292,68068,626,70986
5365,234988206375821,234988206377245,234988206447433,234988206448133,1424,70188,700,72312
5366,234988206564217,234988206566603,234988206635507,234988206636191,2386,68904,684,71974
5367,234988206752269,234988206753685,234988206825353,234988206826039,1416,71668,686,73770
5368,234988206942715,234988206944155,234988207014311,234988207014997,1440,70156,686,72282
5369,234988207130995,234988207132399,234988207204135,234988207204801,1404,71736,666,73806
5370,234988207320617,234988207322963,234988207393069,234988207393763,2346,70106,694,73146
5371,234988207509671,234988207511117,234988207580977,234988207581677,1446,69860,700,72006
5372,234988207697677,234988207699085,234988207770683,234988207771345,1408,71598,662,73668
5373,234988207887385,234988207888825,234988207957417,234988207958095,1440,68592,678,70710
5374,234988208074397,234988208075825,234988208146267,234988208146957,1428,70442,690,72560
5375,234988208271691,234988208273125,234988208343803,234988208344481,1434,70678,678,72790
5376,234988208460491,234988208461927,234988208532511,234988208533183,1436,70584,672,72692
5377,234988208649467,234988208650901,234988208721875,234988208722577,1434,70974,702,73110
5378,234988208838623,234988208840929,234988208910361,234988208911033,2306,69432,672,72410
5379,234988209027203,234988209028609,234988209099181,234988209099853,1406,70572,672,72650
5380,234988209215965,234988209217375,234988209289699,234988209290357,1410,72324,658,74392
5381,234988209422549,234988209423953,234988209496271,234988209496935,1404,72318,664,74386
5382,234988209612431,234988209613849,234988209683029,234988209683713,1418,69180,684,71282
5383,234988209799657,234988209801073,234988209870229,234988209870905,1416,69156,676,71248
5384,234988209987077,234988209988483,234988210058929,234988210059611,1406,70446,682,72534
5385,234988210175983,234988210177409,234988210247035,234988210247719,1426,69626,684,71736
5386,234988210372139,234988210373767,234988210443191,234988210443883,1628,69424,692,71744
5387,234988210559681,234988210561235,234988210628725,234988210629377,1554,67490,652,69696
5388,234988210745735,234988210747175,234988210814303,234988210814947,1440,67128,644,69212
5389,234988210931197,234988210932625,234988211002841,234988211003525,1428,70216,684,72328
5390,234988211119409,234988211120825,234988211189257,234988211189957,1416,68432,700,70548
5391,234988211306035,234988211308429,234988211377993,234988211378643,2394,69564,650,72608
5392,234988211494691,234988211497073,234988211566277,234988211566949,2382,69204,672,72258
5393,234988211683025,234988211685325,234988211753305,234988211753977,2300,67980,672,70952
5394,234988211869889,234988211871301,234988211944027,234988211944709,1412,72726,682,74820
5395,234988212060529,234988212061943,234988212130723,234988212131381,1414,68780,658,70852
5396,234988212245011,234988212246271,234988212312805,234988212313471,1260,66534,666,68460
5397,234988212409403,234988212411187,234988212476455,234988212477143,1784,65268,688,67740
5398,234988212572521,234988212573755,234988212637511,234988212638171,1234,63756,660,65650
5399,234988212734041,234988212735265,234988212799765,234988212800395,1224,64500,630,66354
5400,234988212895609,234988212898105,234988212961325,234988212962007,2496,63220,682,66398
5401,234988213056709,234988213058923,234988213123537,234988213124219,2214,64614,682,67510
5402,234988213219505,234988213220737,234988213285783,234988213286407,1232,65046,624,66902
5403,234988213381441,234988213383005,234988213447915,234988213448575,1564,64910,660,67134
5404,234988213544293,234988213546477,234988213610791,234988213611457,2184,64314,666,67164
5405,234988213706699,234988213707919,234988213772227,234988213772867,1220,64308,640,66168
5406,234988213875223,234988213876465,234988213942077,234988213942753,1242,65612,676,67530
5407,234988214038793,234988214040029,234988214103647,234988214104243,1236,63618,596,65450
5408,234988214199209,234988214200453,234988214265563,234988214266229,1244,65110,666,67020
5409,234988214361617,234988214363815,234988214429017,234988214429707,2198,65202,690,68090
5410,234988214524477,234988214526643,234988214592113,234988214592781,2166,65470,668,68304
5411,234988214688809,234988214690035,234988214752859,234988214753531,1226,62824,672,64722
5412,234988214848861,234988214850103,234988214913733,234988214914411,1242,63630,678,65550
5413,234988215009103,234988215010651,234988215074687,234988215075355,1548,64036,668,66252
5414,234988215170281,234988215172469,234988215235159,234988215235829,2188,62690,670,65548
5415,234988215338639,234988215340817,234988215403271,234988215403957,2178,62454,686,65318
5416,234988215499223,234988215501431,234988215566723,234988215567407,2208,65292,684,68184
5417,234988215670409,234988215671665,234988215735041,234988215735733,1256,63376,692,65324
5418,234988215830401,234988215832621,234988215897377,234988215898063,2220,64756,686,67662
5419,234988215993167,234988215994423,234988216059287,234988216059905,1256,64864,618,66738
5420,234988216155253,234988216156531,234988216219069,234988216219777,1278,62538,708,64524
5421,234988216314481,234988216315723,234988216381163,234988216381865,1242,65440,702,67384
5422,234988216477009,234988216478267,234988216542815,234988216543505,1258,64548,690,66496
5423,234988216638919,234988216640153,234988216703131,234988216703821,1234,62978,690,64902
5424,234988216798331,234988216800517,234988216864097,234988216864705,2186,63580,608,66374
5425,234988216959391,234988216960621,234988217025089,234988217025761,1230,64468,672,66370
5426,234988217120989,234988217122243,234988217187551,234988217188199,1254,65308,648,67210
5427,234988217291147,234988217292383,234988217361343,234988217362037,1236,68960,694,70890
5428,234988217465501,234988217466737,234988217531245,234988217531911,1236,64508,666,66410
5429,234988217626759,234988217627971,234988217692325,234988217692985,1212,64354,660,66226
5430,234988217787359,234988217788577,234988217851381,234988217852063,1218,62804,682,64704
5431,234988217947025,234988217948251,234988218013787,234988218014455,1226,65536,668,67430
5432,234988218110569,234988218111785,234988218178309,234988218178987,1216,66524,678,68418
5433,234988218287519,234988218289427,234988218356591,234988218357253,1908,67164,662,69734
5434,234988218458255,234988218459557,234988218524503,234988218525191,1302,64946,688,66936
5435,234988218626135,234988218627437,234988218694345,234988218695017,1302,66908,672,68882
5436,234988218795761,234988218797967,234988218864613,234988218865277,2206,66646,664,69516
5437,234988218975355,234988218977623,234988219044091,234988219044743,2268,66468,652,69388
5438,234988219163071,234988219164415,234988219234147,234988219234783,1344,69732,636,71712
5439,234988219344221,234988219346503,234988219414789,234988219415463,2282,68286,674,71242
5440,234988219524771,234988219526167,234988219592843,234988219593505,1396,66676,662,68734
5441,234988219702793,234988219705061,234988219774553,234988219775219,2268,69492,666,72426
5442,234988219891261,234988219893361,234988219964119,234988219964831,2100,70758,712,73570
5443,234988220081383,234988220082811,234988220153255,234988220153915,1428,70444,660,72532
5444,234988220270279,234988220271691,234988220342791,234988220343431,1412,71100,640,73152
5445,234988220459617,234988220461919,234988220532499,234988220533141,2302,70580,642,73524
5446,234988220649515,234988220650957,234988220722501,234988220723171,1442,71544,670,73656
5447,234988220838641,234988220840065,234988220911957,234988220912627,1424,71892,670,73986
5448,234988221028651,234988221030061,234988221100351,234988221101011,1410,70290,660,72360
5449,234988221235067,234988221236515,234988221306959,234988221307627,1448,70444,668,72560
5450,234988221423697,234988221425101,234988221495131,234988221495823,1404,70030,692,72126
5451,234988221612293,234988221614861,234988221682519,234988221683191,2568,67658,672,70898
5452,234988221799117,234988221800503,234988221873169,234988221873821,1386,72666,652,74704
5453,234988221989471,234988221990923,234988222061557,234988222062259,1452,70634,702,72788
5454,234988222178351,234988222179779,234988222251221,234988222251905,1428,71442,684,73554
5455,234988222367443,234988222368877,234988222437293,234988222437911,1434,68416,618,70468
5456,234988222553749,234988222555199,234988222625005,234988222625671,1450,69806,666,71922
5457,234988222740763,234988222742195,234988222811717,234988222812383,1432,69522,666,71620
5458,234988222928867,234988222931165,234988222998773,234988222999421,2298,67608,648,70554
5459,234988223123963,234988223125669,234988223193955,234988223194625,1706,68286,670,70662
5460,234988223310985,234988223312413,234988223383331,234988223384023,1428,70918,692,73038
5461,234988223499973,234988223502283,234988223572093,234988223572777,2310,69810,684,72804
5462,234988223689487,234988223690935,234988223760421,234988223761111,1448,69486,690,71624
5463,234988223876543,234988223877967,234988223946871,234988223947549,1424,68904,678,71006
5464,234988224063473,234988224065749,234988224136229,234988224136841,2276,70480,612,73368
5465,234988224260203,234988224262513,234988224332215,234988224332893,2310,69702,678,72690
5466,234988224449483,234988224450863,234988224521233,234988224521909,1380,70370,676,72426
5467,234988224637919,234988224639361,234988224709615,234988224710275,1442,70254,660,72356
5468,234988224826261,234988224827645,234988224898909,234988224899545,1384,71264,636,73284
5469,234988225030673,234988225032929,234988225100987,234988225101643,2256,68058,656,70970
5470,234988225218013,234988225219435,234988225289569,234988225290179,1422,70134,610,72166
5471,234988225406075,234988225407505,234988225477619,234988225478287,1430,70114,668,72212
5472,234988225602715,234988225604107,234988225673569,234988225674223,1392,69462,654,71508
5473,234988225790609,234988225792061,234988225859741,234988225860355,1452,67680,614,69746
5474,234988225976471,234988225977925,234988226047777,234988226048447,1454,69852,670,71976
5475,234988226164529,234988226165941,234988226235775,234988226236421,1412,69834,646,71892
5476,234988226352497,234988226353919,234988226423159,234988226423821,1422,69240,662,71324
5477,234988226539985,234988226542391,234988226612249,234988226612891,2406,69858,642,72906
5478,234988226728769,234988226730167,234988226802011,234988226802683,1398,71844,672,73914
5479,234988226927545,234988226928971,234988227001609,234988227002257,1426,72638,648,74712
5480,234988227118051,234988227120373,234988227187741,234988227188417,2322,67368,676,70366
5481,234988227312515,234988227313967,234988227384565,234988227385159,1452,70598,594,72644
5482,234988227501325,234988227503633,234988227573241,234988227573923,2308,69608,682,72598
5483,234988227689263,234988227690695,234988227761089,234988227761759,1432,70394,670,72496
5484,234988227877831,234988227880763,234988227949189,234988227949853,2932,68426,664,72022
5485,234988228065527,234988228068199,234988228139605,234988228140281,2672,71406,676,74754
5486,234988228256827,234988228258243,234988228329947,234988228330613,1416,71704,666,73786
5487,234988228446479,234988228448807,234988228521331,234988228522001,2328,72524,670,75522
5488,234988228637867,234988228640197,234988228709677,234988228710341,2330,69480,664,72474
5489,234988228834925,234988228836335,234988228906013,234988228906693,1410,69678,680,71768
5490,234988229022215,234988229023673,234988229093723,234988229094391,1458,70050,668,72176
5491,234988229210453,234988229211889,234988229279557,234988229280205,1436,67668,648,69752
5492,234988229396065,234988229397499,234988229466583,234988229467219,1434,69084,636,71154
5493,234988229583209,234988229584637,234988229655227,234988229655901,1428,70590,674,72692
5494,234988229773447,234988229774861,234988229846359,234988229847029,1414,71498,670,73582
5495,234988229962955,234988229964335,234988230033715,234988230034391,1380,69380,676,71436
5496,234988230150871,234988230152287,234988230224941,234988230225595,1416,72654,654,74724
5497,234988230349583,234988230351043,234988230420313,234988230420989,1460,69270,676,71406
5498,234988230537361,234988230538805,234988230609785,234988230610453,1444,70980,668,73092
5499,234988230734803,234988230736223,234988230803923,234988230804593,1420,67700,670,69790
5500,234988230920635,234988230923023,234988230991663,234988230992339,2388,68640,676,71704
5501,234988231108357,234988231110703,234988231178671,234988231179367,2346,67968,696,71010
5502,234988231296235,234988231297645,234988231368947,234988231369619,1410,71302,672,73384
5503,234988231485835,234988231487251,234988231559437,234988231560119,1416,72186,682,74284
5504,234988231675705,234988231677131,234988231748617,234988231749247,1426,71486,630,73542
5505,234988231865311,234988231868011,234988231938229,234988231938903,2700,70218,674,73592
5506,234988232055331,234988232056763,234988232126149,234988232126809,1432,69386,660,71478
5507,234988232242853,234988232244271,234988232313589,234988232314277,1418,69318,688,71424
5508,234988232430209,234988232431619,234988232501185,234988232501863,1410,69566,678,71654
5509,234988232626501,234988232628341,234988232653669,234988232654335,1840,25328,666,27834
5510,234988232769871,234988232771303,234988232840837,234988232841511,1432,69534,674,71640
5511,234988232958239,234988232959679,234988233028961,234988233029617,1440,69282,656,71378
5512,234988233146377,234988233148771,234988233218639,234988233219301,2394,69868,662,72924
5513,234988233343211,234988233345553,234988233415675,234988233416341,2342,70122,666,73130
5514,234988233532381,234988233533819,234988233604759,234988233605425,1438,70940,666,73044
5515,234988233721547,234988233723935,234988233794783,234988233795491,2388,70848,708,73944
5516,234988233911555,234988233913021,234988233984335,234988233984997,1466,71314,662,73442
5517,234988234100627,234988234102057,234988234172977,234988234173635,1430,70920,658,73008
5518,234988234363435,234988234364755,234988234391867,234988234392541,1320,27112,674,29106
5519,234988234487327,234988234488515,234988234549667,234988234550311,1188,61152,644,62984
5520,234988234636579,234988234637777,234988234696729,234988234697383,1198,58952,654,60804
5521,234988234783171,234988234784333,234988234845593,234988234846253,1162,61260,660,63082
5522,234988234932313,234988234933489,234988234996141,234988234996789,1176,62652,648,64476
5523,234988235083115,234988235084263,234988235147117,234988235147791,1148,62854,674,64676
5524,234988235234111,234988235235277,234988235297131,234988235297801,1166,61854,670,63690
5525,234988235383927,234988235386651,234988235448373,234988235449039,2724,61722,666,65112
5526,234988235534173,234988235535325,234988235597585,234988235598281,1152,62260,696,64108
5527,234988235684419,234988235685569,234988235747651,234988235748331,1150,62082,680,63912
5528,234988235834441,234988235835595,234988235898827,234988235899501,1154,63232,674,65060
5529,234988235985839,234988235987017,234988236048481,234988236049147,1178,61464,666,63308
5530,234988236136147,234988236138301,234988236199039,234988236199705,2154,60738,666,63558
5531,234988236300235,234988236301417,234988236363643,234988236364331,1182,62226,688,64096
5532,234988236450643,234988236451801,234988236514421,234988236515029,1158,62620,608,64386
5533,234988236600643,234988236601831,234988236664897,234988236665549,1188,63066,652,64906
5534,234988236752071,234988236753239,234988236815687,234988236816355,1168,62448,668,64284
5535,234988236903115,234988236904307,234988236965945,234988236966613,1192,61638,668,63498
5536,234988237052917,234988237054277,234988237116409,234988237117063,1360,62132,654,64146
5537,234988237202903,234988237204057,234988237267385,234988237268047,1154,63328,662,65144
5538,234988237353863,234988237355003,234988237417039,234988237417699,1140,62036,660,63836
5539,234988237503513,234988237505113,234988237567405,234988237568075,1600,62292,670,64562
5540,234988237653763,234988237654925,234988237716551,234988237717231,1162,61626,680,63468
5541,234988237802965,234988237804127,234988237866137,234988237866799,1162,62010,662,63834
5542,234988237960871,234988237963001,234988238024071,234988238024755,2130,61070,684,63884
5543,234988238111095,234988238113247,234988238175349,234988238176009,2152,62102,660,64914
5544,234988238262587,234988238263763,234988238325925,234988238326591,1176,62162,666,64004
5545,234988238412647,234988238414851,234988238474933,234988238475581,2204,60082,648,62934
5546,234988238561345,234988238563511,234988238624179,234988238624867,2166,60668,688,63522
5547,234988238710901,234988238713067,234988238776349,234988238776999,2166,63282,650,66098
5548,234988238863145,234988238864321,234988238927383,234988238928053,1176,63062,670,64908
5549,234988239014597,234988239015791,234988239078509,234988239079195,1194,62718,686,64598
5550,234988239176617,234988239177787,234988239239713,234988239240379,1170,61926,666,63762
5551,234988239327359,234988239328519,234988239391615,234988239392275,1160,63096,660,64916
5552,234988239478319,234988239480505,234988239543265,234988239543907,2186,62760,642,65588
5553,234988239636889,234988239638045,234988239699293,234988239699977,1156,61248,684,63088
5554,234988239786401,234988239787579,234988239851107,234988239851777,1178,63528,670,65376
5555,234988239937937,234988239940097,234988240002805,234988240003481,2160,62708,676,65544
5556,234988240089889,234988240091059,234988240152575,234988240153237,1170,61516,662,63348
5557,234988240239305,234988240240511,234988240302355,234988240302997,1206,61844,642,63692
5558,234988240391519,234988240393693,234988240455883,234988240456555,2174,62190,672,65036
5559,234988240545323,234988240546523,234988240609391,234988240610051,1200,62868,660,64728
5560,234988240699219,234988240700405,234988240762513,234988240763143,1186,62108,630,63924
5561,234988240851577,234988240853735,234988240916149,234988240916789,2158,62414,640,65212
5562,234988241005483,234988241007739,234988241069599,234988241070293,2256,61860,694,64810
5563,234988241168923,234988241170235,234988241235827,234988241236489,1312,65592,662,67566
5564,234988241336333,234988241337553,234988241400215,234988241400907,1220,62662,692,64574
5565,234988241492975,234988241494177,234988241557339,234988241557997,1202,63162,658,65022
5566,234988241650043,234988241651255,234988241714335,234988241714993,1212,63080,658,64950
5567,234988241807651,234988241808841,234988241873989,234988241874677,1190,65148,688,67026
5568,234988241972555,234988241973817,234988242037957,234988242038653,1262,64140,696,66098
5569,234988242137437,234988242138697,234988242204911,234988242205549,1260,66214,638,68112
5570,234988242312703,234988242313943,234988242377929,234988242378587,1240,63986,658,65884
5571,234988242476369,234988242478589,234988242544513,234988242545161,2220,65924,648,68792
5572,234988242644197,234988242646777,234988242709673,234988242710341,2580,62896,668,66144
5573,234988242815509,234988242816847,234988242882767,234988242883435,1338,65920,668,67926
5574,234988242988307,234988242989639,234988243056649,234988243057291,1332,67010,642,68984
5575,234988243169267,234988243170587,234988243238291,234988243238999,1320,67704,708,69732
5576,234988243343569,234988243345843,234988243415297,234988243415971,2274,69454,674,72402
5577,234988243522391,234988243525009,234988243593077,234988243593715,2618,68068,638,71324
5578,234988243709717,234988243711433,234988243782893,234988243783559,1716,71460,666,73842
5579,234988243899223,234988243900649,234988243971671,234988243972333,1426,71022,662,73110
5580,234988244088411,234988244089831,234988244160781,234988244161447,1420,70950,666,73036
5581,234988244277967,234988244279375,234988244350973,234988244351633,1408,71598,660,73666
5582,234988244467739,234988244470045,234988244539799,234988244540479,2306,69754,680,72740
5583,234988244656231,234988244657645,234988244728211,234988244728883,1414,70566,672,72652
5584,234988244844475,234988244845927,234988244917339,234988244918003,1452,71412,664,73528
5585,234988245042907,234988245045257,234988245115443,234988245116129,2350,70186,686,73222
5586,234988245240325,234988245241741,234988245312941,234988245313619,1416,71200,678,73294
5587,234988245430255,234988245431695,234988245502391,234988245503077,1440,70696,686,72822
5588,234988245619363,234988245621653,234988245692041,234988245692725,2290,70388,684,73362
5589,234988245809195,234988245810607,234988245881815,234988245882469,1412,71208,654,73274
5590,234988245998723,234988246000673,234988246070917,234988246071561,1950,70244,644,72838
5591,234988246187719,234988246189139,234988246259885,234988246260551,1420,70746,666,72832
5592,234988246376911,234988246378297,234988246451767,234988246452457,1386,73470,690,75546
5593,234988246568273,234988246569659,234988246640611,234988246641287,1386,70952,676,73014
5594,234988246757551,234988246758955,234988246828403,234988246829041,1404,69448,638,71490
5595,234988246960001,234988246961405,234988247031881,234988247032559,1404,70476,678,72558
5596,234988247148949,234988247151271,234988247221411,234988247222059,2322,70140,648,73110
5597,234988247338921,234988247341103,234988247411591,234988247412253,2182,70488,662,73332
5598,234988247528275,234988247529685,234988247598781,234988247599441,1410,69096,660,71166
5599,234988247716199,234988247717629,234988247786167,234988247786833,1430,68538,666,70634
5600,234988247903311,234988247905619,234988247975125,234988247975777,2308,69506,652,72466
5601,234988248091703,234988248093211,234988248165031,234988248165695,1508,71820,664,73992
5602,234988248290599,234988248292045,234988248360535,234988248361207,1446,68490,672,70608
5603,234988248478123,234988248479575,234988248550447,234988248551135,1452,70872,688,73012
5604,234988248666991,234988248668399,234988248739849,234988248740519,1408,71450,670,73528
5605,234988248865117,234988248866525,234988248936551,234988248937213,1408,70026,662,72096
5606,234988249052957,234988249054367,234988249126661,234988249127333,1410,72294,672,74376
5607,234988249242631,234988249245209,234988249315435,234988249316107,2578,70226,672,73476
5608,234988249432229,234988249433659,234988249503389,234988249504063,1430,69730,674,71834
5609,234988249628393,234988249629835,234988249699411,234988249700089,1442,69576,678,71696
5610,234988249816511,234988249818079,234988249885609,234988249886309,1568,67530,700,69798
5611,234988250002683,234988250004125,234988250073691,234988250074375,1442,69566,684,71692
5612,234988250190191,234988250191613,234988250264621,234988250265301,1422,73008,680,75110
5613,234988250381267,234988250382697,234988250451611,234988250452273,1430,68914,662,71006
5614,234988250568289,234988250569709,234988250639267,234988250639929,1420,69558,662,71640
5615,234988250764445,234988250766767,234988250835821,234988250836505,2322,69054,684,72060
5616,234988250952637,234988250954047,234988251025457,234988251026147,1410,71410,690,73510
5617,234988251142151,234988251144439,234988251214837,234988251215501,2288,70398,664,73350
5618,234988251339695,234988251341111,234988251413267,234988251413965,1416,72156,698,74270
5619,234988251529973,234988251531425,234988251602275,234988251602929,1452,70850,654,72956
5620,234988251719767,234988251721237,234988251789923,234988251790589,1470,68686,666,70822
5621,234988251907093,234988251908539,234988251982051,234988251982697,1446,73512,646,75604
5622,234988252098841,234988252100269,234988252171643,234988252172297,1428,71374,654,73456
5623,234988252287977,234988252290289,234988252357739,234988252358423,2312,67450,684,70446
5624,234988252475093,234988252476511,234988252546477,234988252547135,1418,69966,658,72042
5625,234988252671191,234988252672621,234988252744421,234988252745083,1430,71800,662,73892
5626,234988252861487,234988252862951,234988252933187,234988252933841,1464,70236,654,72354
5627,234988253049929,234988253051335,234988253120537,234988253121193,1406,69202,656,71264
5628,234988253237191,234988253238617,234988253309345,234988253310031,1426,70728,686,72840
5629,234988253425307,234988253426735,234988253498071,234988253498747,1428,71336,676,73440
5630,234988253614837,234988253616253,234988253686481,234988253687149,1416,70228,668,72312
5631,234988253802721,234988253804155,234988253872951,234988253873581,1434,68796,630,70860
5632,234988253989417,234988253991751,234988254062419,234988254063089,2334,70668,670,73672
5633,234988254187441,234988254188887,234988254258509,234988254259175,1446,69622,666,71734
5634,234988254375589,234988254377039,234988254446669,234988254447347,1450,69630,678,71758
5635,234988254572041,234988254574399,234988254644113,234988254644785,2358,69714,672,72744
5636,234988254760559,234988254762947,234988254833623,234988254834305,2388,70676,682,73746
5637,234988254950183,234988254951607,234988255023085,234988255023775,1424,71478,690,73592
5638,234988255140025,234988255141451,234988255212563,234988255213231,1426,71112,668,73206
5639,234988255329283,234988255330717,234988255401037,234988255401715,1434,70320,678,72432
5640,234988255517563,234988255518997,234988255587291,234988255587953,1434,68294,662,70390
5641,234988255703933,234988255705351,234988255774781,234988255775443,1418,69430,662,71510
5642,234988255891361,234988255892741,234988255963289,234988255963979,1380,70548,690,72618
5643,234988256080111,234988256081579,234988256151661,234988256152321,1468,70082,660,72210
5644,234988256268415,234988256270147,234988256338963,234988256339623,1732,68816,660,71208
5645,234988256465141,234988256466593,234988256536517,234988256537183,1452,69924,666,72042
5646,234988256653537,234988256654989,234988256723233,234988256723885,1452,68244,652,70348
5647,234988256840387,234988256841835,234988256913131,234988256913815,1448,71296,684,73428
5648,234988257029699,234988257032245,234988257101893,234988257102535,2546,69648,642,72836
5649,234988257226091,234988257227515,234988257297871,234988257298543,1424,70356,672,72452
5650,234988257413885,234988257416297,234988257485035,234988257485717,2412,68738,682,71832
5651,234988257602047,234988257603451,234988257677887,234988257678547,1404,74436,660,76500
5652,234988257794845,234988257797047,234988257865343,234988257865999,2202,68296,656,71154
5653,234988257981725,234988257983177,234988258053017,234988258053707,1452,69840,690,71982
5654,234988258179029,234988258180441,234988258251389,234988258252043,1412,70948,654,73014
5655,234988258376483,234988258377961,234988258448029,234988258448689,1478,70068,660,72206
5656,234988258564525,234988258566923,234988258636721,234988258637383,2398,69798,662,72858
5657,234988258753405,234988258754815,234988258826201,234988258826867,1410,71386,666,73462
5658,234988258942537,234988258943911,234988259016041,234988259016707,1374,72130,666,74170
5659,234988259132117,234988259134501,234988259207063,234988259207741,2384,72562,678,75624
5660,234988259323681,234988259325109,234988259395181,234988259395883,1428,70072,702,72202
5661,234988259512075,234988259513783,234988259584105,234988259584775,1708,70322,670,72700
5662,234988259700883,234988259703185,234988259771723,234988259772383,2302,68538,660,71500
5663,234988259887963,234988259889383,234988259957749,234988259958413,1420,68366,664,70450
5664,234988260074677,234988260076037,234988260144825,234988260145499,1360,68788,674,70822
5665,234988260277649,234988260279101,234988260348431,234988260349117,1452,69330,686,71468
5666,234988260465803,234988260467233,234988260538855,234988260539519,1430,71622,664,73716
5667,234988260655775,234988260657229,234988260727195,234988260727845,1454,69966,650,72070
5668,234988260843677,234988260845959,234988260916613,234988260917297,2282,70654,684,73620
5669,234988261033877,234988261035295,234988261107539,234988261108141,1418,72244,602,74264
5670,234988261223875,234988261225309,234988261293521,234988261294145,1434,68212,624,70270
5671,234988261410605,234988261412897,234988261484621,234988261485289,2292,71724,668,74684
5672,234988261601233,234988261602673,234988261672435,234988261673093,1440,69762,658,71860
5673,234988261789337,234988261792231,234988261860985,234988261861645,2894,68754,660,72308
5674,234988261977997,234988261979431,234988262048785,234988262049467,1434,69354,682,71470
5675,234988262173925,234988262175349,234988262243911,234988262244565,1424,68562,654,70640
5676,234988262361377,234988262362825,234988262433557,234988262434195,1448,70732,638,72818
5677,234988262550089,234988262551529,234988262623895,234988262624515,1440,72366,620,74426
5678,234988262740353,234988262742761,234988262811199,234988262811865,2408,68438,666,71512
5679,234988262928383,234988262930653,234988263000709,234988263001339,2270,70056,630,72956
5680,234988263117527,234988263119839,234988263191785,234988263192439,2312,71946,654,74912
5681,234988263316535,234988263317957,234988263391055,234988263391693,1422,73098,638,75158
5682,234988263507557,234988263509971,234988263578243,234988263578903,2414,68272,660,71346
5683,234988263695059,234988263696505,234988263768263,234988263768943,1446,71758,680,73884
5684,234988263885209,234988263887035,234988263956239,234988263956897,1826,69204,658,71688
5685,234988264072919,234988264074653,234988264144807,234988264145489,1734,70154,682,72570
5686,234988264270831,234988264272289,234988264340345,234988264341023,1458,68056,678,70192
5687,234988264457207,234988264458607,234988264530373,234988264531031,1400,71766,658,73824
5688,234988264646885,234988264649395,234988264717771,234988264718477,2510,68376,706,71592
5689,234988264834765,234988264837175,234988264906621,234988264907281,2410,69446,660,72516
5690,234988265023613,234988265025037,234988265094343,234988265095009,1424,69306,666,71396
5691,234988265210821,234988265212253,234988265281337,234988265282029,1432,69084,692,71208
5692,234988265397569,234988265398997,234988265471173,234988265471843,1428,72176,670,74274
5693,234988265587613,234988265589049,234988265658437,234988265659135,1436,69388,698,71522
5694,234988265775347,234988265776783,234988265846543,234988265847215,1436,69760,672,71868
5695,234988265963537,234988265964967,234988266034573,234988266035243,1430,69606,670,71706
5696,234988266169859,234988266172165,234988266242317,234988266243021,2306,70152,704,73162
5697,234988266359053,234988266360473,234988266431639,234988266432313,1420,71166,674,73260
5698,234988266547933,234988266549407,234988266617279,234988266617947,1474,67872,668,70014
5699,234988266733813,234988266735263,234988266805349,234988266805999,1450,70086,650,72186
5700,234988266929803,234988266931809,234988267002301,234988267002979,2006,70492,678,73176
5701,234988267119143,234988267120583,234988267189855,234988267190513,1440,69272,658,71370
5702,234988267306705,234988267308085,234988267381015,234988267381651,1380,72930,636,74946
5703,234988267497589,234988267499965,234988267570007,234988267570667,2376,70042,660,73078
5704,234988267686767,234988267689179,234988267759381,234988267760051,2412,70202,670,73284
5705,234988267876853,234988267879165,234988267948733,234988267949419,2312,69568,686,72566
5706,234988268073743,234988268075129,234988268147207,234988268147901,1386,72078,694,74158
5707,234988268264431,234988268265881,234988268336951,234988268337607,1450,71070,656,73176
5708,234988268453413,234988268454859,234988268525611,234988268526251,1446,70752,640,72838
5709,234988268642593,234988268644015,234988268712991,234988268713633,1422,68976,642,71040
5710,234988268829595,234988268831017,234988268901713,234988268902379,1422,70696,666,72784
5711,234988269018325,234988269019743,234988269089473,234988269090145,1418,69730,672,71820
5712,234988269214465,234988269215879,234988269288055,234988269288721,1414,72176,666,74256
5713,234988269404555,234988269405959,234988269476399,234988269477067,1404,70440,668,72512
5714,234988269593035,234988269594451,234988269667277,234988269667945,1416,72826,668,74910
5715,234988269783971,234988269785381,234988269858151,234988269858811,1410,72770,660,74840
5716,234988269991865,234988269993275,234988270064065,234988270064719,1410,70790,654,72854
5717,234988270180627,234988270182011,234988270255367,234988270256029,1384,73356,662,75402
5718,234988270371707,234988270374017,234988270444873,234988270445533,2310,70856,660,73826
5719,234988270561349,234988270562803,234988270631923,234988270632581,1454,69120,658,71232
5720,234988270748611,234988270750069,234988270820905,234988270821559,1458,70836,654,72948
5721,234988270937321,234988270938743,234988271009581,234988271010257,1422,70838,676,72936
5722,234988271126467,234988271127853,234988271201365,234988271202031,1386,73512,666,75564
5723,234988271317847,234988271319229,234988271388973,234988271389645,1382,69744,672,71798
5724,234988271505737,234988271508067,234988271578325,234988271578985,2330,70258,660,73248
5725,234988271694871,234988271697163,234988271766347,234988271767013,2292,69184,666,72142
5726,234988271890939,234988271892353,234988271964833,234988271965499,1414,72480,666,74560
5727,234988272081733,234988272083167,234988272153445,234988272154141,1434,70278,696,72408
5728,234988272278381,234988272279815,234988272348347,234988272349001,1434,68532,654,70620
5729,234988272465415,234988272466861,234988272535831,234988272536531,1446,68970,700,71116
5730,234988272652271,234988272654635,234988272725893,234988272726571,2364,71258,678,74300
5731,234988272842665,234988272844139,234988272913291,234988272913937,1474,69152,646,71272
5732,234988273029917,234988273031309,234988273103303,234988273103995,1392,71994,692,74078
5733,234988273220003,234988273221469,234988273290911,234988273291577,1466,69442,666,71574
5734,234988273408105,234988273409521,234988273479997,234988273480663,1416,70476,666,72558
5735,234988273596563,234988273597963,234988273668557,234988273669225,1400,70594,668,72662
5736,234988273793117,234988273794575,234988273865219,234988273865891,1458,70644,672,72774
5737,234988273981741,234988273983161,234988274053297,234988274053967,1420,70136,670,72226
5738,234988274170343,234988274171773,234988274242535,234988274243191,1430,70762,656,72848
5739,234988274359615,234988274361467,234988274431387,234988274432023,1852,69920,636,72408
5740,234988274548111,234988274549563,234988274621765,234988274622421,1452,72202,656,74310
5741,234988274738641,234988274740073,234988274809397,234988274810077,1432,69324,680,71436
5742,234988274925745,234988274927183,234988274996851,234988274997547,1438,69668,696,71802
5743,234988275116467,234988275117913,234988275186847,234988275187517,1446,68934,670,71050
5744,234988275311201,234988275312605,234988275383413,234988275384077,1404,70808,664,72876
5745,234988275509053,234988275511445,234988275581599,234988275582283,2392,70154,684,73230
5746,234988275705929,234988275707629,234988275738349,234988275739007,1700,30720,658,33078
5747,234988275855367,234988275856799,234988275925289,234988275925945,1432,68490,656,70578
5748,234988276042145,234988276043557,234988276111771,234988276112443,1412,68214,672,70298
5749,234988276228597,234988276230929,234988276301249,234988276301951,2332,70320,702,73354
5750,234988276417603,234988276418983,234988276489523,234988276490189,1380,70540,666,72586
5751,234988276606321,234988276608637,234988276677791,234988276678457,2316,69154,666,72136
5752,234988276794547,234988276796867,234988276863737,234988276864403,2320,66870,666,69856
5753,234988276980691,234988276982123,234988277051269,234988277051927,1432,69146,658,71236
5754,234988277167819,234988277170213,234988277238713,234988277239331,2394,68500,618,71512
5755,234988277355695,234988277357113,234988277426867,234988277427517,1418,69754,650,71822
5756,234988277551349,234988277552755,234988277624867,234988277625577,1406,72112,710,74228
5757,234988277740925,234988277742325,234988277813149,234988277813797,1400,70824,648,72872
5758,234988277930575,234988277932001,234988278001115,234988278001777,1426,69114,662,71202
5759,234988278131089,234988278133451,234988278202589,234988278203239,2362,69138,650,72150
5760,234988278319549,234988278320981,234988278391903,234988278392563,1432,70922,660,73014
5761,234988278508919,234988278510347,234988278578849,234988278579523,1428,68502,674,70604
5762,234988278695669,234988278697945,234988278768409,234988278769043,2276,70464,634,73374
5763,234988278885005,234988278887215,234988278955187,234988278955891,2210,67972,704,70886
5764,234988279071833,234988279074121,234988279143053,234988279143719,2288,68932,666,71886
5765,234988279259797,234988279261243,234988279330777,234988279331455,1446,69534,678,71658
5766,234988279455373,234988279456759,234988279530977,234988279531643,1386,74218,666,76270
5767,234988279647413,234988279648841,234988279719317,234988279719965,1428,70476,648,72552
5768,234988279836359,234988279837757,234988279912475,234988279913155,1398,74718,680,76796
5769,234988280028967,234988280030375,234988280100879,234988280101531,1408,70504,652,72564
5770,234988280217073,234988280218499,234988280288701,234988280289361,1426,70202,660,72288
5771,234988280405127,234988280406569,234988280475415,234988280476073,1442,68846,658,70946
5772,234988280591587,234988280593015,234988280663317,234988280663999,1428,70302,682,72412
5773,234988280780105,234988280781517,234988280852769,234988280853449,1412,71252,680,73344
5774,234988280969645,234988280971087,234988281043651,234988281044329,1442,72564,678,74684
5775,234988281168617,234988281170979,234988281239663,234988281240355,2362,68684,692,71738
5776,234988281364283,234988281365699,234988281434879,234988281435551,1416,69180,672,71268
5777,234988281551713,234988281553103,234988281624991,234988281625651,1390,71888,660,73938
5778,234988281741539,234988281743827,234988281812845,234988281813515,2288,69018,670,71976
5779,234988281929737,234988281932099,234988282003567,234988282004231,2362,71468,664,74494
5780,234988282120735,234988282122175,234988282190939,234988282191601,1440,68764,662,70866
5781,234988282307381,234988282308833,234988282379909,234988282380587,1452,71076,678,73206
5782,234988282496809,234988282498235,234988282569007,234988282569671,1426,70772,664,72862
5783,234988282685923,234988282687397,234988282758873,234988282759525,1474,71476,652,73602
5784,234988282875583,234988282877011,234988282947367,234988282947985,1428,70356,618,72402
5785,234988283063795,234988283065217,234988283135425,234988283136031,1422,70208,606,72236
5786,234988283251981,234988283254271,234988283325161,234988283325833,2290,70890,672,73852
5787,234988283449681,234988283451101,234988283521111,234988283521775,1420,70010,664,72094
5788,234988283637643,234988283640023,234988283709223,234988283709869,2380,69200,646,72226
5789,234988283826559,234988283827963,234988283900497,234988283901197,1404,72534,700,74638
5790,234988284016871,234988284019171,234988284090499,234988284091189,2300,71328,690,74318
5791,234988284224497,234988284225953,234988284294565,234988284295265,1456,68612,700,70768
5792,234988284411835,234988284413261,234988284483499,234988284484151,1426,70238,652,72316
5793,234988284600223,234988284601897,234988284673351,234988284674053,1674,71454,702,73830
5794,234988284790501,234988284791953,234988284864263,234988284864931,1452,72310,668,74430
5795,234988284980917,234988284982427,234988285053955,234988285054603,1510,71528,648,73686
5796,234988285170347,234988285172719,234988285243019,234988285243701,2372,70300,682,73354
5797,234988285368409,234988285369817,234988285440903,234988285441597,1408,71086,694,73188
5798,234988285557199,234988285559549,234988285628039,234988285628675,2350,68490,636,71476
5799,234988285744747,234988285747067,234988285817107,234988285817773,2320,70040,666,73026
5800,234988285933529,234988285934923,234988286007217,234988286007895,1394,72294,678,74366
5801,234988286123375,234988286124791,234988286194751,234988286195419,1416,69960,668,72044
5802,234988286310767,234988286312189,234988286382445,234988286383105,1422,70256,660,72338
5803,234988286498987,234988286500423,234988286572045,234988286572723,1436,71622,678,73736
5804,234988286688937,234988286690375,234988286763223,234988286763881,1438,72848,658,74944
5805,234988286879729,234988286881171,234988286951969,234988286952659,1442,70798,690,72930
5806,234988287068327,234988287069757,234988287140771,234988287141419,1430,71014,648,73092
5807,234988287273391,234988287274877,234988287346489,234988287347167,1486,71612,678,73776
5808,234988287463309,234988287464957,234988287534251,234988287534917,1648,69294,666,71608
5809,234988287651425,234988287652843,234988287723267,234988287723925,1418,70424,658,72500
5810,234988287840563,234988287841973,234988287912905,234988287913559,1410,70932,654,72996
5811,234988288029125,234988288030571,234988288100663,234988288101319,1446,70092,656,72194
5812,234988288217245,234988288218685,234988288291675,234988288292339,1440,72990,664,75094
5813,234988288408273,234988288409693,234988288479551,234988288480229,1420,69858,678,71956
5814,234988288596353,234988288597745,234988288667731,234988288668389,1392,69986,658,72036
5815,234988288784233,234988288786571,234988288855595,234988288856261,2338,69024,666,72028
5816,234988288972613,234988288974941,234988289044879,234988289045545,2328,69938,666,72932
5817,234988289170459,234988289171891,234988289243627,234988289244317,1432,71736,690,73858
5818,234988289360749,234988289362169,234988289434559,234988289435173,1420,72390,614,74424
5819,234988289551283,234988289553577,234988289623133,234988289623801,2294,69556,668,72518
5820,234988289739577,234988289740963,234988289811785,234988289812483,1386,70822,698,72906
5821,234988289928005,234988289929837,234988289998795,234988289999459,1832,68958,664,71454
5822,234988290125683,234988290128047,234988290198301,234988290198985,2364,70254,684,73302
5823,234988290314683,234988290316193,234988290387787,234988290388483,1510,71594,696,73800
5824,234988290504595,234988290506027,234988290576181,234988290576845,1432,70154,664,72250
5825,234988290693643,234988290695051,234988290765229,234988290765883,1408,70178,654,72240
5826,234988290882545,234988290885115,234988290954713,234988290955327,2570,69598,614,72782
5827,234988291080107,234988291081549,234988291151953,234988291152583,1442,70404,630,72476
5828,234988291268425,234988291269883,234988291341211,234988291341863,1458,71328,652,73438
5829,234988291457627,234988291459045,234988291529407,234988291530083,1418,70362,676,72456
5830,234988291645697,234988291647151,234988291715825,234988291716439,1454,68674,614,70742
5831,234988291832311,234988291833775,234988291901875,234988291902541,1464,68100,666,70230
5832,234988292018815,234988292020249,234988292088821,234988292089471,1434,68572,650,70656
5833,234988292205247,234988292207581,234988292279413,234988292280111,2334,71832,698,74864
5834,234988292395651,234988292397981,234988292468023,234988292468695,2330,70042,672,73044
5835,234988292584891,234988292587195,234988292653261,234988292653957,2304,66066,696,69066
5836,234988292770609,234988292772063,234988292840171,234988292840851,1454,68108,680,70242
5837,234988292988889,234988292990291,234988293063385,234988293064061,1402,73094,676,75172
5838,234988293188351,234988293189781,234988293261515,234988293262157,1430,71734,642,73806
5839,234988293377783,234988293379201,234988293449867,234988293450505,1418,70666,638,72722
5840,234988293567145,234988293568573,234988293639397,234988293640063,1428,70824,666,72918
5841,234988293756853,234988293758281,234988293829901,234988293830567,1428,71620,666,73714
5842,234988293946375,234988293947795,234988294017841,234988294018517,1420,70046,676,72142
5843,234988294134637,234988294136059,234988294206653,234988294207343,1422,70594,690,72706
5844,234988294322945,234988294324351,234988294395575,234988294396277,1406,71224,702,73332
5845,234988294512359,234988294514201,234988294582393,234988294583077,1842,68192,684,70718
5846,234988294699091,234988294701299,234988294769933,234988294770635,2208,68634,702,71544
5847,234988294895867,234988294897297,234988294965169,234988294965827,1430,67872,658,69960
5848,234988295081485,234988295082925,234988295153627,234988295154283,1440,70702,656,72798
5849,234988295270617,234988295272057,234988295341219,234988295341891,1440,69162,672,71274
5850,234988295458225,234988295459633,234988295530067,234988295530733,1408,70434,666,72508
5851,234988295646841,234988295648249,234988295719555,234988295720207,1408,71306,652,73366
5852,234988295835935,234988295838349,234988295908069,234988295908721,2414,69720,652,72786
5853,234988296024563,234988296025871,234988296098417,234988296099097,1308,72546,680,74534
5854,234988296223105,234988296224551,234988296294151,234988296294821,1446,69600,670,71716
5855,234988296410953,234988296412373,234988296482723,234988296483409,1420,70350,686,72456
5856,234988296599365,234988296600791,234988296670867,234988296671525,1426,70076,658,72160
5857,234988296795475,234988296797773,234988296867275,234988296867937,2298,69502,662,72462
5858,234988296983881,234988296986159,234988297055671,234988297056349,2278,69512,678,72468
5859,234988297173623,234988297175057,234988297242893,234988297243499,1434,67836,606,69876
5860,234988297360021,234988297361491,234988297432291,234988297432969,1470,70800,678,72948
5861,234988297548865,234988297550269,234988297620149,234988297620769,1404,69880,620,71904
5862,234988297736699,234988297738975,234988297809583,234988297810217,2276,70608,634,73518
5863,234988297925489,234988297927813,234988297997207,234988297997821,2324,69394,614,72332
5864,234988298113679,234988298115115,234988298184681,234988298185351,1436,69566,670,71672
5865,234988298301263,234988298302693,234988298372647,234988298373325,1430,69954,678,72062
5866,234988298489219,234988298491643,234988298563157,234988298563841,2424,71514,684,74622
5867,234988298688437,234988298690741,234988298759615,234988298760283,2304,68874,668,71846
5868,234988298876477,234988298877911,234988298947903,234988298948555,1434,69992,652,72078
5869,234988299064721,234988299066169,234988299136217,234988299136913,1448,70048,696,72192
5870,234988299261265,234988299263591,234988299333685,234988299334343,2326,70094,658,73078
5871,234988299450583,234988299452003,234988299521317,234988299521993,1420,69314,676,71410
5872,234988299638423,234988299639853,234988299709133,234988299709829,1430,69280,696,71406
5873,234988299825715,234988299827155,234988299898519,234988299899195,1440,71364,676,73480
5874,234988300015189,234988300017301,234988300086923,234988300087583,2112,69622,660,72394
5875,234988300203463,234988300206107,234988300276295,234988300276979,2644,70188,684,73516
5876,234988300392755,234988300395073,234988300466309,234988300466993,2318,71236,684,74238
5877,234988300591627,234988300594003,234988300663793,234988300664447,2376,69790,654,72820
5878,234988300780531,234988300781983,234988300851829,234988300852489,1452,69846,660,71958
5879,234988300968845,234988300971157,234988301041099,234988301041759,2312,69942,660,72914
5880,234988301158039,234988301160401,234988301229047,234988301229689,2362,68646,642,71650
5881,234988301345425,234988301346799,234988301419351,234988301420003,1374,72552,652,74578
5882,234988301543977,234988301545933,234988301617973,234988301618639,1956,72040,666,74662
5883,234988301734603,234988301736047,234988301805431,234988301806073,1444,69384,642,71470
5884,234988301921881,234988301923331,234988301992471,234988301993155,1450,69140,684,71274
5885,234988302124013,234988302125525,234988302198005,234988302198643,1512,72480,638,74630
5886,234988302314939,234988302316357,234988302386351,234988302386989,1418,69994,638,72050
5887,234988302512185,234988302513607,234988302582571,234988302583235,1422,68964,664,71050
5888,234988302699523,234988302701009,234988302771311,234988302771965,1486,70302,654,72442
5889,234988302888593,234988302890009,234988302959263,234988302959929,1416,69254,666,71336
5890,234988303075837,234988303077271,234988303148287,234988303148947,1434,71016,660,73110
5891,234988303264759,234988303266191,234988303335547,234988303336213,1432,69356,666,71454
5892,234988303452101,234988303453469,234988303526681,234988303527379,1368,73212,698,75278
5893,234988303643465,234988303644859,234988303716071,234988303716749,1394,71212,678,73284
5894,234988303833133,234988303834975,234988303905425,234988303906099,1842,70450,674,72966
5895,234988304022413,234988304023841,234988304095931,234988304096593,1428,72090,662,74180
5896,234988304212741,234988304215087,234988304285047,234988304285733,2346,69960,686,72992
5897,234988304401609,234988304403157,234988304471251,234988304471911,1548,68094,660,70302
5898,234988304596091,234988304597465,234988304668991,234988304669659,1374,71526,668,73568
5899,234988304786041,234988304787479,234988304857661,234988304858331,1438,70182,670,72290
5900,234988304974357,234988304975773,234988305048293,234988305048943,1416,72520,650,74586
5901,234988305173167,234988305174605,234988305242107,234988305242783,1438,67502,676,69616
5902,234988305359351,234988305360769,234988305430789,234988305431459,1418,70020,670,72108
5903,234988305547585,234988305548999,234988305619873,234988305620551,1414,70874,678,72966
5904,234988305736237,234988305737971,234988305808279,234988305808951,1734,70308,672,72714
5905,234988305925009,234988305927297,234988305997079,234988305997741,2288,69782,662,72732
5906,234988306113665,234988306115113,234988306185107,234988306185769,1448,69994,662,72104
5907,234988306302295,234988306304587,234988306374263,234988306374929,2292,69676,666,72634
5908,234988306499411,234988306500809,234988306571125,234988306571785,1398,70316,660,72374
5909,234988306687649,234988306689997,234988306760605,234988306761281,2348,70608,676,73632
5910,234988306877045,234988306878463,234988306948325,234988306949017,1418,69862,692,71972
5911,234988307064997,234988307066401,234988307135501,234988307136181,1404,69100,680,71184
5912,234988307251819,234988307253277,234988307322475,234988307323141,1458,69198,666,71322
5913,234988307438917,234988307441221,234988307510549,234988307511227,2304,69328,678,72310
5914,234988307627065,234988307629117,234988307698081,234988307698747,2052,68964,666,71682
5915,234988307815249,234988307816699,234988307886191,234988307886841,1450,69492,650,71592
5916,234988308003229,234988308005569,234988308076855,234988308077533,2340,71286,678,74304
5917,234988308201325,234988308202895,234988308272411,234988308273079,1570,69516,668,71754
5918,234988308397849,234988308399301,234988308468853,234988308469537,1452,69552,684,71688
5919,234988308585593,234988308587977,234988308658049,234988308658705,2384,70072,656,73112
5920,234988308774655,234988308776525,234988308846043,234988308846755,1870,69518,712,72100
5921,234988308962875,234988308964307,234988309034341,234988309035019,1432,70034,678,72144
5922,234988309150541,234988309151947,234988309222987,234988309223647,1406,71040,660,73106
5923,234988309339751,234988309342165,234988309410667,234988309411349,2414,68502,682,71598
5924,234988309527461,234988309528927,234988309597543,234988309598221,1466,68616,678,70760
5925,234988309714457,234988309715915,234988309785107,234988309785757,1458,69192,650,71300
5926,234988309901207,234988309902661,234988309971589,234988309972253,1454,68928,664,71046
5927,234988310088139,234988310090437,234988310160929,234988310161547,2298,70492,618,73408
5928,234988310277911,234988310280121,234988310340475,234988310341147,2210,60354,672,63236
5929,234988310429005,234988310430205,234988310491867,234988310492521,1200,61662,654,63516
5930,234988310580019,234988310581171,234988310644693,234988310645341,1152,63522,648,65322
5931,234988310730851,234988310732113,234988310791789,234988310792465,1262,59676,676,61614
5932,234988310878943,234988310880107,234988310942327,234988310942987,1164,62220,660,64044
5933,234988311032377,234988311033559,234988311095435,234988311096107,1182,61876,672,63730
5934,234988311190129,234988311192275,234988311253481,234988311254149,2146,61206,668,64020
5935,234988311340129,234988311341305,234988311402797,234988311403447,1176,61492,650,63318
5936,234988311489727,234988311490889,234988311552581,234988311553237,1162,61692,656,63510
5937,234988311639257,234988311640417,234988311701443,234988311702127,1160,61026,684,62870
5938,234988311788029,234988311789185,234988311851741,234988311852391,1156,62556,650,64362
5939,234988311946085,234988311947249,234988312009025,234988312009685,1164,61776,660,63600
5940,234988312096133,234988312098287,234988312158813,234988312159481,2154,60526,668,63348
5941,234988312245581,234988312246763,234988312308283,234988312308923,1182,61520,640,63342
5942,234988312395163,234988312396307,234988312460885,234988312461557,1144,64578,672,66394
5943,234988312548017,234988312550191,234988312612655,234988312613327,2174,62464,672,65310
5944,234988312699745,234988312700911,234988312762337,234988312762955,1166,61426,618,63210
5945,234988312848499,234988312849687,234988312910945,234988312911601,1188,61258,656,63102
5946,234988312997075,234988312999207,234988313062855,234988313063533,2132,63648,678,66458
5947,234988313149939,234988313151091,234988313213527,234988313214181,1152,62436,654,64242
5948,234988313300639,234988313303329,234988313365495,234988313366153,2690,62166,658,65514
5949,234988313452459,234988313453623,234988313516197,234988313516847,1164,62574,650,64388
5950,234988313610739,234988313611931,234988313674765,234988313675429,1192,62834,664,64690
5951,234988313761901,234988313764111,234988313826139,234988313826805,2210,62028,666,64904
5952,234988313912915,234988313914091,234988313975855,234988313976539,1176,61764,684,63624
5953,234988314074477,234988314076625,234988314137767,234988314138433,2148,61142,666,63956
5954,234988314224597,234988314225781,234988314288307,234988314288961,1184,62526,654,64364
5955,234988314375257,234988314377393,234988314439051,234988314439711,2136,61658,660,64454
5956,234988314525619,234988314526795,234988314587971,234988314588631,1176,61176,660,63012
5957,234988314674261,234988314675445,234988314736721,234988314737387,1184,61276,666,63126
5958,234988314823297,234988314825589,234988314886171,234988314886831,2292,60582,660,63534
5959,234988314973279,234988314975439,234988315037231,234988315037933,2160,61792,702,64654
5960,234988315123991,234988315125163,234988315187603,234988315188305,1172,62440,702,64314
5961,234988315283119,234988315284289,234988315347061,234988315347709,1170,62772,648,64590
5962,234988315434751,234988315435907,234988315497937,234988315498615,1156,62030,678,63864
5963,234988315584733,234988315586909,234988315648805,234988315649491,2176,61896,686,64758
5964,234988315735655,234988315736809,234988315799003,234988315799663,1154,62194,660,64008
5965,234988315886731,234988315888907,234988315949869,234988315950557,2176,60962,688,63826
5966,234988316038523,234988316039699,234988316103911,234988316104565,1176,64212,654,66042
5967,234988316193089,234988316195639,234988316256985,234988316257649,2550,61346,664,64560
5968,234988316346623,234988316347853,234988316411719,234988316412383,1230,63866,664,65760
5969,234988316501779,234988316502971,234988316566411,234988316567077,1192,63440,666,65298
5970,234988316656439,234988316657617,234988316722747,234988316723425,1178,65130,678,66986
5971,234988316813583,234988316815271,234988316878777,234988316879419,1688,63506,642,65836
5972,234988316987305,234988316988743,234988317053935,234988317054595,1438,65192,660,67290
5973,234988317162571,234988317164783,234988317228871,234988317229537,2212,64088,666,66966
5974,234988317322163,234988317323389,234988317388189,234988317388859,1226,64800,670,66696
5975,234988317481945,234988317483173,234988317547739,234988317548419,1228,64566,680,66474
5976,234988317645779,234988317647053,234988317711401,234988317712085,1274,64348,684,66306
5977,234988317809285,234988317810919,234988317876617,234988317877289,1634,65698,672,68004
5978,234988317975383,234988317976639,234988318039451,234988318040105,1256,62812,654,64722
5979,234988318137679,234988318139881,234988318203341,234988318204013,2202,63460,672,66334
5980,234988318301129,234988318303505,234988318368029,234988318368703,2376,64524,674,67574
5981,234988318473523,234988318475759,234988318541597,234988318542263,2236,65838,666,68740
5982,234988318647815,234988318649153,234988318714267,234988318714913,1338,65114,646,67098
5983,234988318826669,234988318828187,234988318853813,234988318854461,1518,25626,648,27792
5984,234988318958135,234988318959467,234988319025457,234988319026123,1332,65990,666,67988
5985,234988319130865,234988319132215,234988319199571,234988319200235,1350,67356,664,69370
5986,234988319316931,234988319318381,234988319387815,234988319388487,1450,69434,672,71556
5987,234988319505191,234988319506637,234988319576129,234988319576791,1446,69492,662,71600
5988,234988319692747,234988319694181,234988319765153,234988319765825,1434,70972,672,73078
5989,234988319882017,234988319884243,234988319954827,234988319955491,2226,70584,664,73474
5990,234988320084371,234988320085861,234988320154361,234988320155053,1490,68500,692,70682
5991,234988320271693,234988320273127,234988320344003,234988320344647,1434,70876,644,72954
5992,234988320460865,234988320463153,234988320534715,234988320535369,2288,71562,654,74504
5993,234988320659521,234988320660997,234988320729451,234988320730117,1476,68454,666,70596
5994,234988320846275,234988320847703,234988320918565,234988320919243,1428,70862,678,72968
5995,234988321035359,234988321036817,234988321106909,234988321107563,1458,70092,654,72204
5996,234988321223753,234988321226059,234988321295087,234988321295741,2306,69028,654,71988
5997,234988321412455,234988321413887,234988321483297,234988321483961,1432,69410,664,71506
5998,234988321599821,234988321602241,234988321673921,234988321674601,2420,71680,680,74780
5999,234988321790165,234988321792069,234988321859675,234988321860365,1904,67606,690,70200
6000,234988321976653,234988321978067,234988322048251,234988322048915,1414,70184,664,72262
6001,234988322165281,234988322166797,234988322236285,234988322236957,1516,69488,672,71676
6002,234988322353033,234988322354443,234988322424763,234988322425435,1410,70320,672,72402
6003,234988322549767,234988322552065,234988322620819,234988322621489,2298,68754,670,71722
6004,234988322738225,234988322739661,234988322811751,234988322812387,1436,72090,636,74162
6005,234988322928139,234988322929579,234988322997149,234988322997817,1440,67570,668,69678
6006,234988323121729,234988323123203,234988323192659,234988323193331,1474,69456,672,71602
6007,234988323309133,234988323310583,234988323379499,234988323380165,1450,68916,666,71032
6008,234988323495823,234988323497269,234988323567445,234988323568129,1446,70176,684,72306
6009,234988323683747,234988323685193,234988323757319,234988323757993,1446,72126,674,74246
6010,234988323874583,234988323876397,234988323947951,234988323948617,1814,71554,666,74034
6011,234988324064819,234988324066231,234988324137277,234988324137943,1412,71046,666,73124
6012,234988324253581,234988324254997,234988324326251,234988324326917,1416,71254,666,73336
6013,234988324450807,234988324453151,234988324523617,234988324524293,2344,70466,676,73486
6014,234988324640153,234988324641557,234988324713773,234988324714457,1404,72216,684,74304
6015,234988324830295,234988324832609,234988324902121,234988324902797,2314,69512,676,72502
6016,234988325019575,234988325020999,234988325091343,234988325092025,1424,70344,682,72450
6017,234988325207951,234988325209367,234988325280295,234988325280953,1416,70928,658,73002
6018,234988325397169,234988325398685,234988325467297,234988325467939,1516,68612,642,70770
6019,234988325591615,234988325593979,234988325662475,234988325663179,2364,68496,704,71564
6020,234988325779397,234988325780833,234988325851105,234988325851771,1436,70272,666,72374
6021,234988325968241,234988325969609,234988326040117,234988326040765,1368,70508,648,72524
6022,234988326168323,234988326169741,234988326240341,234988326241013,1418,70600,672,72690
6023,234988326364721,234988326366157,234988326437359,234988326438037,1436,71202,678,73316
6024,234988326553657,234988326555083,234988326626327,234988326626957,1426,71244,630,73300
6025,234988326743225,234988326744631,234988326815741,234988326816421,1406,71110,680,73196
6026,234988326932533,234988326933937,234988327003855,234988327004501,1404,69918,646,71968
6027,234988327120943,234988327122367,234988327195225,234988327195883,1424,72858,658,74940
6028,234988327312129,234988327313539,234988327384321,234988327384973,1410,70782,652,72844
6029,234988327500277,234988327501729,234988327573639,234988327574331,1452,71910,692,74054
6030,234988327689805,234988327691231,234988327760501,234988327761169,1426,69270,668,71364
6031,234988327876875,234988327878299,234988327948589,234988327949269,1424,70290,680,72394
6032,234988328065513,234988328066923,234988328137865,234988328138539,1410,70942,674,73026
6033,234988328262673,234988328265025,234988328333975,234988328334649,2352,68950,674,71976
6034,234988328450245,234988328451695,234988328519515,234988328520211,1450,67820,696,69966
6035,234988328636485,234988328638775,234988328709143,234988328709815,2290,70368,672,73330
6036,234988328825621,234988328827051,234988328897057,234988328897707,1430,70006,650,72086
6037,234988329013727,234988329015187,234988329084587,234988329085271,1460,69400,684,71544
6038,234988329209479,234988329210931,234988329280561,234988329281227,1452,69630,666,71748
6039,234988329397069,234988329398525,234988329468097,234988329468791,1456,69572,694,71722
6040,234988329585103,234988329586519,234988329657277,234988329657979,1416,70758,702,72876
6041,234988329774031,234988329775471,234988329844807,234988329845477,1440,69336,670,71446
6042,234988329962047,234988329963473,234988330033627,234988330034285,1426,70154,658,72238
6043,234988330150115,234988330151563,234988330222543,234988330223203,1448,70980,660,73088
6044,234988330347109,234988330348577,234988330420195,234988330420843,1468,71618,648,73734
6045,234988330536935,234988330538377,234988330607491,234988330608169,1442,69114,678,71234
6046,234988330723577,234988330725029,234988330794755,234988330795429,1452,69726,674,71852
6047,234988330911293,234988330912699,234988330982833,234988330983521,1406,70134,688,72228
6048,234988331099771,234988331101285,234988331171045,234988331171713,1514,69760,668,71942
6049,234988331287513,234988331288939,234988331357249,234988331357927,1426,68310,678,70414
6050,234988331474567,234988331476081,234988331547463,234988331548091,1514,71382,628,73524
6051,234988331664359,234988331665799,234988331736487,234988331737133,1440,70688,646,72774
6052,234988331853473,234988331854883,234988331926523,234988331927179,1410,71640,656,73706
6053,234988332055961,234988332058277,234988332126943,234988332127633,2316,68666,690,71672
6054,234988332252187,234988332253619,234988332323675,234988332324341,1432,70056,666,72154
6055,234988332440597,234988332442145,234988332512639,234988332513287,1548,70494,648,72690
6056,234988332629693,234988332632021,234988332700469,234988332701125,2328,68448,656,71432
6057,234988332817781,234988332819229,234988332889195,234988332889873,1448,69966,678,72092
6058,234988333005953,234988333007387,234988333075987,234988333076671,1434,68600,684,70718
6059,234988333192571,234988333193999,234988333265467,234988333266133,1428,71468,666,73562
6060,234988333382119,234988333383547,234988333452649,234988333453333,1428,69102,684,71214
6061,234988333568905,234988333570385,234988333638695,234988333639371,1480,68310,676,70466
6062,234988333755499,234988333756933,234988333825579,234988333826243,1434,68646,664,70744
6063,234988333942045,234988333943455,234988334013971,234988334014625,1410,70516,654,72580
6064,234988334148121,234988334150453,234988334219639,234988334220317,2332,69186,678,72196
6065,234988334336845,234988334338261,234988334408335,234988334409037,1416,70074,702,72192
6066,234988334525051,234988334527363,234988334597851,234988334598517,2312,70488,666,73466
6067,234988334714765,234988334716219,234988334786831,234988334787497,1454,70612,666,72732
6068,234988334903171,234988334904583,234988334975095,234988334975767,1412,70512,672,72596
6069,234988335099761,234988335101215,234988335171827,234988335172499,1454,70612,672,72738
6070,234988335288665,234988335290083,234988335360259,234988335360935,1418,70176,676,72270
6071,234988335477263,234988335478711,234988335549835,234988335550507,1448,71124,672,73244
6072,234988335666631,234988335669035,234988335738049,234988335738743,2404,69014,694,72112
6073,234988335855095,234988335856513,234988335929045,234988335929647,1418,72532,602,74552
6074,234988336054733,234988336057105,234988336126967,234988336127611,2372,69862,644,72878
6075,234988336243399,234988336245815,234988336317041,234988336317707,2416,71226,666,74308
6076,234988336434799,234988336437083,234988336507511,234988336508195,2284,70428,684,73396
6077,234988336624147,234988336625575,234988336697213,234988336697885,1428,71638,672,73738
6078,234988336813567,234988336815853,234988336888475,234988336889149,2286,72622,674,75582
6079,234988337005553,234988337007851,234988337077681,234988337078353,2298,69830,672,72800
6080,234988337194177,234988337196071,234988337266183,234988337266849,1894,70112,666,72672
6081,234988337382479,234988337384773,234988337455303,234988337456005,2294,70530,702,73526
6082,234988337572165,234988337574491,234988337643323,234988337643985,2326,68832,662,71820
6083,234988337759605,234988337761021,234988337832569,234988337833243,1416,71548,674,73638
6084,234988337956379,234988337957803,234988338027865,234988338028541,1424,70062,676,72162
6085,234988338152993,234988338154423,234988338224449,234988338225109,1430,70026,660,72116
6086,234988338341581,234988338343925,234988338413195,234988338413837,2344,69270,642,72256
6087,234988338530263,234988338531685,234988338601943,234988338602621,1422,70258,678,72358
6088,234988338718693,234988338720097,234988338791527,234988338792209,1404,71430,682,73516
6089,234988338908945,234988338910397,234988338977645,234988338978317,1452,67248,672,69372
6090,234988339094549,234988339095971,234988339167295,234988339167959,1422,71324,664,73410
6091,234988339284919,234988339286393,234988339358077,234988339358747,1474,71684,670,73828
6092,234988339474415,234988339475845,234988339545265,234988339545917,1430,69420,652,71502
6093,234988339662625,234988339664053,234988339734245,234988339734905,1428,70192,660,72280
6094,234988339866529,234988339867969,234988339938569,234988339939243,1440,70600,674,72714
6095,234988340055511,234988340056963,234988340127497,234988340128157,1452,70534,660,72646
6096,234988340243663,234988340245111,234988340314597,234988340315287,1448,69486,690,71624
6097,234988340430689,234988340433031,234988340501387,234988340502047,2342,68356,660,71358
6098,234988340618431,234988340619853,234988340689765,234988340690417,1422,69912,652,71986
6099,234988340806563,234988340807975,234988340878603,234988340879245,1412,70628,642,72682
6100,234988340995369,234988340996843,234988341067555,234988341068221,1474,70712,666,72852
6101,234988341192029,234988341193499,234988341263725,234988341264401,1470,70226,676,72372
6102,234988341380935,234988341383489,234988341452827,234988341453493,2554,69338,666,72558
6103,234988341569351,234988341571703,234988341642299,234988341642973,2352,70596,674,73622
6104,234988341767843,234988341769253,234988341838505,234988341839177,1410,69252,672,71334
6105,234988341955295,234988341956717,234988342026449,234988342027103,1422,69732,654,71808
6106,234988342143713,234988342145147,234988342215355,234988342216031,1434,70208,676,72318
6107,234988342331719,234988342333147,234988342402429,234988342403101,1428,69282,672,71382
6108,234988342519739,234988342521185,234988342590697,234988342591349,1446,69512,652,71610
6109,234988342706767,234988342708159,234988342779821,234988342780481,1392,71662,660,73714
6110,234988342904107,234988342905571,234988342975225,234988342975937,1464,69654,712,71830
6111,234988343092261,234988343094565,234988343164577,234988343165243,2304,70012,666,72982
6112,234988343281207,234988343282615,234988343353463,234988343354105,1408,70848,642,72898
6113,234988343469805,234988343471203,234988343544155,234988343544815,1398,72952,660,75010
6114,234988343668651,234988343670095,234988343739971,234988343740621,1444,69876,650,71970
6115,234988343856203,234988343857645,234988343927935,234988343928577,1442,70290,642,72374
6116,234988344058283,234988344059743,234988344129373,234988344130061,1460,69630,688,71778
6117,234988344246089,234988344247507,234988344318319,234988344318985,1418,70812,666,72896
6118,234988344434965,234988344436445,234988344505789,234988344506431,1480,69344,642,71466
6119,234988344622877,234988344624287,234988344694819,234988344695491,1410,70532,672,72614
6120,234988344811643,234988344814397,234988344884141,234988344884755,2754,69744,614,73112
6121,234988345001039,234988345002433,234988345075061,234988345075721,1394,72628,660,74682
6122,234988345191835,234988345194121,234988345262947,234988345263605,2286,68826,658,71770
6123,234988345379701,234988345381331,234988345449359,234988345450031,1630,68028,672,70330
6124,234988345575073,234988345576549,234988345646057,234988345646753,1476,69508,696,71680
6125,234988345763185,234988345764629,234988345835167,234988345835837,1444,70538,670,72652
6126,234988345951565,234988345952959,234988346024065,234988346024725,1394,71106,660,73160
6127,234988346141185,234988346142607,234988346213293,234988346213959,1422,70686,666,72774
6128,234988346329429,234988346331749,234988346402435,234988346403097,2320,70686,662,73668
6129,234988346518549,234988346519989,234988346588839,234988346589509,1440,68850,670,70960
6130,234988346705783,234988346708089,234988346778139,234988346778769,2306,70050,630,72986
6131,234988346894809,234988346896255,234988346967203,234988346967881,1446,70948,678,73072
6132,234988347091703,234988347093131,234988347162427,234988347163099,1428,69296,672,71396
6133,234988347279385,234988347281681,234988347351499,234988347352175,2296,69818,676,72790
6134,234988347476651,234988347479077,234988347550051,234988347550727,2426,70974,676,74076
6135,234988347666925,234988347669199,234988347739895,234988347740519,2274,70696,624,73594
6136,234988347856151,234988347857999,234988347928423,234988347929089,1848,70424,666,72938
6137,234988348045367,234988348046785,234988348117415,234988348118089,1418,70630,674,72722
6138,234988348234027,234988348236323,234988348305773,234988348306445,2296,69450,672,72418
6139,234988348422803,234988348424921,234988348495955,234988348496623,2118,71034,668,73820
6140,234988348612783,234988348614187,234988348685239,234988348685917,1404,71052,678,73134
6141,234988348801777,234988348803199,234988348873733,234988348874411,1422,70534,678,72634
6142,234988348990457,234988348992763,234988349062643,234988349063311,2306,69880,668,72854
6143,234988349179163,234988349181175,234988349251231,234988349251873,2012,70056,642,72710
6144,234988349368249,234988349370545,234988349439127,234988349439793,2296,68582,666,71544
6145,234988349564849,234988349566291,234988349636009,234988349636669,1442,69718,660,71820
6146,234988349752829,234988349754257,234988349822315,234988349822987,1428,68058,672,70158
6147,234988349939333,234988349940691,234988350013787,234988350014477,1358,73096,690,75144
6148,234988350137503,234988350138985,234988350207367,234988350208045,1482,68382,678,70542
6149,234988350324379,234988350326689,234988350395773,234988350396469,2310,69084,696,72090
6150,234988350512347,234988350514681,234988350584743,234988350585367,2334,70062,624,73020
6151,234988350700931,234988350702335,234988350772183,234988350772871,1404,69848,688,71940
6152,234988350888751,234988350890665,234988350960773,234988350961435,1914,70108,662,72684
6153,234988351077209,234988351078651,234988351148785,234988351149467,1442,70134,682,72258
6154,234988351265347,234988351267765,234988351339889,234988351340513,2418,72124,624,75166
6155,234988351472293,234988351474589,234988351543481,234988351544131,2296,68892,650,71838
6156,234988351659481,234988351660915,234988351730695,234988351731355,1434,69780,660,71874
6157,234988351846931,234988351848365,234988351918915,234988351919591,1434,70550,676,72660
6158,234988352035841,234988352037235,234988352110411,234988352111111,1394,73176,700,75270
6159,234988352227459,234988352228885,234988352298967,234988352299645,1426,70082,678,72186
6160,234988352415805,234988352417215,234988352486343,234988352487029,1410,69128,686,71224
6161,234988352602991,234988352605331,234988352675135,234988352675819,2340,69804,684,72828
6162,234988352791789,234988352794573,234988352862839,234988352863531,2784,68266,692,71742
6163,234988352979601,234988352981063,234988353054355,234988353055037,1462,73292,682,75436
6164,234988353179093,234988353180517,234988353248863,234988353249547,1424,68346,684,70454
6165,234988353379549,234988353380963,234988353452443,234988353453119,1414,71480,676,73570
6166,234988353568853,234988353570257,234988353641341,234988353642005,1404,71084,664,73152
6167,234988353758341,234988353759733,234988353827579,234988353828247,1392,67846,668,69906
6168,234988353944189,234988353946595,234988354014259,234988354014925,2406,67664,666,70736
6169,234988354130923,234988354132387,234988354203275,234988354203931,1464,70888,656,73008
6170,234988354320127,234988354321771,234988354391657,234988354392325,1644,69886,668,72198
6171,234988354508197,234988354509595,234988354581319,234988354581985,1398,71724,666,73788
6172,234988354698011,234988354699415,234988354772357,234988354773011,1404,72942,654,75000
6173,234988354888583,234988354890967,234988354961429,234988354962091,2384,70462,662,73508
6174,234988355078077,234988355079535,234988355149493,234988355150149,1458,69958,656,72072
6175,234988355273497,234988355275589,234988355343535,234988355344231,2092,67946,696,70734
6176,234988355461147,234988355462635,234988355532445,234988355533115,1488,69810,670,71968
6177,234988355648819,234988355651765,234988355722355,234988355723029,2946,70590,674,74210
6178,234988355839181,234988355840591,234988355911813,234988355912503,1410,71222,690,73322
6179,234988356038465,234988356039919,234988356108937,234988356109603,1454,69018,666,71138
6180,234988356225277,234988356226697,234988356296407,234988356297101,1420,69710,694,71824
6181,234988356413725,234988356416085,234988356486433,234988356487037,2360,70348,604,73312
6182,234988356602903,234988356604265,234988356676711,234988356677363,1362,72446,652,74460
6183,234988356793037,234988356795385,234988356864169,234988356864841,2348,68784,672,71804
6184,234988356980963,234988356983287,234988357051579,234988357052183,2324,68292,604,71220
6185,234988357175797,234988357177247,234988357246027,234988357246723,1450,68780,696,70926
6186,234988357363057,234988357364525,234988357434935,234988357435625,1468,70410,690,72568
6187,234988357552201,234988357553747,234988357623865,234988357624535,1546,70118,670,72334
6188,234988357740671,234988357742119,234988357813225,234988357813861,1448,71106,636,73190
6189,234988357930039,234988357931459,234988358001631,234988358002283,1420,70172,652,72244
6190,234988358118389,234988358119823,234988358190227,234988358190895,1434,70404,668,72506
6191,234988358306881,234988358308759,234988358379617,234988358380279,1878,70858,662,73398
6192,234988358496581,234988358498801,234988358568715,234988358569403,2220,69914,688,72822
6193,234988358685335,234988358687747,234988358757719,234988358758399,2412,69972,680,73064
6194,234988358874401,234988358875861,234988358949943,234988358950613,1460,74082,670,76212
6195,234988359083317,234988359084737,234988359153457,234988359154171,1420,68720,714,70854
6196,234988359270841,234988359272269,234988359345163,234988359345829,1428,72894,666,74988
6197,234988359462059,234988359464413,234988359532811,234988359533479,2354,68398,668,71420
6198,234988359648979,234988359650395,234988359720137,234988359720797,1416,69742,660,71818
6199,234988359836743,234988359838153,234988359910249,234988359910919,1410,72096,670,74176
6200,234988360027019,234988360028437,234988360098973,234988360099645,1418,70536,672,72626
6201,234988360222997,234988360224443,234988360292719,234988360293389,1446,68276,670,70392
6202,234988360409479,234988360411771,234988360479805,234988360480537,2292,68034,732,71058
6203,234988360596583,234988360598189,234988360671595,234988360672271,1606,73406,676,75688
6204,234988360788211,234988360789639,234988360862917,234988360863565,1428,73278,648,75354
6205,234988360986509,234988360987915,234988361057771,234988361058449,1406,69856,678,71940
6206,234988361174125,234988361175541,234988361244361,234988361245027,1416,68820,666,70902
6207,234988361360815,234988361362259,234988361430769,234988361431427,1444,68510,658,70612
6208,234988361547949,234988361549425,234988361620805,234988361621501,1476,71380,696,73552
6209,234988361737403,234988361738839,234988361809271,234988361809931,1436,70432,660,72528
6210,234988361926063,234988361927509,234988361999755,234988362000413,1446,72246,658,74350
6211,234988362123829,234988362125251,234988362197795,234988362198443,1422,72544,648,74614
6212,234988362314303,234988362315749,234988362385297,234988362385979,1446,69548,682,71676
6213,234988362502135,234988362504421,234988362572483,234988362573151,2286,68062,668,71016
6214,234988362689221,234988362690659,234988362761371,234988362762043,1438,70712,672,72822
6215,234988362894187,234988362895637,234988362964795,234988362965455,1450,69158,660,71268
6216,234988363081357,234988363082761,234988363153175,234988363153849,1404,70414,674,72492
6217,234988363269895,234988363271357,234988363339679,234988363340371,1462,68322,692,70476
6218,234988363456363,234988363457783,234988363529585,234988363530263,1420,71802,678,73900
6219,234988363645795,234988363648085,234988363716265,234988363716961,2290,68180,696,71166
6220,234988363833271,234988363835561,234988363906853,234988363907519,2290,71292,666,74248
6221,234988364023453,234988364024881,234988364095705,234988364096401,1428,70824,696,72948
6222,234988364212451,234988364213867,234988364282959,234988364283625,1416,69092,666,71174
6223,234988364399803,234988364401213,234988364471329,234988364471995,1410,70116,666,72192
6224,234988364588185,234988364589623,234988364659709,234988364660347,1438,70086,638,72162
6225,234988364783671,234988364785391,234988364810915,234988364811587,1720,25524,672,27916
6226,234988364927669,234988364930023,234988364999125,234988364999813,2354,69102,688,72144
6227,234988365125879,234988365127327,234988365197167,234988365197831,1448,69840,664,71952
6228,234988365314005,234988365315439,234988365383735,234988365384391,1434,68296,656,70386
6229,234988365500561,234988365501979,234988365573607,234988365574277,1418,71628,670,73716
6230,234988365689767,234988365691171,234988365761117,234988365761815,1404,69946,698,72048
6231,234988365877601,234988365879259,234988365949813,234988365950473,1658,70554,660,72872
6232,234988366066565,234988366068051,234988366136077,234988366136753,1486,68026,676,70188
6233,234988366252589,234988366254071,234988366322249,234988366322921,1482,68178,672,70332
6234,234988366439111,234988366441453,234988366511939,234988366512547,2342,70486,608,73436
6235,234988366638229,234988366640495,234988366709617,234988366710301,2266,69122,684,72072
6236,234988366826357,234988366827869,234988366897913,234988366898593,1512,70044,680,72236
6237,234988367015065,234988367016503,234988367088565,234988367089243,1438,72062,678,74178
6238,234988367204987,234988367206417,234988367275075,234988367275699,1430,68658,624,70712
6239,234988367391985,234988367393405,234988367465057,234988367465731,1420,71652,674,73746
6240,234988367581667,234988367583143,234988367650345,234988367651015,1476,67202,670,69348
6241,234988367767183,234988367769509,234988367840843,234988367841527,2326,71334,684,74344
6242,234988367957579,234988367959003,234988368029339,234988368030007,1424,70336,668,72428
6243,234988368153589,234988368155879,234988368225439,234988368226123,2290,69560,684,72534
6244,234988368342625,234988368344233,234988368413999,234988368414665,1608,69766,666,72040
6245,234988368530477,234988368531931,234988368602251,234988368602911,1454,70320,660,72434
6246,234988368734935,234988368737407,234988368806243,234988368806945,2472,68836,702,72010
6247,234988368923423,234988368924853,234988368995555,234988368996205,1430,70702,650,72782
6248,234988369111715,234988369113119,234988369185557,234988369186261,1404,72438,704,74546
6249,234988369302239,234988369304509,234988369375819,234988369376489,2270,71310,670,74250
6250,234988369492439,234988369494725,234988369567711,234988369568359,2286,72986,648,75920
6251,234988369684087,234988369685519,234988369756057,234988369756745,1432,70538,688,72658
6252,234988369872965,234988369875247,234988369943801,234988369944445,2282,68554,644,71480
6253,234988370060357,234988370061787,234988370131259,234988370131921,1430,69472,662,71564
6254,234988370247951,234988370250343,234988370319629,234988370320289,2392,69286,660,72338
6255,234988370436313,234988370437769,234988370507291,234988370507969,1456,69522,678,71656
6256,234988370631707,234988370633407,234988370702807,234988370703467,1700,69400,660,71760
6257,234988370820071,234988370821517,234988370891267,234988370891933,1446,69750,666,71862
6258,234988371015883,234988371017315,234988371085487,234988371086141,1432,68172,654,70258
6259,234988371202891,234988371204343,234988371272795,234988371273475,1452,68452,680,70584
6260,234988371389489,234988371391811,234988371462319,234988371462989,2322,70508,670,73500
6261,234988371578909,234988371581237,234988371650513,234988371651175,2328,69276,662,72266
6262,234988371766829,234988371768985,234988371837877,234988371838543,2156,68892,666,71714
6263,234988371954037,234988371955475,234988372026337,234988372027007,1438,70862,670,72970
6264,234988372143617,234988372145039,234988372213603,234988372214263,1422,68564,660,70646
6265,234988372329887,234988372331441,234988372399171,234988372399843,1554,67730,672,69956
6266,234988372523881,234988372525317,234988372596643,234988372597309,1436,71326,666,73428
6267,234988372712981,234988372714385,234988372784023,234988372784683,1404,69638,660,71702
6268,234988372900949,234988372903279,234988372972217,234988372972849,2330,68938,632,71900
6269,234988373089711,234988373092019,234988373164063,234988373164741,2308,72044,678,75030
6270,234988373280953,234988373282383,234988373353159,234988373353841,1430,70776,682,72888
6271,234988373470165,234988373471545,234988373542225,234988373542901,1380,70680,676,72736
6272,234988373658959,234988373660453,234988373730737,234988373731417,1494,70284,680,72458
6273,234988373847449,234988373848897,234988373919323,234988373919989,1448,70426,666,72540
6274,234988374043471,234988374044885,234988374115885,234988374116555,1414,71000,670,73084
6275,234988374232745,234988374234233,234988374303145,234988374303821,1488,68912,676,71076
6276,234988374427771,234988374429211,234988374499927,234988374500573,1440,70716,646,72802
6277,234988374616619,234988374618047,234988374687151,234988374687821,1428,69104,670,71202
6278,234988374804103,234988374805555,234988374873959,234988374874619,1452,68404,660,70516
6279,234988374990575,234988374991997,234988375062965,234988375063663,1422,70968,698,73088
6280,234988375178941,234988375180349,234988375250987,234988375251653,1408,70638,666,72712
6281,234988375368247,234988375370963,234988375441717,234988375442389,2716,70754,672,74142
6282,234988375558093,234988375559521,234988375628977,234988375629677,1428,69456,700,71584
6283,234988375745771,234988375747205,234988375815445,234988375816121,1434,68240,676,70350
6284,234988375932259,234988375933663,234988376005523,234988376006219,1404,71860,696,73960
6285,234988376121925,234988376123341,234988376194097,234988376194765,1416,70756,668,72840
6286,234988376318861,234988376320309,234988376391883,234988376392537,1448,71574,654,73676
6287,234988376508539,234988376510863,234988376583173,234988376583835,2324,72310,662,75296
6288,234988376699389,234988376700793,234988376771021,234988376771677,1404,70228,656,72288
6289,234988376887949,234988376889257,234988376961401,234988376962043,1308,72144,642,74094
6290,234988377085787,234988377087205,234988377158911,234988377159599,1418,71706,688,73812
6291,234988377275717,234988377278009,234988377346147,234988377346807,2292,68138,660,71090
6292,234988377470153,234988377471943,234988377539509,234988377540155,1790,67566,646,70002
6293,234988377656513,234988377657961,234988377727645,234988377728261,1448,69684,616,71748
6294,234988377843835,234988377846161,234988377917045,234988377917699,2326,70884,654,73864
6295,234988378034131,234988378035571,234988378104533,234988378105219,1440,68962,686,71088
6296,234988378227929,234988378229381,234988378297439,234988378298131,1452,68058,692,70202
6297,234988378413967,234988378415393,234988378486061,234988378486721,1426,70668,660,72754
6298,234988378602485,234988378603859,234988378676173,234988378676855,1374,72314,682,74370
6299,234988378792519,234988378793941,234988378864957,234988378865605,1422,71016,648,73086
6300,234988378981225,234988378982683,234988379053277,234988379053961,1458,70594,684,72736
6301,234988379169547,234988379171963,234988379240465,234988379241109,2416,68502,644,71562
6302,234988379356481,234988379357911,234988379427985,234988379428645,1430,70074,660,72164
6303,234988379544625,234988379546059,234988379615455,234988379616125,1434,69396,670,71500
6304,234988379731879,234988379734213,234988379803415,234988379804081,2334,69202,666,72202
6305,234988379920261,234988379921725,234988379991935,234988379992591,1464,70210,656,72330
6306,234988380124529,234988380125999,234988380195637,234988380196291,1470,69638,654,71762
6307,234988380312487,234988380313883,234988380383099,234988380383753,1396,69216,654,71266
6308,234988380499577,234988380500983,234988380571601,234988380572237,1406,70618,636,72660
6309,234988380687935,234988380689363,234988380758899,234988380759527,1428,69536,628,71592
6310,234988380875551,234988380876973,234988380947075,234988380947755,1422,70102,680,72204
6311,234988381063823,234988381065227,234988381133491,234988381134143,1404,68264,652,70320
6312,234988381250701,234988381252139,234988381321657,234988381322323,1438,69518,666,71622
6313,234988381437865,234988381439287,234988381512101,234988381512779,1422,72814,678,74914
6314,234988381629175,234988381631477,234988381700363,234988381701041,2302,68886,678,71866
6315,234988381816775,234988381818203,234988381888207,234988381888879,1428,70004,672,72104
6316,234988382012833,234988382014939,234988382082461,234988382083115,2106,67522,654,70282
6317,234988382199365,234988382200817,234988382269789,234988382270449,1452,68972,660,71084
6318,234988382386025,234988382387461,234988382455871,234988382456569,1436,68410,698,70544
6319,234988382572763,234988382574167,234988382645933,234988382646617,1404,71766,684,73854
6320,234988382762117,234988382763527,234988382835449,234988382836093,1410,71922,644,73976
6321,234988382964539,234988382966815,234988383035251,234988383035915,2276,68436,664,71376
6322,234988383152153,234988383153619,234988383224189,234988383224837,1466,70570,648,72684
6323,234988383340429,234988383341845,234988383413153,234988383413819,1416,71308,666,73390
6324,234988383529585,234988383531913,234988383601943,234988383602587,2328,70030,644,73002
6325,234988383718633,234988383720929,234988383792355,234988383793001,2296,71426,646,74368
6326,234988383916627,234988383918163,234988383986515,234988383987145,1536,68352,630,70518
6327,234988384103003,234988384104391,234988384178171,234988384178825,1388,73780,654,75822
6328,234988384294457,234988384295905,234988384366619,234988384367303,1448,70714,684,72846
6329,234988384483153,234988384484579,234988384553561,234988384554211,1426,68982,650,71058
6330,234988384670741,234988384673059,234988384743181,234988384743851,2318,70122,670,73110
6331,234988384860001,234988384861457,234988384930079,234988384930745,1456,68622,666,70744
6332,234988385046481,234988385048177,234988385120215,234988385120843,1696,72038,628,74362
6333,234988385237213,234988385238641,234988385307541,234988385308211,1428,68900,670,70998
6334,234988385424391,234988385426689,234988385496449,234988385497097,2298,69760,648,72706
6335,234988385613061,234988385615477,234988385685419,234988385686091,2416,69942,672,73030
6336,234988385809253,234988385811607,234988385881483,234988385882153,2354,69876,670,72900
6337,234988386022171,234988386023621,234988386096097,234988386096791,1450,72476,694,74620
6338,234988386213133,234988386214583,234988386284941,234988386285565,1450,70358,624,72432
6339,234988386402071,234988386404419,234988386477223,234988386477899,2348,72804,676,75828
6340,234988386593225,234988386594653,234988386664403,234988386665071,1428,69750,668,71846
6341,234988386780557,234988386781981,234988386855401,234988386856093,1424,73420,692,75536
6342,234988386971755,234988386973145,234988387044143,234988387044797,1390,70998,654,73042
6343,234988387160737,234988387163021,234988387232437,234988387233047,2284,69416,610,72310
6344,234988387348931,234988387350359,234988387419329,234988387419997,1428,68970,668,71066
6345,234988387535965,234988387537411,234988387605115,234988387605771,1446,67704,656,69806
6346,234988387721587,234988387723873,234988387793485,234988387794149,2286,69612,664,72562
6347,234988387918465,234988387919893,234988387988701,234988387989373,1428,68808,672,70908
6348,234988388105189,234988388106605,234988388175845,234988388176513,1416,69240,668,71324
6349,234988388293421,234988388294849,234988388364641,234988388365315,1428,69792,674,71894
6350,234988388481211,234988388482649,234988388552507,234988388553161,1438,69858,654,71950
6351,234988388669237,234988388670677,234988388738903,234988388739533,1440,68226,630,70296
6352,234988388855455,234988388856887,234988388928823,234988388929481,1432,71936,658,74026
6353,234988389053983,234988389055387,234988389126649,234988389127325,1404,71262,676,73342
6354,234988389243601,234988389245029,234988389315769,234988389316439,1428,70740,670,72838
6355,234988389432925,234988389434327,234988389505195,234988389505847,1402,70868,652,72922
6356,234988389622073,234988389623501,234988389694157,234988389694829,1428,70656,672,72756
6357,234988389820063,234988389822371,234988389891937,234988389892609,2308,69566,672,72546
6358,234988390008919,234988390010351,234988390079147,234988390079821,1432,68796,674,70902
6359,234988390196113,234988390198435,234988390268737,234988390269373,2322,70302,636,73260
6360,234988390384921,234988390386379,234988390456009,234988390456691,1458,69630,682,71770
6361,234988390572463,234988390573901,234988390643459,234988390644121,1438,69558,662,71658
6362,234988390760425,234988390762303,234988390833053,234988390833715,1878,70750,662,73290
6363,234988390949899,234988390952231,234988391020547,234988391021203,2332,68316,656,71304
6364,234988391137225,234988391139589,234988391211055,234988391211719,2364,71466,664,74494
6365,234988391327293,234988391328713,234988391397211,234988391397895,1420,68498,684,70602
6366,234988391513483,234988391515805,234988391585345,234988391586029,2322,69540,684,72546
6367,234988391709631,234988391711065,234988391780549,234988391781223,1434,69484,674,71592
6368,234988391897113,234988391898565,234988391968567,234988391969243,1452,70002,676,72130
6369,234988392093541,234988392094963,234988392165517,234988392166199,1422,70554,682,72658
6370,234988392282559,234988392284881,234988392352415,234988392353057,2322,67534,642,70498
6371,234988392469663,234988392471799,234988392539921,234988392540599,2136,68122,678,70936
6372,234988392656411,234988392658739,234988392728167,234988392728839,2328,69428,672,72428
6373,234988392844679,234988392847013,234988392917431,234988392918089,2334,70418,658,73410
6374,234988393033951,234988393035389,234988393104973,234988393105663,1438,69584,690,71712
6375,234988393221859,234988393223305,234988393292489,234988393293151,1446,69184,662,71292
6376,234988393409563,234988393410985,234988393481479,234988393482143,1422,70494,664,72580
6377,234988393606555,234988393608085,234988393678079,234988393678763,1530,69994,684,72208
6378,234988393794923,234988393797217,234988393867865,234988393868521,2294,70648,656,73598
6379,234988393984235,234988393985699,234988394056135,234988394056795,1464,70436,660,72560
6380,234988394172577,234988394174023,234988394243977,234988394244649,1446,69954,672,72072
6381,234988394360359,234988394361779,234988394432863,234988394433551,1420,71084,688,73192
6382,234988394549467,234988394550899,234988394621167,234988394621863,1432,70268,696,72396
6383,234988394746795,234988394748259,234988394817943,234988394818607,1464,69684,664,71812
6384,234988394952935,234988394954591,234988395026069,234988395026743,1656,71478,674,73808
6385,234988395142675,234988395144077,234988395214549,234988395215219,1402,70472,670,72544
6386,234988395331307,234988395333605,234988395403027,234988395403691,2298,69422,664,72384
6387,234988395528067,234988395529517,234988395598351,234988395599005,1450,68834,654,70938
6388,234988395714881,234988395716267,234988395790025,234988395790681,1386,73758,656,75800
6389,234988395906667,234988395908113,234988395978797,234988395979423,1446,70684,626,72756
6390,234988396095635,234988396097081,234988396167047,234988396167713,1446,69966,666,72078
6391,234988396283929,234988396286215,234988396358761,234988396359467,2286,72546,706,75538
6392,234988396475455,234988396476967,234988396550077,234988396550713,1512,73110,636,75258
6393,234988396667251,234988396668697,234988396739207,234988396739881,1446,70510,674,72630
6394,234988396855265,234988396856731,234988396925149,234988396925837,1466,68418,688,70572
6395,234988397042329,234988397044507,234988397112941,234988397113601,2178,68434,660,71272
6396,234988397229827,234988397231257,234988397302699,234988397303315,1430,71442,616,73488
6397,234988397426693,234988397428079,234988397500015,234988397500693,1386,71936,678,74000
6398,234988397616059,234988397617507,234988397689151,234988397689855,1448,71644,704,73796
6399,234988397805847,234988397807285,234988397878253,234988397878939,1438,70968,686,73092
6400,234988398002711,234988398004223,234988398031283,234988398031979,1512,27060,696,29268
6401,234988398148123,234988398149531,234988398222337,234988398223001,1408,72806,664,74878
6402,234988398338747,234988398340135,234988398412069,234988398412753,1388,71934,684,74006
6403,234988398528805,234988398531245,234988398601273,234988398601963,2440,70028,690,73158
6404,234988398717961,234988398719371,234988398789005,234988398789695,1410,69634,690,71734
6405,234988398905873,234988398907301,234988398978565,234988398979231,1428,71264,666,73358
6406,234988399095149,234988399097455,234988399166387,234988399167061,2306,68932,674,71912
6407,234988399291639,234988399293989,234988399362013,234988399362671,2350,68024,658,71032
6408,234988399478621,234988399480355,234988399552799,234988399553461,1734,72444,662,74840
6409,234988399669345,234988399670765,234988399741715,234988399742375,1420,70950,660,73030
6410,234988399858213,234988399859617,234988399931525,234988399932199,1404,71908,674,73986
6411,234988400048327,234988400049763,234988400118031,234988400118689,1436,68268,658,70362
6412,234988400234509,234988400235955,234988400305975,234988400306597,1446,70020,622,72088
6413,234988400422163,234988400423545,234988400493355,234988400494007,1382,69810,652,71844
6414,234988400609987,234988400611451,234988400679871,234988400680537,1464,68420,666,70550
6415,234988400797067,234988400799433,234988400870731,234988400871385,2366,71298,654,74318
6416,234988400994907,234988400996791,234988401068699,234988401069371,1884,71908,672,74464
6417,234988401194005,234988401196061,234988401264205,234988401264871,2056,68144,666,70866
6418,234988401381007,234988401382451,234988401452269,234988401452951,1444,69818,682,71944
6419,234988401569201,234988401570701,234988401640417,234988401641089,1500,69716,672,71888
6420,234988401757525,234988401758953,234988401829585,234988401830261,1428,70632,676,72736
6421,234988401946169,234988401948535,234988402018855,234988402019543,2366,70320,688,73374
6422,234988402135547,234988402137853,234988402208671,234988402209377,2306,70818,706,73830
6423,234988402325423,234988402326859,234988402395811,234988402396499,1436,68952,688,71076
6424,234988402512157,234988402513555,234988402583205,234988402583867,1398,69650,662,71710
6425,234988402699559,234988402700993,234988402771309,234988402771991,1434,70316,682,72432
6426,234988402887529,234988402888961,234988402956959,234988402957631,1432,67998,672,70102
6427,234988403082625,234988403084071,234988403153237,234988403153891,1446,69166,654,71266
6428,234988403277391,234988403278865,234988403348525,234988403349191,1474,69660,666,71800
6429,234988403466029,234988403467621,234988403538137,234988403538799,1592,70516,662,72770
6430,234988403654677,234988403657005,234988403726429,234988403727113,2328,69424,684,72436
6431,234988403843861,234988403845279,234988403915323,234988403916001,1418,70044,678,72140
6432,234988404040301,234988404041705,234988404112439,234988404113059,1404,70734,620,72758
6433,234988404228505,234988404229931,234988404301469,234988404302141,1426,71538,672,73636
6434,234988404418217,234988404419665,234988404490519,234988404491153,1448,70854,634,72936
6435,234988404606541,234988404607957,234988404679493,234988404680159,1416,71536,666,73618
6436,234988404796497,234988404797911,234988404866789,234988404867461,1414,68878,672,70964
6437,234988404991691,234988404993087,234988405061813,234988405062503,1396,68726,690,70812
6438,234988405178611,234988405180979,234988405250113,234988405250807,2368,69134,694,72196
6439,234988405367041,234988405368457,234988405437461,234988405438133,1416,69004,672,71092
6440,234988405553833,234988405555225,234988405626067,234988405626739,1392,70842,672,72906
6441,234988405743167,234988405745151,234988405813955,234988405814623,1984,68804,668,71456
6442,234988405930193,234988405931617,234988406001445,234988406002117,1424,69828,672,71924
6443,234988406118451,234988406120767,234988406193007,234988406193661,2316,72240,654,75210
6444,234988406309203,234988406310671,234988406379521,234988406380183,1468,68850,662,70980
6445,234988406496707,234988406498135,234988406567683,234988406568353,1428,69548,670,71646
6446,234988406684407,234988406685811,234988406756969,234988406757653,1404,71158,684,73246
6447,234988406873659,234988406875171,234988406944565,234988406945245,1512,69394,680,71586
6448,234988407077161,234988407078613,234988407149479,234988407150157,1452,70866,678,72996
6449,234988407265865,234988407268405,234988407339125,234988407339791,2540,70720,666,73926
6450,234988407455651,234988407457073,234988407527263,234988407527929,1422,70190,666,72278
6451,234988407644243,234988407645697,234988407715801,234988407716439,1454,70104,638,72196
6452,234988407832637,234988407834067,234988407903575,234988407904207,1430,69508,632,71570
6453,234988408020493,234988408021889,234988408095985,234988408096639,1396,74096,654,76146
6454,234988408212205,234988408213637,234988408283441,234988408284095,1432,69804,654,71890
6455,234988408400807,234988408402951,234988408472803,234988408473457,2144,69852,654,72650
6456,234988408589257,234988408590713,234988408660595,234988408661271,1456,69882,676,72014
6457,234988408777061,234988408778515,234988408847309,234988408848001,1454,68794,692,70940
6458,234988408971937,234988408974239,234988409044501,234988409045167,2302,70262,666,73230
6459,234988409160805,234988409163125,234988409232101,234988409232761,2320,68976,660,71956
6460,234988409348755,234988409350199,234988409418517,234988409419213,1444,68318,696,70458
6461,234988409535727,234988409538481,234988409609347,234988409610011,2754,70866,664,74284
6462,234988409726359,234988409727807,234988409797565,234988409798209,1448,69758,644,71850
6463,234988409925133,234988409926579,234988409997071,234988409997745,1446,70492,674,72612
6464,234988410113833,234988410115259,234988410183427,234988410184109,1426,68168,682,70276
6465,234988410300931,234988410303343,234988410372677,234988410373343,2412,69334,666,72412
6466,234988410489515,234988410490913,234988410562763,234988410563437,1398,71850,674,73922
6467,234988410679301,234988410680801,234988410752935,234988410753637,1500,72134,702,74336
6468,234988410884377,234988410886757,234988410956161,234988410956813,2380,69404,652,72436
6469,234988411073549,234988411074977,234988411144603,234988411145273,1428,69626,670,71724
6470,234988411261567,234988411263799,234988411332871,234988411333541,2232,69072,670,71974
6471,234988411449523,234988411450949,234988411521533,234988411522217,1426,70584,684,72694
6472,234988411637813,234988411639249,234988411708579,234988411709237,1436,69330,658,71424
6473,234988411824973,234988411826415,234988411895797,234988411896467,1442,69382,670,71494
6474,234988412021935,234988412023375,234988412094829,234988412095501,1440,71454,672,73566
6475,234988412211631,234988412214025,234988412283353,234988412284027,2394,69328,674,72396
6476,234988412400399,234988412402131,234988412471777,234988412472413,1732,69646,636,72014
6477,234988412588569,234988412589997,234988412660129,234988412660821,1428,70132,692,72252
6478,234988412784751,234988412786171,234988412860303,234988412860991,1420,74132,688,76240
6479,234988412987371,234988412988781,234988413060355,234988413061027,1410,71574,672,73656
6480,234988413177293,234988413178703,234988413250049,234988413250723,1410,71346,674,73430
6481,234988413366959,234988413368377,234988413438329,234988413439007,1418,69952,678,72048
6482,234988413555161,234988413557473,234988413625031,234988413625691,2312,67558,660,70530
6483,234988413741833,234988413744119,234988413815927,234988413816589,2286,71808,662,74756
6484,234988413932683,234988413934127,234988414002907,234988414003577,1444,68780,670,70894
6485,234988414119661,234988414121095,234988414191229,234988414191883,1434,70134,654,72222
6486,234988414307813,234988414310201,234988414380229,234988414380917,2388,70028,688,73104
6487,234988414497721,234988414499131,234988414570045,234988414570705,1410,70914,660,72984
6488,234988414684999,234988414687151,234988414748965,234988414749665,2152,61814,700,64666
6489,234988414836787,234988414838987,234988414899547,234988414900219,2200,60560,672,63432
6490,234988414986655,234988414988797,234988415049515,234988415050195,2142,60718,680,63540
6491,234988415137243,234988415138419,234988415200673,234988415201341,1176,62254,668,64098
6492,234988415287417,234988415288575,234988415350877,234988415351561,1158,62302,684,64144
6493,234988415438021,234988415439181,234988415501097,234988415501761,1160,61916,664,63740
6494,234988415587607,234988415588771,234988415650327,234988415651029,1164,61556,702,63422
6495,234988415737453,234988415739155,234988415800367,234988415801035,1702,61212,668,63582
6496,234988415903393,234988415904569,234988415965457,234988415966119,1176,60888,662,62726
6497,234988416052289,234988416054511,234988416117197,234988416117901,2222,62686,704,65612
6498,234988416204427,234988416206591,234988416269045,234988416269707,2164,62454,662,65280
6499,234988416364609,234988416365765,234988416427451,234988416428113,1156,61686,662,63504
6500,234988416514067,234988416515237,234988416576893,234988416577561,1170,61656,668,63494
6501,234988416664051,234988416665243,234988416726019,234988416726709,1192,60776,690,62658
6502,234988416812719,234988416813923,234988416874727,234988416875417,1204,60804,690,62698
6503,234988416961655,234988416962929,234988417024525,234988417025195,1274,61596,670,63540
6504,234988417111225,234988417112411,234988417172633,234988417173295,1186,60222,662,62070
6505,234988417258937,234988417260107,234988417321373,234988417322047,1170,61266,674,63110
6506,234988417407593,234988417408763,234988417471529,234988417472219,1170,62766,690,64626
6507,234988417558637,234988417560091,234988417620685,234988417621369,1454,60594,684,62732
6508,234988417707503,234988417708655,234988417771363,234988417771961,1152,62708,598,64458
6509,234988417858325,234988417859495,234988417921955,234988417922623,1170,62460,668,64298
6510,234988418015101,234988418016785,234988418078311,234988418078981,1684,61526,670,63880
6511,234988418165147,234988418166295,234988418230339,234988418231005,1148,64044,666,65858
6512,234988418316581,234988418318819,234988418381755,234988418382413,2238,62936,658,65832
6513,234988418468923,234988418470085,234988418531225,234988418531915,1162,61140,690,62992
6514,234988418617825,234988418618999,234988418681581,234988418682253,1174,62582,672,64428
6515,234988418768311,234988418770541,234988418835821,234988418836447,2230,65280,626,68136
6516,234988418930275,234988418931415,234988418994721,234988418995391,1140,63306,670,65116
6517,234988419081895,234988419083045,234988419145043,234988419145691,1150,61998,648,63796
6518,234988419231397,234988419232565,234988419295747,234988419296441,1168,63182,694,65044
6519,234988419390473,234988419392891,234988419454723,234988419455417,2418,61832,694,64944
6520,234988419541991,234988419543167,234988419605383,234988419606005,1176,62216,622,64014
6521,234988419699721,234988419700897,234988419764717,234988419765389,1176,63820,672,65668
6522,234988419851743,234988419852895,234988419916183,234988419916885,1152,63288,702,65142
6523,234988420003441,234988420005343,234988420064543,234988420065199,1902,59200,656,61758
6524,234988420151095,234988420152275,234988420214397,234988420215067,1180,62122,670,63972
6525,234988420301417,234988420303643,234988420365769,234988420366421,2226,62126,652,65004
6526,234988420452791,234988420454941,234988420515263,234988420515941,2150,60322,678,63150
6527,234988420604639,234988420605835,234988420667489,234988420668089,1196,61654,600,63450
6528,234988420756601,234988420758755,234988420820993,234988420821649,2154,62238,656,65048
6529,234988420910417,234988420912597,234988420973983,234988420974661,2180,61386,678,64244
6530,234988421063459,234988421064665,234988421125381,234988421126069,1206,60716,688,62610
6531,234988421214769,234988421215949,234988421280199,234988421280863,1180,64250,664,66094
6532,234988421380165,234988421381393,234988421444735,234988421445379,1228,63342,644,65214
6533,234988421537633,234988421538871,234988421603563,234988421604209,1238,64692,646,66576
6534,234988421696875,234988421698073,234988421763481,234988421764141,1198,65408,660,67266
6535,234988421860843,234988421862065,234988421924951,234988421925607,1222,62886,656,64764
6536,234988422026131,234988422027437,234988422092225,234988422092905,1306,64788,680,66774
6537,234988422190589,234988422192769,234988422256213,234988422256897,2180,63444,684,66308
6538,234988422355163,234988422356399,234988422420903,234988422421567,1236,64504,664,66404
6539,234988422519977,234988422521227,234988422588193,234988422588851,1250,66966,658,68874
6540,234988422686965,234988422688231,234988422751217,234988422751883,1266,62986,666,64918
6541,234988422849323,234988422850579,234988422916577,234988422917233,1256,65998,656,67910
6542,234988423022419,234988423024633,234988423092395,234988423093055,2214,67762,660,70636
6543,234988423206007,234988423207385,234988423273159,234988423273841,1378,65774,682,67834
6544,234988423378699,234988423379975,234988423447255,234988423447919,1276,67280,664,69220
6545,234988423552451,234988423553761,234988423621753,234988423622435,1310,67992,682,69984
6546,234988423739465,234988423741757,234988423811869,234988423812547,2292,70112,678,73082
6547,234988423928755,234988423930339,234988424000807,234988424001479,1584,70468,672,72724
6548,234988424116931,234988424119297,234988424188061,234988424188699,2366,68764,638,71768
6549,234988424304853,234988424307213,234988424378467,234988424379131,2360,71254,664,74278
6550,234988424495353,234988424497775,234988424569807,234988424570467,2422,72032,660,75114
6551,234988424686385,234988424687797,234988424758811,234988424759489,1412,71014,678,73104
6552,234988424877053,234988424878865,234988424949503,234988424950165,1812,70638,662,73112
6553,234988425082651,234988425084059,234988425155279,234988425155967,1408,71220,688,73316
6554,234988425271541,234988425272975,234988425345301,234988425345961,1434,72326,660,74420
6555,234988425461803,234988425463879,234988425532783,234988425533459,2076,68904,676,71656
6556,234988425648949,234988425650389,234988425720169,234988425720829,1440,69780,660,71880
6557,234988425836557,234988425838003,234988425907457,234988425908141,1446,69454,684,71584
6558,234988426023929,234988426025321,234988426095931,234988426096613,1392,70610,682,72684
6559,234988426212485,234988426214849,234988426285627,234988426286303,2364,70778,676,73818
6560,234988426402259,234988426403693,234988426472627,234988426473301,1434,68934,674,71042
6561,234988426589413,234988426591727,234988426661057,234988426661717,2314,69330,660,72304
6562,234988426777715,234988426779169,234988426850699,234988426851371,1454,71530,672,73656
6563,234988426976227,234988426978555,234988427048623,234988427049271,2328,70068,648,73044
6564,234988427165167,234988427167493,234988427235811,234988427236483,2326,68318,672,71316
6565,234988427361155,234988427362591,234988427432893,234988427433575,1436,70302,682,72420
6566,234988427549507,234988427550895,234988427620877,234988427621563,1388,69982,686,72056
6567,234988427737265,234988427738689,234988427810041,234988427810717,1424,71352,676,73452
6568,234988427934919,234988427936335,234988428006595,234988428007265,1416,70260,670,72346
6569,234988428123611,234988428125023,234988428196925,234988428197593,1412,71902,668,73982
6570,234988428313337,234988428315455,234988428384647,234988428385345,2118,69192,698,72008
6571,234988428501409,234988428503027,234988428571807,234988428572479,1618,68780,672,71070
6572,234988428688835,234988428690391,234988428761909,234988428762583,1556,71518,674,73748
6573,234988428885625,234988428887077,234988428957421,234988428958105,1452,70344,684,72480
6574,234988429074475,234988429075877,234988429146069,234988429146721,1402,70192,652,72246
6575,234988429262843,234988429264265,234988429333997,234988429334653,1422,69732,656,71810
6576,234988429450481,234988429451881,234988429523119,234988429523807,1400,71238,688,73326
6577,234988429639879,234988429641275,234988429710427,234988429711099,1396,69152,672,71220
6578,234988429827175,234988429828609,234988429899805,234988429900441,1434,71196,636,73266
6579,234988430015861,234988430017339,234988430088449,234988430089067,1478,71110,618,73206
6580,234988430204981,234988430206801,234988430278259,234988430278919,1820,71458,660,73938
6581,234988430394833,234988430397173,234988430464235,234988430464907,2340,67062,672,70074
6582,234988430581001,234988430582441,234988430652935,234988430653597,1440,70494,662,72596
6583,234988430776541,234988430777959,234988430850701,234988430851361,1418,72742,660,74820
6584,234988430975753,234988430977177,234988431048443,234988431049125,1424,71266,682,73372
6585,234988431165073,234988431167027,234988431237313,234988431237935,1954,70286,622,72862
6586,234988431354043,234988431355475,234988431426467,234988431427129,1432,70992,662,73086
6587,234988431542821,234988431544241,234988431615289,234988431615953,1420,71048,664,73132
6588,234988431732143,234988431733549,234988431804361,234988431805027,1406,70812,666,72884
6589,234988431920777,234988431922289,234988431993845,234988431994511,1512,71556,666,73734
6590,234988432110089,234988432111495,234988432181123,234988432181789,1406,69628,666,71700
6591,234988432298747,234988432300189,234988432368671,234988432369351,1442,68482,680,70604
6592,234988432485853,234988432487317,234988432558997,234988432559629,1464,71680,632,73776
6593,234988432675751,234988432677623,234988432747349,234988432748021,1872,69726,672,72270
6594,234988432879705,234988432881151,234988432950343,234988432951015,1446,69192,672,71310
6595,234988433067467,234988433068889,234988433139167,234988433139865,1422,70278,698,72398
6596,234988433255911,234988433257361,234988433328925,234988433329577,1450,71564,652,73666
6597,234988433445781,234988433448059,234988433518691,234988433519351,2278,70632,660,73570
6598,234988433635237,234988433636629,234988433709505,234988433710159,1392,72876,654,74922
6599,234988433826329,234988433828647,234988433899757,234988433900447,2318,71110,690,74118
6600,234988434026441,234988434027895,234988434095641,234988434096317,1454,67746,676,69876
6601,234988434212507,234988434214813,234988434283481,234988434284173,2306,68668,692,71666
6602,234988434400075,234988434401515,234988434474407,234988434475055,1440,72892,648,74980
6603,234988434590915,234988434592373,234988434662821,234988434663445,1458,70448,624,72530
6604,234988434786959,234988434788443,234988434857555,234988434858239,1484,69112,684,71280
6605,234988434974077,234988434975503,234988435046929,234988435047587,1426,71426,658,73510
6606,234988435164065,234988435165877,234988435235599,234988435236263,1812,69722,664,72198
6607,234988435352425,234988435354735,234988435425527,234988435426207,2310,70792,680,73782
6608,234988435542787,234988435545097,234988435612999,234988435613675,2310,67902,676,70888
6609,234988435729711,234988435731161,234988435799657,234988435800335,1450,68496,678,70624
6610,234988435923857,234988435925267,234988435996555,234988435997209,1410,71288,654,73352
6611,234988436113021,234988436114423,234988436184833,234988436185505,1402,70410,672,72484
6612,234988436301515,234988436302949,234988436372789,234988436373467,1434,69840,678,71952
6613,234988436489609,234988436491049,234988436561257,234988436561945,1440,70208,688,72336
6614,234988436685863,234988436687447,234988436712913,234988436713595,1584,25466,682,27732
6615,234988436829653,234988436831039,234988436904979,234988436905651,1386,73940,672,75998
6616,234988437029155,234988437030581,234988437100141,234988437100805,1426,69560,664,71650
6617,234988437216547,234988437217985,234988437287297,234988437287959,1438,69312,662,71412
6618,234988437404273,234988437406657,234988437475799,234988437476453,2384,69142,654,72180
6619,234988437593015,234988437594419,234988437665015,234988437665689,1404,70596,674,72674
6620,234988437781105,234988437783031,234988437853145,234988437853807,1926,70114,662,72702
6621,234988437970099,234988437971491,234988438042793,234988438043489,1392,71302,696,73390
6622,234988438159363,234988438160779,234988438230961,234988438231651,1416,70182,690,72288
6623,234988438347349,234988438349867,234988438417699,234988438418383,2518,67832,684,71034
6624,234988438542161,234988438544137,234988438613627,234988438614241,1976,69490,614,72080
6625,234988438730117,234988438731569,234988438799839,234988438800497,1452,68270,658,70380
6626,234988438916257,234988438917679,234988438987217,234988438987867,1422,69538,650,71610
6627,234988439104775,234988439106253,234988439175917,234988439176577,1478,69664,660,71802
6628,234988439292301,234988439293751,234988439365025,234988439365681,1450,71274,656,73380
6629,234988439482067,234988439484415,234988439554237,234988439554945,2348,69822,708,72878
6630,234988439670979,234988439673313,234988439742671,234988439743337,2334,69358,666,72358
6631,234988439868005,234988439869433,234988439940587,234988439941253,1428,71154,666,73248
6632,234988440060905,234988440062303,234988440133651,234988440134319,1398,71348,668,73414
6633,234988440249925,234988440251387,234988440319769,234988440320467,1462,68382,698,70542
6634,234988440445205,234988440446939,234988440520421,234988440521059,1734,73482,638,75854
6635,234988440637159,234988440638603,234988440706721,234988440707387,1444,68118,666,70228
6636,234988440823241,234988440824627,234988440894019,234988440894719,1386,69392,700,71478
6637,234988441010761,234988441012213,234988441082411,234988441083101,1452,70198,690,72340
6638,234988441198993,234988441201273,234988441270613,234988441271299,2280,69340,686,72306
6639,234988441387255,234988441389355,234988441459453,234988441460107,2100,70098,654,72852
6640,234988441576025,234988441577471,234988441645811,234988441646473,1446,68340,662,70448
6641,234988441762673,234988441764377,234988441835849,234988441836515,1704,71472,666,73842
6642,234988441952611,234988441954907,234988442025893,234988442026565,2296,70986,672,73954
6643,234988442142179,234988442143619,234988442214649,234988442215295,1440,71030,646,73116
6644,234988442339725,234988442341147,234988442412175,234988442412853,1422,71028,678,73128
6645,234988442529127,234988442530585,234988442598449,234988442599111,1458,67864,662,69984
6646,234988442715139,234988442716607,234988442786531,234988442787205,1468,69924,674,72066
6647,234988442912869,234988442914327,234988442981963,234988442982635,1458,67636,672,69766
6648,234988443098449,234988443099887,234988443169601,234988443170269,1438,69714,668,71820
6649,234988443286625,234988443288083,234988443355157,234988443355823,1458,67074,666,69198
6650,234988443472051,234988443474011,234988443545399,234988443546091,1960,71388,692,74040
6651,234988443662105,234988443664381,234988443736207,234988443736867,2276,71826,660,74762
6652,234988443852641,234988443854573,234988443926881,234988443927521,1932,72308,640,74880
6653,234988444043231,234988444044685,234988444113161,234988444113839,1454,68476,678,70608
6654,234988444238185,234988444240495,234988444310039,234988444310725,2310,69544,686,72540
6655,234988444427081,234988444429471,234988444499545,234988444500221,2390,70074,676,73140
6656,234988444623349,234988444625659,234988444696051,234988444696735,2310,70392,684,73386
6657,234988444813267,234988444815751,234988444883983,234988444884643,2484,68232,660,71376
6658,234988445001227,234988445002663,234988445071991,234988445072681,1436,69328,690,71454
6659,234988445188193,234988445189663,234988445258273,234988445258929,1470,68610,656,70736
6660,234988445374843,234988445376805,234988445447531,234988445448193,1962,70726,662,73350
6661,234988445564081,234988445566415,234988445635783,234988445636447,2334,69368,664,72366
6662,234988445752151,234988445753593,234988445825815,234988445826443,1442,72222,628,74292
6663,234988445951473,234988445952887,234988446024151,234988446024817,1414,71264,666,73344
6664,234988446149329,234988446150809,234988446220829,234988446221509,1480,70020,680,72180
6665,234988446337525,234988446339817,234988446408613,234988446409291,2292,68796,678,71766
6666,234988446526253,234988446527677,234988446599299,234988446599905,1424,71622,606,73652
6667,234988446716029,234988446717587,234988446785873,234988446786523,1558,68286,650,70494
6668,234988446902503,234988446903917,234988446973435,234988446974117,1414,69518,682,71614
6669,234988447089851,234988447091285,234988447159685,234988447160381,1434,68400,696,70530
6670,234988447276345,234988447278637,234988447349351,234988447350017,2292,70714,666,73672
6671,234988447465903,234988447467319,234988447538437,234988447539091,1416,71118,654,73188
6672,234988447654621,234988447656055,234988447724771,234988447725389,1434,68716,618,70768
6673,234988447841105,234988447842553,234988447913225,234988447913927,1448,70672,702,72822
6674,234988448037277,234988448038717,234988448106317,234988448106939,1440,67600,622,69662
6675,234988448223149,234988448224609,234988448292811,234988448293477,1460,68202,666,70328
6676,234988448409173,234988448410561,234988448481677,234988448482357,1388,71116,680,73184
6677,234988448598363,234988448599781,234988448672125,234988448672777,1418,72344,652,74414
6678,234988448789917,234988448791303,234988448865451,234988448866117,1386,74148,666,76200
6679,234988448989805,234988448992109,234988449061891,234988449062525,2304,69782,634,72720
6680,234988449178135,234988449180431,234988449249259,234988449249919,2296,68828,660,71784
6681,234988449366563,234988449368875,234988449438263,234988449438925,2312,69388,662,72362
6682,234988449554941,234988449556391,234988449625753,234988449626425,1450,69362,672,71484
6683,234988449742555,234988449745469,234988449815993,234988449816673,2914,70524,680,74118
6684,234988449933007,234988449934405,234988450004197,234988450004855,1398,69792,658,71848
6685,234988450130479,234988450131895,234988450202405,234988450203101,1416,70510,696,72622
6686,234988450318573,234988450320001,234988450390865,234988450391527,1428,70864,662,72954
6687,234988450506829,234988450508233,234988450579819,234988450580483,1404,71586,664,73654
6688,234988450696367,234988450697789,234988450770331,234988450771013,1422,72542,682,74646
6689,234988450886725,234988450888133,234988450957679,234988450958359,1408,69546,680,71634
6690,234988451074757,234988451076151,234988451146177,234988451146867,1394,70026,690,72110
6691,234988451262673,234988451264093,234988451336015,234988451336701,1420,71922,686,74028
6692,234988451452655,234988451454209,234988451524513,234988451525197,1554,70304,684,72542
6693,234988451641141,234988451642549,234988451715125,234988451715799,1408,72576,674,74658
6694,234988451834641,234988451836945,234988451904509,234988451905169,2304,67564,660,70528
6695,234988452038073,234988452040591,234988452111647,234988452112307,2518,71056,660,74234
6696,234988452228553,234988452230881,234988452299903,234988452300569,2328,69022,666,72016
6697,234988452416281,234988452417721,234988452489149,234988452489823,1440,71428,674,73542
6698,234988452605825,234988452608509,234988452678169,234988452678847,2684,69660,678,73022
6699,234988452795175,234988452796591,234988452867875,234988452868543,1416,71284,668,73368
6700,234988452984485,234988452985931,234988453054531,234988453055227,1446,68600,696,70742
6701,234988453178915,234988453181063,234988453250945,234988453251587,2148,69882,642,72672
6702,234988453366961,234988453368701,234988453439461,234988453440139,1740,70760,678,73178
6703,234988453556195,234988453558507,234988453625899,234988453626581,2312,67392,682,70386
6704,234988453742617,234988453744963,234988453814521,234988453815197,2346,69558,676,72580
6705,234988453939547,234988453941943,234988454009213,234988454009821,2396,67270,608,70274
6706,234988454125763,234988454127197,234988454198381,234988454199013,1434,71184,632,73250
6707,234988454314447,234988454315899,234988454385479,234988454386097,1452,69580,618,71650
6708,234988454502191,234988454503615,234988454575537,234988454576219,1424,71922,682,74028
6709,234988454692681,234988454694101,234988454764327,234988454765009,1420,70226,682,72328
6710,234988454890183,234988454891635,234988454963165,234988454963827,1452,71530,662,73644
6711,234988455079463,234988455080891,234988455151975,234988455152665,1428,71084,690,73202
6712,234988455268793,234988455270175,234988455341521,234988455342187,1382,71346,666,73394
6713,234988455458227,234988455459667,234988455532219,234988455532907,1440,72552,688,74680
6714,234988455648901,234988455650317,234988455722203,234988455722851,1416,71886,648,73950
6715,234988455852235,234988455853655,234988455924683,234988455925337,1420,71028,654,73102
6716,234988456041647,234988456044041,234988456113769,234988456114391,2394,69728,622,72744
6717,234988456230799,234988456232245,234988456301297,234988456301971,1446,69052,674,71172
6718,234988456417901,234988456419361,234988456488149,234988456488811,1460,68788,662,70910
6719,234988456605341,234988456606747,234988456676629,234988456677295,1406,69882,666,71954
6720,234988456793471,234988456794895,234988456865365,234988456866023,1424,70470,658,72552
6721,234988456981157,234988456982609,234988457053957,234988457054611,1452,71348,654,73454
6722,234988457170561,234988457171973,234988457243959,234988457244643,1412,71986,684,74082
6723,234988457360971,234988457362409,234988457435611,234988457436269,1438,73202,658,75298
6724,234988457552333,234988457553769,234988457625613,234988457626277,1436,71844,664,73944
6725,234988457750101,234988457752405,234988457822995,234988457823667,2304,70590,672,73566
6726,234988457948167,234988457949559,234988458021259,234988458021925,1392,71700,666,73758
6727,234988458138385,234988458140225,234988458211157,234988458211849,1840,70932,692,73464
6728,234988458327679,234988458329977,234988458398449,234988458399113,2298,68472,664,71434
6729,234988458515449,234988458517741,234988458589801,234988458590449,2292,72060,648,75000
6730,234988458706105,234988458707551,234988458778393,234988458779071,1446,70842,678,72966
6731,234988458894853,234988458896295,234988458966883,234988458967583,1442,70588,700,72730
6732,234988459083851,234988459086175,234988459157195,234988459157869,2324,71020,674,74018
6733,234988459274249,234988459276171,234988459344433,234988459345111,1922,68262,678,70862
6734,234988459461307,234988459462753,234988459535525,234988459536215,1446,72772,690,74908
6735,234988459660127,234988459661567,234988459729109,234988459729787,1440,67542,678,69660
6736,234988459845857,234988459847275,234988459915233,234988459915931,1418,67958,698,70074
6737,234988460031625,234988460033063,234988460103137,234988460103811,1438,70074,674,72186
6738,234988460219923,234988460222237,234988460292899,234988460293577,2314,70662,678,73654
6739,234988460409625,234988460411065,234988460480753,234988460481403,1440,69688,650,71778
6740,234988460597575,234988460599525,234988460669609,234988460670271,1950,70084,662,72696
6741,234988460786345,234988460787751,234988460859599,234988460860259,1406,71848,660,73914
6742,234988460984531,234988460986855,234988461056233,234988461056921,2324,69378,688,72390
6743,234988461172613,234988461174055,234988461244963,234988461245653,1442,70908,690,73040
6744,234988461361703,234988461363121,234988461434533,234988461435227,1418,71412,694,73524
6745,234988461558043,234988461560569,234988461628619,234988461629299,2526,68050,680,71256
6746,234988461745757,234988461747193,234988461818501,234988461819109,1436,71308,608,73352
6747,234988461942733,234988461944179,234988462012483,234988462013183,1446,68304,700,70450
6748,234988462129241,234988462130693,234988462202105,234988462202771,1452,71412,666,73530
6749,234988462319023,234988462320829,234988462391059,234988462391759,1806,70230,700,72736
6750,234988462507523,234988462508963,234988462579963,234988462580645,1440,71000,682,73122
6751,234988462696691,234988462698113,234988462766179,234988462766851,1422,68066,672,70160
6752,234988462882889,234988462885211,234988462954345,234988462955011,2322,69134,666,72122
6753,234988463070973,234988463073319,234988463142265,234988463142923,2346,68946,658,71950
6754,234988463259097,234988463261417,234988463330273,234988463330959,2320,68856,686,71862
6755,234988463454349,234988463456561,234988463526937,234988463527595,2212,70376,658,73246
6756,234988463643065,234988463645435,234988463715827,234988463716495,2370,70392,668,73430
6757,234988463841971,234988463844275,234988463912959,234988463913631,2304,68684,672,71660
6758,234988464029807,234988464031231,234988464101675,234988464102373,1424,70444,698,72566
6759,234988464218197,234988464219617,234988464290773,234988464291451,1420,71156,678,73254
6760,234988464407933,234988464410267,234988464480137,234988464480803,2334,69870,666,72870
6761,234988464596867,234988464599279,234988464669857,234988464670543,2412,70578,686,73676
6762,234988464786619,234988464788911,234988464857041,234988464857737,2292,68130,696,71118
6763,234988464974083,234988464975493,234988465046813,234988465047511,1410,71320,698,73428
6764,234988465162987,234988465164377,234988465236487,234988465237169,1390,72110,682,74182
6765,234988465360313,234988465361755,234988465430921,234988465431605,1442,69166,684,71292
6766,234988465547377,234988465549673,234988465617847,234988465618523,2296,68174,676,71146
6767,234988465734635,234988465736065,234988465806865,234988465807547,1430,70800,682,72912
6768,234988465923077,234988465924495,234988465995661,234988465996309,1418,71166,648,73232
6769,234988466112053,234988466113477,234988466185903,234988466186585,1424,72426,682,74532
6770,234988466302309,234988466303753,234988466373619,234988466374297,1444,69866,678,71988
6771,234988466490323,234988466491757,234988466560973,234988466561641,1434,69216,668,71318
6772,234988466677427,234988466678899,234988466748497,234988466749177,1472,69598,680,71750
6773,234988466873519,234988466874961,234988466945797,234988466946451,1442,70836,654,72932
6774,234988467062897,234988467065281,234988467135755,234988467136405,2384,70474,650,73508
6775,234988467260915,234988467262433,234988467331891,234988467332545,1518,69458,654,71630
6776,234988467448573,234988467449993,234988467518411,234988467519097,1420,68418,686,70524
6777,234988467635473,234988467637093,234988467705547,234988467706247,1620,68454,700,70774
6778,234988467822535,234988467824453,234988467894763,234988467895441,1918,70310,678,72906
6779,234988468011949,234988468014233,234988468083367,234988468084003,2284,69134,636,72054
6780,234988468200667,234988468202939,234988468273153,234988468273825,2272,70214,672,73158
6781,234988468389767,234988468391933,234988468461331,234988468461979,2166,69398,648,72212
6782,234988468578055,234988468579627,234988468652129,234988468652803,1572,72502,674,74748
6783,234988468768727,234988468771093,234988468840439,234988468841125,2366,69346,686,72398
6784,234988468957277,234988468958725,234988469027803,234988469028509,1448,69078,706,71232
6785,234988469153449,234988469155835,234988469224907,234988469225587,2386,69072,680,72138
6786,234988469341799,234988469343233,234988469413331,234988469413961,1434,70098,630,72162
6787,234988469529889,234988469532293,234988469600657,234988469601335,2404,68364,678,71446
6788,234988469717197,234988469718557,234988469792957,234988469793629,1360,74400,672,76432
6789,234988469917067,234988469918483,234988469989853,234988469990509,1416,71370,656,73442
6790,234988470106143,234988470108757,234988470179849,234988470180485,2614,71092,636,74342
6791,234988470296551,234988470298007,234988470366625,234988470367301,1456,68618,676,70750
6792,234988470491105,234988470492565,234988470561037,234988470561725,1460,68472,688,70620
6793,234988470678137,234988470680471,234988470750541,234988470751211,2334,70070,670,73074
6794,234988470867269,234988470868931,234988470938681,234988470939355,1662,69750,674,72086
6795,234988471055497,234988471056955,234988471127047,234988471127719,1458,70092,672,72222
6796,234988471250989,234988471253339,234988471322963,234988471323667,2350,69624,704,72678
6797,234988471439789,234988471442089,234988471510237,234988471510921,2300,68148,684,71132
6798,234988471627079,234988471628513,234988471699039,234988471699695,1434,70526,656,72616
6799,234988471815509,234988471817483,234988471885711,234988471886411,1974,68228,700,70902
6800,234988472002481,234988472004713,234988472076457,234988472077131,2232,71744,674,74650
6801,234988472192867,234988472194315,234988472264035,234988472264701,1448,69720,666,71834
6802,234988472380645,234988472382111,234988472452391,234988472453083,1466,70280,692,72438
6803,234988472568527,234988472569931,234988472639917,234988472640581,1404,69986,664,72054
6804,234988472756359,234988472757821,234988472828551,234988472829241,1462,70730,690,72882
6805,234988472953303,234988472954743,234988473023999,234988473024671,1440,69256,672,71368
6806,234988473148271,234988473149809,234988473174001,234988473174695,1538,24192,694,26424
6807,234988473290791,234988473292207,234988473363229,234988473363925,1416,71022,696,73134
6808,234988473480325,234988473481757,234988473551959,234988473552629,1432,70202,670,72304
6809,234988473668593,234988473670987,234988473742359,234988473743029,2394,71372,670,74436
6810,234988473858451,234988473860767,234988473929461,234988473930121,2316,68694,660,71670
6811,234988474046167,234988474048081,234988474118945,234988474119641,1914,70864,696,73474
6812,234988474235659,234988474237099,234988474304911,234988474305577,1440,67812,666,69918
6813,234988474421867,234988474423313,234988474495001,234988474495691,1446,71688,690,73824
6814,234988474611859,234988474613291,234988474683653,234988474684315,1432,70362,662,72456
6815,234988474800613,234988474802905,234988474873423,234988474874089,2292,70518,666,73476
6816,234988475005133,234988475006567,234988475076959,234988475077619,1434,70392,660,72486
6817,234988475193539,234988475194987,234988475265031,234988475265695,1448,70044,664,72156
6818,234988475381213,234988475384033,234988475456053,234988475456743,2820,72020,690,75530
6819,234988475572447,234988475574763,234988475643499,234988475644189,2316,68736,690,71742
6820,234988475761433,234988475762855,234988475835073,234988475835727,1422,72218,654,74294
6821,234988475959939,234988475961373,234988476033589,234988476034279,1434,72216,690,74340
6822,234988476149981,234988476151403,234988476222199,234988476222893,1422,70796,694,72912
6823,234988476338833,234988476341161,234988476410773,234988476411437,2328,69612,664,72604
6824,234988476527359,234988476528767,234988476598921,234988476599599,1408,70154,678,72240
6825,234988476715639,234988476717791,234988476787091,234988476787769,2152,69300,678,72130
6826,234988476911489,234988476912937,234988476982705,234988476983383,1448,69768,678,71894
6827,234988477099571,234988477100983,234988477174817,234988477175513,1412,73834,696,75942
6828,234988477290889,234988477292323,234988477363297,234988477363991,1434,70974,694,73102
6829,234988477479685,234988477481125,234988477551605,234988477552261,1440,70480,656,72576
6830,234988477668145,234988477669531,234988477740943,234988477741625,1386,71412,682,73480
6831,234988477858399,234988477859815,234988477928713,234988477929379,1416,68898,666,70980
6832,234988478045519,234988478047051,234988478115167,234988478115827,1532,68116,660,70308
6833,234988478232305,234988478234615,234988478304773,234988478305447,2310,70158,674,73142
6834,234988478421607,234988478423927,234988478493979,234988478494657,2320,70052,678,73050
6835,234988478610337,234988478611751,234988478681915,234988478682617,1414,70164,702,72280
6836,234988478810141,234988478811403,234988478875495,234988478876191,1262,64092,696,66050
6837,234988478971975,234988478973223,234988479036899,234988479037567,1248,63676,668,65592
6838,234988479147097,234988479148345,234988479212137,234988479212815,1248,63792,678,65718
6839,234988479308035,234988479309271,234988479373115,234988479373775,1236,63844,660,65740
6840,234988479468335,234988479469673,234988479532271,234988479532939,1338,62598,668,64604
6841,234988479628145,234988479629387,234988479693569,234988479694259,1242,64182,690,66114
6842,234988479789337,234988479790571,234988479854195,234988479854867,1234,63624,672,65530
6843,234988479949837,234988479951061,234988480014547,234988480015171,1224,63486,624,65334
6844,234988480110163,234988480112375,234988480176703,234988480177375,2212,64328,672,67212
6845,234988480272359,234988480274557,234988480337641,234988480338301,2198,63084,660,65942
6846,234988480433833,234988480436647,234988480501103,234988480501781,2814,64456,678,67948
6847,234988480604549,234988480605775,234988480669879,234988480670563,1226,64104,684,66014
6848,234988480765519,234988480767677,234988480831771,234988480832441,2158,64094,670,66922
6849,234988480927663,234988480928887,234988480994347,234988480994965,1224,65460,618,67302
6850,234988481090573,234988481091785,234988481156947,234988481157613,1212,65162,666,67040
6851,234988481252917,234988481254163,234988481315711,234988481316379,1246,61548,668,63462
6852,234988481411545,234988481412793,234988481477009,234988481477681,1248,64216,672,66136
6853,234988481572919,234988481574149,234988481638907,234988481639575,1230,64758,668,66656
6854,234988481735029,234988481736241,234988481804003,234988481804675,1212,67762,672,69646
6855,234988481908099,234988481909347,234988481972905,234988481973593,1248,63558,688,65494
6856,234988482068527,234988482070727,234988482133459,234988482134125,2200,62732,666,65598
6857,234988482229121,234988482230363,234988482293233,234988482293875,1242,62870,642,64754
6858,234988482396067,234988482397309,234988482461947,234988482462623,1242,64638,676,66556
6859,234988482557011,234988482559241,234988482624667,234988482625309,2230,65426,642,68298
6860,234988482720169,234988482721435,234988482784721,234988482785339,1266,63286,618,65170
6861,234988482880615,234988482881857,234988482946327,234988482946999,1242,64470,672,66384
6862,234988483042367,234988483043623,234988483107019,234988483107691,1256,63396,672,65324
6863,234988483203109,234988483204337,234988483269031,234988483269697,1228,64694,666,66588
6864,234988483364567,234988483366735,234988483430753,234988483431395,2168,64018,642,66828
6865,234988483526629,234988483527865,234988483592671,234988483593331,1236,64806,660,66702
6866,234988483688917,234988483691105,234988483755613,234988483756291,2188,64508,678,67374
6867,234988483851493,234988483852751,234988483915859,234988483916525,1258,63108,666,65032
6868,234988484019145,234988484021323,234988484085207,234988484085913,2178,63884,706,66768
6869,234988484180977,234988484182765,234988484245945,234988484246591,1788,63180,646,65614
6870,234988484342119,234988484344337,234988484407417,234988484408087,2218,63080,670,65968
6871,234988484503451,234988484504779,234988484570803,234988484571485,1328,66024,682,68034
6872,234988484667215,234988484668711,234988484739319,234988484740007,1496,70608,688,72792
6873,234988484848319,234988484850065,234988484916433,234988484917087,1746,66368,654,68768
6874,234988485018041,234988485019339,234988485086617,234988485087287,1298,67278,670,69246
6875,234988485188453,234988485189823,234988485256999,234988485257671,1370,67176,672,69218
6876,234988485359459,234988485360751,234988485425965,234988485426647,1292,65214,682,67188
6877,234988485527599,234988485529409,234988485599285,234988485599941,1810,69876,656,72342
6878,234988485709477,234988485711985,234988485778207,234988485778895,2508,66222,688,69418
6879,234988485897889,234988485900173,234988485966473,234988485967147,2284,66300,674,69258
6880,234988486076893,234988486078267,234988486146667,234988486147351,1374,68400,684,70458
6881,234988486256831,234988486259143,234988486327645,234988486328305,2312,68502,660,71474
6882,234988486444723,234988486446169,234988486515341,234988486516021,1446,69172,680,71298
6883,234988486638953,234988486640375,234988486710071,234988486710749,1422,69696,678,71796
6884,234988486827047,234988486828481,234988486898579,234988486899239,1434,70098,660,72192
6885,234988487015041,234988487017651,234988487088751,234988487089415,2610,71100,664,74374
6886,234988487205425,234988487206855,234988487275999,234988487276663,1430,69144,664,71238
6887,234988487392963,234988487394377,234988487463913,234988487464589,1414,69536,676,71626
6888,234988487580725,234988487582155,234988487654053,234988487654711,1430,71898,658,73986
6889,234988487795053,234988487797409,234988487866205,234988487866801,2356,68796,596,71748
6890,234988487985739,234988487987189,234988488056905,234988488057577,1450,69716,672,71838
6891,234988488173327,234988488174749,234988488247519,234988488248203,1422,72770,684,74876
6892,234988488364049,234988488365483,234988488434369,234988488435001,1434,68886,632,70952
6893,234988488550861,234988488552275,234988488622109,234988488622783,1414,69834,674,71922
6894,234988488738851,234988488740257,234988488811147,234988488811847,1406,70890,700,72996
6895,234988488928153,234988488929639,234988488998291,234988488998915,1486,68652,624,70762
6896,234988489115701,234988489117145,234988489186303,234988489187003,1444,69158,700,71302
6897,234988489303039,234988489304419,234988489377547,234988489378247,1380,73128,700,75208
6898,234988489494125,234988489495571,234988489565123,234988489565797,1446,69552,674,71672
6899,234988489689947,234988489692701,234988489761005,234988489761715,2754,68304,710,71768
6900,234988489877525,234988489879819,234988489949279,234988489949939,2294,69460,660,72414
6901,234988490065961,234988490067391,234988490138455,234988490139071,1430,71064,616,73110
6902,234988490255251,234988490256689,234988490327543,234988490328229,1438,70854,686,72978
6903,234988490444209,234988490445659,234988490515765,234988490516419,1450,70106,654,72210
6904,234988490632331,234988490633773,234988490705389,234988490706061,1442,71616,672,73730
6905,234988490830309,234988490831747,234988490900359,234988490901029,1438,68612,670,70720
6906,234988491017449,234988491018853,234988491089135,234988491089825,1404,70282,690,72376
6907,234988491205857,234988491207265,234988491277087,234988491277751,1408,69822,664,71894
6908,234988491393269,234988491394723,234988491465301,234988491465971,1454,70578,670,72702
6909,234988491590549,234988491591977,234988491661487,234988491662153,1428,69510,666,71604
6910,234988491778213,234988491780545,234988491848399,234988491849097,2332,67854,698,70884
6911,234988491965443,234988491967907,234988492037285,234988492037957,2464,69378,672,72514
6912,234988492153921,234988492155371,234988492223657,234988492224331,1450,68286,674,70410
6913,234988492340651,234988492342063,234988492411159,234988492411811,1412,69096,652,71160
6914,234988492527721,234988492529177,234988492598665,234988492599371,1456,69488,706,71650
6915,234988492715245,234988492716649,234988492785791,234988492786471,1404,69142,680,71226
6916,234988492902847,234988492904273,234988492975819,234988492976489,1426,71546,670,73642
6917,234988493092595,234988493094965,234988493165869,234988493166493,2370,70904,624,73898
6918,234988493282491,234988493283893,234988493354801,234988493355493,1402,70908,692,73002
6919,234988493482645,234988493484991,234988493555513,234988493556185,2346,70522,672,73540
6920,234988493671873,234988493674619,234988493743303,234988493743949,2746,68684,646,72076
6921,234988493868541,234988493869981,234988493939699,234988493940359,1440,69718,660,71818
6922,234988494056593,234988494058033,234988494128255,234988494128917,1440,70222,662,72324
6923,234988494245335,234988494246739,234988494320173,234988494320815,1404,73434,642,75480
6924,234988494436613,234988494438019,234988494508799,234988494509471,1406,70780,672,72858
6925,234988494625361,234988494627397,234988494696151,234988494696827,2036,68754,676,71466
6926,234988494812381,234988494813797,234988494883189,234988494883825,1416,69392,636,71444
6927,234988494999299,234988495000745,234988495072769,234988495073467,1446,72024,698,74168
6928,234988495189069,234988495190455,234988495262653,234988495263335,1386,72198,682,74266
6929,234988495395979,234988495397405,234988495467731,234988495468411,1426,70326,680,72432
6930,234988495584673,234988495586077,234988495658521,234988495659205,1404,72444,684,74532
6931,234988495775401,234988495776819,234988495847069,234988495847753,1418,70250,684,72352
6932,234988495963873,234988495965281,234988496035883,234988496036569,1408,70602,686,72696
6933,234988496152561,234988496154953,234988496222585,234988496223251,2392,67632,666,70690
6934,234988496339417,234988496340841,234988496412835,234988496413535,1424,71994,700,74118
6935,234988496529479,234988496531845,234988496600855,234988496601519,2366,69010,664,72040
6936,234988496717723,234988496720047,234988496787607,234988496788285,2324,67560,678,70562
6937,234988496912489,234988496913925,234988496983175,234988496983849,1436,69250,674,71360
6938,234988497099661,234988497101117,234988497171437,234988497172123,1456,70320,686,72462
6939,234988497298273,234988497299671,234988497371113,234988497371785,1398,71442,672,73512
6940,234988497488255,234988497489697,234988497559949,234988497560611,1442,70252,662,72356
6941,234988497676543,234988497678395,234988497748057,234988497748691,1852,69662,634,72148
6942,234988497864649,234988497866071,234988497937771,234988497938441,1422,71700,670,73792
6943,234988498054753,234988498057079,234988498125545,234988498126207,2326,68466,662,71454
6944,234988498241831,234988498244165,234988498313029,234988498313683,2334,68864,654,71852
6945,234988498430023,234988498431475,234988498501883,234988498502567,1452,70408,684,72544
6946,234988498619477,234988498621093,234988498688239,234988498688897,1616,67146,658,69420
6947,234988498805335,234988498807721,234988498877063,234988498877731,2386,69342,668,72396
6948,234988498994039,234988498995781,234988499065065,234988499065721,1742,69284,656,71682
6949,234988499181451,234988499183155,234988499252311,234988499252975,1704,69156,664,71524
6950,234988499378365,234988499379799,234988499451877,234988499452553,1434,72078,676,74188
6951,234988499568641,234988499570957,234988499641759,234988499642435,2316,70802,676,73794
6952,234988499783531,234988499784979,234988499855315,234988499855977,1448,70336,662,72446
6953,234988499976277,234988499977721,234988500046633,234988500047299,1444,68912,666,71022
6954,234988500163349,234988500165599,234988500235747,234988500236395,2250,70148,648,73046
6955,234988500352759,234988500354167,234988500423359,234988500424013,1408,69192,654,71254
6956,234988500540365,234988500541793,234988500615817,234988500616495,1428,74024,678,76130
6957,234988500731981,234988500733423,234988500802123,234988500802787,1442,68700,664,70806
6958,234988500918589,234988500920017,234988500990445,234988500991121,1428,70428,676,72532
6959,234988501107613,234988501110289,234988501178761,234988501179439,2676,68472,678,71826
6960,234988501303393,234988501304815,234988501376267,234988501376963,1422,71452,696,73570
6961,234988501492937,234988501495265,234988501565125,234988501565797,2328,69860,672,72860
6962,234988501682279,234988501684639,234988501753283,234988501753961,2360,68644,678,71682
6963,234988501869959,234988501872029,234988501942865,234988501943569,2070,70836,704,73610
6964,234988502060003,234988502061431,234988502132909,234988502133607,1428,71478,698,73604
6965,234988502249215,234988502251075,234988502320789,234988502321459,1860,69714,670,72244
6966,234988502438083,234988502439539,234988502509967,234988502510639,1456,70428,672,72556
6967,234988502626451,234988502628829,234988502699395,234988502700037,2378,70566,642,73586
6968,234988502823839,234988502825245,234988502895611,234988502896277,1406,70366,666,72438
6969,234988503012589,234988503014913,234988503083999,234988503084707,2324,69086,708,72118
6970,234988503216347,234988503218681,234988503287987,234988503288665,2334,69306,678,72318
6971,234988503404581,234988503406861,234988503476845,234988503477509,2280,69984,664,72928
6972,234988503593387,234988503595747,234988503664763,234988503665437,2360,69016,674,72050
6973,234988503781055,234988503782449,234988503851621,234988503852313,1394,69172,692,71258
6974,234988503976459,234988503978235,234988504047851,234988504048511,1776,69616,660,72052
6975,234988504164379,234988504165831,234988504235777,234988504236445,1452,69946,668,72066
6976,234988504352729,234988504354123,234988504425247,234988504425923,1394,71124,676,73194
6977,234988504541875,234988504544189,234988504613947,234988504614631,2314,69758,684,72756
6978,234988504730707,234988504732145,234988504801483,234988504802143,1438,69338,660,71436
6979,234988504918219,234988504919641,234988504992571,234988504993249,1422,72930,678,75030
6980,234988505117485,234988505119315,234988505143643,234988505144339,1830,24328,696,26854
6981,234988505260373,234988505261797,234988505331763,234988505332433,1424,69966,670,72060
6982,234988505448655,234988505450051,234988505522995,234988505523679,1396,72944,684,75024
6983,234988505639633,234988505642005,234988505712515,234988505713189,2372,70510,674,73556
6984,234988505837699,234988505839097,234988505911993,234988505912687,1398,72896,694,74988
6985,234988506028397,234988506029815,234988506099113,234988506099761,1418,69298,648,71364
6986,234988506216035,234988506217487,234988506288635,234988506289271,1452,71148,636,73236
6987,234988506405287,234988506406733,234988506476683,234988506477367,1446,69950,684,72080
6988,234988506593285,234988506594731,234988506662335,234988506663035,1446,67604,700,69750
6989,234988506778507,234988506779935,234988506852643,234988506853315,1428,72708,672,74808
6990,234988506977749,234988506979227,234988507048579,234988507049267,1478,69352,688,71518
6991,234988507165147,234988507166549,234988507240033,234988507240723,1402,73484,690,75576
6992,234988507356653,234988507358041,234988507431089,234988507431769,1388,73048,680,75116
6993,234988507547771,234988507549735,234988507619651,234988507620317,1964,69916,666,72546
6994,234988507736089,234988507738391,234988507806337,234988507806989,2302,67946,652,70900
6995,234988507923491,234988507924951,234988507993847,234988507994515,1460,68896,668,71024
6996,234988508110633,234988508112037,234988508182579,234988508183233,1404,70542,654,72600
6997,234988508299279,234988508300681,234988508372443,234988508373125,1402,71762,682,73846
6998,234988508488789,234988508491105,234988508560265,234988508560943,2316,69160,678,72154
6999,234988508677033,234988508678387,234988508749483,234988508750159,1354,71096,676,73126
7000,234988508884151,234988508885587,234988508956385,234988508957059,1436,70798,674,72908
7001,234988509072733,234988509074125,234988509145445,234988509146119,1392,71320,674,73386
7002,234988509261925,234988509263339,234988509333887,234988509334537,1414,70548,650,72612
7003,234988509451711,234988509453127,234988509523381,234988509524051,1416,70254,670,72340
7004,234988509640235,234988509641623,234988509712505,234988509713155,1388,70882,650,72920
7005,234988509829313,234988509830759,234988509901891,234988509902549,1446,71132,658,73236
7006,234988510018529,234988510021465,234988510091947,234988510092595,2936,70482,648,74066
7007,234988510209055,234988510210477,234988510282909,234988510283593,1422,72432,684,74538
7008,234988510400203,234988510401653,234988510470467,234988510471163,1450,68814,696,70960
7009,234988510588027,234988510589417,234988510661839,234988510662503,1390,72422,664,74476
7010,234988510787053,234988510788499,234988510857985,234988510858645,1446,69486,660,71592
7011,234988510974785,234988510976167,234988511047715,234988511048407,1382,71548,692,73622
7012,234988511163901,234988511165311,234988511236769,234988511237455,1410,71458,686,73554
7013,234988511353091,234988511354501,234988511424577,234988511425273,1410,70076,696,72182
7014,234988511541749,234988511543159,234988511616461,234988511617127,1410,73302,666,75378
7015,234988511733239,234988511735591,234988511806807,234988511807471,2352,71216,664,74232
7016,234988511931769,234988511933179,234988512003715,234988512004397,1410,70536,682,72628
7017,234988512120293,234988512122669,234988512190969,234988512191623,2376,68300,654,71330
7018,234988512307519,234988512309605,234988512378737,234988512379421,2086,69132,684,71902
7019,234988512495409,234988512498049,234988512569401,234988512570077,2640,71352,676,74668
7020,234988512703705,234988512705151,234988512774249,234988512774947,1446,69098,698,71242
7021,234988512891445,234988512893777,234988512965107,234988512965807,2332,71330,700,74362
7022,234988513081749,234988513083139,234988513156909,234988513157575,1390,73770,666,75826
7023,234988513273657,234988513275119,234988513344703,234988513345355,1462,69584,652,71698
7024,234988513461563,234988513463203,234988513531717,234988513532423,1640,68514,706,70860
7025,234988513648811,234988513650533,234988513721027,234988513721699,1722,70494,672,72888
7026,234988513837663,234988513839111,234988513908205,234988513908899,1448,69094,694,71236
7027,234988514024755,234988514027117,234988514096953,234988514097601,2362,69836,648,72846
7028,234988514213401,234988514214847,234988514285765,234988514286437,1446,70918,672,73036
7029,234988514402185,234988514403605,234988514472673,234988514473357,1420,69068,684,71172
7030,234988514597891,234988514599337,234988514671765,234988514672465,1446,72428,700,74574
7031,234988514796625,234988514798191,234988514868253,234988514868913,1566,70062,660,72288
7032,234988514984957,234988514986381,234988515056503,234988515057185,1424,70122,682,72228
7033,234988515173311,234988515174739,234988515243097,234988515243751,1428,68358,654,70440
7034,234988515359653,234988515361063,234988515430891,234988515431581,1410,69828,690,71928
7035,234988515547115,234988515549415,234988515619529,234988515620191,2300,70114,662,73076
7036,234988515736801,234988515738199,234988515807215,234988515807899,1398,69016,684,71098
7037,234988515924185,234988515926485,234988515997229,234988515997927,2300,70744,698,73742
7038,234988516113643,234988516115407,234988516185095,234988516185763,1764,69688,668,72120
7039,234988516301929,234988516303375,234988516374929,234988516375591,1446,71554,662,73662
7040,234988516491711,234988516493159,234988516564037,234988516564687,1448,70878,650,72976
7041,234988516689379,234988516690825,234988516760887,234988516761593,1446,70062,706,72214
7042,234988516876939,234988516878373,234988516949261,234988516949951,1434,70888,690,73012
7043,234988517065745,234988517067157,234988517137921,234988517138593,1412,70764,672,72848
7044,234988517254181,234988517255635,234988517324525,234988517325215,1454,68890,690,71034
7045,234988517440897,234988517442317,234988517513221,234988517513897,1420,70904,676,73000
7046,234988517629859,234988517631827,234988517702339,234988517702999,1968,70512,660,73140
7047,234988517826973,234988517828411,234988517898785,234988517899439,1438,70374,654,72466
7048,234988518015491,234988518016903,234988518087845,234988518088525,1412,70942,680,73034
7049,234988518204401,234988518205829,234988518275681,234988518276349,1428,69852,668,71948
7050,234988518391771,234988518393209,234988518465695,234988518466355,1438,72486,660,74584
7051,234988518589475,234988518590893,234988518661265,234988518661955,1418,70372,690,72480
7052,234988518778217,234988518780545,234988518851347,234988518852017,2328,70802,670,73800
7053,234988518967925,234988518970229,234988519039607,234988519040267,2304,69378,660,72342
7054,234988519155689,234988519157971,234988519225999,234988519226671,2282,68028,672,70982
7055,234988519342601,234988519344023,234988519414411,234988519415101,1422,70388,690,72500
7056,234988519531553,234988519533865,234988519602653,234988519603297,2312,68788,644,71744
7057,234988519719083,234988519720481,234988519790627,234988519791325,1398,70146,698,72242
7058,234988519907945,234988519909445,234988519979723,234988519980397,1500,70278,674,72452
7059,234988520096107,234988520098433,234988520168215,234988520168897,2326,69782,682,72790
7060,234988520284777,234988520286221,234988520356729,234988520357415,1444,70508,686,72638
7061,234988520482027,234988520483465,234988520554677,234988520555345,1438,71212,668,73318
7062,234988520671223,234988520673623,234988520742355,234988520743025,2400,68732,670,71802
7063,234988520866525,234988520867959,234988520939039,234988520939753,1434,71080,714,73228
7064,234988521055597,234988521057943,234988521128645,234988521129293,2346,70702,648,73696
7065,234988521253675,234988521255749,234988521325171,234988521325847,2074,69422,676,72172
7066,234988521442273,234988521443705,234988521513097,234988521513743,1432,69392,646,71470
7067,234988521630079,234988521632389,234988521703201,234988521703859,2310,70812,658,73780
7068,234988521819763,234988521821227,234988521890677,234988521891311,1464,69450,634,71548
7069,234988522007311,234988522008709,234988522078819,234988522079455,1398,70110,636,72144
7070,234988522195543,234988522197821,234988522266955,234988522267607,2278,69134,652,72064
7071,234988522392319,234988522394687,234988522464449,234988522465111,2368,69762,662,72792
7072,234988522580791,234988522582219,234988522653373,234988522653995,1428,71154,622,73204
7073,234988522769981,234988522771409,234988522840327,234988522840987,1428,68918,660,71006
7074,234988522957393,234988522958803,234988523029943,234988523030569,1410,71140,626,73176
7075,234988523146931,234988523148371,234988523219999,234988523220647,1440,71628,648,73716
7076,234988523336515,234988523337931,234988523408119,234988523408789,1416,70188,670,72274
7077,234988523524249,234988523526569,234988523594149,234988523594815,2320,67580,666,70566
7078,234988523711195,234988523712649,234988523780003,234988523780677,1454,67354,674,69482
7079,234988523905171,234988523907635,234988523977579,234988523978263,2464,69944,684,73092
7080,234988524094261,234988524095675,234988524165479,234988524166123,1414,69804,644,71862
7081,234988524290927,234988524292315,234988524363307,234988524364003,1388,70992,696,73076
7082,234988524480563,234988524482125,234988524551723,234988524552391,1562,69598,668,71828
7083,234988524669259,234988524670729,234988524738425,234988524739093,1470,67696,668,69834
7084,234988524854807,234988524857693,234988524927943,234988524928609,2886,70250,666,73802
7085,234988525044749,234988525046215,234988525118453,234988525119125,1466,72238,672,74376
7086,234988525234969,234988525237129,234988525307929,234988525308595,2160,70800,666,73626
7087,234988525424423,234988525425847,234988525496167,234988525496831,1424,70320,664,72408
7088,234988525612615,234988525614947,234988525685587,234988525686239,2332,70640,652,73624
7089,234988525801991,234988525803449,234988525872581,234988525873255,1458,69132,674,71264
7090,234988525989715,234988525991137,234988526059931,234988526060611,1422,68794,680,70896
7091,234988526192399,234988526193829,234988526265763,234988526266441,1430,71934,678,74042
7092,234988526382737,234988526384171,234988526455463,234988526456123,1434,71292,660,73386
7093,234988526571527,234988526572937,234988526644193,234988526644889,1410,71256,696,73362
7094,234988526769065,234988526770517,234988526839885,234988526840561,1452,69368,676,71496
7095,234988526956865,234988526958697,234988527026999,234988527027661,1832,68302,662,70796
7096,234988527143569,234988527144985,234988527214393,234988527215069,1416,69408,676,71500
7097,234988527331481,234988527333355,234988527406321,234988527407005,1874,72966,684,75524
7098,234988527522691,234988527524981,234988527594205,234988527594875,2290,69224,670,72184
7099,234988527711143,234988527713455,234988527781979,234988527782651,2312,68524,672,71508
7100,234988527898769,234988527900871,234988527970879,234988527971545,2102,70008,666,72776
7101,234988528096223,234988528098577,234988528168415,234988528169081,2354,69838,666,72858
7102,234988528285187,234988528286635,234988528355747,234988528356433,1448,69112,686,71246
7103,234988528472125,234988528473559,234988528544165,234988528544833,1434,70606,668,72708
7104,234988528660913,234988528662409,234988528733779,234988528734455,1496,71370,676,73542
7105,234988528850609,234988528852987,234988528922195,234988528922873,2378,69208,678,72264
7106,234988529038757,234988529040167,234988529111635,234988529112331,1410,71468,696,73574
7107,234988529228009,234988529229449,234988529299279,234988529299939,1440,69830,660,71930
7108,234988529416001,234988529417695,234988529485399,234988529486027,1694,67704,628,70026
7109,234988529602765,234988529605063,234988529679203,234988529679865,2298,74140,662,77100
7110,234988529804141,234988529806457,234988529875801,234988529876467,2316,69344,666,72326
7111,234988530008603,234988530010057,234988530079163,234988530079819,1454,69106,656,71216
7112,234988530196291,234988530197695,234988530268015,234988530268675,1404,70320,660,72384
7113,234988530384805,234988530386221,234988530456011,234988530456685,1416,69790,674,71880
7114,234988530572525,234988530573995,234988530643351,234988530644015,1470,69356,664,71490
7115,234988530759923,234988530761333,234988530832151,234988530832817,1410,70818,666,72894
7116,234988530949211,234988530950633,234988531021249,234988531021943,1422,70616,694,72732
7117,234988531137641,234988531139065,234988531212299,234988531212991,1424,73234,692,75350
7118,234988531328347,234988531329745,234988531400837,234988531401509,1398,71092,672,73162
7119,234988531517159,234988531518605,234988531586021,234988531586695,1446,67416,674,69536
7120,234988531702921,234988531704293,234988531776085,234988531776755,1372,71792,670,73834
7121,234988531899959,234988531901419,234988531972675,234988531973345,1460,71256,670,73386
7122,234988532088931,234988532090343,234988532159791,234988532160467,1412,69448,676,71536
7123,234988532276147,234988532278463,234988532349433,234988532350117,2316,70970,684,73970
7124,234988532465305,234988532466715,234988532538689,234988532539351,1410,71974,662,74046
7125,234988532654831,234988532656235,234988532726791,234988532727445,1404,70556,654,72614
7126,234988532852063,234988532853485,234988532925237,234988532925925,1422,71752,688,73862
7127,234988533041219,234988533042625,234988533112483,234988533113189,1406,69858,706,71970
7128,234988533229201,234988533231533,234988533303991,234988533304663,2332,72458,672,75462
7129,234988533420413,234988533422219,234988533494713,234988533495373,1806,72494,660,74960
7130,234988533611263,234988533612731,234988533682573,234988533683249,1468,69842,676,71986
7131,234988533806989,234988533808811,234988533879655,234988533880327,1822,70844,672,73338
7132,234988533996151,234988533997599,234988534068449,234988534069109,1448,70850,660,72958
7133,234988534185253,234988534187557,234988534256759,234988534257419,2304,69202,660,72166
7134,234988534373239,234988534374673,234988534445699,234988534446373,1434,71026,674,73134
7135,234988534562249,234988534564193,234988534632631,234988534633259,1944,68438,628,71010
7136,234988534749739,234988534751509,234988534820569,234988534821235,1770,69060,666,71496
7137,234988534937161,234988534938871,234988535009485,234988535010133,1710,70614,648,72972
7138,234988535125939,234988535127377,234988535196953,234988535197655,1438,69576,702,71716
7139,234988535313019,234988535314403,234988535386187,234988535386861,1384,71784,674,73842
7140,234988535503207,234988535504659,234988535575625,234988535576269,1452,70966,644,73062
7141,234988535702477,234988535703751,234988535766845,234988535767535,1274,63094,690,65058
7142,234988535868175,234988535869627,234988535933941,234988535934637,1452,64314,696,66462
7143,234988536030043,234988536031283,234988536094729,234988536095419,1240,63446,690,65376
7144,234988536191065,234988536192313,234988536257203,234988536257873,1248,64890,670,66808
7145,234988536352879,234988536355415,234988536417643,234988536418313,2536,62228,670,65434
7146,234988536513601,234988536514825,234988536580789,234988536581455,1224,65964,666,67854
7147,234988536676627,234988536677869,234988536741661,234988536742321,1242,63792,660,65694
7148,234988536836735,234988536837953,234988536903785,234988536904451,1218,65832,666,67716
7149,234988536999703,234988537000919,234988537064071,234988537064735,1216,63152,664,65032
7150,234988537159529,234988537160783,234988537223519,234988537224173,1254,62736,654,64644
7151,234988537318909,234988537320121,234988537386613,234988537387291,1212,66492,678,68382
7152,234988537491077,234988537492355,234988537557097,234988537557761,1278,64742,664,66684
7153,234988537653257,234988537654505,234988537718405,234988537719101,1248,63900,696,65844
7154,234988537814023,234988537815229,234988537880695,234988537881371,1206,65466,676,67348
7155,234988537976135,234988537977427,234988538041375,234988538042039,1292,63948,664,65904
7156,234988538144909,234988538146115,234988538210533,234988538211205,1206,64418,672,66296
7157,234988538306795,234988538308033,234988538372695,234988538373373,1238,64662,678,66578
7158,234988538469035,234988538470297,234988538534111,234988538534803,1262,63814,692,65768
7159,234988538630021,234988538631647,234988538696051,234988538696735,1626,64404,684,66714
7160,234988538791423,234988538792623,234988538853571,234988538854243,1200,60948,672,62820
7161,234988538940469,234988538941607,234988539005179,234988539005855,1138,63572,676,65386
7162,234988539092393,234988539094625,234988539157433,234988539158129,2232,62808,696,65736
7163,234988539252191,234988539253747,234988539315287,234988539315943,1556,61540,656,63752
7164,234988539401695,234988539402833,234988539467419,234988539468127,1138,64586,708,66432
7165,234988539554321,234988539555485,234988539615851,234988539616511,1164,60366,660,62190
7166,234988539702541,234988539703699,234988539767555,234988539768233,1158,63856,678,65692
7167,234988539854959,234988539857107,234988539918773,234988539919441,2148,61666,668,64482
7168,234988540005743,234988540006909,234988540067763,234988540068407,1166,60854,644,62664
7169,234988540154731,234988540155895,234988540217659,234988540218335,1164,61764,676,63604
7170,234988540304941,234988540306139,234988540367263,234988540367975,1198,61124,712,63034
7171,234988540454231,234988540455389,234988540517705,234988540518383,1158,62316,678,64152
7172,234988540605245,234988540606409,234988540668619,234988540669291,1164,62210,672,64046
7173,234988540755497,234988540757671,234988540820729,234988540821413,2174,63058,684,65916
7174,234988540915613,234988540916767,234988540980599,234988540981277,1154,63832,678,65664
7175,234988541067463,234988541068723,234988541131003,234988541131681,1260,62280,678,64218
7176,234988541218201,234988541219381,234988541282147,234988541282833,1180,62766,686,64632
7177,234988541369255,234988541370431,234988541432861,234988541433521,1176,62430,660,64266
7178,234988541519525,234988541520695,234988541580967,234988541581631,1170,60272,664,62106
7179,234988541684173,234988541686337,234988541748173,234988541748829,2164,61836,656,64656
7180,234988541834897,234988541836063,234988541898061,234988541898749,1166,61998,688,63852
7181,234988541984467,234988541985671,234988542047671,234988542048347,1204,62000,676,63880
7182,234988542135377,234988542136555,234988542198037,234988542198697,1178,61482,660,63320
7183,234988542284255,234988542286685,234988542350053,234988542350719,2430,63368,666,66464
7184,234988542437417,234988542438743,234988542501557,234988542502217,1326,62814,660,64800
7185,234988542596537,234988542598705,234988542662831,234988542663491,2168,64126,660,66954
7186,234988542749707,234988542750863,234988542813965,234988542814637,1156,63102,672,64930
7187,234988542901057,234988542902249,234988542964657,234988542965321,1192,62408,664,64264
7188,234988543051895,234988543053577,234988543114963,234988543115653,1682,61386,690,63758
7189,234988543201519,234988543202713,234988543265453,234988543266131,1194,62740,678,64612
7190,234988543352281,234988543353451,234988543415375,234988543416043,1170,61924,668,63762
7191,234988543502033,234988543503793,234988543566419,234988543567091,1760,62626,672,65058
7192,234988543653709,234988543655861,234988543717945,234988543718605,2152,62084,660,64896
7193,234988543804523,234988543805701,234988543867111,234988543867769,1178,61410,658,63246
7194,234988543953707,234988543955173,234988544017807,234988544018473,1466,62634,666,64766
7195,234988544104373,234988544105515,234988544168101,234988544168785,1142,62586,684,64412
7196,234988544263759,234988544265505,234988544327027,234988544327707,1746,61522,680,63948
7197,234988544414011,234988544416139,234988544477839,234988544478439,2128,61700,600,64428
7198,234988544564713,234988544565863,234988544630635,234988544631325,1150,64772,690,66612
7199,234988544725087,234988544726257,234988544790515,234988544791205,1170,64258,690,66118
7200,234988544877793,234988544878951,234988544944897,234988544945555,1158,65946,658,67762
7201,234988545032285,234988545033443,234988545095215,234988545095881,1158,61772,666,63596
7202,234988545189047,234988545190739,234988545214007,234988545214723,1692,23268,716,25676
7203,234988545300499,234988545301771,234988545363553,234988545364241,1272,61782,688,63742
7204,234988545451357,234988545452519,234988545514823,234988545515491,1162,62304,668,64134
7205,234988545602617,234988545603793,234988545667753,234988545668417,1176,63960,664,65800
7206,234988545754849,234988545756043,234988545818239,234988545818881,1194,62196,642,64032
7207,234988545912635,234988545913801,234988545976307,234988545976963,1166,62506,656,64328
7208,234988546063429,234988546064587,234988546125709,234988546126363,1158,61122,654,62934
7209,234988546212199,234988546213333,234988546277707,234988546278355,1134,64374,648,66156
7210,234988546365059,234988546366225,234988546426297,234988546426921,1166,60072,624,61862
7211,234988546512755,234988546513969,234988546575205,234988546575895,1214,61236,690,63140
7212,234988546661935,234988546663129,234988546724897,234988546725569,1194,61768,672,63634
7213,234988546811801,234988546812955,234988546875685,234988546876387,1154,62730,702,64586
7214,234988546962763,234988546965001,234988547026985,234988547027677,2238,61984,692,64914
7215,234988547114725,234988547115917,234988547179747,234988547180387,1192,63830,640,65662
7216,234988547266825,234988547268605,234988547331175,234988547331829,1780,62570,654,65004
7217,234988547417629,234988547418799,234988547481049,234988547481749,1170,62250,700,64120
7218,234988547570437,234988547571641,234988547638393,234988547639057,1204,66752,664,68620
7219,234988547751287,234988547753461,234988547816417,234988547816959,2174,62956,542,65672
7220,234988547906519,234988547908663,234988547971055,234988547971729,2144,62392,674,65210
7221,234988548061025,234988548062209,234988548122875,234988548123541,1184,60666,666,62516
7222,234988548213181,234988548214355,234988548277985,234988548278689,1174,63630,704,65508
7223,234988548371153,234988548372359,234988548435701,234988548436369,1206,63342,668,65216
7224,234988548529281,234988548530471,234988548593623,234988548594307,1190,63152,684,65026
7225,234988548686623,234988548687839,234988548749557,234988548750259,1216,61718,702,63636
7226,234988548842645,234988548844015,234988548909137,234988548909763,1370,65122,626,67118
7227,234988549002293,234988549003499,234988549066915,234988549067561,1206,63416,646,65268
7228,234988549164799,234988549166165,234988549230287,234988549230949,1366,64122,662,66150
7229,234988549336799,234988549338071,234988549403875,234988549404493,1272,65804,618,67694
7230,234988549502539,234988549504751,234988549568521,234988549569185,2212,63770,664,66646
7231,234988549667603,234988549669805,234988549733113,234988549733821,2202,63308,708,66218
7232,234988549831753,234988549833559,234988549899257,234988549899955,1806,65698,698,68202
7233,234988550004961,234988550007223,234988550074123,234988550074789,2262,66900,666,69828
7234,234988550179703,234988550181007,234988550247919,234988550248577,1304,66912,658,68874
7235,234988550353775,234988550355059,234988550423053,234988550423725,1284,67994,672,69950
7236,234988550528125,234988550529415,234988550598305,234988550598917,1290,68890,612,70792
7237,234988550725847,234988550727287,234988550796509,234988550797183,1440,69222,674,71336
7238,234988550913637,234988550915057,234988550984879,234988550985533,1420,69822,654,71896
7239,234988551101995,234988551103445,234988551174541,234988551175213,1450,71096,672,73218
7240,234988551300463,234988551302813,234988551373945,234988551374639,2350,71132,694,74176
7241,234988551490447,234988551491875,234988551561071,234988551561751,1428,69196,680,71304
7242,234988551679079,234988551680495,234988551753151,234988551753823,1416,72656,672,74744
7243,234988551869969,234988551871399,234988551942307,234988551942971,1430,70908,664,73002
7244,234988552058623,234988552060049,234988552130923,234988552131619,1426,70874,696,72996
7245,234988552247327,234988552248791,234988552317901,234988552318573,1464,69110,672,71246
7246,234988552435009,234988552437377,234988552504963,234988552505659,2368,67586,696,70650
7247,234988552630439,234988552632347,234988552702987,234988552703693,1908,70640,706,73254
7248,234988552819229,234988552820627,234988552893997,234988552894687,1398,73370,690,75458
7249,234988553010193,234988553012479,234988553082145,234988553082785,2286,69666,640,72592
7250,234988553208709,234988553211025,234988553280367,234988553281031,2316,69342,664,72322
7251,234988553396969,234988553398379,234988553469091,234988553469767,1410,70712,676,72798
7252,234988553585911,234988553587321,234988553657299,234988553657953,1410,69978,654,72042
7253,234988553782229,234988553784539,234988553853107,234988553853769,2310,68568,662,71540
7254,234988553970175,234988553971589,234988554042751,234988554043447,1414,71162,696,73272
7255,234988554159049,234988554161377,234988554229999,234988554230657,2328,68622,658,71608
7256,234988554346789,234988554349127,234988554418307,234988554418979,2338,69180,672,72190
7257,234988554535109,234988554536525,234988554607255,234988554607927,1416,70730,672,72818
7258,234988554723509,234988554724895,234988554796025,234988554796681,1386,71130,656,73172
7259,234988554912445,234988554913877,234988554982327,234988554983011,1432,68450,684,70566
7260,234988555106903,234988555108871,234988555180393,234988555181057,1968,71522,664,74154
7261,234988555297477,234988555298899,234988555368017,234988555368671,1422,69118,654,71194
7262,234988555484153,234988555485551,234988555554763,234988555555433,1398,69212,670,71280
7263,234988555671557,234988555672985,234988555742341,234988555743013,1428,69356,672,71456
7264,234988555859201,234988555860625,234988555930309,234988555930987,1424,69684,678,71786
7265,234988556047121,234988556049485,234988556117619,234988556118277,2364,68134,658,71156
7266,234988556234579,234988556236883,234988556307805,234988556308459,2304,70922,654,73880
7267,234988556423993,234988556426291,234988556495551,234988556496241,2298,69260,690,72248
7268,234988556612239,234988556613623,234988556686757,234988556687405,1384,73134,648,75166
7269,234988556813731,234988556815163,234988556884265,234988556884931,1432,69102,666,71200
7270,234988557009469,234988557011839,234988557082649,234988557083315,2370,70810,666,73846
7271,234988557199267,234988557201631,234988557271651,234988557272275,2364,70020,624,73008
7272,234988557388531,234988557390829,234988557461825,234988557462505,2298,70996,680,73974
7273,234988557578063,234988557579689,234988557649123,234988557649789,1626,69434,666,71726
7274,234988557765671,234988557767111,234988557837257,234988557837913,1440,70146,656,72242
7275,234988557953873,234988557955265,234988558025381,234988558026059,1392,70116,678,72186
7276,234988558142389,234988558143827,234988558214203,234988558214855,1438,70376,652,72466
7277,234988558330813,234988558333213,234988558402433,234988558403101,2400,69220,668,72288
7278,234988558519475,234988558520903,234988558592099,234988558592791,1428,71196,692,73316
7279,234988558708609,234988558710013,234988558781071,234988558781735,1404,71058,664,73126
7280,234988558906409,234988558907825,234988558981585,234988558982213,1416,73760,628,75804
7281,234988559098423,234988559100803,234988559169197,234988559169865,2380,68394,668,71442
7282,234988559286085,234988559288387,234988559358377,234988559358997,2302,69990,620,72912
7283,234988559475361,234988559477677,234988559548357,234988559549035,2316,70680,678,73674
7284,234988559673719,234988559676619,234988559747279,234988559747935,2900,70660,656,74216
7285,234988559867587,234988559869003,234988559941787,234988559942431,1416,72784,644,74844
7286,234988560057959,234988560060365,234988560129787,234988560130459,2406,69422,672,72500
7287,234988560246745,234988560248189,234988560320005,234988560320689,1444,71816,684,73944
7288,234988560436553,234988560437977,234988560506665,234988560507319,1424,68688,654,70766
7289,234988560623003,234988560624443,234988560693137,234988560693805,1440,68694,668,70802
7290,234988560817687,234988560819115,234988560887447,234988560888113,1428,68332,666,70426
7291,234988561004551,234988561005995,234988561077403,234988561078099,1444,71408,696,73548
7292,234988561194233,234988561195697,234988561265381,234988561266047,1464,69684,666,71814
7293,234988561390201,234988561391647,234988561461631,234988561462325,1446,69984,694,72124
7294,234988561578089,234988561579531,234988561647679,234988561648337,1442,68148,658,70248
7295,234988561764359,234988561766599,234988561837027,234988561837681,2240,70428,654,73322
7296,234988561953647,234988561955083,234988562024947,234988562025631,1436,69864,684,71984
7297,234988562141525,234988562143831,234988562212477,234988562213179,2306,68646,702,71654
7298,234988562329073,234988562330477,234988562401123,234988562401795,1404,70646,672,72722
7299,234988562518175,234988562520481,234988562588693,234988562589355,2306,68212,662,71180
7300,234988562722595,234988562724037,234988562794397,234988562795081,1442,70360,684,72486
7301,234988562911333,234988562912779,234988562983375,234988562984063,1446,70596,688,72730
7302,234988563100375,234988563102727,234988563172253,234988563172927,2352,69526,674,72552
7303,234988563289165,234988563291449,234988563360689,234988563361373,2284,69240,684,72208
7304,234988563477097,234988563478511,234988563548107,234988563548771,1414,69596,664,71674
7305,234988563664559,234988563666007,234988563734017,234988563734707,1448,68010,690,70148
7306,234988563850985,234988563852419,234988563921875,234988563922547,1434,69456,672,71562
7307,234988564038427,234988564039885,234988564109027,234988564109687,1458,69142,660,71260
7308,234988564225631,234988564227041,234988564296693,234988564297363,1410,69652,670,71732
7309,234988564413721,234988564416041,234988564485619,234988564486273,2320,69578,654,72552
7310,234988564602193,234988564603607,234988564674211,234988564674865,1414,70604,654,72672
7311,234988564800145,234988564801595,234988564872197,234988564872857,1450,70602,660,72712
7312,234988564989169,234988564990609,234988565062423,234988565063089,1440,71814,666,73920
7313,234988565178631,234988565180041,234988565249339,234988565250019,1410,69298,680,71388
7314,234988565366027,234988565367445,234988565438081,234988565438761,1418,70636,680,72734
7315,234988565554769,234988565556211,234988565628047,234988565628721,1442,71836,674,73952
7316,234988565752903,234988565754317,234988565824825,234988565825521,1414,70508,696,72618
7317,234988565941675,234988565943095,234988566012533,234988566013217,1420,69438,684,71542
7318,234988566129215,234988566130651,234988566200327,234988566201017,1436,69676,690,71802
7319,234988566317129,234988566318545,234988566389995,234988566390683,1416,71450,688,73554
7320,234988566506971,234988566509303,234988566576919,234988566577619,2332,67616,700,70648
7321,234988566702163,234988566704483,234988566775093,234988566775765,2320,70610,672,73602
7322,234988566891409,234988566892873,234988566963373,234988566964049,1464,70500,676,72640
7323,234988567079469,234988567080895,234988567150609,234988567151287,1426,69714,678,71818
7324,234988567267319,234988567268755,234988567337941,234988567338583,1436,69186,642,71264
7325,234988567454575,234988567456013,234988567526471,234988567527121,1438,70458,650,72546
7326,234988567643197,234988567644643,234988567713495,234988567714163,1446,68852,668,70966
7327,234988567830481,234988567831907,234988567903435,234988567904083,1426,71528,648,73602
7328,234988568019995,234988568022307,234988568092327,234988568092985,2312,70020,658,72990
7329,234988568209445,234988568210857,234988568279741,234988568280415,1412,68884,674,70970
7330,234988568396947,234988568398373,234988568467703,234988568468387,1426,69330,684,71440
7331,234988568592083,234988568593537,234988568664593,234988568665249,1454,71056,656,73166
7332,234988568789297,234988568790751,234988568860259,234988568860945,1454,69508,686,71648
7333,234988568976961,234988568979307,234988569047665,234988569048325,2346,68358,660,71364
7334,234988569164599,234988569166511,234988569237865,234988569238535,1912,71354,670,73936
7335,234988569354641,234988569356971,234988569426123,234988569426797,2330,69152,674,72156
7336,234988569542777,234988569544199,234988569613585,234988569614263,1422,69386,678,71486
7337,234988569730379,234988569732683,234988569802735,234988569803387,2304,70052,652,73008
7338,234988569927785,234988569929191,234988569999343,234988570000009,1406,70152,666,72224
7339,234988570095235,234988570096439,234988570157467,234988570158167,1204,61028,700,62932
7340,234988570245713,234988570246897,234988570310971,234988570311649,1184,64074,678,65936
7341,234988570413013,234988570414199,234988570474643,234988570475303,1186,60444,660,62290
7342,234988570561555,234988570562719,234988570625363,234988570626019,1164,62644,656,64464
7343,234988570712245,234988570713415,234988570774907,234988570775573,1170,61492,666,63328
7344,234988570862713,234988570864199,234988570926155,234988570926821,1486,61956,666,64108
7345,234988571013007,234988571014171,234988571077835,234988571078491,1164,63664,656,65484
7346,234988571164511,234988571166677,234988571227159,234988571227823,2166,60482,664,63312
7347,234988571314099,234988571315275,234988571375957,234988571376617,1176,60682,660,62518
7348,234988571462555,234988571464709,234988571524657,234988571525323,2154,59948,666,62768
7349,234988571615905,234988571617063,234988571680099,234988571680793,1158,63036,694,64888
7350,234988571775013,234988571776177,234988571840401,234988571841083,1164,64224,682,66070
7351,234988571927597,234988571928779,234988571990407,234988571991065,1182,61628,658,63468
7352,234988572085241,234988572086419,234988572150649,234988572151325,1178,64230,676,66084
7353,234988572237637,234988572239807,234988572301787,234988572302473,2170,61980,686,64836
7354,234988572389287,234988572390457,234988572454021,234988572454685,1170,63564,664,65398
7355,234988572540643,234988572542807,234988572603889,234988572604561,2164,61082,672,63918
7356,234988572690137,234988572691325,234988572754615,234988572755275,1188,63290,660,65138
7357,234988572841173,234988572843301,234988572905195,234988572905839,2128,61894,644,64666
7358,234988572992177,234988572994327,234988573056125,234988573056767,2150,61798,642,64590
7359,234988573142941,234988573144133,234988573206439,234988573207099,1192,62306,660,64158
7360,234988573293353,234988573294547,234988573357075,234988573357685,1194,62528,610,64332
7361,234988573443875,234988573445687,234988573507949,234988573508623,1812,62262,674,64748
7362,234988573595369,234988573596595,234988573658119,234988573658803,1226,61524,684,63434
7363,234988573752817,234988573754005,234988573816493,234988573817155,1188,62488,662,64338
7364,234988573903877,234988573905059,234988573966037,234988573966705,1182,60978,668,62828
7365,234988574053187,234988574054335,234988574117507,234988574118205,1148,63172,698,65018
7366,234988574204699,234988574205883,234988574266273,234988574266969,1184,60390,696,62270
7367,234988574352721,234988574354873,234988574416009,234988574416691,2152,61136,682,63970
7368,234988574503507,234988574504681,234988574566733,234988574567635,1174,62052,902,64128
7369,234988574665271,234988574666455,234988574729187,234988574729867,1184,62732,680,64596
7370,234988574816203,234988574817355,234988574881217,234988574881877,1152,63862,660,65674
7371,234988574968519,234988574969683,234988575031865,234988575032527,1164,62182,662,64008
7372,234988575118765,234988575120905,234988575182263,234988575182911,2140,61358,648,64146
7373,234988575269143,234988575270317,234988575335461,234988575336089,1174,65144,628,66946
7374,234988575430705,234988575431875,234988575494675,234988575495373,1170,62800,698,64668
7375,234988575581663,234988575583205,234988575645365,234988575646043,1542,62160,678,64380
7376,234988575731943,234988575733097,234988575794669,234988575795335,1154,61572,666,63392
7377,234988575881333,234988575882475,234988575945851,234988575946535,1142,63376,684,65202
7378,234988576034181,234988576036325,234988576098979,234988576099635,2144,62654,656,65454
7379,234988576188565,234988576189751,234988576254203,234988576254887,1186,64452,684,66322
7380,234988576343675,234988576345817,234988576410185,234988576410905,2142,64368,720,67230
7381,234988576499953,234988576501139,234988576566623,234988576567279,1186,65484,656,67326
7382,234988576656979,234988576658189,234988576721527,234988576722193,1210,63338,666,65214
7383,234988576812505,234988576813733,234988576877633,234988576878297,1228,63900,664,65792
7384,234988576977593,234988576978795,234988577040947,234988577041625,1202,62152,678,64032
7385,234988577141215,234988577143393,234988577205031,234988577205643,2178,61638,612,64428
7386,234988577298251,234988577299477,234988577363621,234988577364283,1226,64144,662,66032
7387,234988577457139,234988577458355,234988577520725,234988577521387,1216,62370,662,64248
7388,234988577636105,234988577637365,234988577702947,234988577703605,1260,65582,658,67500
7389,234988577801741,234988577802997,234988577869133,234988577869805,1256,66136,672,68064
7390,234988577968717,234988577970931,234988578036017,234988578036673,2214,65086,656,67956
7391,234988578134807,234988578137041,234988578199747,234988578200423,2234,62706,676,65616
7392,234988578297505,234988578298781,234988578363445,234988578364139,1276,64664,694,66634
7393,234988578468373,234988578469783,234988578533701,234988578534349,1410,63918,648,65976
7394,234988578639103,234988578640399,234988578709973,234988578710641,1296,69574,668,71538
7395,234988578815747,234988578817069,234988578883747,234988578884415,1322,66678,668,68668
7396,234988578996873,234988578998197,234988579063207,234988579063883,1324,65010,676,67010
7397,234988579168403,234988579169705,234988579237655,234988579238323,1302,67950,668,69920
7398,234988579354933,234988579356349,234988579426099,234988579426765,1416,69750,666,71832
7399,234988579543231,234988579544641,234988579613783,234988579614467,1410,69142,684,71236
7400,234988579730477,234988579731875,234988579803455,234988579804145,1398,71580,690,73668
7401,234988579920349,234988579921873,234988579992433,234988579993099,1524,70560,666,72750
7402,234988580108713,234988580111009,234988580179663,234988580180333,2296,68654,670,71620
7403,234988580296393,234988580297833,234988580368007,234988580368669,1440,70174,662,72276
7404,234988580484911,234988580486369,234988580556319,234988580556955,1458,69950,636,72044
7405,234988580681389,234988580683039,234988580753425,234988580754089,1650,70386,664,72700
7406,234988580879383,234988580881705,234988580948791,234988580949457,2322,67086,666,70074
7407,234988581065831,234988581067249,234988581136897,234988581137567,1418,69648,670,71736
7408,234988581253441,234988581255773,234988581327085,234988581327725,2332,71312,640,74284
7409,234988581444109,234988581445543,234988581514553,234988581515191,1434,69010,638,71082
7410,234988581631627,234988581633011,234988581705137,234988581705827,1384,72126,690,74200
7411,234988581821839,234988581824143,234988581895123,234988581895789,2304,70980,666,73950
7412,234988582011307,234988582012717,234988582084529,234988582085215,1410,71812,686,73908
7413,234988582201145,234988582203461,234988582273321,234988582273985,2316,69860,664,72840
7414,234988582390013,234988582392367,234988582462489,234988582463159,2354,70122,670,73146
7415,234988582579323,234988582580761,234988582650527,234988582651171,1438,69766,644,71848
7416,234988582776145,234988582777697,234988582805375,234988582806053,1552,27678,678,29908
7417,234988582922101,234988582924433,234988582993607,234988582994299,2332,69174,692,72198
7418,234988583110789,234988583112751,234988583182291,234988583182949,1962,69540,658,72160
7419,234988583298637,234988583300141,234988583371939,234988583372609,1504,71798,670,73972
7420,234988583488999,234988583490433,234988583559563,234988583560241,1434,69130,678,71242
7421,234988583686091,234988583687521,234988583758745,234988583759419,1430,71224,674,73328
7422,234988583875381,234988583877701,234988583945945,234988583946629,2320,68244,684,71248
7423,234988584062791,234988584064217,234988584134245,234988584134917,1426,70028,672,72126
7424,234988584250645,234988584252097,234988584322763,234988584323465,1452,70666,702,72820
7425,234988584439583,234988584441023,234988584510049,234988584510709,1440,69026,660,71126
7426,234988584634531,234988584635941,234988584707537,234988584708223,1410,71596,686,73692
7427,234988584824285,234988584825701,234988584896387,234988584897071,1416,70686,684,72786
7428,234988585013189,234988585014613,234988585086511,234988585087181,1424,71898,670,73992
7429,234988585212863,234988585214683,234988585285175,234988585285853,1820,70492,678,72990
7430,234988585402285,234988585403707,234988585472933,234988585473595,1422,69226,662,71310
7431,234988585589537,234988585590955,234988585662971,234988585663625,1418,72016,654,74088
7432,234988585779941,234988585782229,234988585851185,234988585851871,2288,68956,686,71930
7433,234988585967801,234988585969201,234988586038957,234988586039643,1400,69756,686,71842
7434,234988586155477,234988586157349,234988586227523,234988586228185,1872,70174,662,72708
7435,234988586343755,234988586346169,234988586414255,234988586414951,2414,68086,696,71196
7436,234988586539007,234988586540477,234988586609351,234988586610037,1470,68874,686,71030
7437,234988586734175,234988586735605,234988586805689,234988586806373,1430,70084,684,72198
7438,234988586923093,234988586924531,234988586995745,234988586996437,1438,71214,692,73344
7439,234988587113221,234988587114631,234988587184357,234988587185023,1410,69726,666,71802
7440,234988587301183,234988587302557,234988587372787,234988587373459,1374,70230,672,72276
7441,234988587490099,234988587492403,234988587561493,234988587562163,2304,69090,670,72064
7442,234988587678767,234988587680201,234988587750157,234988587750841,1434,69956,684,72074
7443,234988587866341,234988587868645,234988587938419,234988587939095,2304,69774,676,72754
7444,234988588054733,234988588056167,234988588126805,234988588127483,1434,70638,678,72750
7445,234988588243043,234988588244437,234988588315073,234988588315759,1394,70636,686,72716
7446,234988588440227,234988588441679,234988588511977,234988588512659,1452,70298,682,72432
7447,234988588629235,234988588630655,234988588701245,234988588702001,1420,70590,756,72766
7448,234988588817755,234988588820033,234988588890593,234988588891267,2278,70560,674,73512
7449,234988589007077,234988589009609,234988589079385,234988589080051,2532,69776,666,72974
7450,234988589195875,234988589197279,234988589268281,234988589268949,1404,71002,668,73074
7451,234988589384971,234988589386435,234988589454211,234988589454875,1464,67776,664,69904
7452,234988589571221,234988589572687,234988589642861,234988589643545,1466,70174,684,72324
7453,234988589767793,234988589769793,234988589839405,234988589840075,2000,69612,670,72282
7454,234988589956721,234988589958097,234988590030761,234988590031421,1376,72664,660,74700
7455,234988590146795,234988590148213,234988590219857,234988590220543,1418,71644,686,73748
7456,234988590336529,234988590337975,234988590406607,234988590407279,1446,68632,672,70750
7457,234988590531841,234988590533231,234988590603845,234988590604507,1390,70614,662,72666
7458,234988590721135,234988590723559,234988590792251,234988590792935,2424,68692,684,71800
7459,234988590909497,234988590912437,234988590982981,234988590983663,2940,70544,682,74166
7460,234988591099873,234988591102211,234988591174153,234988591174829,2338,71942,676,74956
7461,234988591291195,234988591292587,234988591365805,234988591366475,1392,73218,670,75280
7462,234988591482355,234988591483781,234988591553569,234988591554257,1426,69788,688,71902
7463,234988591670669,234988591673513,234988591743173,234988591743845,2844,69660,672,73176
7464,234988591859845,234988591861265,234988591931939,234988591932599,1420,70674,660,72754
7465,234988592048915,234988592051249,234988592118881,234988592119561,2334,67632,680,70646
7466,234988592235637,234988592237027,234988592308735,234988592309395,1390,71708,660,73758
7467,234988592432941,234988592434399,234988592502991,234988592503661,1458,68592,670,70720
7468,234988592634577,234988592636971,234988592707519,234988592708185,2394,70548,666,73608
7469,234988592823749,234988592826073,234988592896645,234988592897317,2324,70572,672,73568
7470,234988593013397,234988593014831,234988593084563,234988593085243,1434,69732,680,71846
7471,234988593201103,234988593202513,234988593276353,234988593277039,1410,73840,686,75936
7472,234988593393037,234988593394471,234988593465613,234988593466273,1434,71142,660,73236
7473,234988593582239,234988593583667,234988593654263,234988593654935,1428,70596,672,72696
7474,234988593771401,234988593772811,234988593843901,234988593844561,1410,71090,660,73160
7475,234988593981581,234988593983069,234988594053491,234988594054153,1488,70422,662,72572
7476,234988594170853,234988594173575,234988594242203,234988594242865,2722,68628,662,72012
7477,234988594366547,234988594367963,234988594436599,234988594437265,1416,68636,666,70718
7478,234988594553197,234988594555525,234988594623967,234988594624663,2328,68442,696,71466
7479,234988594740143,234988594741559,234988594813235,234988594813901,1416,71676,666,73758
7480,234988594929563,234988594931003,234988595000641,234988595001325,1440,69638,684,71762
7481,234988595117477,234988595118871,234988595189693,234988595190359,1394,70822,666,72882
7482,234988595306249,234988595307677,234988595377427,234988595378107,1428,69750,680,71858
7483,234988595494133,234988595496019,234988595564231,234988595564917,1886,68212,686,70784
7484,234988595668847,234988595671069,234988595733529,234988595734201,2222,62460,672,65354
7485,234988595829791,234988595832049,234988595896031,234988595896739,2258,63982,708,66948
7486,234988595993293,234988595995489,234988596060335,234988596060995,2196,64846,660,67702
7487,234988596163927,234988596165169,234988596231061,234988596231715,1242,65892,654,67788
7488,234988596326591,234988596328801,234988596393571,234988596394243,2210,64770,672,67652
7489,234988596489511,234988596491071,234988596553663,234988596554353,1560,62592,690,64842
7490,234988596649409,234988596651667,234988596715643,234988596716303,2258,63976,660,66894
7491,234988596811391,234988596813043,234988596876883,234988596877543,1652,63840,660,66152
7492,234988596972769,234988596973981,234988597038179,234988597038845,1212,64198,666,66076
7493,234988597134859,234988597137109,234988597201889,234988597202581,2250,64780,692,67722
7494,234988597297385,234988597300037,234988597362767,234988597363447,2652,62730,680,66062
7495,234988597458709,234988597460917,234988597525135,234988597525807,2208,64218,672,67098
7496,234988597620547,234988597621781,234988597686737,234988597687417,1234,64956,680,66870
7497,234988597782097,234988597783291,234988597849081,234988597849757,1194,65790,676,67660
7498,234988597953433,234988597954721,234988598019023,234988598019691,1288,64302,668,66258
7499,234988598114911,234988598117119,234988598180953,234988598181623,2208,63834,670,66712
7500,234988598276617,234988598278825,234988598342701,234988598343367,2208,63876,666,66750
7501,234988598438569,234988598439785,234988598506319,234988598506979,1216,66534,660,68410
7502,234988598614513,234988598616311,234988598680231,234988598680931,1798,63920,700,66418
7503,234988598776765,234988598778035,234988598842865,234988598843527,1270,64830,662,66762
7504,234988598939131,234988598941351,234988599004397,234988599005051,2220,63046,654,65920
7505,234988599100057,234988599101981,234988599164957,234988599165631,1924,62976,674,65574
7506,234988599261287,234988599263491,234988599329809,234988599330469,2204,66318,660,69182
7507,234988599425549,234988599426787,234988599492721,234988599493393,1238,65934,672,67844
7508,234988599588727,234988599589949,234988599655279,234988599655931,1222,65330,652,67204
7509,234988599759757,234988599761939,234988599823219,234988599823883,2182,61280,664,64126
7510,234988599919195,234988599920441,234988599985451,234988599986129,1246,65010,678,66934
7511,234988600080931,234988600083131,234988600148483,234988600149131,2200,65352,648,68200
7512,234988600243957,234988600245199,234988600308883,234988600309571,1242,63684,688,65614
7513,234988600404695,234988600405985,234988600469917,234988600470581,1290,63932,664,65886
7514,234988600565645,234988600566877,234988600630897,234988600631543,1232,64020,646,65898
7515,234988600726105,234988600727311,234988600791175,234988600791851,1206,63864,676,65746
7516,234988600886501,234988600888073,234988600952449,234988600953113,1572,64376,664,66612
7517,234988601048191,234988601049413,234988601116781,234988601117431,1222,67368,650,69240
7518,234988601212739,234988601213947,234988601280353,234988601281009,1208,66406,656,68270
7519,234988601384135,234988601385689,234988601449759,234988601450441,1554,64070,682,66306
7520,234988601555233,234988601557453,234988601622943,234988601623585,2220,65490,642,68352
7521,234988601731735,234988601732987,234988601800585,234988601801299,1252,67598,714,69564
7522,234988601902807,234988601904091,234988601969509,234988601970175,1284,65418,666,67368
7523,234988602071203,234988602072505,234988602136115,234988602136783,1302,63610,668,65580
7524,234988602237503,234988602239749,234988602305869,234988602306539,2246,66120,670,69036
7525,234988602416455,234988602417817,234988602486469,234988602487159,1362,68652,690,70704
7526,234988602596821,234988602598205,234988602665545,234988602666199,1384,67340,654,69378
7527,234988602775381,234988602776743,234988602845621,234988602846277,1362,68878,656,70896
7528,234988602955355,234988602957643,234988603026641,234988603027315,2288,68998,674,71960
7529,234988603135921,234988603137307,234988603205767,234988603206437,1386,68460,670,70516
7530,234988603330205,234988603332505,234988603403143,234988603403839,2300,70638,696,73634
7531,234988603520243,234988603521665,234988603590229,234988603590893,1422,68564,664,70650
7532,234988603707149,234988603708577,234988603780751,234988603781405,1428,72174,654,74256
7533,234988603896787,234988603898197,234988603968833,234988603969499,1410,70636,666,72712
7534,234988604085223,234988604086633,234988604157205,234988604157875,1410,70572,670,72652
7535,234988604273465,234988604274875,234988604346289,234988604346971,1410,71414,682,73506
7536,234988604462749,234988604464187,234988604534255,234988604534903,1438,70068,648,72154
7537,234988604659079,234988604660539,234988604730539,234988604731211,1460,70000,672,72132
7538,234988604848011,234988604849435,234988604916875,234988604917595,1424,67440,720,69584
7539,234988605034115,234988605036419,234988605106783,234988605107473,2304,70364,690,73358
7540,234988605233461,234988605234923,234988605303527,234988605304193,1462,68604,666,70732
7541,234988605419779,234988605421193,234988605492385,234988605493069,1414,71192,684,73290
7542,234988605608879,234988605610333,234988605678959,234988605679621,1454,68626,662,70742
7543,234988605795755,234988605798103,234988605866183,234988605866833,2348,68080,650,71078
7544,234988605983417,234988605985799,234988606056521,234988606057183,2382,70722,662,73766
7545,234988606173491,234988606175155,234988606244279,234988606244939,1664,69124,660,71448
7546,234988606361087,234988606362563,234988606431677,234988606432373,1476,69114,696,71286
7547,234988606548425,234988606549949,234988606618297,234988606618967,1524,68348,670,70542
7548,234988606735105,234988606736527,234988606805381,234988606806059,1422,68854,678,70954
7549,234988606921991,234988606923439,234988606992355,234988606993015,1448,68916,660,71024
7550,234988607118047,234988607120341,234988607189549,234988607190157,2294,69208,608,72110
7551,234988607306311,234988607307761,234988607377625,234988607378293,1450,69864,668,71982
7552,234988607494345,234988607496487,234988607568185,234988607568835,2142,71698,650,74490
7553,234988607693425,234988607694871,234988607765231,234988607765903,1446,70360,672,72478
7554,234988607881883,234988607883337,234988607952083,234988607952745,1454,68746,662,70862
7555,234988608068605,234988608070045,234988608139805,234988608140465,1440,69760,660,71860
7556,234988608256085,234988608258425,234988608326183,234988608326869,2340,67758,686,70784
7557,234988608443083,234988608445417,234988608515173,234988608515827,2334,69756,654,72744
7558,234988608632159,234988608634445,234988608704101,234988608704783,2286,69656,682,72624
7559,234988608820603,234988608821999,234988608893153,234988608893813,1396,71154,660,73210
7560,234988609018177,234988609019615,234988609089169,234988609089841,1438,69554,672,71664
7561,234988609206001,234988609207957,234988609276813,234988609277489,1956,68856,676,71488
7562,234988609393975,234988609395427,234988609464187,234988609464823,1452,68760,636,70848
7563,234988609580923,234988609582675,234988609655149,234988609655773,1752,72474,624,74850
7564,234988609771819,234988609774109,234988609843795,234988609844461,2290,69686,666,72642
7565,234988609960345,234988609962737,234988610030797,234988610031475,2392,68060,678,71130
7566,234988610156735,234988610159129,234988610228015,234988610228677,2394,68886,662,71942
7567,234988610344691,234988610346971,234988610414567,234988610415173,2280,67596,606,70482
7568,234988610531405,234988610532815,234988610602123,234988610602819,1410,69308,696,71414
7569,234988610728075,234988610729491,234988610801509,234988610802173,1416,72018,664,74098
7570,234988610927251,234988610929123,234988610997689,234988610998355,1872,68566,666,71104
7571,234988611114397,234988611115831,234988611185833,234988611186509,1434,70002,676,72112
7572,234988611302669,234988611304057,234988611374233,234988611374875,1388,70176,642,72206
7573,234988611491515,234988611493819,234988611564497,234988611565183,2304,70678,686,73668
7574,234988611680947,234988611682379,234988611754565,234988611755219,1432,72186,654,74272
7575,234988611871235,234988611872675,234988611941095,234988611941777,1440,68420,682,70542
7576,234988612057841,234988612059361,234988612129783,234988612130429,1520,70422,646,72588
7577,234988612246151,234988612247627,234988612315277,234988612315963,1476,67650,686,69812
7578,234988612432315,234988612434935,234988612504609,234988612505297,2620,69674,688,72982
7579,234988612621769,234988612624045,234988612691879,234988612692527,2276,67834,648,70758
7580,234988612817695,234988612819975,234988612888849,234988612889531,2280,68874,682,71836
7581,234988613005209,234988613006629,234988613076443,234988613077141,1420,69814,698,71932
7582,234988613193779,234988613195255,234988613264455,234988613265139,1476,69200,684,71360
7583,234988613381243,234988613382719,234988613452433,234988613453089,1476,69714,656,71846
7584,234988613568797,234988613570251,234988613639369,234988613640017,1454,69118,648,71220
7585,234988613763853,234988613765267,234988613837207,234988613837855,1414,71940,648,74002
7586,234988613953699,234988613955121,234988614025201,234988614025855,1422,70080,654,72156
7587,234988614141719,234988614143611,234988614212963,234988614213631,1892,69352,668,71912
7588,234988614329219,234988614330959,234988614400367,234988614401059,1740,69408,692,71840
7589,234988614517219,234988614518683,234988614588317,234988614588977,1464,69634,660,71758
7590,234988614713927,234988614716327,234988614786601,234988614787267,2400,70274,666,73340
7591,234988614903127,234988614905723,234988614975317,234988614975947,2596,69594,630,72820
7592,234988615091755,234988615093183,234988615164073,234988615164775,1428,70890,702,73020
7593,234988615281031,234988615282477,234988615351447,234988615352117,1446,68970,670,71086
7594,234988615468363,234988615469767,234988615540223,234988615540879,1404,70456,656,72516
7595,234988615657495,234988615658927,234988615728479,234988615729151,1432,69552,672,71656
7596,234988615844671,234988615846961,234988615916185,234988615916801,2290,69224,616,72130
7597,234988616032553,234988616033975,234988616104967,234988616105603,1422,70992,636,73050
7598,234988616221571,234988616223913,234988616293795,234988616294435,2342,69882,640,72864
7599,234988616411329,234988616412745,234988616482319,234988616482949,1416,69574,630,71620
7600,234988616624371,234988616626105,234988616697589,234988616698267,1734,71484,678,73896
7601,234988616813711,234988616815139,234988616883191,234988616883863,1428,68052,672,70152
7602,234988617000419,234988617001861,234988617069761,234988617070429,1442,67900,668,70010
7603,234988617185887,234988617187297,234988617259817,234988617260467,1410,72520,650,74580
7604,234988617376199,234988617377657,234988617446861,234988617447523,1458,69204,662,71324
7605,234988617563101,234988617564529,234988617635435,234988617636127,1428,70906,692,73026
7606,234988617751811,234988617754127,234988617825065,234988617825725,2316,70938,660,73914
7607,234988617940969,234988617943093,234988618013287,234988618013953,2124,70194,666,72984
7608,234988618129805,234988618132171,234988618201369,234988618202029,2366,69198,660,72224
7609,234988618317943,234988618319371,234988618389683,234988618390361,1428,70312,678,72418
7610,234988618506157,234988618507615,234988618577099,234988618577771,1458,69484,672,71614
7611,234988618710073,234988618711643,234988618739591,234988618740277,1570,27948,686,30204
7612,234988618857185,234988618858603,234988618929991,234988618930651,1418,71388,660,73466
7613,234988619046559,234988619047979,234988619121479,234988619122147,1420,73500,668,75588
7614,234988619238043,234988619240353,234988619310047,234988619310737,2310,69694,690,72694
7615,234988619426497,234988619427929,234988619497447,234988619498119,1432,69518,672,71622
7616,234988619622233,234988619624701,234988619695597,234988619696269,2468,70896,672,74036
7617,234988619811911,234988619814195,234988619884819,234988619885479,2284,70624,660,73568
7618,234988620001469,234988620002887,234988620073121,234988620073781,1418,70234,660,72312
7619,234988620189755,234988620191723,234988620263443,234988620264109,1968,71720,666,74354
7620,234988620379801,234988620381227,234988620452335,234988620452989,1426,71108,654,73188
7621,234988620744943,234988620746257,234988620772481,234988620773159,1314,26224,678,28216
7622,234988620859439,234988620860593,234988620922447,234988620923093,1154,61854,646,63654
7623,234988621009639,234988621011307,234988621072547,234988621073213,1668,61240,666,63574
7624,234988621159345,234988621161521,234988621222591,234988621223281,2176,61070,690,63936
7625,234988621309657,234988621310777,234988621374761,234988621375427,1120,63984,666,65770
7626,234988621461895,234988621463059,234988621527739,234988621528423,1164,64680,684,66528
7627,234988621614751,234988621615907,234988621677829,234988621678495,1156,61922,666,63744
7628,234988621764653,234988621765807,234988621830559,234988621831249,1154,64752,690,66596
7629,234988621916951,234988621918135,234988621980223,234988621980875,1184,62088,652,63924
7630,234988622067053,234988622068225,234988622133451,234988622134091,1172,65226,640,67038
7631,234988622220665,234988622221847,234988622284175,234988622284841,1182,62328,666,64176
7632,234988622378323,234988622379487,234988622441209,234988622441879,1164,61722,670,63556
7633,234988622530789,234988622531963,234988622593813,234988622594489,1174,61850,676,63700
7634,234988622688485,234988622690665,234988622751917,234988622752577,2180,61252,660,64092
7635,234988622838403,234988622839567,234988622900801,234988622901475,1164,61234,674,63072
7636,234988622987981,234988622989759,234988623051557,234988623052229,1778,61798,672,64248
7637,234988623138215,234988623139379,234988623200267,234988623200927,1164,60888,660,62712
7638,234988623286873,234988623288035,234988623349055,234988623349715,1162,61020,660,62842
7639,234988623435853,234988623438017,234988623499429,234988623500125,2164,61412,696,64272
7640,234988623586985,234988623588163,234988623650761,234988623651419,1178,62598,658,64434
7641,234988623737741,234988623739871,234988623801419,234988623802067,2130,61548,648,64326
7642,234988623887977,234988623889121,234988623950653,234988623951317,1144,61532,664,63340
7643,234988624044989,234988624046161,234988624108015,234988624108685,1172,61854,670,63696
7644,234988624195523,234988624196675,234988624258139,234988624258819,1152,61464,680,63296
7645,234988624345129,234988624346305,234988624408147,234988624408831,1176,61842,684,63702
7646,234988624495007,234988624497253,234988624558315,234988624558985,2246,61062,670,63978
7647,234988624645135,234988624646267,234988624709995,234988624710661,1132,63728,666,65526
7648,234988624796447,234988624797607,234988624859683,234988624860337,1160,62076,654,63890
7649,234988624946351,234988624948499,234988625009515,234988625010163,2148,61016,648,63812
7650,234988625096207,234988625097883,234988625160589,234988625161259,1676,62706,670,65052
7651,234988625246797,234988625247949,234988625312641,234988625313301,1152,64692,660,66504
7652,234988625399647,234988625401801,234988625465711,234988625466385,2154,63910,674,66738
7653,234988625565433,234988625566591,234988625629859,234988625630513,1158,63268,654,65080
7654,234988625724211,234988625725391,234988625786477,234988625787139,1180,61086,662,62928
7655,234988625873105,234988625874247,234988625938475,234988625939163,1142,64228,688,66058
7656,234988626025047,234988626026201,234988626089845,234988626090527,1154,63644,682,65480
7657,234988626185753,234988626187927,234988626249691,234988626250385,2174,61764,694,64632
7658,234988626336571,234988626337757,234988626400409,234988626401065,1186,62652,656,64494
7659,234988626488993,234988626490211,234988626552871,234988626553517,1218,62660,646,64524
7660,234988626642829,234988626645023,234988626705145,234988626705797,2194,60122,652,62968
7661,234988626794945,234988626797095,234988626860183,234988626860839,2150,63088,656,65894
7662,234988626949465,234988626951631,234988627012973,234988627013639,2166,61342,666,64174
7663,234988627102463,234988627104643,234988627166969,234988627167629,2180,62326,660,65166
7664,234988627256627,234988627258405,234988627319821,234988627320517,1778,61416,696,63890
7665,234988627420405,234988627421621,234988627484851,234988627485499,1216,63230,648,65094
7666,234988627578905,234988627581505,234988627643395,234988627644061,2600,61890,666,65156
7667,234988627736749,234988627738535,234988627800505,234988627801165,1786,61970,660,64416
7668,234988627894249,234988627895459,234988627961285,234988627961951,1210,65826,666,67702
7669,234988628054735,234988628056019,234988628120695,234988628121373,1284,64676,678,66638
7670,234988628218615,234988628219899,234988628285629,234988628286317,1284,65730,688,67702
7671,234988628384413,234988628385677,234988628450929,234988628451589,1264,65252,660,67176
7672,234988628560565,234988628561821,234988628626981,234988628627641,1256,65160,660,67076
7673,234988628725699,234988628726953,234988628791993,234988628792665,1254,65040,672,66966
7674,234988628897695,234988628898979,234988628965607,234988628966299,1284,66628,692,68604
7675,234988629070397,234988629071743,234988629138365,234988629139027,1346,66622,662,68630
7676,234988629251611,234988629252937,234988629320269,234988629320941,1326,67332,672,69330
7677,234988629425701,234988629426991,234988629493391,234988629494059,1290,66400,668,68358
7678,234988629598717,234988629601385,234988629669271,234988629669959,2668,67886,688,71242
7679,234988629786509,234988629787931,234988629859153,234988629859825,1422,71222,672,73316
7680,234988629975475,234988629977775,234988630049249,234988630049941,2300,71474,692,74466
7681,234988630165961,234988630168195,234988630235395,234988630236071,2234,67200,676,70110
7682,234988630352083,234988630353557,234988630423103,234988630423765,1474,69546,662,71682
7683,234988630539563,234988630541003,234988630611673,234988630612351,1440,70670,678,72788
7684,234988630728377,234988630729853,234988630800973,234988630801663,1476,71120,690,73286
7685,234988630917493,234988630918917,234988630988275,234988630988963,1424,69358,688,71470
7686,234988631112955,234988631114395,234988631184559,234988631185279,1440,70164,720,72324
7687,234988631301707,234988631303129,234988631373827,234988631374483,1422,70698,656,72776
7688,234988631490257,234988631491693,234988631560261,234988631560915,1436,68568,654,70658
7689,234988631685223,234988631687519,234988631757289,234988631757959,2296,69770,670,72736
7690,234988631874249,234988631875687,234988631945501,234988631946163,1438,69814,662,71914
7691,234988632062125,234988632063535,234988632136153,234988632136811,1410,72618,658,74686
7692,234988632253153,234988632254591,234988632323039,234988632323719,1438,68448,680,70566
7693,234988632439765,234988632441197,234988632511649,234988632512317,1432,70452,668,72552
7694,234988632628561,234988632629983,234988632701777,234988632702473,1422,71794,696,73912
7695,234988632818465,234988632820727,234988632891427,234988632892073,2262,70700,646,73608
7696,234988633016881,234988633018273,234988633089037,234988633089725,1392,70764,688,72844
7697,234988633206031,234988633208353,234988633277699,234988633278371,2322,69346,672,72340
7698,234988633393943,234988633395361,234988633465891,234988633466555,1418,70530,664,72612
7699,234988633582343,234988633583753,234988633654303,234988633654999,1410,70550,696,72656
7700,234988633771355,234988633772767,234988633843319,234988633843991,1412,70552,672,72636
7701,234988633959307,234988633960769,234988634030387,234988634031055,1462,69618,668,71748
7702,234988634156173,234988634157559,234988634228179,234988634228843,1386,70620,664,72670
7703,234988634344825,234988634346221,234988634417147,234988634417835,1396,70926,688,73010
7704,234988634535877,234988634537317,234988634608273,234988634608943,1440,70956,670,73066
7705,234988634732951,234988634735137,234988634804371,234988634805055,2186,69234,684,72104
7706,234988634930617,234988634932057,234988635001073,234988635001733,1440,69016,660,71116
7707,234988635117571,234988635118961,234988635191317,234988635191977,1390,72356,660,74406
7708,234988635308377,234988635309823,234988635378589,234988635379271,1446,68766,682,70894
7709,234988635495521,234988635497825,234988635565693,234988635566359,2304,67868,666,70838
7710,234988635682351,234988635683813,234988635753103,234988635753769,1462,69290,666,71418
7711,234988635870047,234988635871481,234988635940133,234988635940789,1434,68652,656,70742
7712,234988636056613,234988636059139,234988636126993,234988636127659,2526,67854,666,71046
7713,234988636243697,234988636245547,234988636317035,234988636317673,1850,71488,638,73976
7714,234988636433573,234988636435883,234988636504795,234988636505471,2310,68912,676,71898
7715,234988636621787,234988636623223,234988636693679,234988636694375,1436,70456,696,72588
7716,234988636818823,234988636820263,234988636892627,234988636893293,1440,72364,666,74470
7717,234988637008841,234988637010253,234988637080299,234988637080981,1412,70046,682,72140
7718,234988637197333,234988637198749,234988637268817,234988637269493,1416,70068,676,72160
7719,234988637385445,234988637387303,234988637456515,234988637457197,1858,69212,682,71752
7720,234988637585039,234988637586541,234988637658031,234988637658713,1502,71490,682,73674
7721,234988637774629,234988637776043,234988637845547,234988637846213,1414,69504,666,71584
7722,234988637962505,234988637963905,234988638034691,234988638035353,1400,70786,662,72848
7723,234988638151339,234988638152789,234988638222743,234988638223397,1450,69954,654,72058
7724,234988638339259,234988638340693,234988638409031,234988638409733,1434,68338,702,70474
7725,234988638526067,234988638528427,234988638599449,234988638600121,2360,71022,672,74054
7726,234988638731633,234988638733045,234988638805859,234988638806537,1412,72814,678,74904
7727,234988638921785,234988638923175,234988638994721,234988638995383,1390,71546,662,73598
7728,234988639111285,234988639112677,234988639183361,234988639184017,1392,70684,656,72732
7729,234988639299547,234988639300975,234988639371893,234988639372583,1428,70918,690,73036
7730,234988639488107,234988639489513,234988639561033,234988639561699,1406,71520,666,73592
7731,234988639677661,234988639679119,234988639748165,234988639748857,1458,69046,692,71196
7732,234988639864205,234988639865689,234988639934353,234988639935017,1484,68664,664,70812
7733,234988640050937,234988640052373,234988640121343,234988640122009,1436,68970,666,71072
7734,234988640238373,234988640239799,234988640310313,234988640310973,1426,70514,660,72600
7735,234988640426783,234988640428219,234988640499655,234988640500339,1436,71436,684,73556
7736,234988640632261,234988640633719,234988640703367,234988640704031,1458,69648,664,71770
7737,234988640820283,234988640821703,234988640891153,234988640891803,1420,69450,650,71520
7738,234988641007715,234988641010003,234988641079333,234988641080023,2288,69330,690,72308
7739,234988641195863,234988641197273,234988641268531,234988641269219,1410,71258,688,73356
7740,234988641385027,234988641387385,234988641456337,234988641457007,2358,68952,670,71980
7741,234988641573079,234988641574487,234988641643909,234988641644621,1408,69422,712,71542
7742,234988641761255,234988641762677,234988641834313,234988641834983,1422,71636,670,73728
7743,234988641950737,234988641952159,234988642022767,234988642023419,1422,70608,652,72682
7744,234988642139815,234988642141691,234988642213111,234988642213783,1876,71420,672,73968
7745,234988642330187,234988642331599,234988642402915,234988642403609,1412,71316,694,73422
7746,234988642528181,234988642530475,234988642597549,234988642598197,2294,67074,648,70016
7747,234988642713961,234988642715485,234988642784495,234988642785151,1524,69010,656,71190
7748,234988642909325,234988642911629,234988642980503,234988642981207,2304,68874,704,71882
7749,234988643097431,234988643099843,234988643168755,234988643169419,2412,68912,664,71988
7750,234988643285315,234988643286761,234988643357665,234988643358331,1446,70904,666,73016
7751,234988643474645,234988643476549,234988643547229,234988643547923,1904,70680,694,73278
7752,234988643671693,234988643673113,234988643743745,234988643744407,1420,70632,662,72714
7753,234988643860579,234988643861975,234988643934001,234988643934701,1396,72026,700,74122
7754,234988644050729,234988644052139,234988644121079,234988644121745,1410,68940,666,71016
7755,234988644237751,234988644239195,234988644309143,234988644309785,1444,69948,642,72034
7756,234988644425257,234988644426679,234988644497183,234988644497851,1422,70504,668,72594
7757,234988644623213,234988644624661,234988644695675,234988644696343,1448,71014,668,73130
7758,234988644812429,234988644813911,234988644884321,234988644884995,1482,70410,674,72566
7759,234988645001021,234988645002457,234988645072039,234988645072733,1436,69582,694,71712
7760,234988645189391,234988645191739,234988645258825,234988645259501,2348,67086,676,70110
7761,234988645375055,234988645376479,234988645445675,234988645446353,1424,69196,678,71298
7762,234988645562257,234988645563725,234988645631951,234988645632607,1468,68226,656,70350
7763,234988645748699,234988645751075,234988645819907,234988645820579,2376,68832,672,71880
7764,234988645936751,234988645939087,234988646008961,234988646009677,2336,69874,716,72926
7765,234988646125493,234988646127857,234988646196223,234988646196907,2364,68366,684,71414
7766,234988646313331,234988646314757,234988646385319,234988646385991,1426,70562,672,72660
7767,234988646512685,234988646514107,234988646583781,234988646584435,1422,69674,654,71750
7768,234988646708807,234988646710231,234988646779687,234988646780395,1424,69456,708,71588
7769,234988646896339,234988646897725,234988646966891,234988646967541,1386,69166,650,71202
7770,234988647083503,234988647085793,234988647153725,234988647154385,2290,67932,660,70882
7771,234988647270631,234988647272029,234988647343637,234988647344299,1398,71608,662,73668
7772,234988647460349,234988647461779,234988647531623,234988647532291,1430,69844,668,71942
7773,234988647648361,234988647649805,234988647720391,234988647721057,1444,70586,666,72696
7774,234988647836561,234988647838417,234988647908257,234988647908923,1856,69840,666,72362
7775,234988648024349,234988648026719,234988648094275,234988648094923,2370,67556,648,70574
7776,234988648211201,234988648213229,234988648283189,234988648283855,2028,69960,666,72654
7777,234988648408133,234988648409563,234988648480489,234988648481171,1430,70926,682,73038
7778,234988648596781,234988648598207,234988648669147,234988648669825,1426,70940,678,73044
7779,234988648785833,234988648787249,234988648858379,234988648859039,1416,71130,660,73206
7780,234988648974785,234988648977131,234988649045881,234988649046539,2346,68750,658,71754
7781,234988649162411,234988649163829,234988649233607,234988649234285,1418,69778,678,71874
7782,234988649350451,234988649352745,234988649420921,234988649421587,2294,68176,666,71136
7783,234988649549807,234988649551237,234988649621173,234988649621839,1430,69936,666,72032
7784,234988649737423,234988649738785,234988649810603,234988649811289,1362,71818,686,73866
7785,234988649927621,234988649929963,234988649999015,234988649999689,2342,69052,674,72068
7786,234988650116393,234988650117865,234988650188321,234988650189005,1472,70456,684,72612
7787,234988650313847,234988650315245,234988650386555,234988650387181,1398,71310,626,73334
7788,234988650502537,234988650503931,234988650575861,234988650576539,1394,71930,678,74002
7789,234988650692251,234988650693689,234988650763159,234988650763813,1438,69470,654,71562
7790,234988650879757,234988650881225,234988650949475,234988650950099,1468,68250,624,70342
7791,234988651066417,234988651067867,234988651136585,234988651137235,1450,68718,650,70818
7792,234988651253299,234988651254725,234988651324355,234988651325011,1426,69630,656,71712
7793,234988651449787,234988651451233,234988651520495,234988651521193,1446,69262,698,71406
7794,234988651637203,234988651638619,234988651708313,234988651708981,1416,69694,668,71778
7795,234988651824937,234988651827229,234988651894453,234988651895137,2292,67224,684,70200
7796,234988652011409,234988652012977,234988652083721,234988652084381,1568,70744,660,72972
7797,234988652213755,234988652216077,234988652285363,234988652286037,2322,69286,674,72282
7798,234988652402677,234988652404139,234988652474683,234988652475349,1462,70544,666,72672
7799,234988652599465,234988652600903,234988652671903,234988652672605,1438,71000,702,73140
7800,234988652788811,234988652790223,234988652861989,234988652862673,1412,71766,684,73862
7801,234988652978633,234988652980069,234988653050185,234988653050837,1436,70116,652,72204
7802,234988653166735,234988653169141,234988653237953,234988653238649,2406,68812,696,71914
7803,234988653354787,234988653357127,234988653425017,234988653425683,2340,67890,666,70896
7804,234988653542227,234988653543655,234988653613679,234988653614357,1428,70024,678,72130
7805,234988653730625,234988653732905,234988653802063,234988653802763,2280,69158,700,72138
7806,234988653919019,234988653920453,234988653990881,234988653991567,1434,70428,686,72548
7807,234988654115915,234988654117315,234988654187203,234988654187911,1400,69888,708,71996
7808,234988654303733,234988654305157,234988654374451,234988654375091,1424,69294,640,71358
7809,234988654490929,234988654492373,234988654562713,234988654563359,1444,70340,646,72430
7810,234988654679791,234988654681243,234988654749665,234988654750351,1452,68422,686,70560
7811,234988654866553,234988654867951,234988654938481,234988654939139,1398,70530,658,72586
7812,234988655054827,234988655057093,234988655126111,234988655126771,2266,69018,660,71944
7813,234988655242777,234988655244211,234988655314375,234988655315059,1434,70164,684,72282
7814,234988655430881,234988655432297,234988655501641,234988655502277,1416,69344,636,71396
7815,234988655626375,234988655628767,234988655698723,234988655699401,2392,69956,678,73026
7816,234988655815873,234988655817301,234988655886193,234988655886847,1428,68892,654,70974
7817,234988656011503,234988656012953,234988656084187,234988656084839,1450,71234,652,73336
7818,234988656200555,234988656201983,234988656271955,234988656272639,1428,69972,684,72084
7819,234988656388675,234988656390971,234988656460955,234988656461639,2296,69984,684,72964
7820,234988656578287,234988656579791,234988656647663,234988656648341,1504,67872,678,70054
7821,234988656763913,234988656765331,234988656835381,234988656836053,1418,70050,672,72140
7822,234988656952105,234988656953509,234988657024669,234988657025339,1404,71160,670,73234
7823,234988657141273,234988657142741,234988657210429,234988657211095,1468,67688,666,69822
7824,234988657326877,234988657328267,234988657400669,234988657401347,1390,72402,678,74470
7825,234988657516829,234988657518239,234988657589759,234988657590449,1410,71520,690,73620
7826,234988657706083,234988657707515,234988657777183,234988657777853,1432,69668,670,71770
7827,234988657902371,234988657903757,234988657975499,234988657976213,1386,71742,714,73842
7828,234988658092201,234988658094587,234988658163743,234988658164427,2386,69156,684,72226
7829,234988658280719,234988658282137,234988658351041,234988658351707,1418,68904,666,70988
7830,234988658468191,234988658470477,234988658539157,234988658539819,2286,68680,662,71628
7831,234988658664041,234988658666393,234988658733487,234988658734173,2352,67094,686,70132
7832,234988658850509,234988658851921,234988658920909,234988658921599,1412,68988,690,71090
7833,234988659037129,234988659038869,234988659107921,234988659108593,1740,69052,672,71464
7834,234988659225055,234988659227411,234988659296147,234988659296809,2356,68736,662,71754
7835,234988659412691,234988659414991,234988659484223,234988659484915,2300,69232,692,72224
7836,234988659600943,234988659602341,234988659672559,234988659673171,1398,70218,612,72228
7837,234988659797455,234988659798895,234988659869647,234988659870331,1440,70752,684,72876
7838,234988659986279,234988659987701,234988660058405,234988660059095,1422,70704,690,72816
7839,234988660182445,234988660184773,234988660254165,234988660254863,2328,69392,698,72418
7840,234988660370891,234988660372325,234988660441319,234988660441979,1434,68994,660,71088
7841,234988660558393,234988660559821,234988660629247,234988660629919,1428,69426,672,71526
7842,234988660745891,234988660748101,234988660818211,234988660818891,2210,70110,680,73000
7843,234988660935245,234988660936685,234988661007347,234988661007995,1440,70662,648,72750
7844,234988661123149,234988661125441,234988661193781,234988661194469,2292,68340,688,71320
7845,234988661310371,234988661311771,234988661384125,234988661384819,1400,72354,694,74448
7846,234988661509729,234988661511139,234988661582845,234988661583533,1410,71706,688,73804
7847,234988661718193,234988661719891,234988661746127,234988661746789,1698,26236,662,28596
7848,234988661862679,234988661864081,234988661935255,234988661935925,1402,71174,670,73246
7849,234988662051531,234988662053699,234988662124687,234988662125327,2168,70988,640,73796
7850,234988662241795,234988662244103,234988662312931,234988662313583,2308,68828,652,71788
7851,234988662429613,234988662431035,234988662501757,234988662502379,1422,70722,622,72766
7852,234988662618547,234988662619997,234988662689767,234988662690463,1450,69770,696,71916
7853,234988662806969,234988662808369,234988662878947,234988662879623,1400,70578,676,72654
7854,234988662995471,234988662997805,234988663068247,234988663068913,2334,70442,666,73442
7855,234988663184911,234988663186297,234988663256575,234988663257233,1386,70278,658,72322
7856,234988663372879,234988663375159,234988663444777,234988663445459,2280,69618,682,72580
7857,234988663561241,234988663562641,234988663633423,234988663634075,1400,70782,652,72834
7858,234988663760647,234988663762087,234988663831933,234988663832641,1440,69846,708,71994
7859,234988663948061,234988663950457,234988664019779,234988664020457,2396,69322,678,72396
7860,234988664137043,234988664138485,234988664208577,234988664209267,1442,70092,690,72224
7861,234988664325101,234988664326585,234988664396483,234988664397151,1484,69898,668,72050
7862,234988664521051,234988664522495,234988664592991,234988664593655,1444,70496,664,72604
7863,234988664709781,234988664711201,234988664782999,234988664783681,1420,71798,682,73900
7864,234988664899727,234988664901139,234988664972065,234988664972741,1412,70926,676,73014
7865,234988665088907,234988665090365,234988665161105,234988665161759,1458,70740,654,72852
7866,234988665277885,234988665279281,234988665350717,234988665351379,1396,71436,662,73494
7867,234988665466745,234988665468175,234988665538307,234988665539015,1430,70132,708,72270
7868,234988665664097,234988665665555,234988665734729,234988665735383,1458,69174,654,71286
7869,234988665851303,234988665852743,234988665922673,234988665923347,1440,69930,674,72044
7870,234988666039343,234988666041275,234988666110535,234988666111213,1932,69260,678,71870
7871,234988666227367,234988666229773,234988666298447,234988666299143,2406,68674,696,71776
7872,234988666414909,234988666416313,234988666485617,234988666486301,1404,69304,684,71392
7873,234988666602293,234988666604633,234988666675631,234988666676303,2340,70998,672,74010
7874,234988666791685,234988666793129,234988666863409,234988666864069,1444,70280,660,72384
7875,234988666979611,234988666981001,234988667050871,234988667051549,1390,69870,678,71938
7876,234988667167955,234988667169361,234988667240245,234988667240927,1406,70884,682,72972
7877,234988667356529,234988667357951,234988667429555,234988667430185,1422,71604,630,73656
7878,234988667562599,234988667564003,234988667633987,234988667634653,1404,69984,666,72054
7879,234988667750123,234988667752439,234988667821345,234988667821979,2316,68906,634,71856
7880,234988667938147,234988667939575,234988668010849,234988668011515,1428,71274,666,73368
7881,234988668128237,234988668130619,234988668200039,234988668200693,2382,69420,654,72456
7882,234988668316687,234988668318139,234988668388379,234988668389047,1452,70240,668,72360
7883,234988668504911,234988668507199,234988668579367,234988668580027,2288,72168,660,75116
7884,234988668695767,234988668697231,234988668767275,234988668767947,1464,70044,672,72180
7885,234988668892423,234988668894829,234988668964135,234988668964781,2406,69306,646,72358
7886,234988669081367,234988669082785,234988669151689,234988669152365,1418,68904,676,70998
7887,234988669268479,234988669269895,234988669341107,234988669341805,1416,71212,698,73326
7888,234988669465727,234988669468081,234988669538341,234988669539013,2354,70260,672,73286
7889,234988669655075,234988669656503,234988669727795,234988669728451,1428,71292,656,73376
7890,234988669844029,234988669846399,234988669915765,234988669916443,2370,69366,678,72414
7891,234988670032411,234988670035237,234988670106457,234988670107075,2826,71220,618,74664
7892,234988670222701,234988670224103,234988670294609,234988670295265,1402,70506,656,72564
7893,234988670411341,234988670412767,234988670484049,234988670484707,1426,71282,658,73366
7894,234988670608921,234988670610307,234988670683289,234988670683943,1386,72982,654,75022
7895,234988670799923,234988670801381,234988670871823,234988670872469,1458,70442,646,72546
7896,234988670988797,234988670991113,234988671061259,234988671061939,2316,70146,680,73142
7897,234988671177565,234988671179009,234988671249467,234988671250139,1444,70458,672,72574
7898,234988671374849,234988671376295,234988671446941,234988671447611,1446,70646,670,72762
7899,234988671563735,234988671565129,234988671635359,234988671636019,1394,70230,660,72284
7900,234988671751693,234988671753151,234988671822991,234988671823667,1458,69840,676,71974
7901,234988671941323,234988671942953,234988672013725,234988672014385,1630,70772,660,73062
7902,234988672130653,234988672132111,234988672202561,234988672203241,1458,70450,680,72588
7903,234988672318747,234988672320205,234988672390571,234988672391239,1458,70366,668,72492
7904,234988672507271,234988672508681,234988672580639,234988672581277,1410,71958,638,74006
7905,234988672697047,234988672698469,234988672768657,234988672769311,1422,70188,654,72264
7906,234988672884685,234988672886137,234988672954343,234988672955029,1452,68206,686,70344
7907,234988673071045,234988673073889,234988673144437,234988673145101,2844,70548,664,74056
7908,234988673268643,234988673270977,234988673342707,234988673343373,2334,71730,666,74730
7909,234988673459653,234988673461045,234988673532827,234988673533511,1392,71782,684,73858
7910,234988673657245,234988673658683,234988673726173,234988673726839,1438,67490,666,69594
7911,234988673842841,234988673845165,234988673915363,234988673916043,2324,70198,680,73202
7912,234988674032035,234988674034367,234988674102337,234988674103025,2332,67970,688,70990
7913,234988674218785,234988674220547,234988674289691,234988674290359,1762,69144,668,71574
7914,234988674406741,234988674408191,234988674476429,234988674477061,1450,68238,632,70320
7915,234988674593245,234988674595243,234988674665377,234988674666083,1998,70134,706,72838
7916,234988674781585,234988674783881,234988674853073,234988674853753,2296,69192,680,72168
7917,234988674969719,234988674971119,234988675042843,234988675043519,1400,71724,676,73800
7918,234988675168891,234988675171259,234988675242635,234988675243291,2368,71376,656,74400
7919,234988675359001,234988675360403,234988675430273,234988675430953,1402,69870,680,71952
7920,234988675546679,234988675548139,234988675617853,234988675618531,1460,69714,678,71852
7921,234988675734137,234988675735565,234988675805563,234988675806259,1428,69998,696,72122
7922,234988675922651,234988675924331,234988675993763,234988675994411,1680,69432,648,71760
7923,234988676110927,234988676113267,234988676183503,234988676184169,2340,70236,666,73242
7924,234988676300165,234988676301575,234988676371879,234988676372549,1410,70304,670,72384
7925,234988676497969,234988676500333,234988676570299,234988676570981,2364,69966,682,73012
7926,234988676687041,234988676688487,234988676756975,234988676757641,1446,68488,666,70600
7927,234988676873723,234988676875139,234988676944199,234988676944855,1416,69060,656,71132
7928,234988677070121,234988677071867,234988677140345,234988677141031,1746,68478,686,70910
7929,234988677257491,234988677259199,234988677329777,234988677330451,1708,70578,674,72960
7930,234988677454561,234988677455981,234988677527699,234988677528389,1420,71718,690,73828
7931,234988677643913,234988677645623,234988677717239,234988677717895,1710,71616,656,73982
7932,234988677833429,234988677834839,234988677904541,234988677905203,1410,69702,662,71774
7933,234988678021531,234988678022977,234988678090927,234988678091593,1446,67950,666,70062
7934,234988678207949,234988678209349,234988678279607,234988678280251,1400,70258,644,72302
7935,234988678395653,234988678397969,234988678466755,234988678467419,2316,68786,664,71766
7936,234988678583697,234988678585087,234988678656173,234988678656889,1390,71086,716,73192
7937,234988678772899,234988678774333,234988678843481,234988678844153,1434,69148,672,71254
7938,234988678968655,234988678971029,234988679039777,234988679040485,2374,68748,708,71830
7939,234988679156021,234988679157419,234988679226527,234988679227207,1398,69108,680,71186
7940,234988679342923,234988679344337,234988679415911,234988679416579,1414,71574,668,73656
7941,234988679540227,234988679542355,234988679614807,234988679615479,2128,72452,672,75252
7942,234988679731541,234988679732945,234988679805061,234988679805727,1404,72116,666,74186
7943,234988679921269,234988679924083,234988679993767,234988679994431,2814,69684,664,73162
7944,234988680110507,234988680111941,234988680182959,234988680183613,1434,71018,654,73106
7945,234988680299725,234988680302033,234988680370543,234988680371225,2308,68510,682,71500
7946,234988680487465,234988680488917,234988680559985,234988680560665,1452,71068,680,73200
7947,234988680676735,234988680678457,234988680748303,234988680748975,1722,69846,672,72240
7948,234988680874065,234988680876425,234988680945061,234988680945751,2360,68636,690,71686
7949,234988681061911,234988681063307,234988681133939,234988681134601,1396,70632,662,72690
7950,234988681250495,234988681252211,234988681322461,234988681323149,1716,70250,688,72654
7951,234988681439245,234988681440677,234988681512307,234988681512949,1432,71630,642,73704
7952,234988681629193,234988681631407,234988681701207,234988681701887,2214,69800,680,72694
7953,234988681817341,234988681818755,234988681889591,234988681890241,1414,70836,650,72900
7954,234988682006465,234988682007893,234988682079509,234988682080199,1428,71616,690,73734
7955,234988682196689,234988682198119,234988682267633,234988682268281,1430,69514,648,71592
7956,234988682384021,234988682385485,234988682454813,234988682455483,1464,69328,670,71462
7957,234988682581237,234988682582687,234988682652959,234988682653619,1450,70272,660,72382
7958,234988682769613,234988682771065,234988682841083,234988682841745,1452,70018,662,72132
7959,234988682965949,234988682967709,234988683037355,234988683038017,1760,69646,662,72068
7960,234988683154273,234988683155735,234988683223933,234988683224597,1462,68198,664,70324
7961,234988683340619,234988683342427,234988683411581,234988683412247,1808,69154,666,71628
7962,234988683528361,234988683529829,234988683599209,234988683599869,1468,69380,660,71508
7963,234988683715661,234988683717223,234988683787697,234988683788359,1562,70474,662,72698
7964,234988683904463,234988683905905,234988683975913,234988683976573,1442,70008,660,72110
7965,234988684092727,234988684095049,234988684163399,234988684164101,2322,68350,702,71374
7966,234988684280559,234988684281991,234988684351711,234988684352399,1432,69720,688,71840
7967,234988684468787,234988684470203,234988684540649,234988684541269,1416,70446,620,72482
7968,234988684657001,234988684658399,234988684729211,234988684729823,1398,70812,612,72822
7969,234988684854751,234988684856207,234988684926041,234988684926709,1456,69834,668,71958
7970,234988685042905,234988685044319,234988685115451,234988685116127,1414,71132,676,73222
7971,234988685231777,234988685234503,234988685302789,234988685303471,2726,68286,682,71694
7972,234988685420143,234988685421565,234988685491861,234988685492545,1422,70296,684,72402
7973,234988685617055,234988685618467,234988685691427,234988685692111,1412,72960,684,75056
7974,234988685808367,234988685810681,234988685879957,234988685880643,2314,69276,686,72276
7975,234988685996845,234988685998279,234988686070367,234988686071047,1434,72088,680,74202
7976,234988686202553,234988686203993,234988686273731,234988686274375,1440,69738,644,71822
7977,234988686390697,234988686392119,234988686462349,234988686463021,1422,70230,672,72324
7978,234988686578593,234988686580133,234988686650567,234988686651225,1540,70434,658,72632
7979,234988686775715,234988686777127,234988686847133,234988686847825,1412,70006,692,72110
7980,234988686963421,234988686964865,234988687034915,234988687035587,1444,70050,672,72166
7981,234988687151783,234988687154125,234988687221701,234988687222387,2342,67576,686,70604
7982,234988687338467,234988687339901,234988687410551,234988687411199,1434,70650,648,72732
7983,234988687527017,234988687528661,234988687598179,234988687598863,1644,69518,684,71846
7984,234988687714375,234988687715987,234988687788029,234988687788701,1612,72042,672,74326
7985,234988687904741,234988687906189,234988687975853,234988687976525,1448,69664,672,71784
7986,234988688092693,234988688094083,234988688164123,234988688164793,1390,70040,670,72100
7987,234988688281177,234988688283337,234988688352715,234988688353375,2160,69378,660,72198
7988,234988688484859,234988688487119,234988688554777,234988688555437,2260,67658,660,70578
7989,234988688680363,234988688682113,234988688750275,234988688750965,1750,68162,690,70602
7990,234988688867491,234988688869429,234988688940535,234988688941195,1938,71106,660,73704
7991,234988689057383,234988689058795,234988689130409,234988689131105,1412,71614,696,73722
7992,234988689247315,234988689248723,234988689318595,234988689319271,1408,69872,676,71956
7993,234988689435139,234988689436541,234988689504661,234988689505321,1402,68120,660,70182
7994,234988689621289,234988689622717,234988689693203,234988689693869,1428,70486,666,72580
7995,234988689810037,234988689812977,234988689882589,234988689883229,2940,69612,640,73192
7996,234988689998879,234988690000325,234988690070051,234988690070719,1446,69726,668,71840
7997,234988690186555,234988690188865,234988690258325,234988690258987,2310,69460,662,72432
7998,234988690374817,234988690377125,234988690445921,234988690446565,2308,68796,644,71748
7999,234988690571191,234988690573195,234988690642291,234988690642961,2004,69096,670,71770
8000,234988690759021,234988690760555,234988690829239,234988690829927,1534,68684,688,70906
8001,234988690945817,234988690947791,234988691019277,234988691019953,1974,71486,676,74136
8002,234988691135663,234988691137105,234988691205959,234988691206621,1442,68854,662,70958
8003,234988691322857,234988691325203,234988691394803,234988691395465,2346,69600,662,72608
8004,234988691519401,234988691521705,234988691592085,234988691592763,2304,70380,678,73362
8005,234988691708807,234988691710241,234988691779169,234988691779853,1434,68928,684,71046
8006,234988691895725,234988691897141,234988691966989,234988691967679,1416,69848,690,71954
8007,234988692083191,234988692085477,234988692156257,234988692156917,2286,70780,660,73726
8008,234988692273083,234988692275387,234988692346573,234988692347219,2304,71186,646,74136
8009,234988692472141,234988692473537,234988692545065,234988692545741,1396,71528,676,73600
8010,234988692660515,234988692661921,234988692731147,234988692731803,1406,69226,656,71288
8011,234988692847549,234988692848911,234988692923225,234988692923921,1362,74314,696,76372
8012,234988693039399,234988693040855,234988693111523,234988693112225,1456,70668,702,72826
8013,234988693227965,234988693230347,234988693301501,234988693302151,2382,71154,650,74186
8014,234988693417783,234988693419211,234988693490215,234988693490911,1428,71004,696,73128
8015,234988693606711,234988693608145,234988693679369,234988693680017,1434,71224,648,73306
8016,234988693795643,234988693798063,234988693868699,234988693869365,2420,70636,666,73722
8017,234988693985567,234988693987015,234988694058181,234988694058857,1448,71166,676,73290
8018,234988694174531,234988694176841,234988694245459,234988694246131,2310,68618,672,71600
8019,234988694370887,234988694372317,234988694443061,234988694443751,1430,70744,690,72864
8020,234988694567771,234988694569211,234988694637901,234988694638577,1440,68690,676,70806
8021,234988694763079,234988694764499,234988694831885,234988694832551,1420,67386,666,69472
8022,234988694948585,234988694950039,234988695020347,234988695021035,1454,70308,688,72450
8023,234988695137341,234988695139661,234988695209417,234988695210095,2320,69756,678,72754
8024,234988695326081,234988695327577,234988695398809,234988695399493,1496,71232,684,73412
8025,234988695514957,234988695516403,234988695586753,234988695587419,1446,70350,666,72462
8026,234988695703751,234988695705197,234988695772741,234988695773395,1446,67544,654,69644
8027,234988695889487,234988695890917,234988695960049,234988695960689,1430,69132,640,71202
8028,234988696076431,234988696078759,234988696149803,234988696150421,2328,71044,618,73990
8029,234988696274501,234988696275965,234988696346899,234988696347569,1464,70934,670,73068
8030,234988696462949,234988696464355,234988696535665,234988696536365,1406,71310,700,73416
8031,234988696651655,234988696653085,234988696723433,234988696724099,1430,70348,666,72444
8032,234988696840399,234988696841827,234988696911509,234988696912175,1428,69682,666,71776
8033,234988697028229,234988697029681,234988697101631,234988697102321,1452,71950,690,74092
8034,234988697218283,234988697219731,234988697288491,234988697289163,1448,68760,672,70880
8035,234988697404961,234988697406421,234988697475181,234988697475871,1460,68760,690,70910
8036,234988697600473,234988697601851,234988697672077,234988697672753,1378,70226,676,72280
8037,234988697788559,234988697789963,234988697858975,234988697859635,1404,69012,660,71076
8038,234988697975569,234988697976977,234988698046051,234988698046741,1408,69074,690,71172
8039,234988698171347,234988698173729,234988698244235,234988698244897,2382,70506,662,73550
8040,234988698360863,234988698363173,234988698433679,234988698434363,2310,70506,684,73500
8041,234988698549731,234988698551153,234988698620881,234988698621601,1422,69728,720,71870
8042,234988698737381,234988698738811,234988698808847,234988698809509,1430,70036,662,72128
8043,234988698925393,234988698926819,234988698996151,234988698996857,1426,69332,706,71464
8044,234988699112815,234988699114903,234988699185143,234988699185799,2088,70240,656,72984
8045,234988699301057,234988699302829,234988699370311,234988699370989,1772,67482,678,69932
8046,234988699486921,234988699488361,234988699556827,234988699557491,1440,68466,664,70570
8047,234988699673135,234988699674535,234988699746853,234988699747499,1400,72318,646,74364
8048,234988699863407,234988699865791,234988699935713,234988699936375,2384,69922,662,72968
8049,234988700061175,234988700062615,234988700132863,234988700133541,1440,70248,678,72366
8050,234988700249795,234988700251325,234988700320151,234988700320843,1530,68826,692,71048
8051,234988700452829,234988700454217,234988700525447,234988700526139,1388,71230,692,73310
8052,234988700645897,234988700647327,234988700718041,234988700718707,1430,70714,666,72810
8053,234988700834045,234988700835467,234988700906555,234988700907223,1422,71088,668,73178
8054,234988701022283,234988701024109,234988701093803,234988701094459,1826,69694,656,72176
8055,234988701209755,234988701212393,234988701280681,234988701281359,2638,68288,678,71604
8056,234988701396751,234988701398179,234988701467221,234988701467881,1428,69042,660,71130
8057,234988701583639,234988701585067,234988701654599,234988701655247,1428,69532,648,71608
8058,234988701771331,234988701772747,234988701842255,234988701842923,1416,69508,668,71592
8059,234988701959189,234988701960949,234988702029325,234988702029997,1760,68376,672,70808
8060,234988702154965,234988702156445,234988702225777,234988702226449,1480,69332,672,71484
8061,234988702342027,234988702343413,234988702414973,234988702415641,1386,71560,668,73614
8062,234988702531367,234988702532723,234988702606147,234988702606813,1356,73424,666,75446
8063,234988702723069,234988702724485,234988702796291,234988702796953,1416,71806,662,73884
8064,234988702912475,234988702913887,234988702983373,234988702984043,1412,69486,670,71568
8065,234988703100301,234988703101757,234988703170489,234988703171173,1456,68732,684,70872
8066,234988703287499,234988703289205,234988703320405,234988703321041,1706,31200,636,33542
8067,234988703457851,234988703459791,234988703530157,234988703530837,1940,70366,680,72986
8068,234988703646793,234988703648221,234988703718551,234988703719235,1428,70330,684,72442
8069,234988703835581,234988703837857,234988703907167,234988703907851,2276,69310,684,72270
8070,234988704032089,234988704033551,234988704101825,234988704102499,1462,68274,674,70410
8071,234988704218251,234988704219643,234988704293399,234988704294095,1392,73756,696,75844
8072,234988704409721,234988704411131,234988704483047,234988704483709,1410,71916,662,73988
8073,234988704599365,234988704600761,234988704671893,234988704672529,1396,71132,636,73164
8074,234988704787975,234988704789389,234988704860399,234988704861079,1414,71010,680,73104
8075,234988704976301,234988704977713,234988705046837,234988705047505,1412,69124,668,71204
8076,234988705163695,234988705165133,234988705236395,234988705237073,1438,71262,678,73378
8077,234988705352755,234988705355113,234988705425475,234988705426153,2358,70362,678,73398
8078,234988705541951,234988705543373,234988705612987,234988705613645,1422,69614,658,71694
8079,234988705729873,234988705731451,234988705802989,234988705803653,1578,71538,664,73780
8080,234988705928843,234988705931485,234988705999579,234988706000269,2642,68094,690,71426
8081,234988706116633,234988706118061,234988706188447,234988706189137,1428,70386,690,72504
8082,234988706304781,234988706306095,234988706385287,234988706385907,1314,79192,620,81126
8083,234988706509747,234988706511179,234988706582579,234988706583247,1432,71400,668,73500
8084,234988706699309,234988706701667,234988706772067,234988706772727,2358,70400,660,73418
8085,234988706888699,234988706890643,234988706962159,234988706962819,1944,71516,660,74120
8086,234988707078895,234988707080341,234988707149033,234988707149693,1446,68692,660,70798
8087,234988707265501,234988707266921,234988707338315,234988707338971,1420,71394,656,73470
8088,234988707455303,234988707457595,234988707526813,234988707527491,2292,69218,678,72188
8089,234988707643799,234988707645245,234988707715657,234988707716321,1446,70412,664,72522
8090,234988707840173,234988707841591,234988707913453,234988707914117,1418,71862,664,73944
8091,234988708030405,234988708032407,234988708102513,234988708103171,2002,70106,658,72766
8092,234988708218673,234988708220977,234988708286983,234988708287635,2304,66006,652,68962
8093,234988708403611,234988708405033,234988708474607,234988708475269,1422,69574,662,71658
8094,234988708591499,234988708592917,234988708662287,234988708662959,1418,69370,672,71460
8095,234988708778705,234988708780139,234988708849151,234988708849813,1434,69012,662,71108
8096,234988708965521,234988708966949,234988709039809,234988709040509,1428,72860,700,74988
8097,234988709156173,234988709158501,234988709228137,234988709228833,2328,69636,696,72660
8098,234988709345299,234988709347627,234988709415377,234988709416055,2328,67750,678,70756
8099,234988709540153,234988709541541,234988709613377,234988709614027,1388,71836,650,73874
8100,234988709745691,234988709747117,234988709818207,234988709818883,1426,71090,676,73192
8101,234988709934581,234988709935999,234988710004499,234988710005177,1418,68500,678,70596
8102,234988710120827,234988710122623,234988710194087,234988710194755,1796,71464,668,73928
8103,234988710310487,234988710311879,234988710385115,234988710385787,1392,73236,672,75300
8104,234988710501653,234988710504193,234988710574517,234988710575215,2540,70324,698,73562
8105,234988710691001,234988710692461,234988710762005,234988710762669,1460,69544,664,71668
8106,234988710878549,234988710879977,234988710949825,234988710950473,1428,69848,648,71924
8107,234988711066391,234988711068671,234988711137955,234988711138625,2280,69284,670,72234
8108,234988711254383,234988711256687,234988711326725,234988711327355,2304,70038,630,72972
8109,234988711443955,234988711446709,234988711514719,234988711515403,2754,68010,684,71448
8110,234988711640033,234988711641443,234988711711885,234988711712555,1410,70442,670,72522
8111,234988711828685,234988711831003,234988711901095,234988711901749,2318,70092,654,73064
8112,234988712025803,234988712027221,234988712098357,234988712099021,1418,71136,664,73218
8113,234988712214955,234988712217259,234988712286985,234988712287657,2304,69726,672,72702
8114,234988712403829,234988712405279,234988712475811,234988712476491,1450,70532,680,72662
8115,234988712600191,234988712601619,234988712673691,234988712674345,1428,72072,654,74154
8116,234988712789909,234988712791331,234988712863063,234988712863715,1422,71732,652,73806
8117,234988712979323,234988712981605,234988713051275,234988713051967,2282,69670,692,72644
8118,234988713168209,234988713170605,234988713240845,234988713241505,2396,70240,660,73296
8119,234988713357947,234988713360043,234988713428761,234988713429437,2096,68718,676,71490
8120,234988713559945,234988713561377,234988713632891,234988713633565,1432,71514,674,73620
8121,234988713749147,234988713750617,234988713819809,234988713820477,1470,69192,668,71330
8122,234988713936187,234988713937615,234988714008829,234988714009501,1428,71214,672,73314
8123,234988714125563,234988714127383,234988714198837,234988714199509,1820,71454,672,73946
8124,234988714315817,234988714317241,234988714385615,234988714386301,1424,68374,686,70484
8125,234988714502681,234988714504087,234988714575725,234988714576393,1406,71638,668,73712
8126,234988714692019,234988714693475,234988714762673,234988714763333,1456,69198,660,71314
8127,234988714878965,234988714881241,234988714952293,234988714952941,2276,71052,648,73976
8128,234988715069405,234988715070827,234988715140639,234988715141299,1422,69812,660,71894
8129,234988715257147,234988715258587,234988715328785,234988715329465,1440,70198,680,72318
8130,234988715465513,234988715466955,234988715537585,234988715538257,1442,70630,672,72744
8131,234988715654629,234988715656007,234988715727475,234988715728141,1378,71468,666,73512
8132,234988715844311,234988715845765,234988715916199,234988715916841,1454,70434,642,72530
8133,234988716032845,234988716034285,234988716102553,234988716103199,1440,68268,646,70354
8134,234988716219565,234988716221915,234988716292039,234988716292693,2350,70124,654,73128
8135,234988716408359,234988716409771,234988716479939,234988716480607,1412,70168,668,72248
8136,234988716597061,234988716599369,234988716668153,234988716668797,2308,68784,644,71736
8137,234988716784889,234988716786337,234988716857105,234988716857735,1448,70768,630,72846
8138,234988716973901,234988716975341,234988717046861,234988717047521,1440,71520,660,73620
8139,234988717163189,234988717164593,234988717232743,234988717233455,1404,68150,712,70266
8140,234988717358495,234988717359893,234988717430731,234988717431425,1398,70838,694,72930
8141,234988717547287,234988717548715,234988717619971,234988717620619,1428,71256,648,73332
8142,234988717735921,234988717737353,234988717807087,234988717807693,1432,69734,606,71772
8143,234988717923623,234988717925053,234988717996265,234988717996943,1430,71212,678,73320
8144,234988718113231,234988718114689,234988718185949,234988718186621,1458,71260,672,73390
8145,234988718302531,234988718303977,234988718374427,234988718375117,1446,70450,690,72586
8146,234988718499283,234988718501963,234988718572345,234988718573005,2680,70382,660,73722
8147,234988718689633,234988718691091,234988718759759,234988718760421,1458,68668,662,70788
8148,234988718876501,234988718877919,234988718949331,234988718949985,1418,71412,654,73484
8149,234988719065387,234988719066871,234988719137189,234988719137827,1484,70318,638,72440
8150,234988719262265,234988719263689,234988719333451,234988719334115,1424,69762,664,71850
8151,234988719450041,234988719451463,234988719521839,234988719522517,1422,70376,678,72476
8152,234988719637765,234988719640057,234988719708853,234988719709523,2292,68796,670,71758
8153,234988719826015,234988719827459,234988719896519,234988719897205,1444,69060,686,71190
8154,234988720013291,234988720014735,234988720084913,234988720085579,1444,70178,666,72288
8155,234988720201723,234988720203121,234988720273559,234988720274233,1398,70438,674,72510
8156,234988720390313,234988720392139,234988720460405,234988720461073,1826,68266,668,70760
8157,234988720577137,234988720578569,234988720650209,234988720650865,1432,71640,656,73728
8158,234988720774933,234988720776347,234988720846615,234988720847275,1414,70268,660,72342
8159,234988720963741,234988720965185,234988721033179,234988721033845,1444,67994,666,70104
8160,234988721149697,234988721151979,234988721220691,234988721221379,2282,68712,688,71682
8161,234988721345795,234988721347165,234988721418979,234988721419649,1370,71814,670,73854
8162,234988721544133,234988721545571,234988721615765,234988721616449,1438,70194,684,72316
8163,234988721732077,234988721733481,234988721804281,234988721804929,1404,70800,648,72852
8164,234988721921115,234988721922547,234988721992057,234988721992723,1432,69510,666,71608
8165,234988722108383,234988722110717,234988722179237,234988722179879,2334,68520,642,71496
8166,234988722295933,234988722297343,234988722367609,234988722368285,1410,70266,676,72352
8167,234988722484319,234988722486757,234988722555415,234988722556097,2438,68658,682,71778
8168,234988722671747,234988722673147,234988722743449,234988722744107,1400,70302,658,72360
8169,234988722859871,234988722861277,234988722932327,234988722932971,1406,71050,644,73100
8170,234988723049221,234988723050679,234988723119859,234988723120521,1458,69180,662,71300
8171,234988723245799,234988723247231,234988723316245,234988723316911,1432,69014,666,71112
8172,234988723433237,234988723435519,234988723503133,234988723503805,2282,67614,672,70568
8173,234988723619567,234988723620995,234988723691065,234988723691749,1428,70070,684,72182
8174,234988723806901,234988723809191,234988723879979,234988723880635,2290,70788,656,73734
8175,234988723996685,234988723998631,234988724067101,234988724067743,1946,68470,642,71058
8176,234988724183711,234988724185787,234988724254913,234988724255587,2076,69126,674,71876
8177,234988724370865,234988724372329,234988724441993,234988724442679,1464,69664,686,71814
8178,234988724565667,234988724567065,234988724638033,234988724638705,1398,70968,672,73038
8179,234988724754907,234988724757179,234988724825501,234988724826163,2272,68322,662,71256
8180,234988724942147,234988724943599,234988725013903,234988725014555,1452,70304,652,72408
8181,234988725139147,234988725141451,234988725209863,234988725210521,2304,68412,658,71374
8182,234988725326651,234988725328969,234988725398327,234988725398999,2318,69358,672,72348
8183,234988725514765,234988725516211,234988725584333,234988725585023,1446,68122,690,70258
8184,234988725700309,234988725701743,234988725771199,234988725771857,1434,69456,658,71548
8185,234988725887527,234988725888967,234988725959083,234988725959771,1440,70116,688,72244
8186,234988726075373,234988726077157,234988726149763,234988726150435,1784,72606,672,75062
8187,234988726266631,234988726268057,234988726339385,234988726340035,1426,71328,650,73404
8188,234988726455745,234988726457741,234988726529257,234988726529939,1996,71516,682,74194
8189,234988726645669,234988726647065,234988726719613,234988726720295,1396,72548,682,74626
8190,234988726836323,234988726839241,234988726907803,234988726908469,2918,68562,666,72146
8191,234988727032183,234988727033605,234988727103563,234988727104237,1422,69958,674,72054
8192,234988727219767,234988727221165,234988727291839,234988727292513,1398,70674,674,72746
8193,234988727420095,234988727421503,234988727492291,234988727492983,1408,70788,692,72888
8194,234988727609357,234988727612117,234988727680739,234988727681401,2760,68622,662,72044
8195,234988727798081,234988727799515,234988727869963,234988727870633,1434,70448,670,72552
8196,234988727986519,234988727988819,234988728057283,234988728057955,2300,68464,672,71436
8197,234988728173965,234988728176365,234988728244663,234988728245311,2400,68298,648,71346
8198,234988728361775,234988728363189,234988728432101,234988728432749,1414,68912,648,70974
8199,234988728548765,234988728550147,234988728621923,234988728622609,1382,71776,686,73844
8200,234988728738875,234988728741199,234988728814067,234988728814711,2324,72868,644,75836
8201,234988728939991,234988728941389,234988729011145,234988729011821,1398,69756,676,71830
8202,234988729127303,234988729128745,234988729197301,234988729197961,1442,68556,660,70658
8203,234988729321693,234988729323973,234988729394017,234988729394689,2280,70044,672,72996
8204,234988729510177,234988729511611,234988729581389,234988729582055,1434,69778,666,71878
8205,234988729698083,234988729699483,234988729769023,234988729769717,1400,69540,694,71634
8206,234988729885621,234988729887019,234988729957489,234988729958155,1398,70470,666,72534
8207,234988730073877,234988730075885,234988730145133,234988730145833,2008,69248,700,71956
8208,234988730262223,234988730263649,234988730331811,234988730332463,1426,68162,652,70240
8209,234988730456407,234988730457815,234988730529667,234988730530339,1408,71852,672,73932
8210,234988730646335,234988730648663,234988730718461,234988730719125,2328,69798,664,72790
8211,234988730843627,234988730845027,234988730913391,234988730914069,1400,68364,678,70442
8212,234988731029755,234988731032105,234988731099959,234988731100645,2350,67854,686,70890
8213,234988731216823,234988731218221,234988731289433,234988731290129,1398,71212,696,73306
8214,234988731405817,234988731407245,234988731476579,234988731477257,1428,69334,678,71440
8215,234988731593725,234988731595061,234988731666043,234988731666703,1336,70982,660,72978
8216,234988731782243,234988731783643,234988731851699,234988731852349,1400,68056,650,70106
8217,234988731968491,234988731969925,234988732039607,234988732040267,1434,69682,660,71776
8218,234988732156087,234988732157531,234988732226017,234988732226677,1444,68486,660,70590
8219,234988732342427,234988732343809,234988732415141,234988732415815,1382,71332,674,73388
8220,234988732531873,234988732533277,234988732604933,234988732605617,1404,71656,684,73744
8221,234988732736915,234988732739323,234988732809383,234988732810033,2408,70060,650,73118
8222,234988732925237,234988732926653,234988732996759,234988732997437,1416,70106,678,72200
8223,234988733113633,234988733115069,234988733186831,234988733187509,1436,71762,678,73876
8224,234988733303863,234988733305249,234988733375609,234988733376263,1386,70360,654,72400
8225,234988733500765,234988733503085,234988733572571,234988733573227,2320,69486,656,72462
8226,234988733689199,234988733690671,234988733760083,234988733760761,1472,69412,678,71562
8227,234988733877757,234988733879179,234988733950399,234988733951059,1422,71220,660,73302
8228,234988734067171,234988734069095,234988734140581,234988734141239,1924,71486,658,74068
8229,234988734256685,234988734258163,234988734328837,234988734329515,1478,70674,678,72830
8230,234988734445649,234988734447017,234988734519065,234988734519727,1368,72048,662,74078
8231,234988734644057,234988734645457,234988734716195,234988734716831,1400,70738,636,72774
8232,234988734833437,234988734835583,234988734907657,234988734908315,2146,72074,658,74878
8233,234988735024397,234988735025833,234988735096711,234988735097377,1436,70878,666,72980
8234,234988735213487,234988735214929,234988735284097,234988735284775,1442,69168,678,71288
8235,234988735400971,234988735403377,234988735471849,234988735472557,2406,68472,708,71586
8236,234988735588045,234988735589419,234988735663247,234988735663913,1374,73828,666,75868
8237,234988735779761,234988735781179,234988735850963,234988735851653,1418,69784,690,71892
8238,234988735967639,234988735969033,234988736038613,234988736039281,1394,69580,668,71642
8239,234988736154955,234988736157241,234988736226965,234988736227637,2286,69724,672,72682
8240,234988736343775,234988736345191,234988736416345,234988736417005,1416,71154,660,73230
8241,234988736549887,234988736551535,234988736621225,234988736621887,1648,69690,662,72000
8242,234988736737757,234988736739175,234988736810587,234988736811249,1418,71412,662,73492
8243,234988736927283,234988736928695,234988736998549,234988736999251,1412,69854,702,71968
8244,234988737114853,234988737116279,234988737185891,234988737186521,1426,69612,630,71668
8245,234988737303047,234988737304483,234988737373483,234988737374159,1436,69000,676,71112
8246,234988737490387,234988737491831,234988737560791,234988737561455,1444,68960,664,71068
8247,234988737677327,234988737679697,234988737750031,234988737750683,2370,70334,652,73356
8248,234988737866753,234988737868193,234988737942193,234988737942811,1440,74000,618,76058
8249,234988738066435,234988738067971,234988738137329,234988738138013,1536,69358,684,71578
8250,234988738253887,234988738255403,234988738323875,234988738324549,1516,68472,674,70662
8251,234988738448725,234988738450135,234988738519979,234988738520651,1410,69844,672,71926
8252,234988738636481,234988738637903,234988738707173,234988738707841,1422,69270,668,71360
8253,234988738823695,234988738825139,234988738894391,234988738895045,1444,69252,654,71350
8254,234988739011129,234988739012563,234988739082301,234988739082971,1434,69738,670,71842
8255,234988739198807,234988739201131,234988739271661,234988739272327,2324,70530,666,73520
8256,234988739402963,234988739404431,234988739474765,234988739475463,1468,70334,698,72500
8257,234988739591399,234988739592847,234988739662819,234988739663507,1448,69972,688,72108
8258,234988739779367,234988739780797,234988739850683,234988739851343,1430,69886,660,71976
8259,234988739967061,234988739968457,234988740036205,234988740036887,1396,67748,682,69826
8260,234988740153425,234988740154879,234988740223795,234988740224453,1454,68916,658,71028
8261,234988740340393,234988740341831,234988740411157,234988740411829,1438,69326,672,71436
8262,234988740536213,234988740537647,234988740607415,234988740608093,1434,69768,678,71880
8263,234988740723661,234988740725833,234988740797773,234988740798433,2172,71940,660,74772
8264,234988740914809,234988740916207,234988740986701,234988740987367,1398,70494,666,72558
8265,234988741103323,234988741104745,234988741175831,234988741176515,1422,71086,684,73192
8266,234988741292669,234988741294135,234988741365695,234988741366351,1466,71560,656,73682
8267,234988741481801,234988741483243,234988741551841,234988741552507,1442,68598,666,70706
8268,234988741668319,234988741669727,234988741740877,234988741741567,1408,71150,690,73248
8269,234988741857481,234988741858915,234988741932595,234988741933255,1434,73680,660,75774
8270,234988742049211,234988742050651,234988742122373,234988742123051,1440,71722,678,73840
8271,234988742239207,234988742240611,234988742312405,234988742313049,1404,71794,644,73842
8272,234988742445481,234988742448331,234988742516957,234988742517655,2850,68626,698,72174
8273,234988742632831,234988742635637,234988742704549,234988742705239,2806,68912,690,72408
8274,234988742821541,234988742822987,234988742893505,234988742894171,1446,70518,666,72630
8275,234988743009991,234988743012331,234988743080293,234988743081047,2340,67962,754,71056
8276,234988743197287,234988743198709,234988743269801,234988743270451,1422,71092,650,73164
8277,234988743385957,234988743387355,234988743459587,234988743460263,1398,72232,676,74306
8278,234988743575605,234988743577409,234988743647987,234988743648649,1804,70578,662,73044
8279,234988743764161,234988743765577,234988743837299,234988743837959,1416,71722,660,73798
8280,234988743953489,234988743954925,234988744024883,234988744025539,1436,69958,656,72050
8281,234988744140473,234988744142785,234988744212949,234988744213619,2312,70164,670,73146
8282,234988744338769,234988744340413,234988744367815,234988744368475,1644,27402,660,29706
8283,234988744484617,234988744486049,234988744555243,234988744555931,1432,69194,688,71314
8284,234988744672385,234988744673843,234988744743805,234988744744433,1458,69962,628,72048
8285,234988744860301,234988744862623,234988744931087,234988744931765,2322,68464,678,71464
8286,234988745047879,234988745049311,234988745121323,234988745121971,1432,72012,648,74092
8287,234988745237735,234988745239835,234988745312003,234988745312657,2100,72168,654,74922
8288,234988745436527,234988745437993,234988745507039,234988745507701,1466,69046,662,71174
8289,234988745624665,234988745626667,234988745693749,234988745694431,2002,67082,682,69766
8290,234988745810699,234988745813011,234988745882075,234988745882737,2312,69064,662,72038
8291,234988745999021,234988746000431,234988746071261,234988746071935,1410,70830,674,72914
8292,234988746196663,234988746198091,234988746269501,234988746270155,1428,71410,654,73492
8293,234988746386377,234988746388657,234988746458579,234988746459181,2280,69922,602,72804
8294,234988746582845,234988746584273,234988746655691,234988746656359,1428,71418,668,73514
8295,234988746772403,234988746774127,234988746845233,234988746845887,1724,71106,654,73484
8296,234988746961789,234988746963221,234988747033691,234988747034377,1432,70470,686,72588
8297,234988747150139,234988747151575,234988747219835,234988747220485,1436,68260,650,70346
8298,234988747336565,234988747338013,234988747408045,234988747408697,1448,70032,652,72132
8299,234988747525433,234988747526867,234988747597055,234988747597723,1434,70188,668,72290
8300,234988747713773,234988747715159,234988747786351,234988747786993,1386,71192,642,73220
8301,234988747902799,234988747904251,234988747974773,234988747975399,1452,70522,626,72600
8302,234988748099767,234988748101199,234988748170037,234988748170715,1432,68838,678,70948
8303,234988748287039,234988748288381,234988748359997,234988748360641,1342,71616,644,73602
8304,234988748484407,234988748485861,234988748553101,234988748553763,1454,67240,662,69356
8305,234988748669957,234988748671373,234988748741723,234988748742391,1416,70350,668,72434
8306,234988748858363,234988748860679,234988748931625,234988748932309,2316,70946,684,73946
8307,234988749048157,234988749050297,234988749121603,234988749122257,2140,71306,654,74100
8308,234988749238255,234988749239677,234988749309109,234988749309767,1422,69432,658,71512
8309,234988749426025,234988749427465,234988749497039,234988749497713,1440,69574,674,71688
8310,234988749614443,234988749615853,234988749688223,234988749688877,1410,72370,654,74434
8311,234988749803989,234988749805405,234988749877957,234988749878627,1416,72552,670,74638
8312,234988750003237,234988750004645,234988750075483,234988750076155,1408,70838,672,72918
8313,234988750191965,234988750193459,234988750262593,234988750263259,1494,69134,666,71294
8314,234988750379059,234988750380721,234988750453903,234988750454545,1662,73182,642,75486
8315,234988750570531,234988750571953,234988750641905,234988750642561,1422,69952,656,72030
8316,234988750758431,234988750760749,234988750833493,234988750834159,2318,72744,666,75728
8317,234988750950179,234988750951601,234988751021861,234988751022551,1422,70260,690,72372
8318,234988751138929,234988751140373,234988751209385,234988751210041,1444,69012,656,71112
8319,234988751326387,234988751327803,234988751397995,234988751398651,1416,70192,656,72264
8320,234988751522141,234988751524493,234988751593945,234988751594623,2352,69452,678,72482
8321,234988751710727,234988751712067,234988751782811,234988751783501,1340,70744,690,72774
8322,234988751908243,234988751909671,234988751982199,234988751982875,1428,72528,676,74632
8323,234988752098669,234988752100121,234988752170191,234988752170875,1452,70070,684,72206
8324,234988752286783,234988752289063,234988752360107,234988752360793,2280,71044,686,74010
8325,234988752477983,234988752479413,234988752548551,234988752549199,1430,69138,648,71216
8326,234988752665675,234988752667091,234988752737225,234988752737927,1416,70134,702,72252
8327,234988752854083,234988752856379,234988752925631,234988752926297,2296,69252,666,72214
8328,234988753042361,234988753043779,234988753115455,234988753116145,1418,71676,690,73784
8329,234988753231799,234988753234153,234988753303375,234988753304065,2354,69222,690,72266
8330,234988753420169,234988753421569,234988753494989,234988753495643,1400,73420,654,75474
8331,234988753611191,234988753612717,234988753682263,234988753682945,1526,69546,682,71754
8332,234988753808273,234988753809697,234988753879753,234988753880401,1424,70056,648,72128
8333,234988753996291,234988753997725,234988754067349,234988754068027,1434,69624,678,71736
8334,234988754184095,234988754185517,234988754253799,234988754254489,1422,68282,690,70394
8335,234988754380615,234988754382023,234988754452457,234988754453161,1408,70434,704,72546
8336,234988754569277,234988754571545,234988754639459,234988754640127,2268,67914,668,70850
8337,234988754756203,234988754757611,234988754827457,234988754828101,1408,69846,644,71898
8338,234988754944105,234988754946505,234988755016555,234988755017225,2400,70050,670,73120
8339,234988755132899,234988755134859,234988755206347,234988755207035,1960,71488,688,74136
8340,234988755331879,234988755333361,234988755401177,234988755401851,1482,67816,674,69972
8341,234988755517511,234988755518939,234988755587789,234988755588449,1428,68850,660,70938
8342,234988755720811,234988755722225,234988755792875,234988755793547,1414,70650,672,72736
8343,234988755909551,234988755910997,234988755979579,234988755980255,1446,68582,676,70704
8344,234988756096519,234988756097927,234988756166839,234988756167527,1408,68912,688,71008
8345,234988756283497,234988756284895,234988756358101,234988756358783,1398,73206,682,75286
8346,234988756474625,234988756476067,234988756545817,234988756546495,1442,69750,678,71870
8347,234988756662491,234988756664783,234988756734067,234988756734757,2292,69284,690,72266
8348,234988756850761,234988756852229,234988756921091,234988756921729,1468,68862,638,70968
8349,234988757037925,234988757039359,234988757110289,234988757110943,1434,70930,654,73018
8350,234988757227043,234988757228465,234988757299425,234988757300123,1422,70960,698,73080
8351,234988757423647,234988757425075,234988757494283,234988757494949,1428,69208,666,71302
8352,234988757619769,234988757622043,234988757690191,234988757690827,2274,68148,636,71058
8353,234988757806931,234988757808367,234988757877551,234988757878241,1436,69184,690,71310
8354,234988757993783,234988757996065,234988758066929,234988758067579,2282,70864,650,73796
8355,234988758183395,234988758185327,234988758253465,234988758254165,1932,68138,700,70770
8356,234988758369757,234988758371201,234988758443717,234988758444385,1444,72516,668,74628
8357,234988758560459,234988758561883,234988758631463,234988758632147,1424,69580,684,71688
8358,234988758748651,234988758750091,234988758817801,234988758818479,1440,67710,678,69828
8359,234988758934819,234988758936269,234988759004899,234988759005559,1450,68630,660,70740
8360,234988759121647,234988759123951,234988759191103,234988759191775,2304,67152,672,70128
8361,234988759307751,234988759309465,234988759378061,234988759378711,1714,68596,650,70960
8362,234988759494919,234988759496831,234988759567175,234988759567865,1912,70344,690,72946
8363,234988759691845,234988759693243,234988759764901,234988759765573,1398,71658,672,73728
8364,234988759881085,234988759882481,234988759952311,234988759952981,1396,69830,670,71896
8365,234988760068601,234988760070551,234988760141851,234988760142517,1950,71300,666,73916
8366,234988760258759,234988760261071,234988760331403,234988760332079,2312,70332,676,73320
8367,234988760456989,234988760459329,234988760528341,234988760528989,2340,69012,648,72000
8368,234988760645053,234988760646485,234988760715919,234988760716577,1432,69434,658,71524
8369,234988760832251,234988760833697,234988760902405,234988760903065,1446,68708,660,70814
8370,234988761019517,234988761020965,234988761091367,234988761092035,1448,70402,668,72518
8371,234988761208397,234988761209849,234988761279881,234988761280541,1452,70032,660,72144
8372,234988761396641,234988761398099,234988761465263,234988761465911,1458,67164,648,69270
8373,234988761590749,234988761592171,234988761664357,234988761665041,1422,72186,684,74292
8374,234988761780553,234988761781975,234988761852025,234988761852689,1422,70050,664,72136
8375,234988761968621,234988761970069,234988762040971,234988762041619,1448,70902,648,72998
8376,234988762157731,234988762159205,234988762228447,234988762229123,1474,69242,676,71392
8377,234988762345051,234988762347341,234988762415635,234988762416295,2290,68294,660,71244
8378,234988762532531,234988762533997,234988762601915,234988762602583,1466,67918,668,70052
8379,234988762718459,234988762719911,234988762790551,234988762791221,1452,70640,670,72762
8380,234988762906777,234988762908209,234988762978529,234988762979201,1432,70320,672,72424
8381,234988763094535,234988763095907,234988763169089,234988763169745,1372,73182,656,75210
8382,234988763285783,234988763288183,234988763358511,234988763359195,2400,70328,684,73412
8383,234988763491343,234988763493655,234988763563633,234988763564309,2312,69978,676,72966
8384,234988763679595,234988763681003,234988763752579,234988763753219,1408,71576,640,73624
8385,234988763878471,234988763879855,234988763950469,234988763951149,1384,70614,680,72678
8386,234988764066775,234988764069041,234988764138089,234988764138853,2266,69048,764,72078
8387,234988764254551,234988764255947,234988764327143,234988764327829,1396,71196,686,73278
8388,234988764443809,234988764445241,234988764516107,234988764516781,1432,70866,674,72972
8389,234988764632161,234988764633581,234988764704141,234988764704815,1420,70560,674,72654
8390,234988764820775,234988764823069,234988764890017,234988764890687,2294,66948,670,69912
8391,234988765006591,234988765008055,234988765077083,234988765077745,1464,69028,662,71154
8392,234988765193911,234988765195291,234988765266209,234988765266907,1380,70918,698,72996
8393,234988765391209,234988765392715,234988765466161,234988765466833,1506,73446,672,75624
8394,234988765583023,234988765584457,234988765653643,234988765654309,1434,69186,666,71286
8395,234988765770635,234988765772017,234988765843709,234988765844369,1382,71692,660,73734
8396,234988765960097,234988765961497,234988766031623,234988766032287,1400,70126,664,72190
8397,234988766148659,234988766151041,234988766219671,234988766220371,2382,68630,700,71712
8398,234988766350241,234988766351707,234988766420327,234988766420993,1466,68620,666,70752
8399,234988766536987,234988766539381,234988766609441,234988766610085,2394,70060,644,73098
8400,234988766726041,234988766727547,234988766797855,234988766798509,1506,70308,654,72468
8401,234988766914615,234988766916025,234988766983411,234988766984095,1410,67386,684,69480
8402,234988767099769,234988767101905,234988767172109,234988767172807,2136,70204,698,73038
8403,234988767297835,234988767299267,234988767369799,234988767370465,1432,70532,666,72630
8404,234988767486493,234988767488843,234988767560383,234988767561041,2350,71540,658,74548
8405,234988767677185,234988767678665,234988767744623,234988767745313,1480,65958,690,68128
8406,234988767861293,234988767863591,234988767934163,234988767934841,2298,70572,678,73548
8407,234988768050745,234988768052171,234988768121393,234988768122071,1426,69222,678,71326
8408,234988768237823,234988768239221,234988768310927,234988768311607,1398,71706,680,73784
8409,234988768427447,234988768429721,234988768498343,234988768499033,2274,68622,690,71586
8410,234988768615195,234988768616617,234988768686377,234988768687073,1422,69760,696,71878
8411,234988768803005,234988768805437,234988768875169,234988768875839,2432,69732,670,72834
8412,234988768991921,234988768993487,234988769064547,234988769065193,1566,71060,646,73272
8413,234988769189413,234988769190841,234988769262473,234988769263133,1428,71632,660,73720
8414,234988769387281,234988769388689,234988769458291,234988769458963,1408,69602,672,71682
8415,234988769574341,234988769575753,234988769646479,234988769647171,1412,70726,692,72830
8416,234988769763103,234988769764537,234988769833721,234988769834389,1434,69184,668,71286
8417,234988769949889,234988769951371,234988770020249,234988770020929,1482,68878,680,71040
8418,234988770137083,234988770138551,234988770205777,234988770206447,1468,67226,670,69364
8419,234988770322607,234988770324011,234988770393257,234988770393929,1404,69246,672,71322
8420,234988770509591,234988770511933,234988770580613,234988770581311,2342,68680,698,71720
8421,234988770697417,234988770698879,234988770767269,234988770767905,1462,68390,636,70488
8422,234988770883777,234988770885205,234988770954967,234988770955649,1428,69762,682,71872
8423,234988771080613,234988771081985,234988771150687,234988771151357,1372,68702,670,70744
8424,234988771267391,234988771269689,234988771336603,234988771337279,2298,66914,676,69888
8425,234988771453447,234988771454869,234988771524713,234988771525345,1422,69844,632,71898
8426,234988771641119,234988771642555,234988771711657,234988771712321,1436,69102,664,71202
8427,234988771829077,234988771830499,234988771901575,234988771902223,1422,71076,648,73146
8428,234988772018015,234988772020093,234988772090401,234988772091047,2078,70308,646,73032
8429,234988772206667,234988772208107,234988772279443,234988772280115,1440,71336,672,73448
8430,234988772404421,234988772405857,234988772475701,234988772476373,1436,69844,672,71952
8431,234988772601499,234988772602877,234988772674433,234988772675111,1378,71556,678,73612
8432,234988772791313,234988772794213,234988772861839,234988772862539,2900,67626,700,71226
8433,234988772987047,234988772989393,234988773058957,234988773059623,2346,69564,666,72576
8434,234988773175915,234988773177371,234988773246839,234988773247523,1456,69468,684,71608
8435,234988773363173,234988773364619,234988773432623,234988773433285,1446,68004,662,70112
8436,234988773549349,234988773550783,234988773619253,234988773619895,1434,68470,642,70546
8437,234988773736919,234988773738335,234988773807677,234988773808349,1416,69342,672,71430
8438,234988773924317,234988773925735,234988773995707,234988773996343,1418,69972,636,72026
8439,234988774112033,234988774113391,234988774186333,234988774187015,1358,72942,682,74982
8440,234988774302973,234988774304383,234988774377109,234988774377773,1410,72726,664,74800
8441,234988774493839,234988774495259,234988774564997,234988774565681,1420,69738,684,71842
8442,234988774681645,234988774683083,234988774750927,234988774751597,1438,67844,670,69952
8443,234988774881865,234988774883425,234988774952635,234988774953295,1560,69210,660,71430
8444,234988775069615,234988775071033,234988775142277,234988775142961,1418,71244,684,73346
8445,234988775259049,234988775260459,234988775332507,234988775333185,1410,72048,678,74136
8446,234988775457935,234988775459339,234988775531143,234988775531827,1404,71804,684,73892
8447,234988775648105,234988775650223,234988775718653,234988775719333,2118,68430,680,71228
8448,234988775835361,234988775837509,234988775905637,234988775906315,2148,68128,678,70954
8449,234988776022349,234988776023813,234988776093691,234988776094357,1464,69878,666,72008
8450,234988776210829,234988776212461,234988776281195,234988776281849,1632,68734,654,71020
8451,234988776398155,234988776400825,234988776471563,234988776472217,2670,70738,654,74062
8452,234988776587897,234988776589321,234988776660185,234988776660887,1424,70864,702,72990
8453,234988776785251,234988776787589,234988776859537,234988776860179,2338,71948,642,74928
8454,234988776976045,234988776977461,234988777047029,234988777047679,1416,69568,650,71634
8455,234988777163401,234988777164841,234988777234205,234988777234849,1440,69364,644,71448
8456,234988777350425,234988777351877,234988777423477,234988777424149,1452,71600,672,73724
8457,234988777539979,234988777541567,234988777610857,234988777611515,1588,69290,658,71536
8458,234988777727699,234988777729129,234988777799515,234988777800193,1430,70386,678,72494
8459,234988777916771,234988777919051,234988777989085,234988777989763,2280,70034,678,72992
8460,234988778105311,234988778106733,234988778177207,234988778177987,1422,70474,780,72676
8461,234988778294315,234988778295739,234988778364965,234988778365643,1424,69226,678,71328
8462,234988778489891,234988778492219,234988778561983,234988778562653,2328,69764,670,72762
8463,234988778678635,234988778680991,234988778748811,234988778749453,2356,67820,642,70818
8464,234988778875697,234988778877149,234988778947979,234988778948675,1452,70830,696,72978
8465,234988779064097,234988779065515,234988779135301,234988779135967,1418,69786,666,71870
8466,234988779252397,234988779254801,234988779324691,234988779325373,2404,69890,682,72976
8467,234988779441169,234988779443441,234988779513899,234988779514585,2272,70458,686,73416
8468,234988779630401,234988779632695,234988779701945,234988779702581,2294,69250,636,72180
8469,234988779818521,234988779820807,234988779890549,234988779891211,2286,69742,662,72690
8470,234988780007453,234988780009807,234988780078249,234988780078933,2354,68442,684,71480
8471,234988780195129,234988780196537,234988780266217,234988780266859,1408,69680,642,71730
8472,234988780383101,234988780384543,234988780455055,234988780455745,1442,70512,690,72644
8473,234988780571507,234988780572901,234988780645025,234988780645693,1394,72124,668,74186
8474,234988780776301,234988780778629,234988780849263,234988780849903,2328,70634,640,73602
8475,234988780966561,234988780968887,234988781038549,234988781039225,2326,69662,676,72664
8476,234988781163485,234988781164885,234988781236297,234988781236969,1400,71412,672,73484
8477,234988781363791,234988781365195,234988781436241,234988781436919,1404,71046,678,73128
8478,234988781552777,234988781555045,234988781624573,234988781625221,2268,69528,648,72444
8479,234988781741795,234988781743205,234988781813933,234988781814577,1410,70728,644,72782
8480,234988781930411,234988781931811,234988782003047,234988782003703,1400,71236,656,73292
8481,234988782120397,234988782122677,234988782191485,234988782192143,2280,68808,658,71746
8482,234988782308059,234988782309475,234988782380867,234988782381545,1416,71392,678,73486
8483,234988782497267,234988782499549,234988782570221,234988782570871,2282,70672,650,73604
8484,234988782694883,234988782696305,234988782766163,234988782766847,1422,69858,684,71964
8485,234988782882161,234988782883589,234988782952691,234988782953335,1428,69102,644,71174
8486,234988783068995,234988783070455,234988783140029,234988783140697,1460,69574,668,71702
8487,234988783256917,234988783258345,234988783328465,234988783329145,1428,70120,680,72228
8488,234988783444921,234988783447193,234988783517897,234988783518575,2272,70704,678,73654
8489,234988783634639,234988783637421,234988783705801,234988783706471,2782,68380,670,71832
8490,234988783822135,234988783823855,234988783895465,234988783896143,1720,71610,678,74008
8491,234988784012369,234988784013787,234988784086993,234988784087677,1418,73206,684,75308
8492,234988784203807,234988784206153,234988784276689,234988784277377,2346,70536,688,73570
8493,234988784401609,234988784404463,234988784473327,234988784474029,2854,68864,702,72420
8494,234988784598809,234988784600963,234988784672101,234988784672789,2154,71138,688,73980
8495,234988784788825,234988784790281,234988784858729,234988784859389,1456,68448,660,70564
8496,234988784975143,234988784977033,234988785045673,234988785046373,1890,68640,700,71230
8497,234988785162073,234988785163513,234988785234403,234988785235099,1440,70890,696,73026
8498,234988785351079,234988785352483,234988785423947,234988785424607,1404,71464,660,73528
8499,234988785540893,234988785542297,234988785612899,234988785613573,1404,70602,674,72680
8500,234988785729137,234988785730609,234988785800323,234988785800959,1472,69714,636,71822
8501,234988785917413,234988785918793,234988785990409,234988785991081,1380,71616,672,73668
8502,234988786107145,234988786108571,234988786178867,234988786179505,1426,70296,638,72360
8503,234988786296129,234988786297585,234988786366085,234988786366745,1456,68500,660,70616
8504,234988786493407,234988786495735,234988786520767,234988786521461,2328,25032,694,28054
8505,234988786637635,234988786639007,234988786709269,234988786709939,1372,70262,670,72304
8506,234988786825937,234988786828307,234988786898939,234988786899581,2370,70632,642,73644
8507,234988787015129,234988787016571,234988787088043,234988787088671,1442,71472,628,73542
8508,234988787204891,234988787206361,234988787276627,234988787277301,1470,70266,674,72410
8509,234988787401057,234988787402533,234988787469563,234988787470223,1476,67030,660,69166
8510,234988787586811,234988787588507,234988787659247,234988787659907,1696,70740,660,73096
8511,234988787776373,234988787777807,234988787847287,234988787847977,1434,69480,690,71604
8512,234988787964871,234988787966291,234988788036601,234988788037295,1420,70310,694,72424
8513,234988788152987,234988788155303,234988788224697,234988788225373,2316,69394,676,72386
8514,234988788350243,234988788352583,234988788422537,234988788423247,2340,69954,710,73004
8515,234988788539335,234988788541643,234988788611221,234988788611891,2308,69578,670,72556
8516,234988788728297,234988788730193,234988788800795,234988788801451,1896,70602,656,73154
8517,234988788917341,234988788918773,234988788988129,234988788988813,1432,69356,684,71472
8518,234988789104155,234988789105601,234988789175341,234988789175971,1446,69740,630,71816
8519,234988789291957,234988789293415,234988789363073,234988789363751,1458,69658,678,71794
8520,234988789479943,234988789481369,234988789551445,234988789552093,1426,70076,648,72150
8521,234988789668097,234988789670389,234988789741817,234988789742467,2292,71428,650,74370
8522,234988789866253,234988789867733,234988789938167,234988789938839,1480,70434,672,72586
8523,234988790055085,234988790056517,234988790126783,234988790127449,1432,70266,666,72364
8524,234988790252183,234988790253595,234988790325047,234988790325733,1412,71452,686,73550
8525,234988790453407,234988790454869,234988790526979,234988790527657,1462,72110,678,74250
8526,234988790643317,234988790645677,234988790712847,234988790713517,2360,67170,670,70200
8527,234988790829685,234988790831809,234988790902763,234988790903447,2124,70954,684,73762
8528,234988791019375,234988791020791,234988791091715,234988791092377,1416,70924,662,73002
8529,234988791208283,234988791210601,234988791280009,234988791280679,2318,69408,670,72396
8530,234988791396613,234988791398917,234988791468421,234988791469109,2304,69504,688,72496
8531,234988791585025,234988791587149,234988791657077,234988791657779,2124,69928,702,72754
8532,234988791773905,234988791775321,234988791846461,234988791847091,1416,71140,630,73186
8533,234988791963167,234988791964619,234988792035479,234988792036139,1452,70860,660,72972
8534,234988792161113,234988792162535,234988792232701,234988792233355,1422,70166,654,72242
8535,234988792349237,234988792350681,234988792421815,234988792422479,1444,71134,664,73242
8536,234988792538131,234988792539547,234988792606895,234988792607557,1416,67348,662,69426
8537,234988792723529,234988792724957,234988792796771,234988792797451,1428,71814,680,73922
8538,234988792912757,234988792914151,234988792984777,234988792985423,1394,70626,646,72666
8539,234988793101201,234988793102645,234988793172505,234988793173189,1444,69860,684,71988
8540,234988793307061,234988793308699,234988793377541,234988793378167,1638,68842,626,71106
8541,234988793497963,234988793499409,234988793568959,234988793569639,1446,69550,680,71676
8542,234988793685683,234988793687119,234988793757115,234988793757761,1436,69996,646,72078
8543,234988793874277,234988793875673,234988793945245,234988793945921,1396,69572,676,71644
8544,234988794071393,234988794072803,234988794142973,234988794143659,1410,70170,686,72266
8545,234988794259675,234988794262041,234988794332263,234988794332947,2366,70222,684,73272
8546,234988794449089,234988794450503,234988794518371,234988794519071,1414,67868,700,69982
8547,234988794635107,234988794636509,234988794706213,234988794706903,1402,69704,690,71796
8548,234988794822787,234988794824879,234988794895957,234988794896639,2092,71078,682,73852
8549,234988795012577,234988795014859,234988795084589,234988795085249,2282,69730,660,72672
8550,234988795201243,234988795202635,234988795274975,234988795275653,1392,72340,678,74410
8551,234988795392005,234988795393409,234988795465043,234988795465703,1404,71634,660,73698
8552,234988795581559,234988795583039,234988795652789,234988795653473,1480,69750,684,71914
8553,234988795769065,234988795770449,234988795840835,234988795841531,1384,70386,696,72466
8554,234988795966355,234988795967789,234988796038855,234988796039513,1434,71066,658,73158
8555,234988796155699,234988796158001,234988796228807,234988796229467,2302,70806,660,73768
8556,234988796352877,234988796355163,234988796425999,234988796426671,2286,70836,672,73794
8557,234988796543135,234988796544539,234988796613601,234988796614309,1404,69062,708,71174
8558,234988796730559,234988796731967,234988796802515,234988796803195,1408,70548,680,72636
8559,234988796918989,234988796921285,234988796990033,234988796990713,2296,68748,680,71724
8560,234988797107317,234988797109639,234988797179059,234988797179747,2322,69420,688,72430
8561,234988797296047,234988797297493,234988797366743,234988797367409,1446,69250,666,71362
8562,234988797483697,234988797485117,234988797554669,234988797555323,1420,69552,654,71626
8563,234988797671603,234988797673949,234988797743713,234988797744397,2346,69764,684,72794
8564,234988797860635,234988797862043,234988797933407,234988797934099,1408,71364,692,73464
8565,234988798059079,234988798060519,234988798129001,234988798129657,1440,68482,656,70578
8566,234988798245617,234988798247039,234988798316857,234988798317523,1422,69818,666,71906
8567,234988798441889,234988798443427,234988798511857,234988798512515,1538,68430,658,70626
8568,234988798628551,234988798629937,234988798700239,234988798700905,1386,70302,666,72354
8569,234988798816825,234988798818263,234988798886053,234988798886671,1438,67790,618,69846
8570,234988799002937,234988799004409,234988799072033,234988799072693,1472,67624,660,69756
8571,234988799189287,234988799191643,234988799261593,234988799262275,2356,69950,682,72988
8572,234988799386069,234988799388389,234988799456761,234988799457427,2320,68372,666,71358
8573,234988799573783,234988799576155,234988799644957,234988799645597,2372,68802,640,71814
8574,234988799761771,234988799763163,234988799834125,234988799834803,1392,70962,678,73032
8575,234988799959741,234988799962021,234988800031319,234988800031993,2280,69298,674,72252
8576,234988800147499,234988800149803,234988800218765,234988800219425,2304,68962,660,71926
8577,234988800335857,234988800338261,234988800408995,234988800409675,2404,70734,680,73818
8578,234988800526001,234988800527785,234988800597299,234988800597973,1784,69514,674,71972
8579,234988800713789,234988800716111,234988800783559,234988800784243,2322,67448,684,70454
8580,234988800900083,234988800901489,234988800972133,234988800972797,1406,70644,664,72714
8581,234988801089103,234988801090535,234988801161335,234988801162001,1432,70800,666,72898
8582,234988801277923,234988801279351,234988801348751,234988801349425,1428,69400,674,71502
8583,234988801465471,234988801466903,234988801537543,234988801538191,1432,70640,648,72720
8584,234988801654699,234988801656139,234988801725679,234988801726351,1440,69540,672,71652
8585,234988801850815,234988801853123,234988801924259,234988801924933,2308,71136,674,74118
8586,234988802040631,234988802042057,234988802112553,234988802113229,1426,70496,676,72598
8587,234988802229293,234988802231335,234988802300881,234988802301553,2042,69546,672,72260
8588,234988802426513,234988802427947,234988802497501,234988802498171,1434,69554,670,71658
8589,234988802614787,234988802616211,234988802686931,234988802687639,1424,70720,708,72852
8590,234988802803511,234988802806295,234988802875457,234988802876149,2784,69162,692,72638
8591,234988802992225,234988802993659,234988803064579,234988803065237,1434,70920,658,73012
8592,234988803180959,234988803183331,234988803254321,234988803255011,2372,70990,690,74052
8593,234988803371135,234988803372559,234988803441227,234988803441869,1424,68668,642,70734
8594,234988803557945,234988803559381,234988803632189,234988803632861,1436,72808,672,74916
8595,234988803764431,234988803765841,234988803838069,234988803838769,1410,72228,700,74338
8596,234988803954241,234988803955661,234988804024345,234988804025017,1420,68684,672,70776
8597,234988804140593,234988804142081,234988804210075,234988804210741,1488,67994,666,70148
8598,234988804327231,234988804329545,234988804398343,234988804399009,2314,68798,666,71778
8599,234988804514647,234988804516961,234988804588481,234988804589141,2314,71520,660,74494
8600,234988804705295,234988804706735,234988804778143,234988804778825,1440,71408,682,73530
8601,234988804894781,234988804896197,234988804966141,234988804966805,1416,69944,664,72024
8602,234988805082661,234988805084101,234988805154601,234988805155261,1440,70500,660,72600
8603,234988805291221,234988805292605,234988805363747,234988805364415,1384,71142,668,73194
8604,234988805483995,234988805485417,234988805557547,234988805558245,1422,72130,698,74250
8605,234988805682947,234988805685239,234988805754467,234988805755159,2292,69228,692,72212
8606,234988805871433,234988805873311,234988805943553,234988805944207,1878,70242,654,72774
8607,234988806059647,234988806061087,234988806132055,234988806132733,1440,70968,678,73086
8608,234988806248963,234988806250391,234988806320509,234988806321179,1428,70118,670,72216
8609,234988806437093,234988806439493,234988806508471,234988806509149,2400,68978,678,72056
8610,234988806625087,234988806626485,234988806697451,234988806698129,1398,70966,678,73042
8611,234988806814529,234988806815963,234988806884877,234988806885539,1434,68914,662,71010
8612,234988807001749,234988807003289,234988807071367,234988807072033,1540,68078,666,70284
8613,234988807196663,234988807198979,234988807269875,234988807270553,2316,70896,678,73890
8614,234988807386151,234988807388569,234988807459313,234988807459969,2418,70744,656,73818
8615,234988807584559,234988807585987,234988807655281,234988807655929,1428,69294,648,71370
8616,234988807772089,234988807774391,234988807843015,234988807843687,2302,68624,672,71598
8617,234988807959907,234988807962191,234988808033071,234988808033753,2284,70880,682,73846
8618,234988808149579,234988808151925,234988808221609,234988808222275,2346,69684,666,72696
8619,234988808346557,234988808347981,234988808417759,234988808418443,1424,69778,684,71886
8620,234988808535089,234988808536489,234988808606323,234988808606981,1400,69834,658,71892
8621,234988808723341,234988808724821,234988808796265,234988808796937,1480,71444,672,73596
8622,234988808913223,234988808914639,234988808983841,234988808984527,1416,69202,686,71304
8623,234988809100567,234988809102013,234988809169811,234988809170485,1446,67798,674,69918
8624,234988809286337,234988809287779,234988809356635,234988809357301,1442,68856,666,70964
8625,234988809481955,234988809484237,234988809553103,234988809553769,2282,68866,666,71814
8626,234988809669877,234988809671321,234988809741055,234988809741725,1444,69734,670,71848
8627,234988809856937,234988809859243,234988809927935,234988809928621,2306,68692,686,71684
8628,234988810044851,234988810046291,234988810119095,234988810119773,1440,72804,678,74922
8629,234988810235921,234988810237385,234988810305631,234988810306327,1464,68246,696,70406
8630,234988810423225,234988810425569,234988810494989,234988810495645,2344,69420,656,72420
8631,234988810611887,234988810614203,234988810682497,234988810683181,2316,68294,684,71294
8632,234988810799291,234988810801577,234988810871009,234988810871699,2286,69432,690,72408
8633,234988810988075,234988810990219,234988811060407,234988811061091,2144,70188,684,73016
8634,234988811176955,234988811178365,234988811249287,234988811249953,1410,70922,666,72998
8635,234988811382853,234988811385157,234988811455613,234988811456299,2304,70456,686,73446
8636,234988811572361,234988811573803,234988811644003,234988811644691,1442,70200,688,72330
8637,234988811760675,234988811762083,234988811834741,234988811835403,1408,72658,662,74728
8638,234988811951335,234988811952757,234988812022877,234988812023581,1422,70120,704,72246
8639,234988812139405,234988812140837,234988812210469,234988812211177,1432,69632,708,71772
8640,234988812327181,234988812328591,234988812399721,234988812400385,1410,71130,664,73204
8641,234988812516247,234988812518969,234988812588193,234988812588887,2722,69224,694,72640
8642,234988812705493,234988812706937,234988812779117,234988812779765,1444,72180,648,74272
8643,234988812896567,234988812898633,234988812967741,234988812968429,2066,69108,688,71862
8644,234988813084591,234988813086517,234988813153523,234988813154207,1926,67006,684,69616
8645,234988813279663,234988813282091,234988813351211,234988813351879,2428,69120,668,72216
8646,234988813467743,234988813469921,234988813540115,234988813540807,2178,70194,692,73064
8647,234988813656881,234988813658281,234988813730659,234988813731335,1400,72378,676,74454
8648,234988813846811,234988813849097,234988813921807,234988813922491,2286,72710,684,75680
8649,234988814038705,234988814040155,234988814112397,234988814113037,1450,72242,640,74332
8650,234988814229665,234988814231093,234988814301731,234988814302421,1428,70638,690,72756
8651,234988814429903,234988814431313,234988814504605,234988814505277,1410,73292,672,75374
8652,234988814621021,234988814622469,234988814690995,234988814691675,1448,68526,680,70654
8653,234988814808043,234988814809457,234988814882455,234988814883143,1414,72998,688,75100
8654,234988814999177,234988815001967,234988815072575,234988815073243,2790,70608,668,74066
8655,234988815198439,234988815200123,234988815270683,234988815271367,1684,70560,684,72928
8656,234988815387613,234988815389023,234988815458687,234988815459365,1410,69664,678,71752
8657,234988815575065,234988815577357,234988815645473,234988815646145,2292,68116,672,71080
8658,234988815771149,234988815773471,234988815843281,234988815843949,2322,69810,668,72800
8659,234988815960511,234988815961907,234988816030321,234988816031017,1396,68414,696,70506
8660,234988816146833,234988816148555,234988816220039,234988816220741,1722,71484,702,73908
8661,234988816337135,234988816338567,234988816407721,234988816408393,1432,69154,672,71258
8662,234988816525105,234988816526579,234988816595485,234988816596149,1474,68906,664,71044
8663,234988816712755,234988816714199,234988816784809,234988816785463,1444,70610,654,72708
8664,234988816901945,234988816904803,234988816973449,234988816974115,2858,68646,666,72170
8665,234988817089517,234988817092189,234988817163361,234988817164037,2672,71172,676,74520
8666,234988817300053,234988817301991,234988817372327,234988817373013,1938,70336,686,72960
8667,234988817488865,234988817490281,234988817560745,234988817561395,1416,70464,650,72530
8668,234988817677289,234988817678729,234988817746987,234988817747651,1440,68258,664,70362
8669,234988817863765,234988817865215,234988817934151,234988817934803,1450,68936,652,71038
8670,234988818050639,234988818052057,234988818123065,234988818123719,1418,71008,654,73080
8671,234988818239131,234988818240589,234988818310943,234988818311629,1458,70354,686,72498
8672,234988818427669,234988818429083,234988818499657,234988818500323,1414,70574,666,72654
8673,234988818615707,234988818617117,234988818688043,234988818688729,1410,70926,686,73022
8674,234988818804911,234988818806735,234988818876367,234988818877013,1824,69632,646,72102
8675,234988818993683,234988818995095,234988819064813,234988819065509,1412,69718,696,71826
8676,234988819189817,234988819192193,234988819262251,234988819262891,2376,70058,640,73074
8677,234988819379351,234988819381649,234988819449973,234988819450633,2298,68324,660,71282
8678,234988819566073,234988819567831,234988819637287,234988819637947,1758,69456,660,71874
8679,234988819754365,234988819756675,234988819826011,234988819826689,2310,69336,678,72324
8680,234988819943159,234988819944589,234988820013985,234988820014645,1430,69396,660,71486
8681,234988820130727,234988820132141,234988820205617,234988820206277,1414,73476,660,75550
8682,234988820329793,234988820332085,234988820402029,234988820402701,2292,69944,672,72908
8683,234988820519087,234988820521421,234988820590357,234988820591053,2334,68936,696,71966
8684,234988820707031,234988820708501,234988820780249,234988820780917,1470,71748,668,73886
8685,234988820896817,234988820898235,234988820969413,234988820970091,1418,71178,678,73274
8686,234988821094387,234988821095965,234988821164623,234988821165283,1578,68658,660,70896
8687,234988821281339,234988821283361,234988821352507,234988821353185,2022,69146,678,71846
8688,234988821469027,234988821470707,234988821539011,234988821539695,1680,68304,684,70668
8689,234988821655733,234988821657805,234988821727277,234988821727951,2072,69472,674,72218
8690,234988821844535,234988821846889,234988821918865,234988821919519,2354,71976,654,74984
8691,234988822035345,234988822036745,234988822107953,234988822108573,1400,71208,620,73228
8692,234988822224781,234988822226225,234988822296137,234988822296815,1444,69912,678,72034
8693,234988822412657,234988822414969,234988822484785,234988822485437,2312,69816,652,72780
8694,234988822602293,234988822603675,234988822674397,234988822675055,1382,70722,658,72762
8695,234988822790723,234988822792139,234988822862125,234988822862809,1416,69986,684,72086
8696,234988822987435,234988822988879,234988823058751,234988823059403,1444,69872,652,71968
8697,234988823175635,234988823177933,234988823246623,234988823247313,2298,68690,690,71678
8698,234988823371195,234988823372629,234988823445059,234988823445745,1434,72430,686,74550
8699,234988823560721,234988823562169,234988823633361,234988823634041,1448,71192,680,73320
8700,234988823749817,234988823751245,234988823820661,234988823821319,1428,69416,658,71502
8701,234988823937215,234988823939621,234988824010763,234988824011449,2406,71142,686,74234
8702,234988824127133,234988824128789,234988824199415,234988824200053,1656,70626,638,72920
8703,234988824316289,234988824318691,234988824388349,234988824389035,2402,69658,686,72746
8704,234988824514081,234988824515485,234988824586609,234988824587273,1404,71124,664,73192
8705,234988824702737,234988824705133,234988824775103,234988824775771,2396,69970,668,73034
8706,234988824900251,234988824901685,234988824973127,234988824973793,1434,71442,666,73542
8707,234988825090423,234988825092713,234988825160999,234988825161709,2290,68286,710,71286
8708,234988825277909,234988825280219,234988825349687,234988825350371,2310,69468,684,72462
8709,234988825466401,234988825467811,234988825539469,234988825540133,1410,71658,664,73732
8710,234988825656643,234988825658081,234988825726333,234988825727017,1438,68252,684,70374
8711,234988825842853,234988825845175,234988825914035,234988825914685,2322,68860,650,71832
8712,234988826031035,234988826033327,234988826101849,234988826102519,2292,68522,670,71484
8713,234988826218607,234988826220001,234988826289637,234988826290325,1394,69636,688,71718
8714,234988826414687,234988826416135,234988826484383,234988826485055,1448,68248,672,70368
8715,234988826600971,234988826603335,234988826674439,234988826675101,2364,71104,662,74130
8716,234988826805959,234988826807453,234988826836597,234988826837299,1494,29144,702,31340
8717,234988826953079,234988826955383,234988827022519,234988827023143,2304,67136,624,70064
8718,234988827139243,234988827140677,234988827210989,234988827211633,1434,70312,644,72390
8719,234988827327427,234988827328843,234988827397793,234988827398467,1416,68950,674,71040
8720,234988827514309,234988827515747,234988827585811,234988827586483,1438,70064,672,72174
8721,234988827702433,234988827704723,234988827774553,234988827775205,2290,69830,652,72772
8722,234988827891775,234988827894389,234988827964103,234988827964753,2614,69714,650,72978
8723,234988828080463,234988828081873,234988828153447,234988828154117,1410,71574,670,73654
8724,234988828270151,234988828272473,234988828344331,234988828344995,2322,71858,664,74844
8725,234988828460617,234988828462057,234988828531981,234988828532657,1440,69924,676,72040
8726,234988828656817,234988828659137,234988828727605,234988828728269,2320,68468,664,71452
8727,234988828845041,234988828846487,234988828917727,234988828918373,1446,71240,646,73332
8728,234988829034767,234988829037041,234988829106745,234988829107423,2274,69704,678,72656
8729,234988829223919,234988829225371,234988829296319,234988829296993,1452,70948,674,73074
8730,234988829421023,234988829422453,234988829490821,234988829491513,1430,68368,692,70490
8731,234988829607677,234988829609123,234988829678017,234988829678635,1446,68894,618,70958
8732,234988829794633,234988829797199,234988829866075,234988829866747,2566,68876,672,72114
8733,234988829982485,234988829983925,234988830054989,234988830055687,1440,71064,698,73202
8734,234988830171637,234988830173059,234988830242503,234988830243167,1422,69444,664,71530
8735,234988830359059,234988830360463,234988830429919,234988830430577,1404,69456,658,71518
8736,234988830555043,234988830556459,234988830627413,234988830628115,1416,70954,702,73072
8737,234988830743941,234988830746261,234988830817631,234988830818335,2320,71370,704,74394
8738,234988830934729,234988830936175,234988831007581,234988831008257,1446,71406,676,73528
8739,234988831124615,234988831126087,234988831196897,234988831197565,1472,70810,668,72950
8740,234988831313309,234988831314773,234988831384199,234988831384867,1464,69426,668,71558
8741,234988831501025,234988831503335,234988831572319,234988831572979,2310,68984,660,71954
8742,234988831688849,234988831691159,234988831760681,234988831761355,2310,69522,674,72506
8743,234988831877659,234988831879115,234988831948919,234988831949615,1456,69804,696,71956
8744,234988832065423,234988832067545,234988832138725,234988832139419,2122,71180,694,73996
8745,234988832266061,234988832267525,234988832335625,234988832336299,1464,68100,674,70238
8746,234988832460691,234988832462113,234988832531923,234988832532605,1422,69810,682,71914
8747,234988832648731,234988832650145,234988832719961,234988832720647,1414,69816,686,71916
8748,234988832836655,234988832838091,234988832908949,234988832909639,1436,70858,690,72984
8749,234988833035251,234988833036683,234988833106217,234988833106877,1432,69534,660,71626
8750,234988833222605,234988833224929,234988833294803,234988833295463,2324,69874,660,72858
8751,234988833411377,234988833412807,234988833483227,234988833483905,1430,70420,678,72528
8752,234988833599599,234988833600989,234988833674495,234988833675131,1390,73506,636,75532
8753,234988833791185,234988833792595,234988833862765,234988833863435,1410,70170,670,72250
8754,234988833979325,234988833980791,234988834049765,234988834050461,1466,68974,696,71136
8755,234988834166405,234988834167823,234988834238231,234988834238909,1418,70408,678,72504
8756,234988834355263,234988834357237,234988834426483,234988834427131,1974,69246,648,71868
8757,234988834550377,234988834551775,234988834623937,234988834624631,1398,72162,694,74254
8758,234988834740337,234988834741781,234988834810997,234988834811671,1444,69216,674,71334
8759,234988834928321,234988834929713,234988834999901,234988835000573,1392,70188,672,72252
8760,234988835117269,234988835118695,234988835191555,234988835192249,1426,72860,694,74980
8761,234988835316821,234988835319163,234988835389291,234988835389999,2342,70128,708,73178
8762,234988835506111,234988835507545,234988835576473,234988835577133,1434,68928,660,71022
8763,234988835693477,234988835694895,234988835764411,234988835765063,1418,69516,652,71586
8764,234988835881325,234988835882767,234988835952259,234988835952923,1442,69492,664,71598
8765,234988836069575,234988836071891,234988836143857,234988836144509,2316,71966,652,74934
8766,234988836260399,234988836261829,234988836332009,234988836332677,1430,70180,668,72278
8767,234988836463955,234988836465409,234988836535397,234988836536065,1454,69988,668,72110
8768,234988836652399,234988836653831,234988836724981,234988836725677,1432,71150,696,73278
8769,234988836841873,234988836843299,234988836914491,234988836915163,1426,71192,672,73290
8770,234988837031305,234988837032959,234988837102717,234988837103411,1654,69758,694,72106
8771,234988837219825,234988837222145,234988837289375,234988837290023,2320,67230,648,70198
8772,234988837406233,234988837407725,234988837477559,234988837478221,1492,69834,662,71988
8773,234988837594241,234988837596535,234988837665565,234988837666243,2294,69030,678,72002
8774,234988837782265,234988837783685,234988837853095,234988837853761,1420,69410,666,71496
8775,234988837970021,234988837972301,234988838042909,234988838043559,2280,70608,650,73538
8776,234988838159725,234988838161135,234988838228831,234988838229487,1410,67696,656,69762
8777,234988838361889,234988838363311,234988838432269,234988838432939,1422,68958,670,71050
8778,234988838548975,234988838550407,234988838619817,234988838620459,1432,69410,642,71484
8779,234988838737595,234988838739025,234988838807509,234988838808179,1430,68484,670,70584
8780,234988838924093,234988838926381,234988838997217,234988838997877,2288,70836,660,73784
8781,234988839113365,234988839114811,234988839183503,234988839184169,1446,68692,666,70804
8782,234988839300341,234988839302687,234988839371665,234988839372335,2346,68978,670,71994
8783,234988839488501,234988839490801,234988839563281,234988839563927,2300,72480,646,75426
8784,234988839679813,234988839681281,234988839751439,234988839752095,1468,70158,656,72282
8785,234988839868315,234988839869723,234988839942035,234988839942691,1408,72312,656,74376
8786,234988840057855,234988840059755,234988840129259,234988840129903,1900,69504,644,72048
8787,234988840254877,234988840256315,234988840327195,234988840327859,1438,70880,664,72982
8788,234988840443235,234988840444693,234988840514753,234988840515385,1458,70060,632,72150
8789,234988840631585,234988840632997,234988840702313,234988840703011,1412,69316,698,71426
8790,234988840819247,234988840821059,234988840891711,234988840892387,1812,70652,676,73140
8791,234988841008301,234988841009713,234988841079149,234988841079817,1412,69436,668,71516
8792,234988841195807,234988841197255,234988841267269,234988841267929,1448,70014,660,72122
8793,234988841391733,234988841393155,234988841462419,234988841463091,1422,69264,672,71358
8794,234988841579425,234988841580839,234988841652545,234988841653219,1414,71706,674,73794
8795,234988841778343,234988841779715,234988841854533,234988841855237,1372,74818,704,76894
8796,234988841970941,234988841972369,234988842044541,234988842045209,1428,72172,668,74268
8797,234988842169745,234988842171141,234988842242867,234988842243527,1396,71726,660,73782
8798,234988842359551,234988842360931,234988842430165,234988842430849,1380,69234,684,71298
8799,234988842548237,234988842549661,234988842619693,234988842620371,1424,70032,678,72134
8800,234988842736477,234988842738781,234988842807133,234988842807815,2304,68352,682,71338
8801,234988842923747,234988842925159,234988842995249,234988842995939,1412,70090,690,72192
8802,234988843111805,234988843114081,234988843185971,234988843186625,2276,71890,654,74820
8803,234988843302721,234988843304161,234988843373417,234988843374065,1440,69256,648,71344
8804,234988843490407,234988843491779,234988843562353,234988843563031,1372,70574,678,72624
8805,234988843679363,234988843680811,234988843748569,234988843749251,1448,67758,682,69888
8806,234988843865413,234988843867729,234988843937203,234988843937855,2316,69474,652,72442
8807,234988844062207,234988844064347,234988844135069,234988844137187,2140,70722,2118,74980
8808,234988844262139,234988844263687,234988844333657,234988844334329,1548,69970,672,72190
8809,234988844450089,234988844452391,234988844524201,234988844524889,2302,71810,688,74800
8810,234988844640473,234988844641919,234988844712365,234988844713051,1446,70446,686,72578
8811,234988844829109,234988844831179,234988844903701,234988844904373,2070,72522,672,75264
8812,234988845020143,234988845021575,234988845092159,234988845092827,1432,70584,668,72684
8813,234988845208393,234988845210751,234988845279733,234988845280405,2358,68982,672,72012
8814,234988845396595,234988845398069,234988845468643,234988845469309,1474,70574,666,72714
8815,234988845585469,234988845586987,234988845657535,234988845658229,1518,70548,694,72760
8816,234988845774197,234988845775637,234988845846433,234988845847093,1440,70796,660,72896
8817,234988845971383,234988845973343,234988846043515,234988846044175,1960,70172,660,72792
8818,234988846161229,234988846163551,234988846232365,234988846233025,2322,68814,660,71796
8819,234988846348859,234988846350271,234988846421381,234988846422049,1412,71110,668,73190
8820,234988846538219,234988846540501,234988846609271,234988846609951,2282,68770,680,71732
8821,234988846725917,234988846727335,234988846797893,234988846798579,1418,70558,686,72662
8822,234988846914631,234988846916047,234988846985831,234988846986505,1416,69784,674,71874
8823,234988847102207,234988847103647,234988847174081,234988847174737,1440,70434,656,72530
8824,234988847299085,234988847301385,234988847370491,234988847371165,2300,69106,674,72080
8825,234988847487499,234988847488937,234988847558993,234988847559659,1438,70056,666,72160
8826,234988847675713,234988847677123,234988847748551,234988847749219,1410,71428,668,73506
8827,234988847873257,234988847875673,234988847945279,234988847945945,2416,69606,666,72688
8828,234988848062363,234988848064681,234988848134243,234988848134933,2318,69562,690,72570
8829,234988848251069,234988848252499,234988848323549,234988848324205,1430,71050,656,73136
8830,234988848440165,234988848442493,234988848513331,234988848513991,2328,70838,660,73826
8831,234988848630131,234988848631507,234988848702271,234988848702953,1376,70764,682,72822
8832,234988848818341,234988848819791,234988848888145,234988848888799,1450,68354,654,70458
8833,234988849004825,234988849006237,234988849076621,234988849077277,1412,70384,656,72452
8834,234988849193147,234988849195439,234988849265773,234988849266457,2292,70334,684,73310
8835,234988849381865,234988849384147,234988849455595,234988849456285,2282,71448,690,74420
8836,234988849572067,234988849574053,234988849643861,234988849644539,1986,69808,678,72472
8837,234988849770115,234988849771565,234988849840093,234988849840775,1450,68528,682,70660
8838,234988849956887,234988849959227,234988850026249,234988850026895,2340,67022,646,70008
8839,234988850143459,234988850144887,234988850214713,234988850215381,1428,69826,668,71922
8840,234988850354545,234988850355949,234988850426551,234988850427221,1404,70602,670,72676
8841,234988850543077,234988850544503,234988850614745,234988850615441,1426,70242,696,72364
8842,234988850731667,234988850734249,234988850803903,234988850804573,2582,69654,670,72906
8843,234988850921939,234988850923339,234988850993695,234988850994323,1400,70356,628,72384
8844,234988851110149,234988851112455,234988851181991,234988851182657,2306,69536,666,72508
8845,234988851297905,234988851299327,234988851370661,234988851371333,1422,71334,672,73428
8846,234988851487201,234988851488735,234988851560327,234988851561177,1534,71592,850,73976
8847,234988851685951,234988851688621,234988851755977,234988851756655,2670,67356,678,70704
8848,234988851872645,234988851874057,234988851945467,234988851946145,1412,71410,678,73500
8849,234988852062305,234988852063717,234988852134163,234988852134865,1412,70446,702,72560
8850,234988852251037,234988852252475,234988852321883,234988852322579,1438,69408,696,71542
8851,234988852438243,234988852439675,234988852508227,234988852508893,1432,68552,666,70650
8852,234988852625519,234988852626947,234988852696975,234988852697653,1428,70028,678,72134
8853,234988852813613,234988852815047,234988852884823,234988852885469,1434,69776,646,71856
8854,234988853001481,234988853002913,234988853072537,234988853073215,1432,69624,678,71734
8855,234988853194631,234988853196865,234988853267695,234988853268361,2234,70830,666,73730
8856,234988853392723,234988853394179,234988853463917,234988853464579,1456,69738,662,71856
8857,234988853588741,234988853590541,234988853660479,234988853661137,1800,69938,658,72396
8858,234988853776495,234988853777951,234988853847155,234988853847809,1456,69204,654,71314
8859,234988853963683,234988853965195,234988854035525,234988854036199,1512,70330,674,72516
8860,234988854151795,234988854153253,234988854222593,234988854223267,1458,69340,674,71472
8861,234988854339253,234988854340679,234988854408857,234988854409519,1426,68178,662,70266
8862,234988854525661,234988854527317,234988854597413,234988854598081,1656,70096,668,72420
8863,234988854714023,234988854715447,234988854786601,234988854787223,1424,71154,622,73200
8864,234988854903181,234988854904585,234988854977881,234988854978551,1404,73296,670,75370
8865,234988855094255,234988855095683,234988855164701,234988855165375,1428,69018,674,71120
8866,234988855281371,234988855283737,234988855354135,234988855354813,2366,70398,678,73442
8867,234988855470991,234988855473307,234988855543363,234988855544005,2316,70056,642,73014
8868,234988855668557,234988855669991,234988855741513,234988855742173,1434,71522,660,73616
8869,234988855857505,234988855859801,234988855929245,234988855929901,2296,69444,656,72396
8870,234988856045321,234988856047613,234988856116087,234988856116783,2292,68474,696,71462
8871,234988856242931,234988856244305,234988856317991,234988856318687,1374,73686,696,75756
8872,234988856434271,234988856436029,234988856505469,234988856506165,1758,69440,696,71894
8873,234988856621783,234988856623405,234988856692597,234988856693243,1622,69192,646,71460
8874,234988856808979,234988856810717,234988856881021,234988856881663,1738,70304,642,72684
8875,234988856997469,234988856998901,234988857070627,234988857071335,1432,71726,708,73866
8876,234988857187267,234988857188699,234988857258041,234988857258727,1432,69342,686,71460
8877,234988857374293,234988857375721,234988857446891,234988857447557,1428,71170,666,73264
8878,234988857572131,234988857573581,234988857643339,234988857644033,1450,69758,694,71902
8879,234988857760511,234988857761933,234988857830713,234988857831377,1422,68780,664,70866
8880,234988857948371,234988857949783,234988858021123,234988858021799,1412,71340,676,73428
8881,234988858137827,234988858139813,234988858210145,234988858210783,1986,70332,638,72956
8882,234988858326493,234988858327931,234988858397003,234988858397665,1438,69072,662,71172
8883,234988858513669,234988858515101,234988858583623,234988858584325,1432,68522,702,70656
8884,234988858700885,234988858702289,234988858774205,234988858774859,1404,71916,654,73974
8885,234988858890761,234988858893059,234988858962149,234988858962761,2298,69090,612,72000
8886,234988859087191,234988859088893,234988859117849,234988859118533,1702,28956,684,31342
8887,234988859243683,234988859245751,234988859317303,234988859317967,2068,71552,664,74284
8888,234988859442187,234988859444527,234988859514875,234988859515537,2340,70348,662,73350
8889,234988859630905,234988859632733,234988859701915,234988859702593,1828,69182,678,71688
8890,234988859819003,234988859821313,234988859891633,234988859892317,2310,70320,684,73314
8891,234988860008903,234988860010333,234988860081227,234988860081883,1430,70894,656,72980
8892,234988860198019,234988860199483,234988860272239,234988860272947,1464,72756,708,74928
8893,234988860388805,234988860390221,234988860459643,234988860460337,1416,69422,694,71532
8894,234988860576371,234988860577765,234988860649345,234988860650025,1394,71580,680,73654
8895,234988860765643,234988860767087,234988860835141,234988860835823,1444,68054,682,70180
8896,234988860952109,234988860953533,234988861027235,234988861027895,1424,73702,660,75786
8897,234988861143467,234988861144909,234988861218473,234988861219175,1442,73564,702,75708
8898,234988861342897,234988861344341,234988861413887,234988861414555,1444,69546,668,71658
8899,234988861530385,234988861532683,234988861602071,234988861602755,2298,69388,684,72370
8900,234988861718801,234988861721167,234988861790795,234988861791469,2366,69628,674,72668
8901,234988861907765,234988861909181,234988861979827,234988861980523,1416,70646,696,72758
8902,234988862096009,234988862097689,234988862167767,234988862168443,1680,70078,676,72434
8903,234988862292947,234988862294375,234988862363779,234988862364467,1428,69404,688,71520
8904,234988862480395,234988862482681,234988862551757,234988862552425,2286,69076,668,72030
8905,234988862667905,234988862669315,234988862739589,234988862740273,1410,70274,684,72368
8906,234988862856169,234988862857591,234988862928157,234988862928847,1422,70566,690,72678
8907,234988863044867,234988863046315,234988863116737,234988863117413,1448,70422,676,72546
8908,234988863242471,234988863243919,234988863313837,234988863314507,1448,69918,670,72036
8909,234988863430343,234988863431749,234988863505903,234988863506545,1406,74154,642,76202
8910,234988863622639,234988863624041,234988863694391,234988863695045,1402,70350,654,72406
8911,234988863811045,234988863812467,234988863882125,234988863882799,1422,69658,674,71754
8912,234988863998987,234988864001447,234988864070825,234988864071497,2460,69378,672,72510
8913,234988864186951,234988864189271,234988864259971,234988864260643,2320,70700,672,73692
8914,234988864376887,234988864378283,234988864448581,234988864449223,1396,70298,642,72336
8915,234988864565281,234988864566713,234988864638437,234988864639107,1432,71724,670,73826
8916,234988864755205,234988864757521,234988864827217,234988864827895,2316,69696,678,72690
8917,234988864944523,234988864945987,234988865015257,234988865015935,1464,69270,678,71412
8918,234988865141077,234988865142547,234988865211377,234988865212067,1470,68830,690,70990
8919,234988865336195,234988865337637,234988865409203,234988865409875,1442,71566,672,73680
8920,234988865524891,234988865526343,234988865596895,234988865597539,1452,70552,644,72648
8921,234988865712961,234988865714395,234988865783885,234988865784559,1434,69490,674,71598
8922,234988865900569,234988865901997,234988865971229,234988865971919,1428,69232,690,71350
8923,234988866087997,234988866089407,234988866160849,234988866161513,1410,71442,664,73516
8924,234988866277507,234988866278935,234988866349885,234988866350555,1428,70950,670,73048
8925,234988866466423,234988866468733,234988866536899,234988866537559,2310,68166,660,71136
8926,234988866653731,234988866655147,234988866723337,234988866724025,1416,68190,688,70294
8927,234988866840719,234988866843031,234988866913031,234988866913697,2312,70000,666,72978
8928,234988867038311,234988867039783,234988867109701,234988867110397,1472,69918,696,72086
8929,234988867225895,234988867227325,234988867297397,234988867298095,1430,70072,698,72200
8930,234988867413749,234988867415195,234988867485361,234988867486027,1446,70166,666,72278
8931,234988867611109,234988867612931,234988867682471,234988867683143,1822,69540,672,72034
8932,234988867799309,234988867801633,234988867873445,234988867874117,2324,71812,672,74808
8933,234988867990361,234988867991809,234988868062661,234988868063333,1448,70852,672,72972
8934,234988868192021,234988868193413,234988868265961,234988868266669,1392,72548,708,74648
8935,234988868382781,234988868385115,234988868453909,234988868454601,2334,68794,692,71820
8936,234988868570305,234988868571757,234988868640823,234988868641483,1452,69066,660,71178
8937,234988868757557,234988868759021,234988868829569,234988868830195,1464,70548,626,72638
8938,234988868954893,234988868956357,234988869025967,234988869026657,1464,69610,690,71764
8939,234988869142213,234988869143633,234988869214169,234988869214843,1420,70536,674,72630
8940,234988869330857,234988869332309,234988869403033,234988869403697,1452,70724,664,72840
8941,234988869519823,234988869521641,234988869590521,234988869591169,1818,68880,648,71346
8942,234988869706783,234988869708169,234988869778435,234988869779089,1386,70266,654,72306
8943,234988869895139,234988869897451,234988869966071,234988869966773,2312,68620,702,71634
8944,234988870082957,234988870084415,234988870154155,234988870154845,1458,69740,690,71888
8945,234988870271027,234988870272509,234988870342519,234988870343203,1482,70010,684,72176
8946,234988870459241,234988870460659,234988870530469,234988870531145,1418,69810,676,71904
8947,234988870646665,234988870648099,234988870717561,234988870718195,1434,69462,634,71530
8948,234988870843449,234988870844881,234988870915075,234988870915735,1432,70194,660,72286
8949,234988871031161,234988871032589,234988871101103,234988871101723,1428,68514,620,70562
8950,234988871225443,234988871227729,234988871295541,234988871296213,2286,67812,672,70770
8951,234988871412055,234988871413463,234988871483657,234988871484347,1408,70194,690,72292
8952,234988871601061,234988871602525,234988871673175,234988871673857,1464,70650,682,72796
8953,234988871789119,234988871790545,234988871864047,234988871864707,1426,73502,660,75588
8954,234988871981093,234988871982569,234988872051817,234988872052525,1476,69248,708,71432
8955,234988872168839,234988872171137,234988872240385,234988872241039,2298,69248,654,72200
8956,234988872357589,234988872359041,234988872428935,234988872429593,1452,69894,658,72004
8957,234988872544999,234988872547303,234988872616511,234988872617141,2304,69208,630,72142
8958,234988872733195,234988872734629,234988872805841,234988872806489,1434,71212,648,73294
8959,234988872930859,234988872932285,234988873002313,234988873003003,1426,70028,690,72144
8960,234988873119313,234988873120753,234988873190513,234988873191215,1440,69760,702,71902
8961,234988873307509,234988873308949,234988873378811,234988873379507,1440,69862,696,71998
8962,234988873495217,234988873498025,234988873568899,234988873569577,2808,70874,678,74360
8963,234988873685959,234988873687357,234988873756835,234988873757537,1398,69478,702,71578
8964,234988873873237,234988873875545,234988873944011,234988873944679,2308,68466,668,71442
8965,234988874060659,234988874063009,234988874132449,234988874133131,2350,69440,682,72472
8966,234988874257237,234988874258651,234988874327225,234988874327889,1414,68574,664,70652
8967,234988874443861,234988874446547,234988874517307,234988874517979,2686,70760,672,74118
8968,234988874634229,234988874635639,234988874706073,234988874706763,1410,70434,690,72534
8969,234988874838071,234988874839505,234988874908711,234988874909365,1434,69206,654,71294
8970,234988875025427,234988875027745,234988875095951,234988875096637,2318,68206,686,71210
8971,234988875212267,234988875213671,234988875285079,234988875285737,1404,71408,658,73470
8972,234988875401645,234988875403097,234988875473537,234988875474193,1452,70440,656,72548
8973,234988875590165,234988875592445,234988875662507,234988875663179,2280,70062,672,73014
8974,234988875779113,234988875780605,234988875849653,234988875850333,1492,69048,680,71220
8975,234988875967291,234988875968677,234988876041835,234988876042519,1386,73158,684,75228
8976,234988876158233,234988876159667,234988876228661,234988876229329,1434,68994,668,71096
8977,234988876355495,234988876356919,234988876427867,234988876428547,1424,70948,680,73052
8978,234988876544933,234988876546391,234988876615759,234988876616447,1458,69368,688,71514
8979,234988876741091,234988876742525,234988876812367,234988876813039,1434,69842,672,71948
8980,234988876929233,234988876930637,234988877000905,234988877001565,1404,70268,660,72332
8981,234988877118257,234988877121041,234988877190589,234988877191249,2784,69548,660,72992
8982,234988877315951,234988877318239,234988877388043,234988877388727,2288,69804,684,72776
8983,234988877504863,234988877506247,234988877579617,234988877580299,1384,73370,682,75436
8984,234988877695817,234988877697233,234988877767441,234988877768101,1416,70208,660,72284
8985,234988877884079,234988877885497,234988877954935,234988877955601,1418,69438,666,71522
8986,234988878072143,234988878073577,234988878141391,234988878142085,1434,67814,694,69942
8987,234988878258403,234988878259843,234988878328549,234988878329209,1440,68706,660,70806
8988,234988878445079,234988878446491,234988878515743,234988878516391,1412,69252,648,71312
8989,234988878640739,234988878642155,234988878714263,234988878714935,1416,72108,672,74196
8990,234988878830765,234988878832153,234988878903449,234988878904117,1388,71296,668,73352
8991,234988879019639,234988879021939,234988879090109,234988879090769,2300,68170,660,71130
8992,234988879206769,234988879208171,234988879277581,234988879278307,1402,69410,726,71538
8993,234988879393985,234988879396405,234988879464311,234988879464965,2420,67906,654,70980
8994,234988879581317,234988879583623,234988879654255,234988879654921,2306,70632,666,73604
8995,234988879771345,234988879773697,234988879842109,234988879842769,2352,68412,660,71424
8996,234988879958837,234988879960265,234988880030669,234988880031337,1428,70404,668,72500
8997,234988880157919,234988880160083,234988880229313,234988880229985,2164,69230,672,72066
8998,234988880349929,234988880351395,234988880420759,234988880421419,1466,69364,660,71490
8999,234988880546387,234988880547823,234988880619715,234988880620373,1436,71892,658,73986
9000,234988880736329,234988880737739,234988880808563,234988880809223,1410,70824,660,72894
9001,234988880925353,234988880926885,234988880998007,234988880998661,1532,71122,654,73308
9002,234988881114635,234988881116107,234988881185203,234988881185887,1472,69096,684,71252
9003,234988881302027,234988881303457,234988881372935,234988881373595,1430,69478,660,71568
9004,234988881489103,234988881490507,234988881563257,234988881563921,1404,72750,664,74818
9005,234988881679471,234988881681809,234988881751817,234988881752497,2338,70008,680,73026
9006,234988881868471,234988881870733,234988881939457,234988881940159,2262,68724,702,71688
9007,234988882056127,234988882057535,234988882127149,234988882127807,1408,69614,658,71680
9008,234988882243567,234988882244995,234988882315777,234988882316449,1428,70782,672,72882
9009,234988882440509,234988882441973,234988882511113,234988882511797,1464,69140,684,71288
9010,234988882627975,234988882629407,234988882699837,234988882700509,1432,70430,672,72534
9011,234988882816639,234988882818523,234988882886917,234988882887539,1884,68394,622,70900
9012,234988883004187,234988883006471,234988883076445,234988883077093,2284,69974,648,72906
9013,234988883203265,234988883205577,234988883276675,234988883277343,2312,71098,668,74078
9014,234988883393657,234988883395087,234988883463625,234988883464315,1430,68538,690,70658
9015,234988883580893,234988883582317,234988883651929,234988883652589,1424,69612,660,71696
9016,234988883768903,234988883770339,234988883840881,234988883841533,1436,70542,652,72630
9017,234988883957693,234988883959147,234988884028337,234988884029009,1454,69190,672,71316
9018,234988884144589,234988884146003,234988884217823,234988884218497,1414,71820,674,73908
9019,234988884342655,234988884344099,234988884413471,234988884414133,1444,69372,662,71478
9020,234988884530665,234988884532067,234988884603839,234988884604493,1402,71772,654,73828
9021,234988884720049,234988884721481,234988884792553,234988884793241,1432,71072,688,73192
9022,234988884917813,234988884919235,234988884987967,234988884988655,1422,68732,688,70842
9023,234988885104877,234988885106261,234988885177735,234988885178413,1384,71474,678,73536
9024,234988885294199,234988885296563,234988885367017,234988885367677,2364,70454,660,73478
9025,234988885483139,234988885485425,234988885556275,234988885556971,2286,70850,696,73832
9026,234988885673501,234988885675259,234988885745275,234988885745939,1758,70016,664,72438
9027,234988885861865,234988885863275,234988885935517,234988885936163,1410,72242,646,74298
9028,234988886052541,234988886054185,234988886137993,234988886138871,1644,83808,878,86330
9029,234988886330797,234988886332497,234988886421577,234988886422479,1700,89080,902,91682
9030,234988886593345,234988886595089,234988886688291,234988886689179,1744,93202,888,95834
9031,234988886863463,234988886866017,234988886950949,234988886951869,2554,84932,920,88406
9032,234988887123317,234988887125925,234988887213745,234988887216137,2608,87820,2392,92820
9033,234988887384659,234988887386427,234988887474163,234988887475057,1768,87736,894,90398
9034,234988887637109,234988887638823,234988887723639,234988887724479,1714,84816,840,87370
9035,234988887884709,234988887887213,234988888010019,234988888010901,2504,122806,882,126192
9036,234988888204119,234988888206335,234988888322317,234988888323213,2216,115982,896,119094
9037,234988888482931,234988888485423,234988888599483,234988888600343,2492,114060,860,117412
9038,234988888823787,234988888825509,234988888947151,234988888948767,1722,121642,1616,124980
9039,234988889200203,234988889202863,234988889313573,234988889315271,2660,110710,1698,115068
9040,234988889519905,234988889522117,234988889638777,234988889639647,2212,116660,870,119742
9041,234988889852317,234988889854237,234988889933761,234988889934397,1920,79524,636,82080
9042,234988890022009,234988890023167,234988890086653,234988890087311,1158,63486,658,65302
9043,234988890175109,234988890176299,234988890238793,234988890239489,1190,62494,696,64380
9044,234988890326401,234988890327553,234988890390925,234988890391601,1152,63372,676,65200
9045,234988890478895,234988890480047,234988890541615,234988890542303,1152,61568,688,63408
9046,234988890628777,234988890629957,234988890691115,234988890691787,1180,61158,672,63010
9047,234988890778315,234988890780121,234988890839573,234988890840241,1806,59452,668,61926
9048,234988890927077,234988890928255,234988890989753,234988890990397,1178,61498,644,63320
9049,234988891076885,234988891078057,234988891140265,234988891140925,1172,62208,660,64040
9050,234988891235611,234988891237267,234988891300745,234988891301435,1656,63478,690,65824
9051,234988891386821,234988891387981,234988891451777,234988891452433,1160,63796,656,65612
9052,234988891538185,234988891540361,234988891603105,234988891603771,2176,62744,666,65586
9053,234988891689581,234988891691827,234988891754413,234988891755079,2246,62586,666,65498
9054,234988891840991,234988891842143,234988891903129,234988891903831,1152,60986,702,62840
9055,234988891989421,234988891990589,234988892052181,234988892052821,1168,61592,640,63400
9056,234988892151289,234988892152475,234988892214949,234988892215607,1186,62474,658,64318
9057,234988892301589,234988892302867,234988892364779,234988892365447,1278,61912,668,63858
9058,234988892451137,234988892452287,234988892515555,234988892516215,1150,63268,660,65078
9059,234988892602751,234988892603923,234988892666057,234988892666725,1172,62134,668,63974
9060,234988892752657,234988892753803,234988892815553,234988892816243,1146,61750,690,63586
9061,234988892911135,234988892912315,234988892975317,234988892975983,1180,63002,666,64848
9062,234988893061703,234988893063505,234988893125929,234988893126595,1802,62424,666,64892
9063,234988893212717,234988893213895,234988893276809,234988893277493,1178,62914,684,64776
9064,234988893363769,234988893365929,234988893428191,234988893428861,2160,62262,670,65092
9065,234988893515419,234988893516605,234988893578191,234988893578831,1186,61586,640,63412
9066,234988893664775,234988893665935,234988893730297,234988893730985,1160,64362,688,66210
9067,234988893817397,234988893818549,234988893880159,234988893880855,1152,61610,696,63458
9068,234988893974123,234988893975307,234988894037075,234988894037743,1184,61768,668,63620
9069,234988894124335,234988894125497,234988894189505,234988894190159,1162,64008,654,65824
9070,234988894276589,234988894277789,234988894340047,234988894340741,1200,62258,694,64152
9071,234988894426783,234988894428097,234988894491149,234988894491811,1314,63052,662,65028
9072,234988894585889,234988894587103,234988894649279,234988894649957,1214,62176,678,64068
9073,234988894736809,234988894738513,234988894802107,234988894802747,1704,63594,640,65938
9074,234988894888921,234988894890673,234988894951885,234988894952593,1752,61212,708,63672
9075,234988895039045,234988895041201,234988895103043,234988895103721,2156,61842,678,64676
9076,234988895197573,234988895199793,234988895260403,234988895261057,2220,60610,654,63484
9077,234988895347291,234988895348441,234988895411273,234988895411933,1150,62832,660,64642
9078,234988895497951,234988895499629,234988895562819,234988895563495,1678,63190,676,65544
9079,234988895650481,234988895651759,234988895713943,234988895714615,1278,62184,672,64134
9080,234988895801791,234988895802967,234988895865149,234988895865845,1176,62182,696,64054
9081,234988895954465,234988895956223,234988896018839,234988896019517,1758,62616,678,65052
9082,234988896107863,234988896110081,234988896172247,234988896172925,2218,62166,678,65062
9083,234988896270241,234988896271579,234988896297625,234988896298289,1338,26046,664,28048
9084,234988896386741,234988896388885,234988896451327,234988896452015,2144,62442,688,65274
9085,234988896540757,234988896541933,234988896605539,234988896606185,1176,63606,646,65428
9086,234988896698479,234988896699887,234988896762575,234988896763231,1408,62688,656,64752
9087,234988896855415,234988896856615,234988896920821,234988896921481,1200,64206,660,66066
9088,234988897014313,234988897016069,234988897077961,234988897078613,1756,61892,652,64300
9089,234988897170859,234988897172071,234988897236161,234988897236845,1212,64090,684,65986
9090,234988897329415,234988897330603,234988897395487,234988897396171,1188,64884,684,66756
9091,234988897494395,234988897496155,234988897560871,234988897561559,1760,64716,688,67164
9092,234988897659877,234988897662085,234988897727143,234988897727797,2208,65058,654,67920
9093,234988897825553,234988897827763,234988897892221,234988897892893,2210,64458,672,67340
9094,234988898011817,234988898014033,234988898079859,234988898080529,2216,65826,670,68712
9095,234988898190059,234988898191409,234988898256971,234988898257661,1350,65562,690,67602
9096,234988898362793,234988898364053,234988898431849,234988898432503,1260,67796,654,69710
9097,234988898536825,234988898539279,234988898605751,234988898606437,2454,66472,686,69612
9098,234988898710813,234988898712107,234988898779643,234988898780279,1294,67536,636,69466
9099,234988898885009,234988898886353,234988898952007,234988898952653,1344,65654,646,67644
9100,234988899069689,234988899072101,234988899144155,234988899144817,2412,72054,662,75128
9101,234988899260605,234988899262061,234988899332725,234988899333391,1456,70664,666,72786
9102,234988899449681,234988899451133,234988899520585,234988899521275,1452,69452,690,71594
9103,234988899637397,234988899640081,234988899711541,234988899712207,2684,71460,666,74810
9104,234988899836717,234988899838235,234988899908101,234988899908749,1518,69866,648,72032
9105,234988900024679,234988900026947,234988900095607,234988900096249,2268,68660,642,71570
9106,234988900212205,234988900213633,234988900285153,234988900285781,1428,71520,628,73576
9107,234988900402061,234988900403479,234988900472743,234988900473407,1418,69264,664,71346
9108,234988900589683,234988900591089,234988900663759,234988900664425,1406,72670,666,74742
9109,234988900781479,234988900782977,234988900850107,234988900850795,1498,67130,688,69316
9110,234988900966565,234988900969091,234988901038351,234988901038999,2526,69260,648,72434
9111,234988901166839,234988901168275,234988901237749,234988901238443,1436,69474,694,71604
9112,234988901354081,234988901355515,234988901427395,234988901428045,1434,71880,650,73964
9113,234988901552797,234988901554265,234988901625209,234988901625863,1468,70944,654,73066
9114,234988901742413,234988901743853,234988901813923,234988901814583,1440,70070,660,72170
9115,234988901938685,234988901940121,234988902013871,234988902014519,1436,73750,648,75834
9116,234988902129413,234988902131731,234988902199805,234988902200491,2318,68074,686,71078
9117,234988902316141,234988902317551,234988902388057,234988902388719,1410,70506,662,72578
9118,234988902504043,234988902505483,234988902575581,234988902576253,1440,70098,672,72210
9119,234988902691493,234988902692875,234988902763891,234988902764555,1382,71016,664,73062
9120,234988902880017,234988902881453,234988902950875,234988902951625,1436,69422,750,71608
9121,234988903066999,234988903069393,234988903139681,234988903140371,2394,70288,690,73372
9122,234988903255793,234988903257443,234988903327983,234988903328639,1650,70540,656,72846
9123,234988903444041,234988903445459,234988903514987,234988903515685,1418,69528,698,71644
9124,234988903631771,234988903633921,234988903704539,234988903705207,2150,70618,668,73436
9125,234988903829447,234988903831237,234988903899901,234988903900561,1790,68664,660,71114
9126,234988904016289,234988904018589,234988904090149,234988904090785,2300,71560,636,74496
9127,234988904214757,234988904216173,234988904284985,234988904285645,1416,68812,660,70888
9128,234988904402345,234988904404453,234988904473891,234988904474545,2108,69438,654,72200
9129,234988904590693,234988904593345,234988904663861,234988904664533,2652,70516,672,73840
9130,234988904780819,234988904783197,234988904851537,234988904852209,2378,68340,672,71390
9131,234988904968187,234988904969593,234988905041261,234988905041911,1406,71668,650,73724
9132,234988905158081,234988905159499,234988905228553,234988905229223,1418,69054,670,71142
9133,234988905345443,234988905347723,234988905418397,234988905419057,2280,70674,660,73614
9134,234988905535129,234988905536573,234988905607639,234988905608279,1444,71066,640,73150
9135,234988905734221,234988905735653,234988905804683,234988905805349,1432,69030,666,71128
9136,234988905921691,234988905923081,234988905996065,234988905996739,1390,72984,674,75048
9137,234988906112839,234988906114621,234988906186469,234988906187141,1782,71848,672,74302
9138,234988906303429,234988906304839,234988906377919,234988906378591,1410,73080,672,75162
9139,234988906494157,234988906496477,234988906566805,234988906567483,2320,70328,678,73326
9140,234988906683527,234988906685791,234988906755133,234988906755799,2264,69342,666,72272
9141,234988906871729,234988906873135,234988906944895,234988906945591,1406,71760,696,73862
9142,234988907061647,234988907063141,234988907134349,234988907135047,1494,71208,698,73400
9143,234988907260069,234988907262367,234988907330471,234988907331169,2298,68104,698,71100
9144,234988907447161,234988907449247,234988907520247,234988907520941,2086,71000,694,73780
9145,234988907645563,234988907647853,234988907716889,234988907717533,2290,69036,644,71970
9146,234988907833025,234988907834461,234988907904049,234988907904707,1436,69588,658,71682
9147,234988908020659,234988908022111,234988908093271,234988908093929,1452,71160,658,73270
9148,234988908210491,234988908211889,234988908285535,234988908286223,1398,73646,688,75732
9149,234988908402053,234988908404797,234988908472333,234988908472991,2744,67536,658,70938
9150,234988908588805,234988908590239,234988908661111,234988908661771,1434,70872,660,72966
9151,234988908777797,234988908779275,234988908849203,234988908849865,1478,69928,662,72068
9152,234988908965443,234988908966869,234988909036259,234988909036915,1426,69390,656,71472
9153,234988909152911,234988909155283,234988909224749,234988909225399,2372,69466,650,72488
9154,234988909341593,234988909344005,234988909413061,234988909413731,2412,69056,670,72138
9155,234988909539035,234988909540471,234988909611385,234988909612045,1436,70914,660,73010
9156,234988909728643,234988909730953,234988909801569,234988909802231,2310,70616,662,73588
9157,234988909918043,234988909919417,234988909990801,234988909991479,1374,71384,678,73436
9158,234988910119729,234988910121155,234988910191613,234988910192269,1426,70458,656,72540
9159,234988910317685,234988910319101,234988910390833,234988910391491,1416,71732,658,73806
9160,234988910507303,234988910509619,234988910581319,234988910581991,2316,71700,672,74688
9161,234988910698427,234988910699869,234988910770543,234988910771227,1442,70674,684,72800
9162,234988910887339,234988910888771,234988910957903,234988910958569,1432,69132,666,71230
9163,234988911074435,234988911075805,234988911145861,234988911146531,1370,70056,670,72096
9164,234988911262585,234988911264005,234988911335267,234988911335927,1420,71262,660,73342
9165,234988911459701,234988911461129,234988911530719,234988911531409,1428,69590,690,71708
9166,234988911647215,234988911648649,234988911718429,234988911719111,1434,69780,682,71896
9167,234988911834745,234988911837077,234988911905273,234988911905921,2332,68196,648,71176
9168,234988912021891,234988912024277,234988912094251,234988912094911,2386,69974,660,73020
9169,234988912211089,234988912213387,234988912283729,234988912284407,2298,70342,678,73318
9170,234988912400297,234988912401683,234988912474565,234988912475227,1386,72882,662,74930
9171,234988912591043,234988912593349,234988912661611,234988912662277,2306,68262,666,71234
9172,234988912778135,234988912779553,234988912849175,234988912849849,1418,69622,674,71714
9173,234988912966201,234988912968487,234988913039011,234988913039681,2286,70524,670,73480
9174,234988913163809,234988913165269,234988913235427,234988913236111,1460,70158,684,72302
9175,234988913360987,234988913363859,234988913433155,234988913433821,2872,69296,666,72834
9176,234988913550083,234988913551513,234988913620285,234988913620969,1430,68772,684,70886
9177,234988913736607,234988913738059,234988913806087,234988913806765,1452,68028,678,70158
9178,234988913922967,234988913925293,234988913995357,234988913996039,2326,70064,682,73072
9179,234988914112369,234988914113803,234988914184789,234988914185465,1434,70986,676,73096
9180,234988914301181,234988914302591,234988914372325,234988914373013,1410,69734,688,71832
9181,234988914489089,234988914490477,234988914560195,234988914560819,1388,69718,624,71730
9182,234988914676777,234988914679135,234988914749029,234988914749711,2358,69894,682,72934
9183,234988914865495,234988914866905,234988914937349,234988914938021,1410,70444,672,72526
9184,234988915053871,234988915055317,234988915123565,234988915124227,1446,68248,662,70356
9185,234988915248541,234988915249975,234988915320725,234988915321417,1434,70750,692,72876
9186,234988915436957,234988915438441,234988915506421,234988915507067,1484,67980,646,70110
9187,234988915623011,234988915624433,234988915694605,234988915695281,1422,70172,676,72270
9188,234988915811263,234988915813613,234988915883787,234988915884445,2350,70174,658,73182
9189,234988916000315,234988916002615,234988916075183,234988916075839,2300,72568,656,75524
9190,234988916199877,234988916201339,234988916271979,234988916272661,1462,70640,682,72784
9191,234988916388691,234988916390149,234988916460637,234988916461315,1458,70488,678,72624
9192,234988916577037,234988916579333,234988916649865,234988916650529,2296,70532,664,73492
9193,234988916766497,234988916767933,234988916838343,234988916839021,1436,70410,678,72524
9194,234988916955173,234988916956639,234988917027761,234988917028441,1466,71122,680,73268
9195,234988917153263,234988917154661,234988917227123,234988917227807,1398,72462,684,74544
9196,234988917343063,234988917344525,234988917413785,234988917414457,1462,69260,672,71394
9197,234988917531017,234988917532465,234988917601247,234988917601951,1448,68782,704,70934
9198,234988917718339,234988917719753,234988917790537,234988917791221,1414,70784,684,72882
9199,234988917906695,234988917908101,234988917978763,234988917979397,1406,70662,634,72702
9200,234988918095343,234988918096765,234988918164947,234988918165597,1422,68182,650,70254
9201,234988918281761,234988918284145,234988918353331,234988918353961,2384,69186,630,72200
9202,234988918470331,234988918471749,234988918541945,234988918542605,1418,70196,660,72274
9203,234988918658599,234988918660027,234988918730237,234988918730927,1428,70210,690,72328
9204,234988918855033,234988918857325,234988918926295,234988918926959,2292,68970,664,71926
9205,234988919052025,234988919054857,234988919123521,234988919124173,2832,68664,652,72148
9206,234988919248549,234988919250955,234988919319243,234988919319917,2406,68288,674,71368
9207,234988919436337,234988919437781,234988919507063,234988919507755,1444,69282,692,71418
9208,234988919623381,234988919625751,234988919694235,234988919694931,2370,68484,696,71550
9209,234988919811847,234988919813279,234988919883517,234988919884217,1432,70238,700,72370
9210,234988920000157,234988920001549,234988920072785,234988920073463,1392,71236,678,73306
9211,234988920189755,234988920191185,234988920261199,234988920261871,1430,70014,672,72116
9212,234988920378301,234988920379759,234988920448771,234988920449465,1458,69012,694,71164
9213,234988920565547,234988920566911,234988920639473,234988920640139,1364,72562,666,74592
9214,234988920755811,234988920757673,234988920830245,234988920830909,1862,72572,664,75098
9215,234988920962603,234988920964013,234988921035805,234988921036457,1410,71792,652,73854
9216,234988921151675,234988921153109,234988921224139,234988921224815,1434,71030,676,73140
9217,234988921340437,234988921342741,234988921411715,234988921412377,2304,68974,662,71940
9218,234988921527529,234988921528951,234988921597993,234988921598687,1422,69042,694,71158
9219,234988921713967,234988921715359,234988921788637,234988921789301,1392,73278,664,75334
9220,234988921905061,234988921906483,234988921977343,234988921978027,1422,70860,684,72966
9221,234988922105645,234988922107067,234988922178437,234988922179103,1422,71370,666,73458
9222,234988922294921,234988922296369,234988922365757,234988922366401,1448,69388,644,71480
9223,234988922482933,234988922484889,234988922555485,234988922556193,1956,70596,708,73260
9224,234988922672479,234988922673943,234988922744545,234988922745209,1464,70602,664,72730
9225,234988922860801,234988922862205,234988922933683,234988922934365,1404,71478,682,73564
9226,234988923058609,234988923060077,234988923127987,234988923128665,1468,67910,678,70056
9227,234988923244903,234988923246275,234988923317723,234988923318391,1372,71448,668,73488
9228,234988923434297,234988923435691,234988923505691,234988923506365,1394,70000,674,72068
9229,234988923621839,234988923623255,234988923693791,234988923694457,1416,70536,666,72618
9230,234988923810529,234988923811987,234988923880825,234988923881447,1458,68838,622,70918
9231,234988923997559,234988923998963,234988924068895,234988924069579,1404,69932,684,72020
9232,234988924185775,234988924188131,234988924257761,234988924258427,2356,69630,666,72652
9233,234988924374601,234988924376117,234988924446613,234988924447253,1516,70496,640,72652
9234,234988924563217,234988924565497,234988924635107,234988924635787,2280,69610,680,72570
9235,234988924751845,234988924753237,234988924825237,234988924825933,1392,72000,696,74088
9236,234988924950187,234988924951613,234988925022541,234988925023205,1426,70928,664,73018
9237,234988925125381,234988925126615,234988925189717,234988925190377,1234,63102,660,64996
9238,234988925286319,234988925287549,234988925352761,234988925353433,1230,65212,672,67114
9239,234988925448889,234988925450123,234988925513599,234988925514293,1234,63476,694,65404
9240,234988925609875,234988925612245,234988925674811,234988925675459,2370,62566,648,65584
9241,234988925770711,234988925772883,234988925836801,234988925837467,2172,63918,666,66756
9242,234988925932795,234988925934049,234988925996929,234988925997583,1254,62880,654,64788
9243,234988926092861,234988926095095,234988926159191,234988926159881,2234,64096,690,67020
9244,234988926254825,234988926256045,234988926321271,234988926321943,1220,65226,672,67118
9245,234988926417241,234988926418501,234988926481241,234988926481907,1260,62740,666,64666
9246,234988926584905,234988926587141,234988926649849,234988926650531,2236,62708,682,65626
9247,234988926745763,234988926747049,234988926812663,234988926813325,1286,65614,662,67562
9248,234988926909355,234988926912031,234988926975899,234988926976571,2676,63868,672,67216
9249,234988927071551,234988927072805,234988927136073,234988927136749,1254,63268,676,65198
9250,234988927240285,234988927241521,234988927306513,234988927307197,1236,64992,684,66912
9251,234988927402303,234988927404499,234988927466287,234988927466953,2196,61788,666,64650
9252,234988927561427,234988927562665,234988927626229,234988927626911,1238,63564,682,65484
9253,234988927721447,234988927723649,234988927789787,234988927790443,2202,66138,656,68996
9254,234988927885595,234988927887769,234988927951909,234988927952567,2174,64140,658,66972
9255,234988928048899,234988928050103,234988928115889,234988928116567,1204,65786,678,67668
9256,234988928219623,234988928220821,234988928286745,234988928287421,1198,65924,676,67798
9257,234988928391017,234988928392523,234988928417155,234988928417837,1506,24632,682,26820
9258,234988928511491,234988928512729,234988928576651,234988928577305,1238,63922,654,65814
9259,234988928672447,234988928673683,234988928736733,234988928737379,1236,63050,646,64932
9260,234988928832715,234988928834993,234988928897123,234988928897773,2278,62130,650,65058
9261,234988928992507,234988928993737,234988929058231,234988929058849,1230,64494,618,66342
9262,234988929153397,234988929155579,234988929218293,234988929218959,2182,62714,666,65562
9263,234988929313585,234988929314789,234988929379099,234988929379777,1204,64310,678,66192
9264,234988929474325,234988929475633,234988929539143,234988929539761,1308,63510,618,65436
9265,234988929634487,234988929635725,234988929700141,234988929700795,1238,64416,654,66308
9266,234988929796201,234988929797561,234988929859517,234988929860207,1360,61956,690,64006
9267,234988929955291,234988929956527,234988930020163,234988930020839,1236,63636,676,65548
9268,234988930123333,234988930125535,234988930188637,234988930189325,2202,63102,688,65992
9269,234988930284179,234988930285417,234988930350433,234988930351105,1238,65016,672,66926
9270,234988930446845,234988930449029,234988930511375,234988930512051,2184,62346,676,65206
9271,234988930606865,234988930608091,234988930674047,234988930674703,1226,65956,656,67838
9272,234988930769849,234988930771103,234988930837213,234988930837909,1254,66110,696,68060
9273,234988930934843,234988930936121,234988931006291,234988931006957,1278,70170,666,72114
9274,234988931115997,234988931117269,234988931182555,234988931183255,1272,65286,700,67258
9275,234988931284873,234988931287073,234988931353105,234988931353789,2200,66032,684,68916
9276,234988931455061,234988931456383,234988931519689,234988931520349,1322,63306,660,65288
9277,234988931621617,234988931622901,234988931689825,234988931690503,1284,66924,678,68886
9278,234988931800459,234988931801809,234988931871493,234988931872163,1350,69684,670,71704
9279,234988931990251,234988931991613,234988932061037,234988932061707,1362,69424,670,71456
9280,234988932170753,234988932173009,234988932241769,234988932242447,2256,68760,678,71694
9281,234988932352331,234988932354637,234988932423389,234988932424009,2306,68752,620,71678
9282,234988932535277,234988932536725,234988932604205,234988932604865,1448,67480,660,69588
9283,234988932720773,234988932722255,234988932790367,234988932791039,1482,68112,672,70266
9284,234988932907321,234988932908747,234988932978085,234988932978749,1426,69338,664,71428
9285,234988933095629,234988933097029,234988933167325,234988933168007,1400,70296,682,72378
9286,234988933283725,234988933285163,234988933357153,234988933357811,1438,71990,658,74086
9287,234988933473379,234988933474805,234988933545191,234988933545857,1426,70386,666,72478
9288,234988933661669,234988933663085,234988933734931,234988933735601,1416,71846,670,73932
9289,234988933860109,234988933861535,234988933933235,234988933933925,1426,71700,690,73816
9290,234988934050489,234988934051921,234988934123395,234988934124055,1432,71474,660,73566
9291,234988934247893,234988934249291,234988934319221,234988934319881,1398,69930,660,71988
9292,234988934436065,234988934437495,234988934506255,234988934506925,1430,68760,670,70860
9293,234988934623249,234988934624675,234988934695861,234988934696563,1426,71186,702,73314
9294,234988934812267,234988934813699,234988934885413,234988934886079,1432,71714,666,73812
9295,234988935010721,234988935013025,234988935084865,234988935085543,2304,71840,678,74822
9296,234988935202301,234988935204587,234988935274121,234988935274783,2286,69534,662,72482
9297,234988935390953,234988935393163,234988935462275,234988935462929,2210,69112,654,71976
9298,234988935578891,234988935580315,234988935650251,234988935650941,1424,69936,690,72050
9299,234988935774805,234988935776233,234988935848497,234988935849175,1428,72264,678,74370
9300,234988935964745,234988935966149,234988936037723,234988936038421,1404,71574,698,73676
9301,234988936154341,234988936156027,234988936226353,234988936227013,1686,70326,660,72672
9302,234988936342793,234988936344229,234988936415009,234988936415635,1436,70780,626,72842
9303,234988936533403,234988936534819,234988936606903,234988936607525,1416,72084,622,74122
9304,234988936723013,234988936725407,234988936795409,234988936796095,2394,70002,686,73082
9305,234988936912267,234988936913693,234988936986109,234988936986757,1426,72416,648,74490
9306,234988937113009,234988937114443,234988937184665,234988937185303,1434,70222,638,72294
9307,234988937301847,234988937303563,234988937375281,234988937375939,1716,71718,658,74092
9308,234988937491891,234988937493319,234988937563519,234988937564183,1428,70200,664,72292
9309,234988937688451,234988937689999,234988937757721,234988937758405,1548,67722,684,69954
9310,234988937874719,234988937876131,234988937946017,234988937946673,1412,69886,656,71954
9311,234988938062219,234988938064403,234988938137033,234988938137713,2184,72630,680,75494
9312,234988938253903,234988938256285,234988938326947,234988938327593,2382,70662,646,73690
9313,234988938444551,234988938446935,234988938518431,234988938519077,2384,71496,646,74526
9314,234988938634801,234988938636215,234988938706735,234988938707411,1414,70520,676,72610
9315,234988938823565,234988938824995,234988938894797,234988938895445,1430,69802,648,71880
9316,234988939011491,234988939013233,234988939083473,234988939084147,1742,70240,674,72656
9317,234988939200359,234988939201733,234988939272509,234988939273183,1374,70776,674,72824
9318,234988939389445,234988939391755,234988939462547,234988939463237,2310,70792,690,73792
9319,234988939587859,234988939589245,234988939660373,234988939661063,1386,71128,690,73204
9320,234988939777117,234988939778531,234988939849613,234988939850285,1414,71082,672,73168
9321,234988939965907,234988939967501,234988940038969,234988940039617,1594,71468,648,73710
9322,234988940163545,234988940164967,234988940235329,234988940236043,1422,70362,714,72498
9323,234988940352169,234988940353955,234988940425325,234988940425987,1786,71370,662,73818
9324,234988940542189,234988940543609,234988940613215,234988940613887,1420,69606,672,71698
9325,234988940730209,234988940731631,234988940801693,234988940802371,1422,70062,678,72162
9326,234988940918509,234988940919919,234988940991119,234988940991809,1410,71200,690,73300
9327,234988941107705,234988941109237,234988941178645,234988941179315,1532,69408,670,71610
9328,234988941295901,234988941298241,234988941368017,234988941368623,2340,69776,606,72722
9329,234988941493391,234988941494825,234988941562267,234988941562933,1434,67442,666,69542
9330,234988941678947,234988941680347,234988941752147,234988941752833,1400,71800,686,73886
9331,234988941868967,234988941870449,234988941940423,234988941941123,1482,69974,700,72156
9332,234988942057129,234988942058587,234988942126271,234988942126943,1458,67684,672,69814
9333,234988942243753,234988942246069,234988942314967,234988942315639,2316,68898,672,71886
9334,234988942431379,234988942432817,234988942502345,234988942503011,1438,69528,666,71632
9335,234988942619219,234988942621579,234988942692211,234988942692911,2360,70632,700,73692
9336,234988942809061,234988942810489,234988942880245,234988942880927,1428,69756,682,71866
9337,234988942997419,234988942998811,234988943068001,234988943068673,1392,69190,672,71254
9338,234988943192407,234988943194739,234988943264207,234988943264917,2332,69468,710,72510
9339,234988943390101,234988943391545,234988943461721,234988943462393,1444,70176,672,72292
9340,234988943578409,234988943580925,234988943649949,234988943650633,2516,69024,684,72224
9341,234988943785313,234988943787497,234988943812459,234988943813203,2184,24962,744,27890
9342,234988943899565,234988943901353,234988943962223,234988943962849,1788,60870,626,63284
9343,234988944049765,234988944050939,234988944113743,234988944114391,1174,62804,648,64626
9344,234988944201139,234988944202321,234988944265259,234988944265925,1182,62938,666,64786
9345,234988944352501,234988944354649,234988944415585,234988944416243,2148,60936,658,63742
9346,234988944502735,234988944503881,234988944566611,234988944567271,1146,62730,660,64536
9347,234988944653519,234988944654683,234988944717317,234988944717979,1164,62634,662,64460
9348,234988944804563,234988944806801,234988944868931,234988944869611,2238,62130,680,65048
9349,234988944955849,234988944957005,234988945017959,234988945018625,1156,60954,666,62776
9350,234988945113367,234988945114547,234988945176953,234988945177621,1180,62406,668,64254
9351,234988945263791,234988945264955,234988945326997,234988945327673,1164,62042,676,63882
9352,234988945414847,234988945416037,234988945478839,234988945479499,1190,62802,660,64652
9353,234988945565705,234988945567859,234988945630117,234988945630789,2154,62258,672,65084
9354,234988945717061,234988945718195,234988945780049,234988945780727,1134,61854,678,63666
9355,234988945866487,234988945867643,234988945929677,234988945930373,1156,62034,696,63886
9356,234988946035067,234988946037185,234988946100101,234988946100737,2118,62916,636,65670
9357,234988946186293,234988946187455,234988946248717,234988946249419,1162,61262,702,63126
9358,234988946334961,234988946337107,234988946399699,234988946400349,2146,62592,650,65388
9359,234988946486027,234988946487215,234988946547209,234988946547883,1188,59994,674,61856
9360,234988946633305,234988946634469,234988946695927,234988946696611,1164,61458,684,63306
9361,234988946791069,234988946793251,234988946853289,234988946853943,2182,60038,654,62874
9362,234988946939843,234988946941013,234988947001435,234988947002113,1170,60422,678,62270
9363,234988947088007,234988947090179,234988947152443,234988947153119,2172,62264,676,65112
9364,234988947239047,234988947241223,234988947302641,234988947303325,2176,61418,684,64278
9365,234988947389239,234988947390361,234988947453337,234988947454009,1122,62976,672,64770
9366,234988947540061,234988947541231,234988947602341,234988947603017,1170,61110,676,62956
9367,234988947689053,234988947691219,234988947752591,234988947753247,2166,61372,656,64194
9368,234988947839111,234988947840275,234988947903209,234988947903897,1164,62934,688,64786
9369,234988947989645,234988947990811,234988948052371,234988948053031,1166,61560,660,63386
9370,234988948138451,234988948139621,234988948201295,234988948201951,1170,61674,656,63500
9371,234988948287545,234988948288733,234988948350373,234988948351033,1188,61640,660,63488
9372,234988948444477,234988948445629,234988948508285,234988948508965,1152,62656,680,64488
9373,234988948594693,234988948596827,234988948657925,234988948658593,2134,61098,668,63900
9374,234988948744507,234988948745665,234988948808227,234988948808875,1158,62562,648,64368
9375,234988948894997,234988948897205,234988948958023,234988948958713,2208,60818,690,63716
9376,234988949057471,234988949058605,234988949122441,234988949123107,1134,63836,666,65636
9377,234988949209507,234988949210671,234988949273371,234988949274017,1164,62700,646,64510
9378,234988949359561,234988949360731,234988949420515,234988949421187,1170,59784,672,61626
9379,234988949506781,234988949507939,234988949569105,234988949569793,1158,61166,688,63012
9380,234988949658185,234988949659345,234988949723953,234988949724617,1160,64608,664,66432
9381,234988949813927,234988949815303,234988949876605,234988949877277,1376,61302,672,63350
9382,234988949966267,234988949967521,234988950028987,234988950029669,1254,61466,682,63402
9383,234988950127093,234988950128257,234988950191195,234988950191857,1164,62938,662,64764
9384,234988950280687,234988950281855,234988950346957,234988950347621,1168,65102,664,66934
9385,234988950440239,234988950442807,234988950505781,234988950506461,2568,62974,680,66222
9386,234988950605797,234988950606979,234988950672341,234988950673007,1182,65362,666,67210
9387,234988950765923,234988950767129,234988950832549,234988950833219,1206,65420,670,67296
9388,234988950925357,234988950926579,234988950989159,234988950989863,1222,62580,704,64506
9389,234988951082323,234988951083541,234988951147633,234988951148317,1218,64092,684,65994
9390,234988951245911,234988951248115,234988951311793,234988951312471,2204,63678,678,66560
9391,234988951410353,234988951411589,234988951476037,234988951476701,1236,64448,664,66348
9392,234988951574003,234988951576171,234988951640603,234988951641269,2168,64432,666,67266
9393,234988951738621,234988951740861,234988951804153,234988951804805,2240,63292,652,66184
9394,234988951909771,234988951912339,234988951979165,234988951979831,2568,66826,666,70060
9395,234988952093689,234988952095033,234988952161195,234988952161871,1344,66162,676,68182
9396,234988952266583,234988952267893,234988952335087,234988952335775,1310,67194,688,69192
9397,234988952440703,234988952442919,234988952506331,234988952507003,2216,63412,672,66300
9398,234988952611511,234988952613491,234988952678315,234988952678987,1980,64824,672,67476
9399,234988952795807,234988952797219,234988952867263,234988952867945,1412,70044,682,72138
9400,234988952984485,234988952986811,234988953056225,234988953056903,2326,69414,678,72418
9401,234988953172745,234988953174223,234988953243511,234988953244189,1478,69288,678,71444
9402,234988953359863,234988953361351,234988953428221,234988953428911,1488,66870,690,69048
9403,234988953544999,234988953546409,234988953617129,234988953617785,1410,70720,656,72786
9404,234988953741917,234988953743349,234988953814775,234988953815461,1432,71426,686,73544
9405,234988953931229,234988953932605,234988954003895,234988954004593,1376,71290,698,73364
9406,234988954120697,234988954122133,234988954190615,234988954191271,1436,68482,656,70574
9407,234988954307225,234988954308683,234988954377659,234988954378333,1458,68976,674,71108
9408,234988954494329,234988954495787,234988954564865,234988954565555,1458,69078,690,71226
9409,234988954681589,234988954682953,234988954754761,234988954755419,1364,71808,658,73830
9410,234988954871365,234988954873663,234988954941395,234988954942075,2298,67732,680,70710
9411,234988955065867,234988955067287,234988955139593,234988955140309,1420,72306,716,74442
9412,234988955256707,234988955258159,234988955328951,234988955329615,1452,70792,664,72908
9413,234988955445437,234988955446831,234988955520283,234988955520937,1394,73452,654,75500
9414,234988955636933,234988955638381,234988955708705,234988955709385,1448,70324,680,72452
9415,234988955834431,234988955835883,234988955904715,234988955905379,1452,68832,664,70948
9416,234988956021355,234988956022747,234988956093533,234988956094199,1392,70786,666,72844
9417,234988956210719,234988956212113,234988956281243,234988956281905,1394,69130,662,71186
9418,234988956397937,234988956399359,234988956469573,234988956470227,1422,70214,654,72290
9419,234988956585643,234988956587071,234988956656909,234988956657551,1428,69838,642,71908
9420,234988956773311,234988956774719,234988956845645,234988956846313,1408,70926,668,73002
9421,234988956962041,234988956963479,234988957033597,234988957034275,1438,70118,678,72234
9422,234988957149899,234988957151599,234988957221595,234988957222273,1700,69996,678,72374
9423,234988957337951,234988957339333,234988957411277,234988957411931,1382,71944,654,73980
9424,234988957527827,234988957529219,234988957600547,234988957601221,1392,71328,674,73394
9425,234988957730951,234988957732367,234988957803377,234988957804069,1416,71010,692,73118
9426,234988957919821,234988957921219,234988957992289,234988957992937,1398,71070,648,73116
9427,234988958117107,234988958118553,234988958189281,234988958189947,1446,70728,666,72840
9428,234988958306069,234988958307529,234988958375941,234988958376629,1460,68412,688,70560
9429,234988958492709,234988958494139,234988958565485,234988958566163,1430,71346,678,73454
9430,234988958681677,234988958683067,234988958752931,234988958753543,1390,69864,612,71866
9431,234988958870155,234988958871577,234988958940007,234988958940685,1422,68430,678,70530
9432,234988959065281,234988959067543,234988959135409,234988959136093,2262,67866,684,70812
9433,234988959252179,234988959253657,234988959324013,234988959324679,1478,70356,666,72500
9434,234988959440569,234988959441943,234988959515215,234988959515887,1374,73272,672,75318
9435,234988959639649,234988959641107,234988959711863,234988959712543,1458,70756,680,72894
9436,234988959828587,234988959829993,234988959902447,234988959903127,1406,72454,680,74540
9437,234988960018745,234988960020497,234988960089599,234988960090271,1752,69102,672,71526
9438,234988960206289,234988960207913,234988960276187,234988960276841,1624,68274,654,70552
9439,234988960393081,234988960395355,234988960465795,234988960466483,2274,70440,688,73402
9440,234988960581907,234988960583317,234988960653971,234988960654657,1410,70654,686,72750
9441,234988960770971,234988960773265,234988960843657,234988960844363,2294,70392,706,73392
9442,234988960960457,234988960962665,234988961031439,234988961032117,2208,68774,678,71660
9443,234988961156593,234988961158013,234988961228909,234988961229583,1420,70896,674,72990
9444,234988961345819,234988961347267,234988961419313,234988961420005,1448,72046,692,74186
9445,234988961544659,234988961546125,234988961616055,234988961616727,1466,69930,672,72068
9446,234988961732641,234988961734061,234988961804455,234988961805127,1420,70394,672,72486
9447,234988961921965,234988961923345,234988961996719,234988961997367,1380,73374,648,75402
9448,234988962113129,234988962114545,234988962184963,234988962185629,1416,70418,666,72500
9449,234988962301415,234988962302857,234988962372581,234988962373249,1442,69724,668,71834
9450,234988962488915,234988962491093,234988962560497,234988962561169,2178,69404,672,72254
9451,234988962677041,234988962678619,234988962747485,234988962748183,1578,68866,698,71142
9452,234988962863773,234988962866063,234988962936479,234988962937165,2290,70416,686,73392
9453,234988963053001,234988963055275,234988963123759,234988963124449,2274,68484,690,71448
9454,234988963240859,234988963243219,234988963312243,234988963312933,2360,69024,690,72074
9455,234988963438441,234988963439893,234988963511543,234988963512237,1452,71650,694,73796
9456,234988963628003,234988963629485,234988963695859,234988963696541,1482,66374,682,68538
9457,234988963813337,234988963814767,234988963883291,234988963883953,1430,68524,662,70616
9458,234988964000371,234988964001913,234988964072045,234988964072707,1542,70132,662,72336
9459,234988964196551,234988964197991,234988964267135,234988964267815,1440,69144,680,71264
9460,234988964383985,234988964385391,234988964455663,234988964456317,1406,70272,654,72332
9461,234988964572709,234988964574127,234988964644295,234988964644963,1418,70168,668,72254
9462,234988964760845,234988964762279,234988964831387,234988964832017,1434,69108,630,71172
9463,234988964947805,234988964949251,234988965020161,234988965020851,1446,70910,690,73046
9464,234988965136899,234988965138317,234988965208231,234988965208885,1418,69914,654,71986
9465,234988965334201,234988965335617,234988965406091,234988965406757,1416,70474,666,72556
9466,234988965522659,234988965524153,234988965595561,234988965596209,1494,71408,648,73550
9467,234988965712061,234988965713467,234988965782963,234988965783649,1406,69496,686,71588
9468,234988965899731,234988965901183,234988965971029,234988965971701,1452,69846,672,71970
9469,234988966087837,234988966089253,234988966161293,234988966161905,1416,72040,612,74068
9470,234988966277953,234988966279373,234988966349993,234988966350623,1420,70620,630,72670
9471,234988966466801,234988966468213,234988966536809,234988966537487,1412,68596,678,70686
9472,234988966653457,234988966654897,234988966725545,234988966726199,1440,70648,654,72742
9473,234988966841905,234988966843417,234988966911743,234988966912435,1512,68326,692,70530
9474,234988967041175,234988967042627,234988967112061,234988967112731,1452,69434,670,71556
9475,234988967243809,234988967245411,234988967317307,234988967317979,1602,71896,672,74170
9476,234988967433559,234988967435015,234988967504263,234988967504921,1456,69248,658,71362
9477,234988967629171,234988967630633,234988967698237,234988967698897,1462,67604,660,69726
9478,234988967815057,234988967816465,234988967886853,234988967887547,1408,70388,694,72490
9479,234988968003223,234988968004667,234988968075499,234988968076205,1444,70832,706,72982
9480,234988968192337,234988968193873,234988968266149,234988968266861,1536,72276,712,74524
9481,234988968382619,234988968384925,234988968453905,234988968454591,2306,68980,686,71972
9482,234988968571205,234988968572675,234988968641575,234988968642239,1470,68900,664,71034
9483,234988968758189,234988968760595,234988968829645,234988968830317,2406,69050,672,72128
9484,234988968946423,234988968947885,234988969017241,234988969017905,1462,69356,664,71482
9485,234988969142863,234988969145149,234988969214873,234988969215547,2286,69724,674,72684
9486,234988969332073,234988969333501,234988969404277,234988969404967,1428,70776,690,72894
9487,234988969521335,234988969523911,234988969594417,234988969595107,2576,70506,690,73772
9488,234988969711037,234988969712461,234988969781759,234988969782433,1424,69298,674,71396
9489,234988969898515,234988969899961,234988969969219,234988969969897,1446,69258,678,71382
9490,234988970094223,234988970095651,234988970166155,234988970166829,1428,70504,674,72606
9491,234988970282641,234988970284199,234988970354371,234988970355035,1558,70172,664,72394
9492,234988970470925,234988970472365,234988970541731,234988970542409,1440,69366,678,71484
9493,234988970658659,234988970660953,234988970729233,234988970729893,2294,68280,660,71234
9494,234988970846279,234988970847691,234988970918531,234988970919215,1412,70840,684,72936
9495,234988971043909,234988971045421,234988971115853,234988971116509,1512,70432,656,72600
9496,234988971232159,234988971233593,234988971303025,234988971303691,1434,69432,666,71532
9497,234988971420935,234988971422357,234988971493273,234988971493951,1422,70916,678,73016
9498,234988971610141,234988971611533,234988971683119,234988971683797,1392,71586,678,73656
9499,234988971799967,234988971801419,234988971871291,234988971871961,1452,69872,670,71994
9500,234988971987671,234988971989063,234988972060919,234988972061591,1392,71856,672,73920
9501,234988972177663,234988972179943,234988972251781,234988972252453,2280,71838,672,74790
9502,234988972368235,234988972369655,234988972438417,234988972439087,1420,68762,670,70852
9503,234988972555301,234988972557565,234988972627405,234988972628083,2264,69840,678,72782
9504,234988972743799,234988972745245,234988972815893,234988972816561,1446,70648,668,72762
9505,234988972942427,234988972944785,234988973012831,234988973013503,2358,68046,672,71076
9506,234988973137505,234988973138957,234988973209747,234988973210431,1452,70790,684,72926
9507,234988973326781,234988973328601,234988973400751,234988973401417,1820,72150,666,74636
9508,234988973517083,234988973518501,234988973589233,234988973589901,1418,70732,668,72818
9509,234988973705861,234988973707297,234988973778005,234988973778713,1436,70708,708,72852
9510,234988973894611,234988973896555,234988973967251,234988973967949,1944,70696,698,73338
9511,234988974083269,234988974084665,234988974155929,234988974156593,1396,71264,664,73324
9512,234988974272743,234988974274135,234988974345401,234988974346051,1392,71266,650,73308
9513,234988974461671,234988974463981,234988974535951,234988974536617,2310,71970,666,74946
9514,234988974652727,234988974654133,234988974723683,234988974724375,1406,69550,692,71648
9515,234988974849181,234988974850903,234988974921473,234988974922145,1722,70570,672,72964
9516,234988975038797,234988975041197,234988975111277,234988975111975,2400,70080,698,73178
9517,234988975228229,234988975229599,234988975302433,234988975303093,1370,72834,660,74864
9518,234988975418731,234988975421023,234988975491985,234988975492655,2292,70962,670,73924
9519,234988975608461,234988975609877,234988975680095,234988975680751,1416,70218,656,72290
9520,234988975796383,234988975797803,234988975868629,234988975869301,1420,70826,672,72918
9521,234988975985387,234988975986839,234988976058043,234988976058689,1452,71204,646,73302
9522,234988976182379,234988976183825,234988976253283,234988976253955,1446,69458,672,71576
9523,234988976379293,234988976380739,234988976452093,234988976452781,1446,71354,688,73488
9524,234988976568677,234988976570099,234988976638697,234988976639381,1422,68598,684,70704
9525,234988976755267,234988976756693,234988976826203,234988976826859,1426,69510,656,71592
9526,234988976951305,234988976952757,234988977023779,234988977024445,1452,71022,666,73140
9527,234988977140089,234988977141535,234988977211633,234988977212341,1446,70098,708,72252
9528,234988977328171,234988977330605,234988977399215,234988977399889,2434,68610,674,71718
9529,234988977515591,234988977517009,234988977586543,234988977587215,1418,69534,672,71624
9530,234988977703165,234988977704585,234988977775033,234988977775687,1420,70448,654,72522
9531,234988977891611,234988977893011,234988977963721,234988977964391,1400,70710,670,72780
9532,234988978079587,234988978081021,234988978152737,234988978153379,1434,71716,642,73792
9533,234988978269353,234988978271747,234988978342607,234988978343285,2394,70860,678,73932
9534,234988978459309,234988978460711,234988978530655,234988978531321,1402,69944,666,72012
9535,234988978647847,234988978649273,234988978720189,234988978720861,1426,70916,672,73014
9536,234988978844965,234988978846445,234988978876487,234988978877149,1480,30042,662,32184
9537,234988979009621,234988979011921,234988979082781,234988979083453,2300,70860,672,73832
9538,234988979199601,234988979201087,234988979269505,234988979270173,1486,68418,668,70572
9539,234988979385659,234988979387095,234988979457163,234988979457833,1436,70068,670,72174
9540,234988979573731,234988979575621,234988979647519,234988979648177,1890,71898,658,74446
9541,234988979764097,234988979765545,234988979836091,234988979836751,1448,70546,660,72654
9542,234988979952845,234988979954239,234988980026905,234988980027577,1394,72666,672,74732
9543,234988980143065,234988980145481,234988980216025,234988980216701,2416,70544,676,73636
9544,234988980333023,234988980334435,234988980404599,234988980405259,1412,70164,660,72236
9545,234988980521999,234988980523459,234988980594791,234988980595477,1460,71332,686,73478
9546,234988980720455,234988980721873,234988980793273,234988980793961,1418,71400,688,73506
9547,234988980910069,234988980911491,234988980982843,234988980983513,1422,71352,670,73444
9548,234988981099325,234988981100765,234988981170695,234988981171397,1440,69930,702,72072
9549,234988981287703,234988981289123,234988981361669,234988981362361,1420,72546,692,74658
9550,234988981478165,234988981479637,234988981547975,234988981548641,1472,68338,666,70476
9551,234988981664255,234988981665913,234988981738859,234988981739525,1658,72946,666,75270
9552,234988981855727,234988981858147,234988981929565,234988981930211,2420,71418,646,74484
9553,234988982055913,234988982057351,234988982126647,234988982127331,1438,69296,684,71418
9554,234988982243111,234988982244529,234988982314609,234988982315273,1418,70080,664,72162
9555,234988982431099,234988982432953,234988982504497,234988982505167,1854,71544,670,74068
9556,234988982630075,234988982632015,234988982703665,234988982704361,1940,71650,696,74286
9557,234988982820283,234988982822593,234988982891591,234988982892277,2310,68998,686,71994
9558,234988983008411,234988983009851,234988983080059,234988983080749,1440,70208,690,72338
9559,234988983196529,234988983197933,234988983269467,234988983270161,1404,71534,694,73632
9560,234988983386071,234988983387457,234988983457837,234988983458521,1386,70380,684,72450
9561,234988983574553,234988983575999,234988983645023,234988983645731,1446,69024,708,71178
9562,234988983761845,234988983764143,234988983833699,234988983834377,2298,69556,678,72532
9563,234988983950233,234988983951629,234988984023605,234988984024259,1396,71976,654,74026
9564,234988984139977,234988984141399,234988984212101,234988984212763,1422,70702,662,72786
9565,234988984329085,234988984330505,234988984398431,234988984399099,1420,67926,668,70014
9566,234988984523725,234988984526035,234988984595377,234988984596055,2310,69342,678,72330
9567,234988984712143,234988984713547,234988984783895,234988984784581,1404,70348,686,72438
9568,234988984908671,234988984910981,234988984980565,234988984981243,2310,69584,678,72572
9569,234988985105537,234988985106985,234988985177027,234988985177711,1448,70042,684,72174
9570,234988985293979,234988985295853,234988985364929,234988985365603,1874,69076,674,71624
9571,234988985481659,234988985483363,234988985552321,234988985552975,1704,68958,654,71316
9572,234988985669131,234988985670707,234988985742599,234988985743283,1576,71892,684,74152
9573,234988985858803,234988985860247,234988985928233,234988985928899,1444,67986,666,70096
9574,234988986045061,234988986047471,234988986116653,234988986117323,2410,69182,670,72262
9575,234988986233587,234988986235003,234988986307657,234988986308327,1416,72654,670,74740
9576,234988986432187,234988986433607,234988986504223,234988986504887,1420,70616,664,72700
9577,234988986620915,234988986622333,234988986694625,234988986695285,1418,72292,660,74370
9578,234988986810971,234988986812471,234988986883045,234988986883733,1500,70574,688,72762
9579,234988987000045,234988987001491,234988987073737,234988987074407,1446,72246,670,74362
9580,234988987190471,234988987191883,234988987261219,234988987261865,1412,69336,646,71394
9581,234988987377995,234988987379419,234988987449359,234988987450015,1424,69940,656,72020
9582,234988987565837,234988987567657,234988987638325,234988987639009,1820,70668,684,73172
9583,234988987755307,234988987757629,234988987826243,234988987826915,2322,68614,672,71608
9584,234988987944373,234988987945801,234988988015909,234988988016569,1428,70108,660,72196
9585,234988988140261,234988988142563,234988988211941,234988988212607,2302,69378,666,72346
9586,234988988337415,234988988339723,234988988411273,234988988411935,2308,71550,662,74520
9587,234988988527669,234988988529115,234988988598643,234988988599307,1446,69528,664,71638
9588,234988988716459,234988988717899,234988988786719,234988988787371,1440,68820,652,70912
9589,234988988903501,234988988904899,234988988974309,234988988974979,1398,69410,670,71478
9590,234988989090997,234988989092405,234988989163849,234988989164507,1408,71444,658,73510
9591,234988989280451,234988989281897,234988989352391,234988989353033,1446,70494,642,72582
9592,234988989468989,234988989470537,234988989539803,234988989540449,1548,69266,646,71460
9593,234988989656395,234988989657919,234988989727703,234988989728359,1524,69784,656,71964
9594,234988989844519,234988989845941,234988989917911,234988989918575,1422,71970,664,74056
9595,234988990034509,234988990036841,234988990106587,234988990107263,2332,69746,676,72754
9596,234988990238447,234988990240759,234988990309637,234988990310305,2312,68878,668,71858
9597,234988990425979,234988990427399,234988990496737,234988990497437,1420,69338,700,71458
9598,234988990614301,234988990615717,234988990687373,234988990688035,1416,71656,662,73734
9599,234988990804177,234988990805615,234988990874441,234988990875133,1438,68826,692,70956
9600,234988991002207,234988991004541,234988991072827,234988991073487,2334,68286,660,71280
9601,234988991189891,234988991192759,234988991261891,234988991262545,2868,69132,654,72654
9602,234988991378447,234988991379911,234988991449789,234988991450465,1464,69878,676,72018
9603,234988991566391,234988991568721,234988991638097,234988991638757,2330,69376,660,72366
9604,234988991754785,234988991756213,234988991825713,234988991826377,1428,69500,664,71592
9605,234988991942623,234988991944013,234988992015851,234988992016511,1390,71838,660,73888
9606,234988992142139,234988992144433,234988992215105,234988992215759,2294,70672,654,73620
9607,234988992332111,234988992334463,234988992403895,234988992404563,2352,69432,668,72452
9608,234988992520561,234988992521959,234988992594167,234988992594857,1398,72208,690,74296
9609,234988992711163,234988992712585,234988992783205,234988992783875,1422,70620,670,72712
9610,234988992899785,234988992902447,234988992970163,234988992970837,2662,67716,674,71052
9611,234988993087213,234988993088831,234988993157551,234988993158227,1618,68720,676,71014
9612,234988993273829,234988993275937,234988993345631,234988993346339,2108,69694,708,72510
9613,234988993462559,234988993463969,234988993532869,234988993533545,1410,68900,676,70986
9614,234988993658189,234988993659659,234988993729259,234988993729937,1470,69600,678,71748
9615,234988993846109,234988993847503,234988993919629,234988993920295,1394,72126,666,74186
9616,234988994052971,234988994054921,234988994125523,234988994126191,1950,70602,668,73220
9617,234988994242481,234988994243921,234988994315459,234988994316151,1440,71538,692,73670
9618,234988994432237,234988994433659,234988994503139,234988994503805,1422,69480,666,71568
9619,234988994619545,234988994620963,234988994690533,234988994691215,1418,69570,682,71670
9620,234988994806819,234988994809189,234988994877923,234988994878567,2370,68734,644,71748
9621,234988994994665,234988994996995,234988995067661,234988995068323,2330,70666,662,73658
9622,234988995183755,234988995185183,234988995255373,234988995256037,1428,70190,664,72282
9623,234988995372433,234988995374725,234988995444581,234988995445263,2292,69856,682,72830
9624,234988995561767,234988995563203,234988995632809,234988995633487,1436,69606,678,71720
9625,234988995749317,234988995750739,234988995818953,234988995819619,1422,68214,666,70302
9626,234988995935585,234988995937025,234988996009969,234988996010605,1440,72944,636,75020
9627,234988996135021,234988996136423,234988996209467,234988996210153,1402,73044,686,75132
9628,234988996325959,234988996327395,234988996398001,234988996398683,1436,70606,682,72724
9629,234988996514887,234988996516321,234988996586405,234988996587053,1434,70084,648,72166
9630,234988996703495,234988996704931,234988996775849,234988996776517,1436,70918,668,73022
9631,234988996892261,234988996894315,234988996965977,234988996966643,2054,71662,666,74382
9632,234988997089889,234988997091343,234988997160173,234988997160833,1454,68830,660,70944
9633,234988997276851,234988997279147,234988997348885,234988997349563,2296,69738,678,72712
9634,234988997465617,234988997467775,234988997537681,234988997538365,2158,69906,684,72748
9635,234988997654495,234988997656831,234988997727979,234988997728655,2336,71148,676,74160
9636,234988997844299,234988997845745,234988997917079,234988997917757,1446,71334,678,73458
9637,234988998043153,234988998044593,234988998115423,234988998116119,1440,70830,696,72966
9638,234988998232547,234988998233971,234988998304135,234988998304807,1424,70164,672,72260
9639,234988998420869,234988998422647,234988998492539,234988998493223,1778,69892,684,72354
9640,234988998609415,234988998610877,234988998678305,234988998678997,1462,67428,692,69582
9641,234988998795071,234988998796475,234988998867655,234988998868333,1404,71180,678,73262
9642,234988998984101,234988998985561,234988999053943,234988999054627,1460,68382,684,70526
9643,234988999170437,234988999173001,234988999243517,234988999244203,2564,70516,686,73766
9644,234988999360303,234988999361669,234988999433537,234988999434229,1366,71868,692,73926
9645,234988999550467,234988999552469,234988999624055,234988999624739,2002,71586,684,74272
9646,234988999740847,234988999742227,234988999810769,234988999811455,1380,68542,686,70608
9647,234988999936229,234988999938511,234989000009717,234989000010415,2282,71206,698,74186
9648,234989000133831,234989000135267,234989000205599,234989000206291,1436,70332,692,72460
9649,234989000322779,234989000324233,234989000393587,234989000394271,1454,69354,684,71492
9650,234989000510611,234989000512025,234989000584345,234989000585009,1414,72320,664,74398
9651,234989000700827,234989000702237,234989000772521,234989000773177,1410,70284,656,72350
9652,234989000889163,234989000890601,234989000961031,234989000961695,1438,70430,664,72532
9653,234989001077299,234989001078747,234989001148939,234989001149605,1448,70192,666,72306
9654,234989001265547,234989001266957,234989001338575,234989001339235,1410,71618,660,73688
9655,234989001454943,234989001457253,234989001526849,234989001527551,2310,69596,702,72608
9656,234989001643417,234989001644855,234989001714747,234989001715411,1438,69892,664,71994
9657,234989001839729,234989001841205,234989001911821,234989001912493,1476,70616,672,72764
9658,234989002028723,234989002030133,234989002100447,234989002101113,1410,70314,666,72390
9659,234989002225081,234989002226521,234989002295581,234989002296255,1440,69060,674,71174
9660,234989002412563,234989002413931,234989002488467,234989002489181,1368,74536,714,76618
9661,234989002605245,234989002606657,234989002677023,234989002677683,1412,70366,660,72438
9662,234989002793711,234989002795141,234989002865549,234989002866251,1430,70408,702,72540
9663,234989002994741,234989002997077,234989003069393,234989003070077,2336,72316,684,75336
9664,234989003186099,234989003187481,234989003259409,234989003260097,1382,71928,688,73998
9665,234989003375729,234989003377189,234989003446483,234989003447165,1460,69294,682,71436
9666,234989003563417,234989003564857,234989003635391,234989003636081,1440,70534,690,72664
9667,234989003760679,234989003762257,234989003832961,234989003833651,1578,70704,690,72972
9668,234989003949121,234989003950585,234989004018973,234989004019655,1464,68388,682,70534
9669,234989004135697,234989004137149,234989004207221,234989004207887,1452,70072,666,72190
9670,234989004323003,234989004325325,234989004392057,234989004392717,2322,66732,660,69714
9671,234989004509279,234989004510721,234989004579175,234989004579853,1442,68454,678,70574
9672,234989004696613,234989004698017,234989004769523,234989004770197,1404,71506,674,73584
9673,234989004885841,234989004887309,234989004958367,234989004959047,1468,71058,680,73206
9674,234989005075087,234989005076507,234989005148827,234989005149515,1420,72320,688,74428
9675,234989005265029,234989005266935,234989005337629,234989005338329,1906,70694,700,73300
9676,234989005454965,234989005456363,234989005526989,234989005527667,1398,70626,678,72702
9677,234989005651973,234989005654405,234989005720873,234989005721519,2432,66468,646,69546
9678,234989005837999,234989005840301,234989005909885,234989005910573,2302,69584,688,72574
9679,234989006035027,234989006037355,234989006105479,234989006106167,2328,68124,688,71140
9680,234989006222395,234989006223791,234989006295457,234989006296153,1396,71666,696,73758
9681,234989006411753,234989006414059,234989006484853,234989006485513,2306,70794,660,73760
9682,234989006601529,234989006602967,234989006675401,234989006676049,1438,72434,648,74520
9683,234989006791745,234989006794079,234989006863483,234989006864155,2334,69404,672,72410
9684,234989006980523,234989006983355,234989007052061,234989007052709,2832,68706,648,72186
9685,234989007168295,234989007169813,234989007238631,234989007239309,1518,68818,678,71014
9686,234989007355507,234989007357115,234989007427163,234989007427835,1608,70048,672,72328
9687,234989007552425,234989007553889,234989007622601,234989007623269,1464,68712,668,70844
9688,234989007739177,234989007740599,234989007812131,234989007812825,1422,71532,694,73648
9689,234989007928865,234989007930881,234989008000873,234989008001545,2016,69992,672,72680
9690,234989008117585,234989008118965,234989008190849,234989008191461,1380,71884,612,73876
9691,234989008307135,234989008308571,234989008379477,234989008380145,1436,70906,668,73010
9692,234989008495973,234989008498331,234989008569221,234989008569907,2358,70890,686,73934
9693,234989008685891,234989008687303,234989008756399,234989008757035,1412,69096,636,71144
9694,234989008873243,234989008875257,234989008945031,234989008945729,2014,69774,698,72486
9695,234989009069167,234989009070611,234989009141851,234989009142511,1444,71240,660,73344
9696,234989009258651,234989009260031,234989009330185,234989009330863,1380,70154,678,72212
9697,234989009455471,234989009456887,234989009527933,234989009528621,1416,71046,688,73150
9698,234989009644595,234989009646457,234989009718155,234989009718809,1862,71698,654,74214
9699,234989009834285,234989009835733,234989009904251,234989009904889,1448,68518,638,70604
9700,234989010021265,234989010023579,234989010092611,234989010093275,2314,69032,664,72010
9701,234989010209041,234989010211343,234989010280753,234989010281399,2302,69410,646,72358
9702,234989010397441,234989010400205,234989010470045,234989010470707,2764,69840,662,73266
9703,234989010587849,234989010589247,234989010660131,234989010660761,1398,70884,630,72912
9704,234989010776855,234989010778301,234989010847025,234989010847711,1446,68724,686,70856
9705,234989010972019,234989010973481,234989011042871,234989011043557,1462,69390,686,71538
9706,234989011159135,234989011160555,234989011231553,234989011232213,1420,70998,660,73078
9707,234989011356551,234989011358069,234989011386701,234989011387363,1518,28632,662,30812
9708,234989011503739,234989011505147,234989011573889,234989011574551,1408,68742,662,70812
9709,234989011690513,234989011691939,234989011762721,234989011763399,1426,70782,678,72886
9710,234989011879747,234989011881119,234989011952333,234989011953037,1372,71214,704,73290
9711,234989012077475,234989012079815,234989012147233,234989012147911,2340,67418,678,70436
9712,234989012264347,234989012265779,234989012334215,234989012334889,1432,68436,674,70542
9713,234989012450923,234989012452313,234989012522597,234989012523263,1390,70284,666,72340
9714,234989012639485,234989012640881,234989012709985,234989012710643,1396,69104,658,71158
9715,234989012827013,234989012829317,234989012898049,234989012898697,2304,68732,648,71684
9716,234989013015055,234989013016447,234989013086707,234989013087365,1392,70260,658,72310
9717,234989013219143,234989013220547,234989013292889,234989013293551,1404,72342,662,74408
9718,234989013409055,234989013411083,234989013481363,234989013482087,2028,70280,724,73032
9719,234989013597863,234989013600163,234989013669631,234989013670313,2300,69468,682,72450
9720,234989013786291,234989013787691,234989013858527,234989013859211,1400,70836,684,72920
9721,234989013974699,234989013976099,234989014047661,234989014048331,1400,71562,670,73632
9722,234989014164433,234989014166357,234989014236937,234989014237627,1924,70580,690,73194
9723,234989014353895,234989014355299,234989014425367,234989014426019,1404,70068,652,72124
9724,234989014542265,234989014543651,234989014615435,234989014616107,1386,71784,672,73842
9725,234989014731805,234989014733215,234989014804231,234989014804921,1410,71016,690,73116
9726,234989014921573,234989014923023,234989014993157,234989014993849,1450,70134,692,72276
9727,234989015117611,234989015119049,234989015187763,234989015188435,1438,68714,672,70824
9728,234989015312825,234989015315071,234989015384677,234989015385359,2246,69606,682,72534
9729,234989015500843,234989015502259,234989015574575,234989015575253,1416,72316,678,74410
9730,234989015691007,234989015692411,234989015763919,234989015764543,1404,71508,624,73536
9731,234989015880853,234989015882293,234989015952589,234989015953237,1440,70296,648,72384
9732,234989016069047,234989016070439,234989016141457,234989016142079,1392,71018,622,73032
9733,234989016257789,234989016259207,234989016329983,234989016330647,1418,70776,664,72858
9734,234989016446185,234989016447643,234989016518941,234989016519637,1458,71298,696,73452
9735,234989016635323,234989016638147,234989016707335,234989016708019,2824,69188,684,72696
9736,234989016823777,234989016825181,234989016896141,234989016896833,1404,70960,692,73056
9737,234989017013065,234989017014457,234989017086883,234989017087541,1392,72426,658,74476
9738,234989017211075,234989017212481,234989017282487,234989017283191,1406,70006,704,72116
9739,234989017399237,234989017400645,234989017471925,234989017472591,1408,71280,666,73354
9740,234989017588843,234989017590239,234989017659709,234989017660373,1396,69470,664,71530
9741,234989017777093,234989017778827,234989017850393,234989017851043,1734,71566,650,73950
9742,234989017974919,234989017977247,234989018046017,234989018046685,2328,68770,668,71766
9743,234989018163121,234989018164525,234989018234747,234989018235415,1404,70222,668,72294
9744,234989018351291,234989018352725,234989018420501,234989018421167,1434,67776,666,69876
9745,234989018537491,234989018538931,234989018611453,234989018612131,1440,72522,678,74640
9746,234989018727941,234989018729365,234989018800753,234989018801437,1424,71388,684,73496
9747,234989018917603,234989018919023,234989018988893,234989018989573,1420,69870,680,71970
9748,234989019119803,234989019121273,234989019190085,234989019190765,1470,68812,680,70962
9749,234989019306887,234989019308299,234989019379273,234989019379957,1412,70974,684,73070
9750,234989019504053,234989019506047,234989019575419,234989019576095,1994,69372,676,72042
9751,234989019692353,234989019693733,234989019763801,234989019764465,1380,70068,664,72112
9752,234989019880763,234989019882193,234989019950465,234989019951133,1430,68272,668,70370
9753,234989020066909,234989020068335,234989020138349,234989020139027,1426,70014,678,72118
9754,234989020255385,234989020257787,234989020325797,234989020326493,2402,68010,696,71108
9755,234989020442545,234989020444897,234989020514623,234989020515317,2352,69726,694,72772
9756,234989020631773,234989020633181,234989020703885,234989020704559,1408,70704,674,72786
9757,234989020820263,234989020821683,234989020892131,234989020892821,1420,70448,690,72558
9758,234989021025663,234989021027807,234989021098417,234989021099137,2144,70610,720,73474
9759,234989021214809,234989021216233,234989021285297,234989021285983,1424,69064,686,71174
9760,234989021401885,234989021403325,234989021473609,234989021474261,1440,70284,652,72376
9761,234989021590499,234989021591909,234989021663867,234989021664527,1410,71958,660,74028
9762,234989021780045,234989021782325,234989021852195,234989021852867,2280,69870,672,72822
9763,234989021968819,234989021970265,234989022039857,234989022040541,1446,69592,684,71722
9764,234989022156287,234989022158239,234989022228481,234989022229147,1952,70242,666,72860
9765,234989022344731,234989022346165,234989022416257,234989022416915,1434,70092,658,72184
9766,234989022532745,234989022534185,234989022603391,234989022604051,1440,69206,660,71306
9767,234989022719617,234989022721043,234989022791819,234989022792503,1426,70776,684,72886
9768,234989022916495,234989022917905,234989022989221,234989022989899,1410,71316,678,73404
9769,234989023106187,234989023107659,234989023177601,234989023178257,1472,69942,656,72070
9770,234989023294483,234989023295923,234989023364621,234989023365283,1440,68698,662,70800
9771,234989023481983,234989023484285,234989023554439,234989023555105,2302,70154,666,73122
9772,234989023670393,234989023671823,234989023741465,234989023742125,1430,69642,660,71732
9773,234989023857305,234989023859299,234989023927603,234989023928285,1994,68304,682,70980
9774,234989024052569,234989024053993,234989024125385,234989024126057,1424,71392,672,73488
9775,234989024241917,234989024243339,234989024313197,234989024313851,1422,69858,654,71934
9776,234989024429681,234989024431109,234989024502199,234989024502869,1428,71090,670,73188
9777,234989024618405,234989024619833,234989024692163,234989024692823,1428,72330,660,74418
9778,234989024816927,234989024819305,234989024889709,234989024890369,2378,70404,660,73442
9779,234989025006287,234989025007699,234989025075509,234989025076207,1412,67810,698,69920
9780,234989025192787,234989025194179,234989025264157,234989025264821,1392,69978,664,72034
9781,234989025380317,234989025381775,234989025451255,234989025451925,1458,69480,670,71608
9782,234989025568177,234989025570473,234989025639827,234989025640495,2296,69354,668,72318
9783,234989025756671,234989025758753,234989025830671,234989025831355,2082,71918,684,74684
9784,234989025947677,234989025949981,234989026020211,234989026020875,2304,70230,664,73198
9785,234989026137377,234989026138799,234989026209217,234989026209895,1422,70418,678,72518
9786,234989026325707,234989026327111,234989026398205,234989026398901,1404,71094,696,73194
9787,234989026514801,234989026516225,234989026588085,234989026588751,1424,71860,666,73950
9788,234989026713443,234989026714873,234989026783249,234989026783945,1430,68376,696,70502
9789,234989026899605,234989026901905,234989026972525,234989026973189,2300,70620,664,73584
9790,234989027097209,234989027098655,234989027166563,234989027167253,1446,67908,690,70044
9791,234989027283793,234989027286169,234989027354125,234989027354783,2376,67956,658,70990
9792,234989027470679,234989027472121,234989027544007,234989027544713,1442,71886,706,74034
9793,234989027660705,234989027662129,234989027733847,234989027734513,1424,71718,666,73808
9794,234989027850593,234989027852023,234989027923285,234989027923973,1430,71262,688,73380
9795,234989028039799,234989028041185,234989028113797,234989028114475,1386,72612,678,74676
9796,234989028239665,234989028241553,234989028313043,234989028313741,1888,71490,698,74076
9797,234989028429361,234989028431675,234989028502501,234989028503213,2314,70826,712,73852
9798,234989028627289,234989028629647,234989028700483,234989028701141,2358,70836,658,73852
9799,234989028818015,234989028820297,234989028891767,234989028892397,2282,71470,630,74382
9800,234989029008143,234989029009577,234989029079965,234989029080613,1434,70388,648,72470
9801,234989029196767,234989029199075,234989029266445,234989029267133,2308,67370,688,70366
9802,234989029383157,234989029384571,234989029455757,234989029456463,1414,71186,706,73306
9803,234989029572931,234989029574359,234989029644961,234989029645633,1428,70602,672,72702
9804,234989029761335,234989029762771,234989029833083,234989029833737,1436,70312,654,72402
9805,234989029960415,234989029961837,234989030032771,234989030033437,1422,70934,666,73022
9806,234989030149307,234989030150737,234989030220727,234989030221393,1430,69990,666,72086
9807,234989030337941,234989030339359,234989030410943,234989030411585,1418,71584,642,73644
9808,234989030538269,234989030539505,234989030602297,234989030602987,1236,62792,690,64718
9809,234989030699753,234989030700959,234989030765269,234989030765959,1206,64310,690,66206
9810,234989030860649,234989030861885,234989030926015,234989030926679,1236,64130,664,66030
9811,234989031021979,234989031024191,234989031088513,234989031089173,2212,64322,660,67194
9812,234989031183973,234989031185203,234989031250157,234989031250823,1230,64954,666,66850
9813,234989031346085,234989031347323,234989031411007,234989031411713,1238,63684,706,65628
9814,234989031506899,234989031508397,234989031572477,234989031573133,1498,64080,656,66234
9815,234989031668593,234989031669835,234989031732749,234989031733445,1242,62914,696,64852
9816,234989031828203,234989031829469,234989031892895,234989031893551,1266,63426,656,65348
9817,234989031988301,234989031990487,234989032054241,234989032054913,2186,63754,672,66612
9818,234989032149643,234989032150927,234989032214347,234989032215011,1284,63420,664,65368
9819,234989032318441,234989032319875,234989032344491,234989032345189,1434,24616,698,26748
9820,234989032438637,234989032439867,234989032503379,234989032504079,1230,63512,700,65442
9821,234989032599389,234989032600627,234989032665379,234989032666003,1238,64752,624,66614
9822,234989032762117,234989032763371,234989032827895,234989032828555,1254,64524,660,66438
9823,234989032936307,234989032937549,234989033003053,234989033003725,1242,65504,672,67418
9824,234989033098597,234989033099809,234989033165213,234989033165917,1212,65404,704,67320
9825,234989033261035,234989033262289,234989033326069,234989033326733,1254,63780,664,65698
9826,234989033422411,234989033423645,234989033486339,234989033487037,1234,62694,698,64626
9827,234989033582203,234989033583415,234989033648243,234989033648905,1212,64828,662,66702
9828,234989033743573,234989033744947,234989033810053,234989033810727,1374,65106,674,67154
9829,234989033905211,234989033907421,234989033972173,234989033972849,2210,64752,676,67638
9830,234989034076037,234989034077263,234989034141767,234989034142405,1226,64504,638,66368
9831,234989034237899,234989034240079,234989034305671,234989034306317,2180,65592,646,68418
9832,234989034401755,234989034402995,234989034468259,234989034468929,1240,65264,670,67174
9833,234989034563657,234989034564869,234989034628301,234989034628975,1212,63432,674,65318
9834,234989034724699,234989034725939,234989034791387,234989034792019,1240,65448,632,67320
9835,234989034887413,234989034889585,234989034954917,234989034955529,2172,65332,612,68116
9836,234989035051175,234989035052407,234989035114895,234989035115557,1232,62488,662,64382
9837,234989035210057,234989035211291,234989035275871,234989035276559,1234,64580,688,66502
9838,234989035371527,234989035373803,234989035436009,234989035436675,2276,62206,666,65148
9839,234989035531937,234989035533163,234989035598827,234989035599491,1226,65664,664,67554
9840,234989035695125,234989035696363,234989035760771,234989035761353,1238,64408,582,66228
9841,234989035881145,234989035883375,234989035948373,234989035949071,2230,64998,698,67926
9842,234989036053301,234989036054557,234989036118269,234989036118941,1256,63712,672,65640
9843,234989036214767,234989036216009,234989036279569,234989036280239,1242,63560,670,65472
9844,234989036380523,234989036382787,234989036448367,234989036449051,2264,65580,684,68528
9845,234989036550295,234989036551583,234989036617869,234989036618561,1288,66286,692,68266
9846,234989036719447,234989036721683,234989036785877,234989036786531,2236,64194,654,67084
9847,234989036887705,234989036890067,234989036953853,234989036954521,2362,63786,668,66816
9848,234989037056105,234989037057359,234989037124819,234989037125473,1254,67460,654,69368
9849,234989037235873,234989037237235,234989037304207,234989037304895,1362,66972,688,69022
9850,234989037415135,234989037416477,234989037484139,234989037484843,1342,67662,704,69708
9851,234989037602935,234989037604309,234989037673223,234989037673911,1374,68914,688,70976
9852,234989037783025,234989037784921,234989037854045,234989037854707,1896,69124,662,71682
9853,234989037970351,234989037972347,234989038041811,234989038042513,1996,69464,702,72162
9854,234989038159075,234989038160489,234989038233085,234989038233785,1414,72596,700,74710
9855,234989038349443,234989038351763,234989038422545,234989038423207,2320,70782,662,73764
9856,234989038539097,234989038540519,234989038613119,234989038613789,1422,72600,670,74692
9857,234989038729583,234989038730971,234989038800577,234989038801237,1388,69606,660,71654
9858,234989038931041,234989038933541,234989039003999,234989039004667,2500,70458,668,73626
9859,234989039120921,234989039122319,234989039194247,234989039194931,1398,71928,684,74010
9860,234989039310911,234989039312305,234989039385463,234989039386141,1394,73158,678,75230
9861,234989039510591,234989039512151,234989039579593,234989039580287,1560,67442,694,69696
9862,234989039696551,234989039698837,234989039768693,234989039769389,2286,69856,696,72838
9863,234989039885141,234989039886869,234989039957357,234989039958037,1728,70488,680,72896
9864,234989040073655,234989040075121,234989040144227,234989040144905,1466,69106,678,71250
9865,234989040261155,234989040263471,234989040333971,234989040334655,2316,70500,684,73500
9866,234989040451135,234989040452587,234989040521281,234989040521947,1452,68694,666,70812
9867,234989040637621,234989040639017,234989040710425,234989040711089,1396,71408,664,73468
9868,234989040827107,234989040829195,234989040899951,234989040900611,2088,70756,660,73504
9869,234989041016647,234989041019051,234989041087489,234989041088167,2404,68438,678,71520
9870,234989041203791,234989041205209,234989041274345,234989041275025,1418,69136,680,71234
9871,234989041399307,234989041400741,234989041471505,234989041472179,1434,70764,674,72872
9872,234989041588039,234989041590131,234989041659071,234989041659731,2092,68940,660,71692
9873,234989041776139,234989041778899,234989041848571,234989041849243,2760,69672,672,73104
9874,234989041943995,234989041946165,234989042009587,234989042010255,2170,63422,668,66260
9875,234989042097749,234989042098883,234989042160727,234989042161391,1134,61844,664,63642
9876,234989042247781,234989042248933,234989042311309,234989042311965,1152,62376,656,64184
9877,234989042398945,234989042400113,234989042461379,234989042462053,1168,61266,674,63108
9878,234989042547943,234989042550085,234989042612795,234989042613455,2142,62710,660,65512
9879,234989042700101,234989042701253,234989042763493,234989042764153,1152,62240,660,64052
9880,234989042850377,234989042851537,234989042914697,234989042915353,1160,63160,656,64976
9881,234989043001435,234989043003573,234989043065089,234989043065749,2138,61516,660,64314
9882,234989043160009,234989043161177,234989043223619,234989043224337,1168,62442,718,64328
9883,234989043310375,234989043311771,234989043372967,234989043373645,1396,61196,678,63270
9884,234989043459697,234989043461833,234989043524953,234989043525629,2136,63120,676,65932
9885,234989043612923,234989043614087,234989043677093,234989043677789,1164,63006,696,64866
9886,234989043764221,234989043766381,234989043828227,234989043828911,2160,61846,684,64690
9887,234989043923111,234989043924283,234989043985525,234989043986219,1172,61242,694,63108
9888,234989044072285,234989044073465,234989044134445,234989044135139,1180,60980,694,62854
9889,234989044221023,234989044222207,234989044284829,234989044285487,1184,62622,658,64464
9890,234989044371251,234989044372417,234989044432853,234989044433521,1166,60436,668,62270
9891,234989044519165,234989044520339,234989044581809,234989044582501,1174,61470,692,63336
9892,234989044668351,234989044670107,234989044731041,234989044731707,1756,60934,666,63356
9893,234989044825685,234989044826825,234989044891513,234989044892167,1140,64688,654,66482
9894,234989044986307,234989044987469,234989045048323,234989045048999,1162,60854,676,62692
9895,234989045134945,234989045136113,234989045198987,234989045199661,1168,62874,674,64716
9896,234989045285777,234989045286939,234989045347363,234989045348021,1162,60424,658,62244
9897,234989045433905,234989045435035,234989045499967,234989045500643,1130,64932,676,66738
9898,234989045587423,234989045588593,234989045650279,234989045650945,1170,61686,666,63522
9899,234989045736851,234989045738021,234989045801681,234989045802377,1170,63660,696,65526
9900,234989045888885,234989045890043,234989045952233,234989045952899,1158,62190,666,64014
9901,234989046038927,234989046040169,234989046104735,234989046105397,1242,64566,662,66470
9902,234989046191489,234989046192647,234989046254363,234989046255059,1158,61716,696,63570
9903,234989046341027,234989046342161,234989046405199,234989046405851,1134,63038,652,64824
9904,234989046500717,234989046501851,234989046563873,234989046564545,1134,62022,672,63828
9905,234989046651239,234989046653393,234989046716393,234989046717077,2154,63000,684,65838
9906,234989046803281,234989046805445,234989046866989,234989046867685,2164,61544,696,64404
9907,234989046954857,234989046956041,234989047017091,234989047017787,1184,61050,696,62930
9908,234989047103825,234989047104989,234989047168829,234989047169507,1164,63840,678,65682
9909,234989047256159,234989047257301,234989047319735,234989047320415,1142,62434,680,64256
9910,234989047406647,234989047407833,234989047470803,234989047471453,1186,62970,650,64806
9911,234989047557815,234989047559989,234989047622561,234989047623223,2174,62572,662,65408
9912,234989047709683,234989047710859,234989047772903,234989047773583,1176,62044,680,63900
9913,234989047876117,234989047878281,234989047942403,234989047943105,2164,64122,702,66988
9914,234989048032061,234989048034253,234989048096621,234989048097289,2192,62368,668,65228
9915,234989048193869,234989048195047,234989048257939,234989048258617,1178,62892,678,64748
9916,234989048347547,234989048349709,234989048411821,234989048412503,2162,62112,682,64956
9917,234989048501567,234989048502785,234989048565805,234989048566501,1218,63020,696,64934
9918,234989048659471,234989048660693,234989048723437,234989048724107,1222,62744,670,64636
9919,234989048816663,234989048817911,234989048879201,234989048879879,1248,61290,678,63216
9920,234989048972563,234989048973757,234989049038311,234989049038971,1194,64554,660,66408
9921,234989049131833,234989049134003,234989049198385,234989049199093,2170,64382,708,67260
9922,234989049291967,234989049294175,234989049357095,234989049357751,2208,62920,656,65784
9923,234989049455311,234989049456589,234989049520825,234989049521521,1278,64236,696,66210
9924,234989049619447,234989049620695,234989049685721,234989049686383,1248,65026,662,66936
9925,234989049784529,234989049785779,234989049852239,234989049852905,1250,66460,666,68376
9926,234989049959441,234989049960703,234989050024679,234989050025299,1262,63976,620,65858
9927,234989050128577,234989050129901,234989050197623,234989050198277,1324,67722,654,69700
9928,234989050303067,234989050304401,234989050372075,234989050372733,1334,67674,658,69666
9929,234989050477685,234989050478989,234989050547441,234989050548101,1304,68452,660,70416
9930,234989050652543,234989050653947,234989050721149,234989050721819,1404,67202,670,69276
9931,234989050827233,234989050828537,234989050896271,234989050896943,1304,67734,672,69710
9932,234989051029259,234989051030701,234989051099275,234989051099933,1442,68574,658,70674
9933,234989051216363,234989051217775,234989051285747,234989051286445,1412,67972,698,70082
9934,234989051403125,234989051405417,234989051474875,234989051475569,2292,69458,694,72444
9935,234989051592613,234989051594999,234989051663803,234989051664449,2386,68804,646,71836
9936,234989051780219,234989051782525,234989051853203,234989051853869,2306,70678,666,73650
9937,234989051978383,234989051979809,234989052049429,234989052050081,1426,69620,652,71698
9938,234989052165955,234989052168265,234989052237661,234989052238337,2310,69396,676,72382
9939,234989052353801,234989052355265,234989052425963,234989052426643,1464,70698,680,72842
9940,234989052543097,234989052546023,234989052614305,234989052614981,2926,68282,676,71884
9941,234989052731201,234989052733511,234989052803917,234989052804563,2310,70406,646,73362
9942,234989052920537,234989052921973,234989052991315,234989052991981,1436,69342,666,71444
9943,234989053108001,234989053109411,234989053180415,234989053181093,1410,71004,678,73092
9944,234989053296905,234989053299289,234989053368733,234989053369391,2384,69444,658,72486
9945,234989053485697,234989053487161,234989053557893,234989053558579,1464,70732,686,72882
9946,234989053674961,234989053676369,234989053745917,234989053746605,1408,69548,688,71644
9947,234989053892453,234989053893877,234989053964873,234989053965535,1424,70996,662,73082
9948,234989054085173,234989054086561,234989054156863,234989054157553,1388,70302,690,72380
9949,234989054273419,234989054274881,234989054344423,234989054345111,1462,69542,688,71692
9950,234989054461109,234989054462539,234989054532659,234989054533319,1430,70120,660,72210
9951,234989054649497,234989054651797,234989054723315,234989054723975,2300,71518,660,74478
9952,234989054840071,234989054841511,234989054912615,234989054913319,1440,71104,704,73248
9953,234989055028895,234989055030355,234989055100415,234989055101083,1460,70060,668,72188
9954,234989055217073,234989055219361,234989055288887,234989055289553,2288,69526,666,72480
9955,234989055406393,234989055408149,234989055479231,234989055479927,1756,71082,696,73534
9956,234989055595523,234989055596945,234989055665857,234989055666521,1422,68912,664,70998
9957,234989055790271,234989055791695,234989055862067,234989055862721,1424,70372,654,72450
9958,234989055979183,234989055980645,234989056049461,234989056050127,1462,68816,666,70944
9959,234989056167007,234989056169299,234989056238909,234989056239587,2292,69610,678,72580
9960,234989056355629,234989056357091,234989056424923,234989056425587,1462,67832,664,69958
9961,234989056541543,234989056543681,234989056613767,234989056614433,2138,70086,666,72890
9962,234989056730825,234989056732271,234989056801417,234989056802081,1446,69146,664,71256
9963,234989056926139,234989056927561,234989056998337,234989056999003,1422,70776,666,72864
9964,234989057114575,234989057115983,234989057185907,234989057186561,1408,69924,654,71986
9965,234989057302639,234989057304037,234989057373385,234989057374043,1398,69348,658,71404
9966,234989057490127,234989057491579,234989057560643,234989057561311,1452,69064,668,71184
9967,234989057685959,234989057687425,234989057757115,234989057757767,1466,69690,652,71808
9968,234989057874221,234989057876513,234989057945461,234989057946155,2292,68948,694,71934
9969,234989058061847,234989058063265,234989058133745,234989058134389,1418,70480,644,72542
9970,234989058250397,234989058251797,234989058322003,234989058322661,1400,70206,658,72264
9971,234989058438971,234989058440875,234989058511687,234989058512371,1904,70812,684,73400
9972,234989058628279,234989058629699,234989058700033,234989058700739,1420,70334,706,72460
9973,234989058816275,234989058818653,234989058889193,234989058889861,2378,70540,668,73586
9974,234989059005475,234989059006867,234989059079731,234989059080407,1392,72864,676,74932
9975,234989059195937,234989059197389,234989059268237,234989059268879,1452,70848,642,72942
9976,234989059384531,234989059385957,234989059456963,234989059457621,1426,71006,658,73090
9977,234989059588531,234989059589969,234989059659065,234989059659725,1438,69096,660,71194
9978,234989059784351,234989059786183,234989059856957,234989059857641,1832,70774,684,73290
9979,234989059981985,234989059983437,234989060052871,234989060053535,1452,69434,664,71550
9980,234989060169329,234989060170763,234989060241679,234989060242339,1434,70916,660,73010
9981,234989060358665,234989060360063,234989060433005,234989060433695,1398,72942,690,75030
9982,234989060549789,234989060551219,234989060621125,234989060621797,1430,69906,672,72008
9983,234989060737931,234989060739367,234989060809645,234989060810305,1436,70278,660,72374
9984,234989060926247,234989060927663,234989060996911,234989060997601,1416,69248,690,71354
9985,234989061113861,234989061115319,234989061183895,234989061184567,1458,68576,672,70706
9986,234989061300703,234989061302099,234989061371611,234989061372283,1396,69512,672,71580
9987,234989061497377,234989061499669,234989061569501,234989061570163,2292,69832,662,72786
9988,234989061686353,234989061687767,234989061758741,234989061759427,1414,70974,686,73074
9989,234989061875161,234989061876607,234989061946523,234989061947213,1446,69916,690,72052
9990,234989062063199,234989062065103,234989062136363,234989062137061,1904,71260,698,73862
9991,234989062252963,234989062255283,234989062323983,234989062324645,2320,68700,662,71682
9992,234989062440713,234989062443025,234989062513505,234989062514201,2312,70480,696,73488
9993,234989062630727,234989062632889,234989062702339,234989062703017,2162,69450,678,72290
9994,234989062818569,234989062820415,234989062890125,234989062890799,1846,69710,674,72230
9995,234989063014559,234989063016865,234989063085521,234989063086187,2306,68656,666,71628
9996,234989063202589,234989063204005,234989063273719,234989063274385,1416,69714,666,71796
9997,234989063399887,234989063401363,234989063470715,234989063471389,1476,69352,674,71502
9998,234989063587295,234989063588737,234989063659255,234989063659897,1442,70518,642,72602
9999,234989063775557,234989063776991,234989063847967,234989063848625,1434,70976,658,73068
