index,hit_ticks,miss_ticks
0,100,1022
1,98,1008
2,100,1004
3,100,1010
4,98,1014
5,98,1002
6,98,1004
7,98,1018
8,96,1008
9,100,1012
10,100,1010
11,98,1016
12,98,1006
13,98,1022
14,102,1006
15,100,1004
16,100,1010
17,98,1012
18,98,1012
19,100,1004
20,102,1012
21,98,1012
22,100,1006
23,102,1008
24,96,1010
25,98,1002
26,102,1010
27,98,1002
28,100,1022
29,102,1008
30,98,1006
31,102,1004
32,100,1010
33,98,1008
34,98,1010
35,104,1020
36,98,1010
37,98,1004
38,102,1022
39,98,1020
40,98,1008
41,98,1002
42,100,1008
43,100,1006
44,102,1006
45,104,1018
46,100,1008
47,100,1004
48,100,1008
49,100,1010
50,102,1010
51,96,1008
52,100,1014
53,104,1004
54,100,1014
55,102,1008
56,100,1026
57,98,1012
58,100,1008
59,100,1012
60,100,1012
61,98,1010
62,100,1008
63,98,1008
64,98,1010
65,100,1006
66,98,1012
67,100,1018
68,108,1014
69,106,1006
70,106,1016
71,102,1014
72,108,1014
73,102,1006
74,104,1018
75,100,1026
76,102,1018
77,104,1012
78,108,1018
79,106,1008
80,102,1014
81,106,1016
82,108,1018
83,102,1020
84,106,1008
85,102,1010
86,102,1014
87,104,1006
88,106,1494
89,100,1006
90,100,1206
91,98,1236
92,100,1242
93,98,1226
94,98,1290
95,98,1238
96,98,1284
97,100,1242
98,102,1276
99,100,1228
100,100,1284
101,102,1252
102,98,1266
103,102,1124
104,100,1020
105,100,1086
106,100,1014
107,98,1010
108,100,1064
109,98,1114
110,98,1066
111,100,1068
112,100,1070
113,98,1066
114,98,1068
115,102,1104
116,102,1098
117,100,1092
118,98,1098
119,102,1104
120,100,1088
121,98,1092
122,104,1098
123,98,1094
124,98,1094
125,102,1092
126,98,1102
127,100,1096
128,100,1098
129,98,1108
130,100,1098
131,98,1094
132,102,1572
133,100,1098
134,102,1092
135,98,1088
136,100,1038
137,102,1104
138,100,1100
139,98,1094
140,98,1096
141,100,1104
142,102,1098
143,96,1094
144,98,1098
145,100,1094
146,98,1092
147,98,1104
148,100,1100
149,100,1092
150,98,1104
151,98,1044
152,100,1100
153,98,1092
154,100,1094
155,100,1580
156,98,1092
157,96,1104
158,100,1094
159,98,1098
160,100,1092
161,98,1100
162,100,1092
163,98,1098
164,98,1098
165,100,1092
166,98,1096
167,100,1092
168,100,1096
169,98,1104
170,98,1096
171,98,1096
172,100,1092
173,100,1098
174,98,1622
175,98,1092
176,100,1094
177,98,1108
178,100,1086
179,98,1098
180,96,1096
181,98,1092
182,100,1096
183,100,1102
184,98,1094
185,96,1092
186,98,1090
187,100,1098
188,96,1094
189,98,1110
190,102,1094
191,98,1100
192,100,1102
193,100,1560
194,100,1102
195,98,1096
196,100,1096
197,100,1092
198,100,1092
199,98,1090
200,100,1094
201,100,1104
202,100,1098
203,100,1092
204,98,1094
205,98,1092
206,100,1092
207,104,1092
208,102,1092
209,98,1094
210,98,1090
211,100,1094
212,98,1560
213,100,1098
214,100,1098
215,100,1098
216,100,1090
217,96,1092
218,98,1100
219,100,1098
220,98,1092
221,98,1092
222,100,1102
223,98,1096
224,98,1098
225,98,1100
226,100,1098
227,100,1092
228,98,1102
229,100,1098
230,100,1098
231,98,1564
232,100,1098
233,96,1098
234,98,1096
235,98,1090
236,100,1092
237,100,1110
238,98,1092
239,100,1094
240,104,1106
241,102,1100
242,98,1094
243,100,1094
244,98,1104
245,98,1098
246,98,1096
247,100,1102
248,98,1098
249,98,1092
250,100,1632
251,98,1098
252,98,1096
253,100,1092
254,100,1102
255,102,1096
256,96,1094
257,98,1092
258,100,1104
259,100,1098
260,100,1088
261,100,1104
262,98,1092
263,98,1088
264,100,1098
265,100,1098
266,94,1094
267,100,1086
268,100,1092
269,98,1570
270,98,1098
271,100,1092
272,98,1104
273,100,1096
274,100,1094
275,100,1094
276,100,1096
277,100,1098
278,98,1090
279,98,1094
280,100,1098
281,98,1098
282,100,984
283,102,976
284,102,1010
285,100,988
286,98,988
287,100,1104
288,100,1656
289,100,1098
290,100,1258
291,102,1098
292,98,1092
293,98,1098
294,98,1098
295,98,1098
296,100,1092
297,96,1098
298,98,1094
299,98,1096
300,98,1086
301,100,1104
302,96,1088
303,98,1092
304,98,1104
305,100,1098
306,100,1088
307,98,1560
308,98,1094
309,100,1108
310,98,1094
311,98,1102
312,100,1098
313,100,1104
314,98,1092
315,98,1094
316,100,1102
317,100,1094
318,98,1092
319,100,1100
320,102,1098
321,100,1088
322,96,1100
323,98,1092
324,96,1094
325,98,1090
326,98,1590
327,96,1094
328,100,1096
329,104,1096
330,98,1092
331,98,1088
332,100,1088
333,100,1096
334,96,1096
335,100,1090
336,100,978
337,100,1106
338,100,1094
339,96,1086
340,100,1094
341,98,1094
342,100,1098
343,104,1092
344,98,1102
345,100,1092
346,100,1534
347,98,1098
348,98,1106
349,92,1098
350,100,1096
351,100,1096
352,96,1092
353,100,1098
354,100,1090
355,98,1100
356,100,1090
357,100,1092
358,100,1096
359,98,1098
360,100,1666
361,102,1098
362,100,1096
363,98,1646
364,102,1088
365,98,1098
366,96,1104
367,100,1092
368,100,1094
369,102,1094
370,100,1096
371,100,1096
372,102,1106
373,100,1098
374,96,1092
375,98,1108
376,104,1096
377,96,1092
378,98,1096
379,98,1098
380,100,1092
381,98,1092
382,100,1566
383,98,1102
384,96,1094
385,98,1102
386,100,1104
387,100,1096
388,100,1098
389,100,1092
390,98,1094
391,100,1094
392,100,1100
393,98,1098
394,100,1096
395,100,1092
396,100,1096
397,96,1102
398,98,1098
399,98,1088
400,96,1106
401,98,1642
402,100,1096
403,98,1100
404,100,1098
405,98,1098
406,98,1094
407,100,1098
408,102,1106
409,100,1096
410,98,1096
411,104,1092
412,102,1092
413,100,1104
414,98,1086
415,98,1098
416,98,1094
417,100,1094
418,102,1096
419,100,1098
420,100,1586
421,98,1092
422,100,1092
423,100,1094
424,98,1092
425,100,1098
426,100,992
427,100,1094
428,98,1098
429,98,1102
430,102,1100
431,100,1094
432,98,1100
433,100,1096
434,102,1102
435,100,1090
436,100,1092
437,100,1110
438,96,1098
439,100,1092
440,100,1536
441,98,1098
442,96,1098
443,98,1102
444,98,1098
445,100,1108
446,100,1102
447,98,1092
448,98,1092
449,100,1094
450,98,1090
451,102,1098
452,98,1102
453,98,1094
454,100,1104
455,100,1100
456,98,1092
457,98,1098
458,98,1098
459,98,1632
460,100,1096
461,100,1098
462,98,1104
463,98,1094
464,98,1096
465,98,1098
466,100,1096
467,98,1092
468,100,1096
469,102,1106
470,100,1100
471,98,1092
472,100,1090
473,100,1098
474,102,1090
475,100,1042
476,100,1104
477,100,1092
478,100,1632
479,96,1092
480,98,1102
481,100,1104
482,100,1098
483,102,1104
484,98,1098
485,100,1094
486,100,1092
487,98,1106
488,100,1094
489,100,1092
490,100,1094
491,100,1098
492,100,1092
493,96,1098
494,102,1098
495,100,1086
496,100,1092
497,100,1622
498,98,1098
499,100,1098
500,100,1094
501,98,1098
502,100,1092
503,98,1092
504,100,1092
505,98,1094
506,98,1100
507,98,1098
508,100,1092
509,98,1104
510,100,1086
511,100,1098
512,106,1094
513,96,1096
514,98,1098
515,98,1096
516,100,1590
517,98,1094
518,100,1098
519,100,1098
520,98,1100
521,100,1092
522,100,1092
523,98,1098
524,98,1092
525,100,1098
526,100,1100
527,100,1090
528,100,1098
529,96,1092
530,98,1090
531,98,1088
532,96,1092
533,98,1094
534,98,1092
535,98,1632
536,98,1096
537,100,1098
538,100,1092
539,100,1088
540,102,1092
541,100,1106
542,100,1094
543,100,1096
544,98,1104
545,100,1098
546,98,1094
547,100,1104
548,100,1102
549,98,1098
550,100,1094
551,100,1092
552,98,1098
553,100,1102
554,98,1600
555,100,1102
556,98,1098
557,100,1092
558,100,1098
559,98,1100
560,98,1104
561,96,1098
562,100,1104
563,98,1092
564,98,1088
565,98,1094
566,96,1100
567,102,1092
568,98,1092
569,98,1096
570,98,1092
571,100,1090
572,98,1100
573,98,1634
574,102,1092
575,100,1098
576,100,1094
577,98,1098
578,100,1098
579,98,1104
580,100,1096
581,98,1098
582,100,1088
583,100,1102
584,98,1098
585,96,1092
586,100,1102
587,100,1092
588,100,1094
589,100,1104
590,98,1096
591,98,1094
592,98,1578
593,100,1094
594,100,1098
595,98,1096
596,100,1098
597,102,1100
598,98,1094
599,98,1092
600,100,1096
601,100,1092
602,98,1096
603,98,1096
604,98,1094
605,98,1100
606,100,1104
607,104,1090
608,104,1094
609,100,1098
610,100,1094
611,100,1634
612,98,1098
613,98,1098
614,98,1094
615,100,1102
616,96,1096
617,100,1106
618,104,1092
619,96,1098
620,98,1094
621,100,1088
622,100,1102
623,96,1098
624,96,1104
625,98,1092
626,104,1098
627,100,1098
628,100,1094
629,100,1092
630,100,1590
631,98,1094
632,98,1088
633,98,1094
634,100,1092
635,96,1086
636,102,1096
637,98,1098
638,98,1092
639,102,1092
640,100,1092
641,98,1096
642,98,1092
643,98,1098
644,96,1092
645,98,1100
646,98,1086
647,98,1096
648,98,1090
649,100,1618
650,98,1092
651,100,1098
652,102,1104
653,96,1094
654,102,1096
655,100,1104
656,98,1096
657,98,1090
658,100,1096
659,100,1098
660,98,1092
661,100,1094
662,98,1100
663,100,1092
664,98,1084
665,100,1098
666,98,1096
667,100,1092
668,98,1578
669,100,1100
670,98,1092
671,98,1092
672,100,1092
673,98,1094
674,100,1096
675,98,1092
676,100,1094
677,100,1102
678,98,1104
679,98,1092
680,98,1096
681,98,1094
682,98,1104
683,102,1088
684,100,1108
685,98,1096
686,100,1100
687,100,1566
688,100,1104
689,100,1092
690,100,1092
691,98,1098
692,102,1090
693,98,1100
694,104,1098
695,100,1090
696,100,1098
697,100,1094
698,98,1104
699,98,1094
700,100,1108
701,100,1094
702,100,1088
703,98,1102
704,98,1104
705,98,1094
706,100,1616
707,100,1092
708,100,1098
709,96,1104
710,100,1088
711,104,1092
712,98,1092
713,98,1096
714,100,1096
715,100,1100
716,98,1098
717,98,1096
718,100,1096
719,100,1096
720,100,1094
721,100,1100
722,96,1098
723,100,1088
724,98,1096
725,100,1566
726,100,1096
727,100,1106
728,98,1090
729,100,1096
730,102,1104
731,100,1104
732,100,1086
733,100,1096
734,102,1090
735,98,1110
736,100,1092
737,98,1108
738,100,1104
739,100,1092
740,100,1098
741,100,1096
742,100,1098
743,98,1102
744,100,1596
745,100,1100
746,102,1090
747,102,1104
748,98,1100
749,94,1090
750,106,1090
751,100,1092
752,100,1092
753,100,984
754,100,1096
755,98,1092
756,98,1098
757,100,1096
758,98,1098
759,98,1098
760,100,1088
761,98,1096
762,100,1100
763,100,1092
764,100,1512
765,100,1102
766,100,1104
767,98,1092
768,100,1092
769,98,1098
770,100,1108
771,98,1092
772,98,1094
773,98,1110
774,100,1092
775,98,1098
776,98,1096
777,98,1108
778,98,1092
779,98,1100
780,100,1106
781,100,1098
782,100,1098
783,96,1632
784,98,1098
785,100,1096
786,100,1092
787,98,1098
788,100,1098
789,100,1092
790,98,1094
791,98,1098
792,100,1098
793,100,1098
794,96,1102
795,100,1100
796,98,1086
797,100,1094
798,100,1094
799,100,1098
800,98,1096
801,104,1104
802,100,1566
803,98,1100
804,102,1094
805,98,1098
806,98,1094
807,100,1090
808,98,1104
809,98,1092
810,102,1102
811,100,1092
812,98,1092
813,98,1092
814,98,1086
815,104,1094
816,100,1098
817,100,1104
818,100,1094
819,104,1102
820,102,1094
821,100,1634
822,98,1090
823,100,1100
824,102,1104
825,100,1094
826,100,1100
827,100,1094
828,100,1104
829,98,1092
830,98,1100
831,94,1102
832,98,1090
833,100,1092
834,100,1100
835,98,1090
836,98,1104
837,100,1096
838,100,1096
839,100,1092
840,98,1634
841,102,1098
842,98,1092
843,100,1096
844,106,1098
845,100,1098
846,98,1088
847,100,1098
848,98,1090
849,100,1100
850,100,1088
851,98,1102
852,98,1092
853,92,1098
854,102,1092
855,100,1102
856,100,1092
857,100,1098
858,100,1104
859,98,1640
860,98,1090
861,100,1098
862,98,1098
863,98,1098
864,100,1090
865,100,1092
866,98,1094
867,98,1104
868,98,1096
869,100,1102
870,100,1096
871,98,1094
872,100,1094
873,98,1094
874,98,1092
875,98,1100
876,98,1092
877,98,1104
878,98,1560
879,100,1090
880,100,1096
881,100,1092
882,100,1092
883,98,1092
884,100,1092
885,96,1094
886,102,1094
887,100,1098
888,96,1100
889,98,1086
890,104,1092
891,100,1098
892,98,1088
893,100,1088
894,100,1102
895,92,1088
896,100,1092
897,100,1094
898,100,1522
899,94,1092
900,98,1100
901,98,1098
902,98,1098
903,100,1096
904,102,1094
905,98,1104
906,98,1092
907,98,1094
908,100,1098
909,98,1102
910,100,1092
911,98,1098
912,98,1098
913,98,1106
914,98,1102
915,100,1090
916,100,1096
917,100,1560
918,98,1092
919,98,1092
920,102,1092
921,98,1092
922,100,1100
923,98,1102
924,100,1088
925,98,1096
926,98,1092
927,100,1102
928,100,1088
929,98,1092
930,100,1098
931,94,1098
932,98,1090
933,98,1096
934,100,1102
935,98,1098
936,100,1632
937,100,1104
938,98,1048
939,98,1094
940,98,1090
941,98,1100
942,100,1104
943,100,1098
944,98,1100
945,100,1098
946,98,1098
947,98,1092
948,100,1094
949,100,1096
950,100,1094
951,102,1092
952,100,1094
953,100,1098
954,96,1106
955,98,1618
956,98,1096
957,98,1094
958,100,1100
959,100,1096
960,96,1092
961,100,1092
962,96,1110
963,100,1100
964,98,1092
965,104,1098
966,100,1092
967,98,1098
968,100,1086
969,100,1094
970,100,1098
971,100,1096
972,98,1098
973,100,1104
974,98,1596
975,100,1094
976,98,1098
977,100,1106
978,98,1092
979,98,1092
980,98,1092
981,98,1094
982,100,1088
983,98,978
984,100,970
985,100,1614
986,102,1140
987,96,978
988,100,1380
989,98,1104
990,100,1098
991,98,1102
992,100,1092
993,98,1096
994,100,1096
995,100,1100
996,100,1094
997,96,1100
998,102,1104
999,100,1092
1000,100,1092
1001,98,1104
1002,98,1094
1003,100,1106
1004,102,1094
1005,98,1632
1006,100,1100
1007,98,1088
1008,98,1092
1009,100,1104
1010,102,1094
1011,98,1092
1012,100,1110
1013,98,1104
1014,98,1094
1015,98,1098
1016,104,1098
1017,98,1102
1018,98,1094
1019,98,1106
1020,98,1098
1021,102,1090
1022,98,1094
1023,98,1094
1024,98,1642
1025,100,1092
1026,100,1104
1027,98,1098
1028,96,1096
1029,98,1092
1030,98,1098
1031,102,1094
1032,100,1104
1033,100,1102
1034,102,1094
1035,100,1094
1036,98,1092
1037,98,1098
1038,100,1096
1039,98,1092
1040,98,1094
1041,100,1110
1042,98,1098
1043,100,1602
1044,100,1096
1045,100,1104
1046,102,1098
1047,100,1100
1048,98,1098
1049,100,1104
1050,100,1096
1051,98,1094
1052,102,1098
1053,98,1098
1054,100,1098
1055,98,1104
1056,98,1096
1057,98,1098
1058,98,1094
1059,98,1098
1060,98,1098
1061,98,1092
1062,96,1612
1063,98,1090
1064,102,1088
1065,98,1098
1066,104,1094
1067,102,1092
1068,98,1096
1069,104,1102
1070,102,1104
1071,98,1098
1072,98,1104
1073,100,1096
1074,102,1096
1075,96,1092
1076,100,1094
1077,100,1102
1078,98,1092
1079,102,1088
1080,98,1096
1081,100,1604
1082,98,1098
1083,100,1094
1084,98,1096
1085,98,1098
1086,100,1096
1087,98,1096
1088,98,1104
1089,102,1096
1090,100,1096
1091,102,1104
1092,96,1094
1093,100,1094
1094,98,1094
1095,100,1098
1096,100,1092
1097,100,1094
1098,98,1090
1099,98,1094
1100,102,1624
1101,98,1104
1102,98,1096
1103,100,1098
1104,98,1094
1105,102,1092
1106,102,1104
1107,100,1104
1108,100,1098
1109,98,1096
1110,98,1098
1111,100,1102
1112,102,1100
1113,98,1098
1114,100,1094
1115,98,1094
1116,100,1088
1117,100,1100
1118,102,1094
1119,96,1578
1120,100,1102
1121,100,1092
1122,100,1088
1123,100,1046
1124,102,1094
1125,100,1092
1126,100,1096
1127,102,1092
1128,96,1096
1129,102,1098
1130,98,1100
1131,98,1104
1132,98,1098
1133,100,1098
1134,100,1096
1135,98,1092
1136,102,1094
1137,98,1094
1138,100,1632
1139,102,1092
1140,98,1096
1141,102,1088
1142,102,1108
1143,100,1102
1144,96,1096
1145,98,1098
1146,100,1098
1147,100,1098
1148,102,1098
1149,98,1096
1150,102,1092
1151,102,1094
1152,104,1100
1153,98,1094
1154,98,1092
1155,98,1098
1156,100,1106
1157,100,1614
1158,100,1086
1159,102,1092
1160,100,1092
1161,100,1092
1162,100,1632
1163,100,1102
1164,98,1092
1165,100,1098
1166,98,1094
1167,100,1088
1168,102,1038
1169,98,1038
1170,98,1096
1171,100,1106
1172,102,1094
1173,100,1100
1174,100,1094
1175,98,1104
1176,102,1098
1177,98,1098
1178,98,1102
1179,102,1092
1180,98,1098
1181,100,1102
1182,102,1516
1183,98,1088
1184,100,1092
1185,102,1094
1186,100,1092
1187,98,1092
1188,102,1094
1189,96,1098
1190,102,1104
1191,102,1094
1192,96,1102
1193,100,1102
1194,102,1092
1195,100,1094
1196,100,1104
1197,100,1096
1198,100,1100
1199,98,1096
1200,100,1094
1201,100,1600
1202,100,1098
1203,100,1092
1204,98,1102
1205,100,1094
1206,102,1104
1207,100,1098
1208,102,1092
1209,102,1092
1210,98,1098
1211,100,1092
1212,100,1098
1213,96,1098
1214,98,1096
1215,102,1086
1216,100,1094
1217,98,1100
1218,100,1092
1219,98,1092
1220,102,1632
1221,98,1096
1222,100,1092
1223,100,1106
1224,98,1100
1225,102,1092
1226,100,1092
1227,102,1094
1228,100,1092
1229,100,1094
1230,102,1090
1231,98,1098
1232,102,1092
1233,100,1094
1234,102,1092
1235,98,1096
1236,100,1094
1237,98,1094
1238,100,1098
1239,102,1622
1240,100,1098
1241,100,1092
1242,98,1096
1243,98,1094
1244,100,1092
1245,102,1098
1246,100,1106
1247,98,1092
1248,98,1104
1249,100,1100
1250,98,1098
1251,102,1092
1252,100,1094
1253,100,1090
1254,100,1098
1255,100,1096
1256,102,1090
1257,102,1092
1258,100,1632
1259,98,1088
1260,98,1096
1261,98,1092
1262,98,1092
1263,98,1094
1264,100,1096
1265,98,1092
1266,98,1106
1267,98,1098
1268,102,1092
1269,98,1092
1270,104,1100
1271,100,1098
1272,100,1090
1273,98,1092
1274,100,1100
1275,100,1092
1276,98,1088
1277,100,1626
1278,102,1092
1279,98,1092
1280,102,1092
1281,102,1100
1282,98,1092
1283,98,1104
1284,102,1098
1285,98,1094
1286,98,1094
1287,96,1098
1288,98,1100
1289,96,1098
1290,98,1104
1291,98,1102
1292,102,1088
1293,98,1094
1294,100,1092
1295,98,1100
1296,98,1620
1297,98,1092
1298,100,1094
1299,100,1088
1300,100,1096
1301,100,1096
1302,102,1098
1303,100,1098
1304,102,1100
1305,102,1094
1306,100,1100
1307,98,1098
1308,98,1086
1309,98,1092
1310,100,1094
1311,100,1092
1312,98,1102
1313,98,1104
1314,100,1110
1315,98,1576
1316,102,1092
1317,102,1092
1318,100,1098
1319,98,1092
1320,100,1096
1321,98,1104
1322,100,1090
1323,98,1096
1324,98,1094
1325,98,1094
1326,100,1098
1327,100,1094
1328,98,1094
1329,102,1092
1330,98,1108
1331,98,1098
1332,98,1086
1333,98,1092
1334,100,1602
1335,102,1098
1336,100,1092
1337,100,1102
1338,100,1098
1339,96,1100
1340,104,1098
1341,102,1098
1342,102,1106
1343,100,1098
1344,100,1090
1345,96,1092
1346,98,1094
1347,100,1088
1348,98,1098
1349,98,1102
1350,102,1096
1351,100,1098
1352,102,1100
1353,100,1662
1354,100,1052
1355,98,1094
1356,100,1092
1357,100,1094
1358,98,1090
1359,102,1092
1360,98,1098
1361,100,1096
1362,100,1096
1363,98,1100
1364,102,1088
1365,102,1094
1366,98,1094
1367,98,1094
1368,92,1104
1369,100,1092
1370,102,1100
1371,98,1098
1372,98,1632
1373,98,1092
1374,102,1092
1375,98,1104
1376,102,1098
1377,102,1092
1378,100,1098
1379,98,1092
1380,98,1094
1381,98,1102
1382,100,1090
1383,102,1090
1384,100,1100
1385,100,1092
1386,98,1098
1387,100,1092
1388,102,1098
1389,98,1428
1390,100,1098
1391,98,1094
1392,98,1108
1393,100,1094
1394,100,1092
1395,102,1096
1396,100,1098
1397,98,1104
1398,102,1094
1399,96,1100
1400,98,1102
1401,98,1094
1402,98,1106
1403,102,1094
1404,100,1104
1405,100,1092
1406,98,1098
1407,102,1104
1408,100,1612
1409,98,1098
1410,102,1092
1411,100,1104
1412,102,1096
1413,102,1104
1414,98,1098
1415,102,1092
1416,100,1102
1417,100,1098
1418,98,1102
1419,102,1098
1420,102,1108
1421,98,1094
1422,100,1092
1423,100,1094
1424,100,1096
1425,102,1094
1426,100,1104
1427,96,1560
1428,98,1104
1429,100,1092
1430,98,1098
1431,102,1094
1432,98,1092
1433,98,1090
1434,100,1092
1435,98,1094
1436,98,1090
1437,102,1092
1438,100,1096
1439,96,1106
1440,100,1102
1441,100,1098
1442,100,1106
1443,98,1094
1444,100,1098
1445,98,1098
1446,102,1620
1447,98,1094
1448,100,1092
1449,100,1096
1450,100,1098
1451,98,1092
1452,98,1092
1453,100,1098
1454,100,1098
1455,98,1098
1456,98,1100
1457,100,1092
1458,102,1086
1459,100,1096
1460,102,1104
1461,98,1098
1462,98,1096
1463,100,1092
1464,100,1108
1465,100,1594
1466,100,1092
1467,102,1104
1468,100,1100
1469,100,1094
1470,102,1098
1471,100,1098
1472,102,1088
1473,102,1106
1474,100,1100
1475,98,1096
1476,100,1090
1477,104,1092
1478,98,1090
1479,98,1096
1480,96,1104
1481,98,1096
1482,100,1092
1483,100,1096
1484,104,1616
1485,100,1098
1486,98,1094
1487,98,1098
1488,98,1098
1489,102,1102
1490,100,1094
1491,102,1094
1492,100,1092
1493,96,972
1494,98,1096
1495,98,1100
1496,102,1100
1497,102,1094
1498,98,1096
1499,100,1098
1500,96,1104
1501,100,1094
1502,96,1094
1503,102,1590
1504,100,1100
1505,98,1098
1506,100,1094
1507,98,1098
1508,98,1086
1509,102,1096
1510,102,1096
1511,100,1108
1512,98,1104
1513,98,1100
1514,102,1094
1515,102,1092
1516,96,1108
1517,100,1098
1518,98,1092
1519,96,1094
1520,102,1098
1521,98,1094
1522,100,1626
1523,98,1092
1524,100,1104
1525,100,1088
1526,100,1088
1527,96,1092
1528,100,1096
1529,100,1098
1530,104,1104
1531,98,1104
1532,98,1106
1533,102,1092
1534,98,1106
1535,98,1098
1536,100,1098
1537,98,1090
1538,100,1102
1539,102,1098
1540,100,1104
1541,98,1614
1542,98,1102
1543,98,1092
1544,96,1086
1545,100,1098
1546,100,1100
1547,98,1104
1548,100,1102
1549,100,1092
1550,98,1092
1551,98,1094
1552,100,1098
1553,98,1094
1554,98,1104
1555,98,1092
1556,98,1094
1557,98,1098
1558,100,1098
1559,102,1100
1560,102,1596
1561,100,1092
1562,100,1098
1563,100,1104
1564,98,1092
1565,98,1108
1566,102,1098
1567,100,1094
1568,102,1092
1569,98,1094
1570,98,1098
1571,100,1098
1572,98,1092
1573,100,1092
1574,100,1098
1575,100,1098
1576,98,1100
1577,100,1096
1578,102,1098
1579,98,1570
1580,102,1100
1581,102,1102
1582,98,1092
1583,98,1092
1584,98,1098
1585,98,1098
1586,98,1094
1587,102,1100
1588,100,1098
1589,100,1092
1590,100,1110
1591,100,1092
1592,102,1092
1593,100,1098
1594,100,1098
1595,100,1094
1596,100,1098
1597,96,1094
1598,102,1614
1599,98,1100
1600,100,1092
1601,98,1096
1602,100,1100
1603,100,1098
1604,102,1092
1605,100,1098
1606,98,1100
1607,98,1098
1608,98,1088
1609,96,1106
1610,100,1108
1611,102,1088
1612,100,1090
1613,100,1104
1614,102,1098
1615,98,1092
1616,102,1104
1617,102,1564
1618,98,1098
1619,98,1094
1620,98,1096
1621,100,1098
1622,98,1104
1623,102,1086
1624,98,1096
1625,98,1092
1626,102,1088
1627,100,1094
1628,102,1092
1629,100,1098
1630,98,1098
1631,96,1092
1632,98,1038
1633,98,1022
1634,98,1008
1635,108,1008
1636,98,1002
1637,98,1006
1638,100,1002
1639,98,1008
1640,102,1014
1641,102,1008
1642,100,1016
1643,98,1014
1644,100,1012
1645,100,1004
1646,98,1012
1647,98,1006
1648,96,1008
1649,98,1016
1650,100,1006
1651,98,1006
1652,102,1006
1653,100,1004
1654,98,1010
1655,96,1014
1656,100,1008
1657,100,1008
1658,104,1008
1659,102,1010
1660,100,1010
1661,98,1012
1662,106,1014
1663,100,1016
1664,96,1004
1665,100,1006
1666,100,1014
1667,98,1010
1668,98,1024
1669,98,1010
1670,100,1018
1671,104,1002
1672,102,1008
1673,100,1018
1674,102,1018
1675,102,1016
1676,102,1010
1677,98,1014
1678,98,1014
1679,100,1006
1680,98,1018
1681,100,1006
1682,100,1006
1683,98,1006
1684,100,1008
1685,98,1010
1686,98,1012
1687,100,1012
1688,100,1004
1689,102,1012
1690,100,1008
1691,98,1014
1692,100,1008
1693,98,1008
1694,98,1010
1695,102,1008
1696,100,1020
1697,100,1008
1698,102,1014
1699,100,1010
1700,102,1006
1701,102,1010
1702,102,1014
1703,98,1014
1704,98,1002
1705,100,1018
1706,100,1008
1707,102,1008
1708,100,1008
1709,100,1014
1710,102,1008
1711,104,1008
1712,102,1002
1713,102,1014
1714,100,1004
1715,100,1008
1716,100,1020
1717,100,1006
1718,106,1008
1719,102,1012
1720,98,1014
1721,100,1010
1722,98,1006
1723,100,1022
1724,102,1028
1725,98,1032
1726,100,1028
1727,100,1030
1728,98,1036
1729,100,1034
1730,98,1034
1731,104,1038
1732,98,1042
1733,100,1030
1734,102,1038
1735,98,1030
1736,102,1072
1737,100,1072
1738,98,1068
1739,100,1068
1740,100,1062
1741,98,1062
1742,98,1074
1743,102,1068
1744,96,1074
1745,100,1060
1746,100,1066
1747,98,1066
1748,104,1072
1749,102,1098
1750,100,1086
1751,98,1102
1752,100,1086
1753,96,1082
1754,96,1086
1755,102,1086
1756,98,1092
1757,98,1088
1758,102,1088
1759,98,1090
1760,102,1084
1761,104,1086
1762,102,1094
1763,98,1092
1764,100,1084
1765,98,1096
1766,98,1592
1767,96,1090
1768,100,1094
1769,100,1086
1770,98,1094
1771,100,1098
1772,100,1086
1773,98,1080
1774,98,1090
1775,98,1086
1776,96,1092
1777,98,1092
1778,98,1084
1779,104,1086
1780,100,1098
1781,100,1086
1782,102,1088
1783,100,1092
1784,98,1082
1785,98,1086
1786,98,1092
1787,100,1098
1788,98,1618
1789,98,1090
1790,98,1092
1791,102,1096
1792,102,1094
1793,100,1088
1794,102,1088
1795,100,1088
1796,104,1086
1797,98,1092
1798,98,1092
1799,100,1098
1800,98,1084
1801,98,1100
1802,98,1086
1803,100,1084
1804,102,1088
1805,98,1088
1806,102,1094
1807,100,1096
1808,102,1088
1809,100,1650
1810,98,1088
1811,96,1088
1812,100,1086
1813,100,1086
1814,98,1084
1815,100,1098
1816,96,1086
1817,98,1092
1818,102,1086
1819,98,1098
1820,98,1090
1821,100,1082
1822,100,1094
1823,98,1098
1824,100,1090
1825,100,1096
1826,98,1088
1827,98,1090
1828,96,1096
1829,100,1092
1830,102,1092
1831,100,1566
1832,100,1086
1833,102,1092
1834,100,1098
1835,98,1080
1836,100,1090
1837,100,1098
1838,98,1086
1839,102,1096
1840,98,1086
1841,100,1088
1842,98,1084
1843,98,1086
1844,100,1092
1845,98,1086
1846,100,1094
1847,98,1086
1848,96,1090
1849,100,1080
1850,98,1086
1851,102,1090
1852,96,1088
1853,102,1606
1854,98,1088
1855,100,1086
1856,96,1086
1857,104,1088
1858,98,1092
1859,98,1092
1860,98,1080
1861,100,1096
1862,100,1086
1863,100,1098
1864,100,1090
1865,104,1086
1866,102,1092
1867,100,1084
1868,98,1080
1869,100,1098
1870,98,1086
1871,98,1092
1872,100,1086
1873,100,1098
1874,100,1082
1875,102,1592
1876,100,1100
1877,98,1084
1878,102,1082
1879,98,1086
1880,102,1094
1881,96,1090
1882,98,1084
1883,100,1098
1884,98,1088
1885,98,1092
1886,98,1088
1887,98,1086
1888,100,1090
1889,96,1086
1890,102,1098
1891,102,1086
1892,100,1084
1893,100,1086
1894,102,1096
1895,102,1086
1896,98,1094
1897,100,1608
1898,102,1092
1899,102,1080
1900,96,1088
1901,98,1092
1902,102,1082
1903,100,1088
1904,102,1098
1905,100,1092
1906,100,1100
1907,98,1094
1908,96,1090
1909,98,1086
1910,100,1082
1911,104,1086
1912,98,1092
1913,98,1090
1914,102,1092
1915,100,1092
1916,100,1086
1917,100,1086
1918,100,1086
1919,98,1620
1920,98,1084
1921,100,1080
1922,98,1086
1923,102,1096
1924,98,1090
1925,100,1086
1926,102,1090
1927,100,1086
1928,104,1090
1929,100,1092
1930,100,1094
1931,98,1086
1932,98,1084
1933,96,1090
1934,98,1082
1935,102,1092
1936,100,1082
1937,98,1088
1938,100,1084
1939,98,1090
1940,98,1098
1941,98,1564
1942,98,1088
1943,98,1096
1944,96,1098
1945,100,1094
1946,100,1080
1947,100,1086
1948,100,1088
1949,100,1096
1950,100,1088
1951,100,1092
1952,102,1086
1953,102,1086
1954,98,1098
1955,100,1086
1956,98,1084
1957,100,1086
1958,98,1098
1959,98,1098
1960,98,1082
1961,98,1088
1962,102,1626
1963,92,1102
1964,102,1082
1965,96,1092
1966,98,1098
1967,102,1088
1968,100,1092
1969,100,1092
1970,100,1088
1971,102,1082
1972,100,1086
1973,100,1090
1974,98,1092
1975,100,1098
1976,102,1086
1977,102,1082
1978,100,1092
1979,100,1092
1980,100,1084
1981,100,1096
1982,100,1094
1983,98,1086
1984,98,1626
1985,100,1082
1986,102,1090
1987,100,1090
1988,100,1088
1989,98,1086
1990,102,1086
1991,98,1082
1992,98,1096
1993,98,1092
1994,98,1092
1995,100,1088
1996,100,1086
1997,98,1086
1998,102,1090
1999,98,1086
2000,102,1098
2001,102,1084
2002,98,1092
2003,100,1034
2004,100,1088
2005,98,1088
2006,98,1608
2007,98,1086
2008,98,1086
2009,98,1092
2010,98,1076
2011,100,1086
2012,100,1088
2013,100,1090
2014,98,1080
2015,100,1092
2016,98,1086
2017,100,1078
2018,98,1082
2019,100,1092
2020,100,1092
2021,100,1084
2022,100,1090
2023,98,1094
2024,96,1088
2025,98,1094
2026,98,1088
2027,100,1626
2028,98,1080
2029,98,1090
2030,100,1096
2031,102,1098
2032,104,1086
2033,100,1090
2034,100,1086
2035,98,1084
2036,98,1096
2037,98,1086
2038,98,1086
2039,96,1086
2040,98,1092
2041,98,1084
2042,98,1092
2043,102,1084
2044,98,1094
2045,98,1084
2046,96,1092
2047,100,1088
2048,98,1094
2049,98,966
2050,100,1540
2051,100,1090
2052,100,1086
2053,96,1086
2054,96,1088
2055,98,1092
2056,98,1088
2057,98,1086
2058,98,1098
2059,100,1090
2060,98,1084
2061,102,1088
2062,98,1084
2063,98,1096
2064,100,1090
2065,98,1084
2066,100,1100
2067,98,1086
2068,98,1088
2069,100,1096
2070,96,1086
2071,98,1628
2072,100,1088
2073,98,1090
2074,100,1084
2075,104,1098
2076,98,1100
2077,100,1094
2078,98,1090
2079,104,1092
2080,98,1092
2081,94,1078
2082,98,1090
2083,98,1086
2084,100,1086
2085,98,1082
2086,98,1086
2087,100,1090
2088,100,1080
2089,98,1086
2090,98,1092
2091,100,1090
2092,98,1086
2093,98,1560
2094,100,1088
2095,100,1090
2096,100,1090
2097,98,1102
2098,100,1088
2099,100,1096
2100,98,1082
2101,100,1090
2102,102,1090
2103,100,1080
2104,96,1086
2105,100,1092
2106,98,1094
2107,100,1086
2108,98,1092
2109,100,1102
2110,94,1086
2111,98,1094
2112,100,1086
2113,98,1090
2114,100,1080
2115,98,1552
2116,98,1098
2117,98,1086
2118,98,1086
2119,98,1092
2120,98,1088
2121,98,1086
2122,100,1080
2123,98,1086
2124,98,1088
2125,98,1088
2126,100,1086
2127,98,1094
2128,100,1080
2129,98,1098
2130,98,1098
2131,96,1084
2132,98,1086
2133,102,1088
2134,94,1094
2135,100,1090
2136,100,1086
2137,98,1594
2138,96,1086
2139,98,1082
2140,98,1086
2141,100,1084
2142,98,1090
2143,98,1092
2144,98,1086
2145,98,1080
2146,98,1080
2147,102,1088
2148,100,1094
2149,96,1086
2150,98,1086
2151,98,1092
2152,100,1090
2153,100,1094
2154,96,1102
2155,98,1092
2156,100,1098
2157,98,1094
2158,98,1090
2159,98,1088
2160,98,1512
2161,100,1094
2162,100,1084
2163,98,1086
2164,98,1090
2165,100,1086
2166,98,1092
2167,98,1086
2168,100,1080
2169,98,1100
2170,100,1094
2171,98,1092
2172,100,1096
2173,100,1086
2174,96,1084
2175,100,1090
2176,98,1102
2177,98,1098
2178,98,1092
2179,100,1090
2180,98,1090
2181,96,1082
2182,102,1588
2183,102,1096
2184,98,1366
2185,98,1084
2186,98,1086
2187,100,1102
2188,102,938
2189,98,1098
2190,98,1090
2191,100,1086
2192,98,1090
2193,98,1096
2194,98,1092
2195,98,1086
2196,98,1082
2197,100,1096
2198,102,1092
2199,102,1092
2200,102,1086
2201,100,1094
2202,98,1086
2203,98,1084
2204,96,1092
2205,102,1100
2206,100,1076
2207,100,1568
2208,102,1096
2209,100,1094
2210,102,1090
2211,102,1092
2212,98,1092
2213,98,1098
2214,102,1080
2215,96,1092
2216,98,1086
2217,102,1084
2218,98,1086
2219,96,1086
2220,100,1086
2221,102,1088
2222,102,1088
2223,100,1092
2224,98,1092
2225,98,1086
2226,100,1092
2227,100,1084
2228,100,1614
2229,102,1098
2230,98,1088
2231,100,1102
2232,98,1086
2233,100,1086
2234,98,1088
2235,102,1092
2236,98,1086
2237,98,1094
2238,98,1086
2239,100,1092
2240,96,1086
2241,100,1086
2242,100,1090
2243,100,1088
2244,100,1088
2245,96,1086
2246,102,1078
2247,102,1098
2248,100,1092
2249,100,1088
2250,100,1630
2251,98,1092
2252,98,1088
2253,102,1082
2254,102,1084
2255,98,1092
2256,102,1084
2257,98,1090
2258,102,1098
2259,102,1098
2260,100,1086
2261,100,1092
2262,100,1088
2263,100,1088
2264,98,1088
2265,102,1094
2266,102,1086
2267,100,1084
2268,102,1088
2269,100,1092
2270,102,1082
2271,98,1088
2272,100,1524
2273,100,1102
2274,102,1092
2275,98,1092
2276,100,1088
2277,102,1084
2278,98,1092
2279,98,1086
2280,98,1090
2281,100,1082
2282,100,1096
2283,102,1082
2284,98,1088
2285,100,1088
2286,98,1086
2287,100,1088
2288,98,1088
2289,102,1086
2290,100,1092
2291,98,1102
2292,98,1086
2293,98,1086
2294,102,1422
2295,102,1092
2296,98,1086
2297,96,1098
2298,100,1086
2299,94,1094
2300,98,1084
2301,98,1090
2302,100,1082
2303,98,1094
2304,96,1086
2305,96,1100
2306,96,1090
2307,102,1092
2308,102,1092
2309,100,1094
2310,100,1078
2311,96,1086
2312,98,1084
2313,104,1092
2314,100,1086
2315,100,1088
2316,102,1596
2317,98,1080
2318,102,1090
2319,100,1094
2320,98,1082
2321,98,1086
2322,98,1092
2323,100,1086
2324,102,1086
2325,98,1086
2326,100,1090
2327,100,1084
2328,102,1092
2329,100,1096
2330,102,1092
2331,102,1086
2332,102,1088
2333,98,1086
2334,98,1084
2335,98,1088
2336,98,1088
2337,102,1086
2338,98,1620
2339,100,1082
2340,104,1086
2341,98,1092
2342,98,1082
2343,100,1086
2344,98,1092
2345,98,1088
2346,98,1086
2347,100,1098
2348,98,1090
2349,102,1074
2350,98,1090
2351,100,1090
2352,98,1088
2353,98,1080
2354,100,1090
2355,102,1092
2356,100,1086
2357,100,1092
2358,100,1092
2359,100,1084
2360,100,1592
2361,102,1086
2362,100,1092
2363,100,1088
2364,98,1082
2365,98,1092
2366,100,1084
2367,102,1086
2368,98,1082
2369,98,1092
2370,98,1086
2371,98,1086
2372,100,1090
2373,100,1090
2374,100,1098
2375,98,1088
2376,100,1086
2377,100,1098
2378,102,1082
2379,98,1086
2380,98,1088
2381,98,1086
2382,96,1640
2383,100,1088
2384,98,1094
2385,100,1090
2386,98,1084
2387,98,1092
2388,100,1084
2389,98,1084
2390,102,1090
2391,100,1098
2392,100,1086
2393,100,1096
2394,98,1092
2395,98,1084
2396,98,1082
2397,108,1090
2398,100,1086
2399,100,1086
2400,100,1092
2401,100,1090
2402,100,1092
2403,100,1088
2404,100,1622
2405,96,1098
2406,98,1082
2407,98,1088
2408,98,1086
2409,100,1090
2410,98,1086
2411,100,1092
2412,102,1090
2413,100,1086
2414,102,1092
2415,98,1092
2416,98,1098
2417,100,1080
2418,98,1092
2419,98,1090
2420,100,1092
2421,102,1082
2422,98,1086
2423,96,1092
2424,102,1086
2425,98,1098
2426,100,1568
2427,98,1088
2428,100,1086
2429,98,1092
2430,100,1086
2431,100,1098
2432,100,1092
2433,100,1090
2434,98,1084
2435,100,1096
2436,102,1100
2437,98,1086
2438,102,1090
2439,102,1086
2440,100,1084
2441,98,1090
2442,100,1080
2443,98,1092
2444,98,1088
2445,104,1086
2446,98,1082
2447,100,1090
2448,100,1614
2449,98,1084
2450,102,1090
2451,102,1090
2452,100,1086
2453,98,1092
2454,100,1086
2455,100,1090
2456,98,1078
2457,98,1088
2458,98,1082
2459,98,1098
2460,102,1080
2461,98,1092
2462,100,1080
2463,102,1090
2464,100,1092
2465,104,1090
2466,98,1088
2467,98,1080
2468,98,1102
2469,100,1608
2470,98,1086
2471,98,1088
2472,100,1090
2473,98,1092
2474,102,1084
2475,100,1092
2476,100,1088
2477,100,1092
2478,100,1090
2479,100,1082
2480,98,1084
2481,102,1084
2482,100,1100
2483,98,1092
2484,100,1094
2485,100,1092
2486,100,1090
2487,98,1092
2488,100,1092
2489,98,1088
2490,98,1084
2491,100,1090
2492,100,1506
2493,104,1102
2494,98,1090
2495,98,1098
2496,100,1084
2497,98,1092
2498,98,1092
2499,98,1110
2500,100,1088
2501,98,1092
2502,98,1094
2503,100,1084
2504,98,1090
2505,100,1092
2506,98,1086
2507,96,1098
2508,102,1088
2509,98,1092
2510,98,1086
2511,98,1098
2512,98,1000
2513,100,1086
2514,100,1594
2515,98,1086
2516,98,1088
2517,100,1078
2518,100,1088
2519,100,1092
2520,102,1084
2521,96,1094
2522,102,1092
2523,98,1092
2524,98,1086
2525,100,1094
2526,98,1088
2527,98,1088
2528,102,1082
2529,102,1086
2530,100,1090
2531,100,1084
2532,100,1088
2533,98,1090
2534,96,1086
2535,102,1090
2536,98,1612
2537,94,1086
2538,98,1092
2539,100,1098
2540,98,1086
2541,102,1090
2542,100,1086
2543,98,1092
2544,100,1086
2545,98,1092
2546,102,1084
2547,100,1088
2548,98,1086
2549,98,1098
2550,98,1080
2551,100,1098
2552,100,1082
2553,98,1094
2554,98,1096
2555,100,1098
2556,100,1086
2557,98,1092
2558,102,1594
2559,102,1108
2560,100,1098
2561,100,1092
2562,98,1096
2563,102,1092
2564,100,1092
2565,102,1098
2566,100,1088
2567,98,1086
2568,102,1098
2569,98,1086
2570,102,1086
2571,98,1090
2572,100,1088
2573,100,1090
2574,98,1076
2575,100,1092
2576,100,1088
2577,100,1096
2578,102,1092
2579,100,1088
2580,98,1632
2581,98,1086
2582,102,1078
2583,100,1088
2584,98,1084
2585,100,1088
2586,98,1086
2587,100,1086
2588,100,1086
2589,98,1096
2590,98,1104
2591,100,1090
2592,98,1086
2593,100,1098
2594,98,1092
2595,100,1098
2596,100,1090
2597,102,1090
2598,98,1090
2599,100,1092
2600,100,1098
2601,98,1086
2602,96,1510
2603,100,1082
2604,100,1086
2605,98,1032
2606,102,1086
2607,98,1092
2608,98,1098
2609,100,1086
2610,98,1086
2611,104,1086
2612,98,1086
2613,98,1090
2614,100,1088
2615,98,1088
2616,102,1098
2617,102,1086
2618,102,1090
2619,100,1092
2620,100,1090
2621,98,1090
2622,96,1092
2623,100,1086
2624,100,1596
2625,96,1090
2626,100,1080
2627,98,1092
2628,100,1084
2629,100,1098
2630,100,1098
2631,102,1086
2632,98,1088
2633,98,1086
2634,98,1086
2635,98,1086
2636,100,1086
2637,100,1096
2638,100,1086
2639,98,1090
2640,98,1092
2641,100,1096
2642,98,1088
2643,102,1096
2644,96,1086
2645,100,1088
2646,102,1536
2647,100,1090
2648,102,1088
2649,102,1086
2650,100,1082
2651,98,994
2652,102,1086
2653,98,1090
2654,102,1088
2655,102,1092
2656,100,1088
2657,100,1092
2658,98,1086
2659,100,1094
2660,98,1088
2661,102,1098
2662,98,1088
2663,102,1088
2664,102,1084
2665,98,1092
2666,102,1088
2667,100,1088
2668,98,1604
2669,98,1090
2670,100,1082
2671,96,1082
2672,102,1090
2673,102,1082
2674,98,1088
2675,104,1092
2676,102,1094
2677,100,1088
2678,96,1086
2679,102,1086
2680,98,1090
2681,98,1086
2682,98,1086
2683,100,1082
2684,98,1088
2685,102,1090
2686,98,1094
2687,98,1098
2688,98,1080
2689,100,1086
2690,98,1566
2691,94,1090
2692,98,1086
2693,98,1088
2694,98,1090
2695,98,1084
2696,100,1084
2697,102,1082
2698,100,1086
2699,98,1082
2700,100,1092
2701,98,1100
2702,100,1090
2703,104,1098
2704,102,1094
2705,98,1086
2706,104,1090
2707,100,1090
2708,98,1094
2709,100,1094
2710,98,1620
2711,100,1092
2712,102,1086
2713,98,1088
2714,102,1088
2715,96,1092
2716,100,1086
2717,98,1090
2718,98,1086
2719,98,1096
2720,100,1092
2721,98,1082
2722,100,1088
2723,100,1098
2724,98,1096
2725,98,1096
2726,98,1092
2727,102,1082
2728,98,1098
2729,98,1086
2730,96,1090
2731,98,1086
2732,98,1640
2733,102,1086
2734,100,1090
2735,100,1088
2736,102,1088
2737,100,1090
2738,98,1092
2739,102,1082
2740,102,1086
2741,102,1086
2742,100,1096
2743,100,1094
2744,102,1088
2745,100,1086
2746,98,1086
2747,98,1096
2748,102,1084
2749,98,1082
2750,98,1092
2751,100,1102
2752,100,1086
2753,98,1086
2754,98,2238
2755,100,984
2756,100,1090
2757,100,1090
2758,100,1096
2759,100,1088
2760,98,1084
2761,100,1092
2762,98,1086
2763,102,1090
2764,98,1090
2765,100,1092
2766,98,1080
2767,98,1086
2768,100,1094
2769,102,1094
2770,100,1096
2771,98,1090
2772,104,1086
2773,98,1098
2774,100,1622
2775,102,1086
2776,100,1092
2777,100,1092
2778,100,1088
2779,100,1090
2780,98,1082
2781,102,1086
2782,98,1092
2783,98,1098
2784,98,1090
2785,100,1092
2786,102,1090
2787,98,1090
2788,100,1084
2789,98,1088
2790,98,1182
2791,96,1084
2792,96,1086
2793,98,1082
2794,100,1088
2795,100,1084
2796,98,1578
2797,98,1092
2798,98,1092
2799,102,1086
2800,100,1100
2801,98,1090
2802,96,1090
2803,102,1090
2804,98,1088
2805,102,1086
2806,100,1084
2807,98,1086
2808,98,1084
2809,98,1098
2810,104,1084
2811,102,1086
2812,98,1092
2813,98,1090
2814,102,1092
2815,96,1100
2816,100,1086
2817,102,1086
2818,100,1532
2819,102,1084
2820,102,1084
2821,100,1100
2822,98,1086
2823,102,1086
2824,100,1080
2825,102,1090
2826,98,1090
2827,98,1082
2828,98,1084
2829,106,1086
2830,100,1086
2831,100,1086
2832,98,1086
2833,98,1086
2834,98,1086
2835,98,1086
2836,98,1088
2837,98,1086
2838,100,1086
2839,98,1088
2840,100,1602
2841,100,1082
2842,100,1092
2843,98,1090
2844,102,1092
2845,100,1086
2846,96,1088
2847,100,1092
2848,100,1082
2849,98,1092
2850,100,1090
2851,100,1090
2852,98,1086
2853,96,1090
2854,102,1092
2855,100,1094
2856,98,1086
2857,98,1102
2858,100,1088
2859,100,1088
2860,96,1084
2861,96,1096
2862,98,1572
2863,98,1086
2864,98,1086
2865,100,1090
2866,98,1086
2867,100,1086
2868,102,1088
2869,98,1094
2870,100,1086
2871,102,1098
2872,100,1086
2873,100,1090
2874,98,1086
2875,100,1088
2876,94,1092
2877,100,1082
2878,98,1100
2879,100,1092
2880,96,1088
2881,100,1086
2882,98,1088
2883,98,1096
2884,100,1556
2885,96,1088
2886,100,1086
2887,102,1086
2888,100,1086
2889,100,1088
2890,98,1092
2891,98,1090
2892,98,1090
2893,106,1098
2894,102,1092
2895,98,1086
2896,100,1088
2897,96,1102
2898,96,1086
2899,98,1092
2900,102,1086
2901,100,1086
2902,100,1082
2903,98,1090
2904,102,1086
2905,100,1086
2906,102,1598
2907,104,1090
2908,104,1094
2909,96,1092
2910,98,1086
2911,100,1090
2912,100,1086
2913,104,1086
2914,98,1082
2915,98,1086
2916,102,1082
2917,98,1084
2918,102,1092
2919,98,1086
2920,98,1088
2921,98,1088
2922,100,1080
2923,98,1092
2924,100,1080
2925,98,1086
2926,100,1084
2927,100,1086
2928,100,1546
2929,102,1078
2930,100,1086
2931,102,1088
2932,98,1086
2933,100,1086
2934,98,1082
2935,96,1080
2936,100,1092
2937,102,1088
2938,98,1084
2939,96,1088
2940,102,1088
2941,98,1094
2942,100,1086
2943,98,1086
2944,98,1096
2945,100,1082
2946,98,1098
2947,100,1092
2948,100,1086
2949,98,1088
2950,100,1614
2951,100,1092
2952,102,1086
2953,100,1092
2954,98,1090
2955,100,1092
2956,100,1090
2957,98,1088
2958,102,1084
2959,98,1084
2960,98,1082
2961,98,1088
2962,96,1088
2963,100,1084
2964,100,1088
2965,98,1088
2966,98,1086
2967,102,1092
2968,98,1094
2969,100,1092
2970,100,1082
2971,98,1092
2972,98,1548
2973,102,1086
2974,98,1082
2975,100,1092
2976,102,1086
2977,98,1088
2978,102,1086
2979,100,1092
2980,100,1090
2981,100,1088
2982,98,1084
2983,98,1086
2984,98,1084
2985,102,1080
2986,102,1092
2987,98,1086
2988,102,1086
2989,100,1092
2990,100,1088
2991,102,1090
2992,96,1086
2993,102,1092
2994,98,1590
2995,100,1084
2996,98,1094
2997,98,1086
2998,100,1082
2999,98,1088
3000,106,1092
3001,98,1094
3002,98,1090
3003,98,1092
3004,100,1098
3005,94,1098
3006,100,1086
3007,98,1086
3008,98,1086
3009,102,1080
3010,100,1092
3011,98,1104
3012,98,1090
3013,98,1106
3014,100,1086
3015,102,1624
3016,98,1088
3017,98,1086
3018,96,1090
3019,100,1086
3020,100,1080
3021,102,1084
3022,98,1096
3023,100,1086
3024,102,1084
3025,100,1092
3026,102,1084
3027,102,1096
3028,100,1092
3029,98,1096
3030,98,1092
3031,104,1080
3032,100,1098
3033,102,1092
3034,102,1090
3035,100,1088
3036,98,1094
3037,102,1086
3038,100,1086
3039,98,1090
3040,98,1102
3041,98,1090
3042,98,1080
3043,100,1098
3044,98,1088
3045,98,1086
3046,100,1086
3047,98,1098
3048,100,1092
3049,100,1092
3050,100,1600
3051,98,1088
3052,100,1082
3053,102,1086
3054,98,1096
3055,100,1098
3056,100,1084
3057,98,1086
3058,96,1092
3059,100,1084
3060,100,1082
3061,102,1098
3062,100,1092
3063,98,1086
3064,104,1086
3065,98,1098
3066,100,1092
3067,102,1086
3068,100,1088
3069,98,1092
3070,102,1086
3071,98,1082
3072,102,1554
3073,96,1092
3074,98,1094
3075,98,1092
3076,100,1082
3077,100,1082
3078,98,1086
3079,104,1088
3080,100,1092
3081,100,1090
3082,102,1086
3083,100,1090
3084,102,1086
3085,96,1086
3086,100,1092
3087,98,1088
3088,98,1098
3089,100,1090
3090,100,1104
3091,102,1082
3092,98,1084
3093,100,1098
3094,102,1092
3095,98,1582
3096,106,1082
3097,98,1092
3098,100,1086
3099,102,1086
3100,100,1088
3101,100,1090
3102,96,1088
3103,98,1096
3104,98,1086
3105,98,1088
3106,98,1084
3107,100,1090
3108,100,1088
3109,106,1092
3110,98,1086
3111,100,1096
3112,100,1086
3113,100,1086
3114,102,990
3115,102,1086
3116,100,1086
3117,98,1590
3118,102,1098
3119,96,1088
3120,98,1094
3121,98,1090
3122,96,1088
3123,98,1086
3124,100,1090
3125,98,1086
3126,98,1086
3127,102,1082
3128,100,1094
3129,100,1086
3130,102,1082
3131,100,1088
3132,100,1086
3133,100,1090
3134,100,1090
3135,100,1086
3136,98,1088
3137,98,1090
3138,98,1082
3139,98,1088
3140,98,1584
3141,98,1086
3142,102,1090
3143,100,1088
3144,102,1092
3145,100,1096
3146,98,1086
3147,100,1092
3148,98,1086
3149,100,1080
3150,100,1086
3151,102,1094
3152,98,1084
3153,100,1092
3154,100,1098
3155,98,1094
3156,98,1084
3157,102,1092
3158,98,1088
3159,98,1092
3160,98,1082
3161,100,1084
3162,98,1510
3163,98,1088
3164,100,1098
3165,102,1088
3166,102,1092
3167,98,1086
3168,102,1090
3169,102,1086
3170,100,1084
3171,100,1100
3172,100,1098
3173,98,1092
3174,98,1092
3175,98,1086
3176,98,1092
3177,98,1090
3178,102,1086
3179,100,1096
3180,100,1092
3181,98,1086
3182,102,1090
3183,98,1098
3184,100,1582
3185,98,1088
3186,98,1086
3187,102,1084
3188,98,1086
3189,98,1090
3190,102,1086
3191,100,1092
3192,102,1082
3193,100,1088
3194,100,1098
3195,98,1092
3196,100,1086
3197,100,1090
3198,96,1084
3199,98,1080
3200,100,1084
3201,104,1084
3202,102,1082
3203,98,1088
3204,102,1084
3205,102,1090
3206,100,1552
3207,100,1108
3208,98,1094
3209,100,1092
3210,98,1086
3211,102,1088
3212,102,1086
3213,104,1092
3214,98,1084
3215,102,1088
3216,100,1088
3217,98,1092
3218,100,1088
3219,98,1098
3220,98,1094
3221,102,1092
3222,100,1088
3223,102,1090
3224,96,1092
3225,104,1096
3226,98,1092
3227,102,1606
3228,102,1080
3229,102,1092
3230,100,1086
3231,98,1086
3232,100,1090
3233,100,1092
3234,100,1092
3235,98,1082
3236,98,1104
3237,100,1100
3238,100,1082
3239,102,1096
3240,96,1088
3241,102,1092
3242,98,1084
3243,98,1098
3244,98,1084
3245,102,1080
3246,96,1088
3247,98,1086
3248,98,1090
3249,102,1550
3250,98,1086
3251,100,1090
3252,100,1086
3253,102,1038
3254,100,1088
3255,102,1098
3256,96,1082
3257,108,1086
3258,100,1092
3259,98,1094
3260,98,1082
3261,100,1086
3262,98,1088
3263,102,1090
3264,100,1086
3265,102,1092
3266,100,1086
3267,102,1090
3268,102,1100
3269,102,1096
3270,98,1090
3271,102,1608
3272,98,1092
3273,102,1088
3274,98,1092
3275,98,1090
3276,98,1088
3277,100,1082
3278,98,1082
3279,104,1084
3280,100,1086
3281,100,1080
3282,100,1096
3283,98,1090
3284,98,1096
3285,102,1082
3286,100,1088
3287,104,1092
3288,100,1086
3289,102,1094
3290,100,1092
3291,98,1096
3292,100,1094
3293,102,1568
3294,98,1096
3295,102,1088
3296,98,1090
3297,102,1092
3298,100,1090
3299,102,1092
3300,100,1096
3301,102,1096
3302,98,1082
3303,102,1092
3304,96,1100
3305,102,1096
3306,100,1092
3307,102,1092
3308,98,1086
3309,102,1090
3310,100,1098
3311,102,1080
3312,100,1086
3313,102,1096
3314,100,1636
3315,102,1092
3316,100,1086
3317,98,1086
3318,98,1086
3319,100,1092
3320,100,1088
3321,102,1086
3322,98,1098
3323,102,1086
3324,100,1086
3325,100,1086
3326,98,1086
3327,98,1092
3328,98,1090
3329,102,1086
3330,102,1090
3331,102,1082
3332,102,1086
3333,102,1090
3334,100,1082
3335,102,1092
3336,100,1626
3337,100,1102
3338,98,1092
3339,100,1090
3340,98,1092
3341,102,1088
3342,98,1088
3343,102,1094
3344,98,1086
3345,98,1084
3346,98,1082
3347,102,1084
3348,98,1088
3349,100,1092
3350,98,1098
3351,100,1098
3352,100,1092
3353,102,1090
3354,100,1100
3355,102,1082
3356,98,1084
3357,102,1092
3358,100,1560
3359,102,1092
3360,100,1092
3361,98,1088
3362,100,1084
3363,98,1086
3364,98,1086
3365,98,1092
3366,100,1086
3367,102,1084
3368,98,1092
3369,102,1092
3370,98,1090
3371,100,1096
3372,98,1092
3373,102,1084
3374,98,1082
3375,98,1098
3376,100,1082
3377,102,1092
3378,100,1086
3379,100,1088
3380,98,1626
3381,100,1084
3382,98,1084
3383,102,1086
3384,98,1088
3385,98,1086
3386,100,1098
3387,100,1102
3388,98,1086
3389,106,1086
3390,98,1092
3391,98,1086
3392,100,1030
3393,102,1090
3394,100,1102
3395,102,1088
3396,98,1086
3397,98,1086
3398,98,1084
3399,96,1084
3400,100,1096
3401,102,1092
3402,98,1582
3403,106,1082
3404,100,1092
3405,100,1086
3406,98,1084
3407,100,1086
3408,98,1092
3409,100,1086
3410,100,1094
3411,98,1084
3412,98,1086
3413,102,1082
3414,100,1084
3415,102,1090
3416,100,1086
3417,98,1086
3418,98,1082
3419,102,1086
3420,98,1080
3421,100,1078
3422,100,1096
3423,104,1090
3424,98,1086
3425,100,1580
3426,100,1084
3427,102,1090
3428,100,1094
3429,102,1092
3430,98,1088
3431,100,1088
3432,98,1092
3433,100,1092
3434,98,1086
3435,100,1096
3436,98,1086
3437,102,1084
3438,100,1086
3439,100,1080
3440,100,1086
3441,102,1084
3442,100,1094
3443,96,1086
3444,98,1084
3445,100,1090
3446,98,1098
3447,102,1578
3448,98,1090
3449,100,1092
3450,102,1092
3451,102,1098
3452,102,1080
3453,102,1086
3454,98,1092
3455,102,1086
3456,100,1082
3457,98,1102
3458,98,1098
3459,102,1086
3460,98,1086
3461,102,1090
3462,98,1086
3463,98,1086
3464,98,1096
3465,96,1090
3466,102,1082
3467,102,1092
3468,100,1090
3469,98,1634
3470,100,1080
3471,104,1098
3472,100,1088
3473,104,1086
3474,100,1086
3475,102,1100
3476,98,1088
3477,102,1082
3478,98,1098
3479,98,1086
3480,98,1086
3481,100,1086
3482,100,1080
3483,108,1090
3484,98,1086
3485,98,1094
3486,100,1096
3487,98,1098
3488,98,1086
3489,102,1086
3490,98,1090
3491,102,1604
3492,98,1078
3493,102,1086
3494,96,1090
3495,102,1082
3496,100,1088
3497,102,1090
3498,100,1086
3499,98,1084
3500,100,1092
3501,102,1096
3502,98,1090
3503,102,1088
3504,98,1086
3505,102,1084
3506,100,1090
3507,102,1096
3508,102,1092
3509,100,1086
3510,100,1086
3511,106,1092
3512,100,1082
3513,98,1566
3514,100,1086
3515,102,1088
3516,100,1090
3517,100,1084
3518,100,1096
3519,108,1092
3520,98,1084
3521,102,1090
3522,96,1090
3523,100,1090
3524,98,1080
3525,104,1086
3526,98,1098
3527,102,1090
3528,100,1086
3529,102,1102
3530,100,1098
3531,102,1086
3532,98,1088
3533,102,1094
3534,98,1086
3535,100,1594
3536,100,1090
3537,102,1086
3538,100,1086
3539,100,1094
3540,100,1086
3541,100,1086
3542,100,1092
3543,100,1086
3544,100,1090
3545,100,1094
3546,100,1084
3547,98,1092
3548,100,1082
3549,98,1086
3550,100,1084
3551,102,1088
3552,98,1080
3553,96,1088
3554,100,1090
3555,100,1090
3556,98,1094
3557,102,1552
3558,100,1090
3559,100,1088
3560,98,1084
3561,102,1092
3562,98,1080
3563,96,1082
3564,100,1088
3565,100,1090
3566,98,1092
3567,98,1080
3568,100,1096
3569,102,1090
3570,98,1092
3571,102,1086
3572,98,1086
3573,100,1082
3574,96,1096
3575,98,1092
3576,98,1084
3577,98,962
3578,100,1086
3579,102,1088
3580,96,1548
3581,98,1090
3582,98,1086
3583,100,1082
3584,98,1092
3585,102,1082
3586,100,1082
3587,102,1086
3588,100,1086
3589,102,1092
3590,100,1100
3591,100,1098
3592,100,1088
3593,100,1098
3594,98,1084
3595,102,1086
3596,98,1086
3597,98,1086
3598,98,1090
3599,98,1088
3600,102,1086
3601,100,1090
3602,100,1534
3603,102,1088
3604,100,1086
3605,102,1086
3606,100,1088
3607,102,1092
3608,98,1086
3609,100,1092
3610,98,1082
3611,102,1088
3612,98,1088
3613,102,1086
3614,100,1092
3615,102,1094
3616,98,1096
3617,102,1086
3618,100,1090
3619,102,1090
3620,98,1086
3621,98,1100
3622,98,1086
3623,98,1086
3624,100,1612
3625,102,1092
3626,98,1082
3627,102,1092
3628,98,1090
3629,100,1084
3630,98,1086
3631,98,1080
3632,100,1088
3633,102,1092
3634,98,1080
3635,98,1088
3636,98,1084
3637,102,1092
3638,98,1084
3639,98,1088
3640,100,1088
3641,98,1084
3642,98,1088
3643,102,1088
3644,100,1086
3645,102,1092
3646,98,1558
3647,98,1092
3648,102,1084
3649,102,1098
3650,98,1088
3651,100,1096
3652,100,1084
3653,102,1088
3654,98,1100
3655,96,1088
3656,100,1082
3657,100,1088
3658,100,1090
3659,102,1086
3660,98,1098
3661,102,1094
3662,98,1092
3663,96,1086
3664,98,1084
3665,98,1082
3666,100,1084
3667,98,1092
3668,100,1556
3669,102,1084
3670,102,1084
3671,100,1082
3672,98,1098
3673,100,1098
3674,100,1086
3675,100,1082
3676,100,1092
3677,104,1082
3678,98,1082
3679,100,1088
3680,102,1088
3681,104,1094
3682,100,1090
3683,100,1086
3684,100,1090
3685,102,1088
3686,98,1098
3687,102,1084
3688,98,1084
3689,102,1602
3690,100,1092
3691,102,1092
3692,96,1084
3693,102,1098
3694,98,1086
3695,102,1092
3696,98,1098
3697,102,1096
3698,100,1092
3699,102,1086
3700,100,1092
3701,102,1092
3702,100,1086
3703,102,1090
3704,98,1088
3705,102,1080
3706,104,1084
3707,102,1082
3708,100,1098
3709,102,1082
3710,98,1610
3711,102,1092
3712,98,1080
3713,98,1086
3714,98,1090
3715,102,1094
3716,98,972
3717,106,1092
3718,100,1086
3719,100,1084
3720,100,1088
3721,100,1088
3722,98,1098
3723,98,1084
3724,98,1090
3725,102,1098
3726,98,1084
3727,102,1090
3728,100,1086
3729,102,1080
3730,100,1092
3731,102,1096
3732,102,1086
3733,102,1634
3734,98,1086
3735,98,1094
3736,100,1090
3737,98,1086
3738,98,1084
3739,102,1086
3740,102,1086
3741,102,1092
3742,100,1082
3743,100,1086
3744,98,1084
3745,102,1084
3746,100,1092
3747,100,1086
3748,100,1090
3749,102,1086
3750,100,1104
3751,98,1086
3752,98,1080
3753,102,1094
3754,100,1086
3755,102,1578
3756,100,1138
3757,100,1092
3758,150,1134
3759,144,1088
3760,100,1098
3761,148,1136
3762,102,1630
3763,148,1122
3764,98,1094
3765,98,1084
3766,96,1098
3767,100,1656
3768,98,1092
3769,98,1086
3770,98,1098
3771,100,1086
3772,98,1092
3773,98,1098
3774,100,1098
3775,98,1086
3776,98,1082
3777,98,1086
3778,98,1084
3779,100,1094
3780,100,1094
3781,98,1092
3782,100,1086
3783,100,1084
3784,98,1088
3785,98,1092
3786,98,1090
3787,100,1096
3788,98,1098
3789,100,1096
3790,98,1520
3791,100,1086
3792,96,1084
3793,100,1082
3794,98,1084
3795,100,1098
3796,98,1084
3797,98,1084
3798,100,978
3799,100,1100
3800,96,1094
3801,96,1082
3802,98,1092
3803,100,1090
3804,98,1086
3805,102,1092
3806,102,1090
3807,98,1088
3808,100,1082
3809,98,1092
3810,100,1090
3811,100,1086
3812,98,1086
3813,100,1544
3814,102,1088
3815,100,1086
3816,100,1092
3817,100,1092
3818,100,1082
3819,102,1086
3820,100,1092
3821,100,1086
3822,100,1084
3823,100,1090
3824,98,1092
3825,100,1098
3826,100,1086
3827,100,1100
3828,98,1086
3829,92,1092
3830,98,1092
3831,100,1098
3832,100,1088
3833,96,1086
3834,100,1614
3835,100,1098
3836,100,1080
3837,98,1080
3838,98,1090
3839,100,1090
3840,100,1080
3841,98,1094
3842,98,1090
3843,100,1086
3844,100,1096
3845,98,1080
3846,100,1098
3847,98,1094
3848,98,1086
3849,98,1086
3850,98,1092
3851,102,1092
3852,106,1094
3853,94,1082
3854,98,1086
3855,100,1092
3856,100,1536
3857,100,1092
3858,98,1080
3859,100,1086
3860,100,1086
3861,98,1090
3862,98,1090
3863,100,1094
3864,96,1082
3865,100,1086
3866,98,1092
3867,98,1086
3868,98,1086
3869,98,1096
3870,100,1084
3871,100,1098
3872,98,1092
3873,98,1094
3874,100,1092
3875,98,1088
3876,98,1090
3877,100,1086
3878,98,1612
3879,100,1088
3880,98,1084
3881,98,1092
3882,98,1094
3883,98,1100
3884,98,1092
3885,100,1086
3886,98,1090
3887,98,1086
3888,98,1086
3889,100,1090
3890,96,1086
3891,98,1086
3892,100,1090
3893,98,1086
3894,98,1082
3895,98,1092
3896,98,1092
3897,100,1076
3898,100,1086
3899,98,1092
3900,98,1622
3901,100,1086
3902,98,1096
3903,96,1092
3904,100,1082
3905,98,1092
3906,98,1092
3907,102,1086
3908,100,1092
3909,98,1096
3910,98,1084
3911,100,1094
3912,98,1090
3913,100,1094
3914,100,1098
3915,100,1088
3916,100,1092
3917,100,1086
3918,100,1096
3919,100,1096
3920,100,1086
3921,100,1622
3922,100,1080
3923,98,1086
3924,100,1088
3925,98,1092
3926,98,1086
3927,98,1088
3928,98,1086
3929,98,1092
3930,102,1088
3931,98,1086
3932,100,1090
3933,98,1096
3934,104,1098
3935,100,1098
3936,98,1092
3937,98,1050
3938,100,1092
3939,98,1086
3940,96,1082
3941,104,1100
3942,98,1086
3943,98,1088
3944,98,1574
3945,100,1090
3946,98,1114
3947,98,1084
3948,100,1082
3949,100,1092
3950,100,1086
3951,102,1086
3952,100,1082
3953,98,1088
3954,98,1086
3955,98,1090
3956,98,1088
3957,100,1082
3958,102,1082
3959,96,1094
3960,98,1086
3961,98,1086
3962,100,1096
3963,96,1092
3964,102,1086
3965,98,1084
3966,96,1616
3967,94,1086
3968,98,1086
3969,102,1094
3970,98,1092
3971,100,1090
3972,98,1080
3973,98,1094
3974,100,1094
3975,98,1086
3976,100,1082
3977,98,1086
3978,98,1086
3979,100,1082
3980,102,1084
3981,98,1090
3982,100,1086
3983,100,1086
3984,98,1092
3985,98,1086
3986,98,1088
3987,100,1094
3988,98,1614
3989,98,1092
3990,100,1094
3991,96,1086
3992,98,1092
3993,98,1084
3994,104,1090
3995,96,1090
3996,98,1084
3997,100,1092
3998,100,1096
3999,100,1100
4000,100,1098
4001,100,1086
4002,98,1096
4003,100,1090
4004,100,1080
4005,98,1092
4006,100,1104
4007,100,1098
4008,98,1086
4009,98,1092
4010,98,1586
4011,98,1084
4012,100,1092
4013,100,1098
4014,98,1088
4015,100,1088
4016,96,1090
4017,98,1094
4018,98,1088
4019,98,1086
4020,98,1086
4021,100,1092
4022,98,1088
4023,98,1090
4024,100,1088
4025,100,1098
4026,98,1084
4027,100,1090
4028,100,1092
4029,98,1098
4030,100,1086
4031,100,1094
4032,102,1538
4033,98,1086
4034,96,1092
4035,98,1092
4036,100,1084
4037,98,1086
4038,98,1086
4039,98,1082
4040,98,1092
4041,98,1094
4042,100,1092
4043,100,1098
4044,100,1090
4045,98,1086
4046,98,1088
4047,98,1084
4048,100,1088
4049,100,1098
4050,100,1080
4051,100,1088
4052,98,1092
4053,98,1098
4054,98,1582
4055,100,1098
4056,100,1092
4057,98,1126
4058,100,1086
4059,102,1086
4060,100,1748
4061,98,1094
4062,100,1090
4063,100,1092
4064,100,1086
4065,100,1090
4066,100,1096
4067,100,1098
4068,102,1080
4069,102,1092
4070,100,1088
4071,100,1100
4072,100,1088
4073,98,1098
4074,100,1086
4075,96,1092
4076,98,1086
4077,100,1102
4078,98,1558
4079,100,1088
4080,98,1094
4081,100,1096
4082,98,1082
4083,100,1082
4084,100,1082
4085,100,1090
4086,100,1092
4087,100,1086
4088,98,1092
4089,100,1092
4090,98,1086
4091,98,1084
4092,100,1084
4093,100,1092
4094,100,1092
4095,98,1092
4096,104,1084
4097,100,1092
4098,98,1098
4099,98,1084
4100,102,1614
4101,98,1086
4102,102,1086
4103,100,1098
4104,98,1088
4105,100,1086
4106,98,1088
4107,98,1092
4108,100,1082
4109,98,1088
4110,100,1086
4111,102,1092
4112,96,1086
4113,104,1088
4114,96,1086
4115,100,1090
4116,96,1096
4117,98,1102
4118,100,1082
4119,100,1086
4120,98,1086
4121,96,1098
4122,102,1572
4123,100,1086
4124,98,1086
4125,98,1092
4126,98,1090
4127,100,1084
4128,100,1092
4129,100,1080
4130,98,1080
4131,100,1086
4132,98,1090
4133,100,1086
4134,100,1094
4135,100,1092
4136,96,1084
4137,98,1096
4138,98,1084
4139,98,1098
4140,98,1082
4141,100,1088
4142,98,1086
4143,102,1086
4144,100,1564
4145,102,1086
4146,100,1084
4147,100,1082
4148,104,1086
4149,100,1098
4150,98,1080
4151,100,1086
4152,98,1090
4153,100,1096
4154,100,1086
4155,96,1082
4156,98,1092
4157,96,1080
4158,100,1084
4159,102,1084
4160,96,1086
4161,100,1092
4162,98,1092
4163,98,1100
4164,94,1082
4165,98,1088
4166,98,1584
4167,98,1084
4168,98,1080
4169,98,1082
4170,98,1088
4171,100,1092
4172,98,1080
4173,98,1086
4174,100,1086
4175,100,1092
4176,98,1094
4177,98,1094
4178,98,1090
4179,100,1090
4180,100,1086
4181,98,1096
4182,98,1078
4183,98,1084
4184,100,1090
4185,98,1086
4186,100,1092
4187,100,1086
4188,100,1532
4189,96,1088
4190,100,1086
4191,98,1092
4192,98,1090
4193,98,1092
4194,98,1098
4195,100,1088
4196,100,1086
4197,98,1086
4198,98,1086
4199,100,1088
4200,98,1090
4201,100,1096
4202,100,1082
4203,102,1086
4204,96,1084
4205,98,1096
4206,98,1092
4207,100,1082
4208,100,1098
4209,98,1638
4210,96,1086
4211,100,1096
4212,98,1092
4213,100,1092
4214,98,1086
4215,102,1094
4216,98,1090
4217,100,1100
4218,100,1086
4219,100,1092
4220,98,1088
4221,98,1098
4222,102,1080
4223,98,1096
4224,100,1088
4225,98,1096
4226,100,1090
4227,98,1080
4228,100,1088
4229,100,1096
4230,98,1100
4231,98,1596
4232,98,1084
4233,98,1086
4234,100,1554
4235,98,1086
4236,98,1086
4237,98,1092
4238,100,1092
4239,98,1088
4240,98,1080
4241,100,1086
4242,100,1080
4243,100,1094
4244,102,1092
4245,96,1090
4246,98,1090
4247,102,1092
4248,96,1098
4249,100,1092
4250,96,1082
4251,100,1088
4252,98,1082
4253,98,1094
4254,100,1086
4255,98,1098
4256,100,1562
4257,98,1106
4258,100,1086
4259,98,1086
4260,98,1086
4261,100,1036
4262,100,1090
4263,100,1098
4264,98,1086
4265,98,1084
4266,100,1088
4267,98,1092
4268,98,1082
4269,98,1084
4270,98,1088
4271,98,1084
4272,98,1084
4273,102,1084
4274,100,1086
4275,98,1102
4276,100,1086
4277,98,1098
4278,98,1620
4279,100,1090
4280,100,1084
4281,100,1092
4282,100,1092
4283,98,1084
4284,98,1088
4285,100,1088
4286,100,1090
4287,98,1098
4288,100,1084
4289,98,1088
4290,100,1092
4291,98,1092
4292,100,1086
4293,100,1098
4294,100,1082
4295,98,1084
4296,98,1096
4297,100,1090
4298,100,1090
4299,98,1086
4300,98,1588
4301,102,1088
4302,98,1092
4303,100,1080
4304,98,1080
4305,100,1092
4306,98,1090
4307,100,1080
4308,100,1086
4309,96,1088
4310,96,1088
4311,100,1082
4312,104,1098
4313,100,1098
4314,94,1090
4315,98,1080
4316,100,1092
4317,96,1090
4318,98,1086
4319,96,1086
4320,98,1086
4321,98,1092
4322,98,1574
4323,98,1086
4324,100,1090
4325,98,1092
4326,100,1084
4327,102,1092
4328,100,1098
4329,104,1082
4330,98,1094
4331,100,1092
4332,100,1086
4333,100,1088
4334,100,1092
4335,98,1100
4336,98,1090
4337,96,1090
4338,100,1090
4339,100,1096
4340,100,1088
4341,100,1092
4342,100,1084
4343,100,1092
4344,98,1602
4345,100,1092
4346,98,1090
4347,98,1082
4348,98,1098
4349,98,1088
4350,94,1088
4351,98,1090
4352,98,1098
4353,98,1086
4354,98,1094
4355,100,1092
4356,100,1084
4357,98,1092
4358,98,1086
4359,98,1092
4360,100,1086
4361,98,1092
4362,100,1100
4363,100,1082
4364,96,1084
4365,98,1554
4366,100,1094
4367,98,1086
4368,100,1088
4369,100,1084
4370,100,1090
4371,98,1090
4372,100,1086
4373,100,1088
4374,100,1086
4375,100,1092
4376,96,1094
4377,100,1086
4378,100,1090
4379,98,1086
4380,100,1092
4381,98,1092
4382,100,1092
4383,100,1096
4384,100,1088
4385,100,1102
4386,100,1080
4387,104,1614
4388,100,1086
4389,98,1088
4390,100,1092
4391,98,1086
4392,100,1086
4393,100,1094
4394,100,1082
4395,100,1086
4396,98,1084
4397,100,1082
4398,98,1092
4399,100,1092
4400,98,1004
4401,100,1090
4402,100,1094
4403,98,1082
4404,100,1088
4405,98,1098
4406,98,1088
4407,100,1094
4408,98,1084
4409,100,1572
4410,98,1088
4411,100,1082
4412,100,1092
4413,98,1090
4414,98,1086
4415,100,1084
4416,98,1092
4417,104,1090
4418,98,1088
4419,98,1090
4420,96,1086
4421,100,1094
4422,100,1090
4423,100,1098
4424,98,1092
4425,98,1094
4426,100,1084
4427,98,1098
4428,100,1096
4429,100,1092
4430,98,1086
4431,96,1646
4432,98,1092
4433,102,1082
4434,98,1092
4435,98,1096
4436,100,1082
4437,100,1086
4438,96,1088
4439,100,1096
4440,98,1084
4441,100,1098
4442,100,1090
4443,98,1098
4444,98,1092
4445,96,1098
4446,98,1084
4447,100,1092
4448,100,1090
4449,100,1100
4450,100,1084
4451,100,1094
4452,98,1090
4453,98,1602
4454,100,1086
4455,100,1090
4456,102,1086
4457,100,1084
4458,98,1092
4459,100,1098
4460,100,1082
4461,98,1098
4462,98,1102
4463,98,1092
4464,100,1090
4465,98,1092
4466,100,1086
4467,100,1086
4468,98,1080
4469,100,1092
4470,98,1086
4471,98,1080
4472,98,1084
4473,98,1092
4474,100,1082
4475,100,1536
4476,98,1086
4477,98,1092
4478,96,1088
4479,98,1084
4480,100,1092
4481,100,1114
4482,100,1092
4483,98,1086
4484,100,1086
4485,100,1088
4486,100,1092
4487,96,1092
4488,98,1084
4489,100,1086
4490,100,1090
4491,98,1082
4492,100,1086
4493,100,1088
4494,100,1094
4495,98,1090
4496,94,1604
4497,98,1082
4498,98,1086
4499,100,1086
4500,100,1092
4501,100,1086
4502,98,1086
4503,104,1084
4504,98,1084
4505,98,1088
4506,102,1086
4507,100,1092
4508,100,1084
4509,100,1096
4510,100,1086
4511,100,1080
4512,100,1086
4513,98,1092
4514,100,1092
4515,100,1090
4516,98,1086
4517,100,1098
4518,100,1566
4519,104,1086
4520,98,1092
4521,96,1090
4522,100,1086
4523,98,1096
4524,100,1092
4525,98,1092
4526,100,1092
4527,100,1086
4528,98,1088
4529,100,1082
4530,100,1086
4531,100,1096
4532,100,1088
4533,100,1092
4534,100,1098
4535,100,1084
4536,102,1084
4537,98,1086
4538,98,1086
4539,100,1028
4540,100,1582
4541,100,1098
4542,100,1090
4543,98,1092
4544,100,1084
4545,98,1090
4546,98,1086
4547,98,1090
4548,98,1088
4549,96,1090
4550,98,1086
4551,100,1080
4552,96,1092
4553,94,1086
4554,100,1086
4555,100,1094
4556,100,1080
4557,98,1090
4558,100,1080
4559,98,1092
4560,100,1094
4561,100,1088
4562,100,1608
4563,98,1102
4564,98,1082
4565,102,1098
4566,100,1080
4567,98,1086
4568,100,1082
4569,98,1094
4570,98,1088
4571,98,1088
4572,98,1080
4573,100,1096
4574,100,1092
4575,100,1092
4576,98,1094
4577,96,1090
4578,98,1086
4579,98,1092
4580,102,1084
4581,98,1102
4582,96,1084
4583,102,1086
4584,100,1560
4585,98,1084
4586,100,1094
4587,98,1098
4588,98,1090
4589,100,1086
4590,98,1084
4591,102,1082
4592,100,1094
4593,98,1084
4594,98,1098
4595,100,1090
4596,98,1086
4597,98,1090
4598,102,1098
4599,102,1086
4600,98,1084
4601,100,1086
4602,100,1086
4603,98,1088
4604,102,1082
4605,98,1638
4606,100,1090
4607,100,1088
4608,98,1082
4609,100,1102
4610,100,1084
4611,100,1080
4612,100,1090
4613,100,1084
4614,100,1090
4615,100,1096
4616,98,1092
4617,100,1098
4618,98,1084
4619,98,1094
4620,96,1102
4621,98,1086
4622,98,1082
4623,98,1088
4624,100,1090
4625,100,1090
4626,98,1090
4627,96,1590
4628,100,1096
4629,100,1088
4630,98,1088
4631,98,1094
4632,98,1086
4633,100,1086
4634,98,1084
4635,100,1086
4636,100,1084
4637,98,1100
4638,100,1092
4639,100,1088
4640,98,1088
4641,98,1088
4642,100,1084
4643,100,1088
4644,96,1080
4645,98,1092
4646,98,1086
4647,100,1088
4648,98,1088
4649,100,1616
4650,98,1090
4651,98,1094
4652,98,1086
4653,96,1086
4654,98,1110
4655,100,1086
4656,100,1094
4657,98,1086
4658,98,1092
4659,98,1092
4660,100,1088
4661,100,1092
4662,104,1098
4663,100,1096
4664,102,1082
4665,102,1088
4666,102,1086
4667,98,1086
4668,98,1080
4669,100,1090
4670,98,1096
4671,98,1592
4672,100,1092
4673,98,1098
4674,100,1086
4675,98,1084
4676,100,1086
4677,100,1092
4678,100,1034
4679,100,1086
4680,98,1092
4681,98,1086
4682,100,1082
4683,102,1092
4684,98,1102
4685,100,1098
4686,100,1094
4687,98,1082
4688,98,1086
4689,100,1092
4690,98,1080
4691,98,1088
4692,100,1086
4693,100,1560
4694,100,1090
4695,102,1090
4696,98,1088
4697,100,1088
4698,98,1084
4699,100,1098
4700,98,1086
4701,100,1094
4702,98,1114
4703,98,1082
4704,98,1080
4705,100,1088
4706,100,1086
4707,98,1084
4708,100,1096
4709,100,1098
4710,98,1092
4711,100,1086
4712,102,1084
4713,98,1086
4714,100,1086
4715,98,1620
4716,100,1086
4717,98,1094
4718,100,1084
4719,100,1086
4720,98,1086
4721,98,1092
4722,100,1092
4723,98,1088
4724,102,1096
4725,100,1096
4726,98,1086
4727,98,1098
4728,100,1086
4729,98,1086
4730,100,1088
4731,98,1092
4732,100,1092
4733,100,1088
4734,98,1084
4735,100,1086
4736,100,1086
4737,98,1630
4738,100,1086
4739,100,1086
4740,102,1096
4741,100,1086
4742,98,1090
4743,100,1086
4744,100,1086
4745,100,1098
4746,98,1090
4747,98,1086
4748,100,1092
4749,100,1096
4750,98,1086
4751,100,1082
4752,98,1086
4753,100,1084
4754,100,1088
4755,100,1090
4756,100,1082
4757,98,1092
4758,98,1096
4759,102,1614
4760,98,1088
4761,98,1086
4762,100,1088
4763,98,1086
4764,98,1092
4765,98,1090
4766,102,1098
4767,98,1098
4768,100,1080
4769,100,1088
4770,98,1086
4771,98,1086
4772,100,1086
4773,98,1086
4774,98,1092
4775,100,1084
4776,100,1082
4777,98,1086
4778,100,1084
4779,98,1096
4780,100,1082
4781,100,1572
4782,100,1084
4783,98,1094
4784,96,1090
4785,100,1092
4786,98,1090
4787,100,1094
4788,100,1086
4789,98,1082
4790,98,1096
4791,98,1082
4792,98,1082
4793,100,1080
4794,100,1088
4795,100,1092
4796,98,1084
4797,100,1090
4798,100,1088
4799,102,1086
4800,100,1084
4801,102,1086
4802,100,1092
4803,98,1628
4804,100,1090
4805,100,1092
4806,98,1086
4807,102,1090
4808,100,1092
4809,98,1092
4810,100,1090
4811,98,1090
4812,100,1094
4813,98,1086
4814,98,1082
4815,100,1086
4816,100,1092
4817,100,1092
4818,98,1086
4819,98,1092
4820,98,1094
4821,98,1090
4822,100,1086
4823,96,1086
4824,100,1088
4825,98,1588
4826,98,1092
4827,100,1096
4828,100,1086
4829,96,1088
4830,96,1084
4831,100,1098
4832,98,1086
4833,100,1098
4834,102,1094
4835,96,1082
4836,98,1086
4837,100,1098
4838,100,1086
4839,98,1088
4840,98,1084
4841,98,1086
4842,102,1082
4843,100,1096
4844,96,1092
4845,98,1086
4846,100,1090
4847,102,1560
4848,100,1100
4849,102,1092
4850,102,1092
4851,100,1088
4852,98,1096
4853,100,1086
4854,100,1080
4855,98,1088
4856,98,1086
4857,102,1092
4858,96,1094
4859,98,1088
4860,100,1086
4861,100,1090
4862,98,1092
4863,100,1086
4864,98,1086
4865,98,1086
4866,98,1092
4867,98,1086
4868,100,1090
4869,104,1602
4870,100,1086
4871,96,1088
4872,100,1094
4873,98,1084
4874,98,1082
4875,100,1098
4876,98,1102
4877,98,1098
4878,100,1094
4879,98,1086
4880,100,1086
4881,98,1086
4882,100,1092
4883,98,1092
4884,100,1094
4885,98,1096
4886,98,1092
4887,100,1092
4888,100,1090
4889,100,1094
4890,104,1098
4891,100,1562
4892,98,1086
4893,98,1094
4894,100,1094
4895,100,1096
4896,98,1080
4897,106,1092
4898,100,1090
4899,100,1088
4900,98,1096
4901,104,1092
4902,100,1088
4903,98,1082
4904,100,1090
4905,100,1088
4906,100,1086
4907,100,1096
4908,98,1086
4909,98,1092
4910,100,1086
4911,96,1082
4912,100,1098
4913,100,1616
4914,100,1096
4915,106,1092
4916,100,1092
4917,98,1020
4918,102,954
4919,98,952
4920,100,1092
4921,100,1084
4922,100,1080
4923,100,1088
4924,100,1086
4925,100,1086
4926,102,1086
4927,100,1092
4928,100,1086
4929,98,1086
4930,100,1090
4931,102,1098
4932,100,1092
4933,98,1094
4934,98,1080
4935,100,1086
4936,100,1080
4937,100,1638
4938,98,1100
4939,102,1090
4940,98,1082
4941,98,1086
4942,102,1092
4943,98,1090
4944,98,1086
4945,98,1094
4946,98,1086
4947,100,1088
4948,100,1086
4949,100,1078
4950,100,1080
4951,98,1092
4952,100,1090
4953,100,1088
4954,98,1082
4955,98,1092
4956,100,1090
4957,98,1084
4958,98,1084
4959,98,1092
4960,98,1554
4961,98,1086
4962,100,1092
4963,98,1104
4964,100,1086
4965,98,1086
4966,100,1092
4967,100,1090
4968,98,1094
4969,98,1092
4970,98,1090
4971,100,1098
4972,100,1084
4973,98,1090
4974,98,1086
4975,98,1092
4976,104,1086
4977,102,1092
4978,100,1096
4979,98,1096
4980,98,1090
4981,98,1092
4982,100,1536
4983,98,1082
4984,98,1090
4985,100,1096
4986,100,1080
4987,100,1088
4988,98,1090
4989,100,1086
4990,100,1088
4991,98,1092
4992,100,1084
4993,98,1086
4994,100,1098
4995,100,1088
4996,98,1086
4997,98,1084
4998,100,1092
4999,100,1086
5000,100,1086
5001,100,1088
5002,100,948
5003,96,1090
5004,98,1082
5005,98,1638
5006,98,1092
5007,100,1088
5008,98,1088
5009,100,1090
5010,100,1086
5011,98,1094
5012,100,1082
5013,100,1084
5014,100,1092
5015,100,1084
5016,100,1090
5017,98,1090
5018,98,1088
5019,98,1102
5020,100,1088
5021,98,1080
5022,100,1090
5023,100,1086
5024,100,1086
5025,98,1086
5026,100,1088
5027,100,1566
5028,98,1094
5029,106,1088
5030,100,1096
5031,100,1092
5032,100,1088
5033,100,1086
5034,100,1092
5035,98,1092
5036,98,1084
5037,102,1086
5038,98,1084
5039,100,1096
5040,98,1082
5041,102,1094
5042,100,1086
5043,98,1086
5044,100,1100
5045,94,1086
5046,100,1080
5047,98,1084
5048,98,1092
5049,100,1604
5050,98,1086
5051,104,1088
5052,100,1090
5053,98,1084
5054,102,1086
5055,102,1092
5056,104,1086
5057,96,1096
5058,102,1088
5059,98,1088
5060,98,1086
5061,100,1088
5062,98,1086
5063,98,1098
5064,98,1084
5065,98,1092
5066,100,1088
5067,100,1086
5068,100,1084
5069,102,1086
5070,100,1096
5071,100,1620
5072,98,1096
5073,98,1096
5074,98,1092
5075,98,1086
5076,100,1092
5077,100,1104
5078,98,1092
5079,100,1090
5080,100,1086
5081,100,1096
5082,98,1086
5083,98,1086
5084,96,1090
5085,100,1086
5086,100,1086
5087,100,1092
5088,100,1104
5089,100,1620
5090,100,1092
5091,102,1088
5092,100,1080
5093,98,1092
5094,98,1098
5095,98,1090
5096,98,1092
5097,100,1086
5098,100,1088
5099,100,1092
5100,98,1086
5101,100,1096
5102,98,1084
5103,98,1086
5104,98,1086
5105,98,1086
5106,100,1088
5107,100,1082
5108,104,1086
5109,98,1088
5110,98,1086
5111,98,1622
5112,98,1090
5113,100,1096
5114,102,1086
5115,100,1092
5116,98,1092
5117,102,1086
5118,100,1082
5119,104,1086
5120,102,1116
5121,98,1088
5122,100,1086
5123,100,1094
5124,96,1086
5125,96,1080
5126,102,1092
5127,98,1090
5128,100,1098
5129,98,1090
5130,100,1086
5131,102,1086
5132,102,1092
5133,104,1634
5134,100,1092
5135,96,1094
5136,100,1080
5137,98,1092
5138,102,1086
5139,100,1080
5140,98,1098
5141,102,968
5142,98,1084
5143,100,1094
5144,100,1092
5145,100,1086
5146,100,1082
5147,102,1094
5148,96,1092
5149,98,1090
5150,104,1092
5151,98,1084
5152,100,1090
5153,100,1088
5154,100,1092
5155,102,1086
5156,100,1570
5157,100,1090
5158,102,1086
5159,100,1092
5160,100,1082
5161,100,1086
5162,104,1088
5163,98,1090
5164,98,1088
5165,100,1100
5166,100,1092
5167,102,1086
5168,102,1092
5169,100,1092
5170,100,1104
5171,100,1086
5172,100,1086
5173,100,1084
5174,102,1082
5175,98,1082
5176,96,1088
5177,98,1558
5178,100,1092
5179,98,1084
5180,100,1084
5181,96,1088
5182,98,1096
5183,98,1090
5184,100,1092
5185,100,1090
5186,102,1090
5187,98,1092
5188,98,1092
5189,100,1090
5190,100,1084
5191,100,1084
5192,102,1088
5193,100,1086
5194,102,1090
5195,98,1088
5196,100,1090
5197,100,1090
5198,102,1088
5199,98,1100
5200,98,1562
5201,102,1092
5202,98,1092
5203,102,1092
5204,102,1092
5205,100,1090
5206,98,1096
5207,100,1088
5208,100,1086
5209,104,1086
5210,102,1086
5211,100,1092
5212,100,1088
5213,102,1086
5214,100,1088
5215,100,1084
5216,108,1096
5217,100,1090
5218,98,1088
5219,100,1098
5220,98,1086
5221,98,1090
5222,102,1544
5223,100,1090
5224,100,1098
5225,98,1088
5226,98,1086
5227,102,1088
5228,100,1090
5229,98,1086
5230,102,1092
5231,100,1092
5232,100,1082
5233,98,1086
5234,100,1098
5235,98,1088
5236,96,1086
5237,100,1100
5238,100,1086
5239,102,1084
5240,100,1092
5241,98,1086
5242,100,1086
5243,98,1096
5244,100,1614
5245,98,1086
5246,100,1090
5247,102,1088
5248,100,1092
5249,98,1088
5250,98,1092
5251,102,1090
5252,102,1098
5253,98,1090
5254,100,1092
5255,102,1090
5256,96,1082
5257,100,1088
5258,102,1086
5259,98,1086
5260,96,1094
5261,100,1086
5262,100,1088
5263,98,1092
5264,98,1096
5265,100,1082
5266,98,1094
5267,102,1090
5268,100,1084
5269,98,1098
5270,100,1094
5271,102,1088
5272,98,1566
5273,98,1098
5274,100,1094
5275,96,1086
5276,98,1088
5277,100,1098
5278,100,1080
5279,100,1080
5280,98,1090
5281,98,1086
5282,100,1086
5283,102,1078
5284,100,1092
5285,96,1090
5286,98,1092
5287,98,1084
5288,100,1088
5289,100,1088
5290,102,1092
5291,98,1086
5292,100,1082
5293,102,1086
5294,98,1094
5295,98,1560
5296,102,1090
5297,100,1084
5298,100,1088
5299,98,1092
5300,96,1094
5301,98,1088
5302,98,1090
5303,98,1086
5304,100,1090
5305,102,1088
5306,98,1092
5307,98,1088
5308,102,1086
5309,98,1088
5310,98,1088
5311,100,1078
5312,98,1092
5313,100,1096
5314,102,1088
5315,98,1090
5316,98,1098
5317,98,1550
5318,96,1086
5319,102,1080
5320,98,1092
5321,102,1086
5322,98,1098
5323,98,1094
5324,100,1086
5325,100,1084
5326,100,978
5327,100,1098
5328,100,1098
5329,100,1086
5330,102,1086
5331,102,1090
5332,102,1086
5333,100,1094
5334,100,1088
5335,102,1090
5336,100,1080
5337,104,1090
5338,98,1092
5339,98,1086
5340,100,1638
5341,100,1094
5342,100,1086
5343,100,1082
5344,102,1088
5345,98,1086
5346,100,1102
5347,98,1088
5348,100,1086
5349,100,1082
5350,102,1086
5351,100,1084
5352,98,1094
5353,100,1080
5354,100,1092
5355,102,1086
5356,102,1096
5357,98,1086
5358,98,1092
5359,98,1088
5360,98,1086
5361,98,1082
5362,102,1568
5363,98,1098
5364,98,1086
5365,100,1090
5366,98,1088
5367,98,1080
5368,100,1086
5369,96,1092
5370,98,1098
5371,98,1082
5372,100,1092
5373,100,1086
5374,102,1088
5375,100,1090
5376,100,1086
5377,102,1086
5378,100,1092
5379,102,1084
5380,98,1092
5381,96,1092
5382,100,1088
5383,100,1086
5384,100,1620
5385,100,1082
5386,100,1092
5387,100,1084
5388,98,1088
5389,102,1080
5390,100,1092
5391,102,1088
5392,102,1098
5393,98,1086
5394,98,1092
5395,100,1092
5396,98,1092
5397,100,1086
5398,98,1096
5399,98,1090
5400,100,1082
5401,98,1090
5402,98,1088
5403,102,1086
5404,102,1092
5405,100,1086
5406,98,1560
5407,100,1092
5408,100,1086
5409,100,1090
5410,102,1090
5411,96,1080
5412,100,1092
5413,102,1086
5414,102,1088
5415,102,1080
5416,102,1092
5417,100,1092
5418,98,1086
5419,98,1092
5420,98,1092
5421,92,1090
5422,102,1098
5423,98,1096
5424,98,1088
5425,102,1090
5426,100,1086
5427,98,1094
5428,98,1606
5429,100,1086
5430,100,1100
5431,98,1086
5432,100,1086
5433,100,1084
5434,100,1090
5435,98,1084
5436,98,1090
5437,102,1084
5438,100,1088
5439,102,1086
5440,98,1090
5441,102,1098
5442,100,1092
5443,100,1084
5444,102,1084
5445,96,1090
5446,102,1082
5447,102,1084
5448,102,1088
5449,102,1604
5450,100,1088
5451,100,1086
5452,102,1098
5453,94,1104
5454,98,1086
5455,100,1098
5456,100,1092
5457,98,1080
5458,102,1088
5459,98,1090
5460,98,1098
5461,98,1086
5462,100,1088
5463,102,1084
5464,98,1092
5465,98,1196
5466,98,1090
5467,100,1088
5468,100,1088
5469,100,1088
5470,102,1092
5471,100,1628
5472,100,1092
5473,102,1082
5474,100,1084
5475,100,1080
5476,98,1092
5477,100,1094
5478,98,1086
5479,100,1086
5480,100,1094
5481,100,1082
5482,102,1080
5483,98,1082
5484,102,1094
5485,98,1084
5486,100,1088
5487,102,1086
5488,102,1100
5489,98,1086
5490,100,1094
5491,100,1092
5492,100,1086
5493,98,1570
5494,100,1088
5495,100,1088
5496,98,1084
5497,100,1088
5498,100,1092
5499,102,1086
5500,100,1084
5501,100,1090
5502,98,1084
5503,100,1092
5504,100,1084
5505,98,1098
5506,98,1090
5507,98,1086
5508,100,1094
5509,100,1088
5510,100,1090
5511,98,1082
5512,98,1098
5513,98,1088
5514,98,1092
5515,102,1560
5516,96,1092
5517,100,1080
5518,102,1084
5519,100,1082
5520,100,1098
5521,102,1086
5522,98,1094
5523,102,1092
5524,100,1086
5525,100,1094
5526,104,1088
5527,100,1092
5528,100,1084
5529,96,1086
5530,100,1100
5531,98,1086
5532,100,1090
5533,102,1086
5534,100,1092
5535,102,1086
5536,98,1088
5537,100,1650
5538,100,1086
5539,98,1080
5540,98,1086
5541,100,1096
5542,102,1086
5543,100,1088
5544,100,1088
5545,100,1088
5546,98,1092
5547,102,1086
5548,102,1092
5549,98,1086
5550,100,1090
5551,102,1078
5552,100,1094
5553,100,1084
5554,104,1098
5555,100,1090
5556,98,1092
5557,102,1096
5558,96,1086
5559,100,1566
5560,102,1086
5561,98,1098
5562,100,1092
5563,98,1098
5564,98,1082
5565,102,1092
5566,102,1088
5567,100,1086
5568,100,1084
5569,102,1090
5570,102,1092
5571,96,1086
5572,102,1098
5573,98,1096
5574,94,1098
5575,98,1086
5576,98,1090
5577,98,1086
5578,102,1094
5579,100,1090
5580,98,1098
5581,102,1592
5582,100,1084
5583,102,1082
5584,102,1090
5585,100,1088
5586,104,1096
5587,100,1092
5588,100,1088
5589,100,1080
5590,100,1092
5591,98,1096
5592,96,1098
5593,100,1088
5594,98,1096
5595,98,1088
5596,98,1086
5597,100,1086
5598,100,1094
5599,98,1084
5600,98,1096
5601,100,1086
5602,98,1086
5603,100,1596
5604,104,1096
5605,102,1090
5606,100,1098
5607,100,1080
5608,102,1092
5609,100,1090
5610,98,1086
5611,100,1094
5612,98,1082
5613,100,1094
5614,102,1092
5615,100,1092
5616,98,1088
5617,102,1088
5618,100,1088
5619,102,1084
5620,102,1088
5621,100,1088
5622,98,1090
5623,98,1092
5624,98,1092
5625,104,1526
5626,100,1082
5627,100,1082
5628,98,1090
5629,102,1088
5630,100,1086
5631,102,1086
5632,102,1080
5633,104,1090
5634,98,1090
5635,100,1092
5636,98,1092
5637,98,1086
5638,102,1092
5639,100,1086
5640,100,1092
5641,102,1096
5642,98,1092
5643,100,1082
5644,102,1088
5645,98,1092
5646,98,1092
5647,98,1602
5648,100,1086
5649,102,1086
5650,98,1082
5651,98,1088
5652,98,1098
5653,102,1084
5654,96,1096
5655,100,1096
5656,100,1100
5657,96,1082
5658,100,1094
5659,98,1082
5660,98,1092
5661,100,1084
5662,100,1086
5663,100,1092
5664,100,1086
5665,106,1090
5666,98,1092
5667,100,1098
5668,102,1098
5669,100,1624
5670,98,1092
5671,100,1086
5672,100,1098
5673,98,1090
5674,102,1090
5675,96,1088
5676,96,1086
5677,98,1084
5678,100,1090
5679,96,1090
5680,98,1086
5681,98,1092
5682,102,1084
5683,98,1086
5684,98,1092
5685,102,1082
5686,98,1084
5687,100,1092
5688,98,1088
5689,100,1090
5690,96,1086
5691,102,1564
5692,102,1096
5693,100,1096
5694,98,1086
5695,98,1102
5696,100,1090
5697,98,1096
5698,102,1098
5699,98,1082
5700,100,1090
5701,100,1096
5702,98,1082
5703,100,1086
5704,102,1086
5705,98,1088
5706,100,1100
5707,98,1086
5708,104,1092
5709,100,1092
5710,98,1080
5711,98,1088
5712,98,1092
5713,100,1586
5714,100,1096
5715,102,1090
5716,100,1096
5717,98,1082
5718,98,1082
5719,102,1090
5720,98,1092
5721,100,1086
5722,100,1098
5723,98,1086
5724,100,1086
5725,98,1080
5726,96,1092
5727,102,1084
5728,102,1084
5729,98,1086
5730,98,1090
5731,98,1096
5732,98,1084
5733,98,1098
5734,100,1092
5735,100,1528
5736,98,1086
5737,102,1098
5738,98,1086
5739,98,1082
5740,98,1086
5741,100,1092
5742,102,1086
5743,100,1088
5744,100,1088
5745,98,1090
5746,102,1086
5747,96,1080
5748,100,1098
5749,102,1084
5750,100,1086
5751,104,1086
5752,96,1086
5753,100,1092
5754,98,1086
5755,100,1088
5756,100,1094
5757,98,1592
5758,102,1092
5759,98,1090
5760,98,1084
5761,102,1092
5762,100,1092
5763,98,1082
5764,98,1086
5765,98,1088
5766,102,1092
5767,100,1104
5768,96,1086
5769,96,1090
5770,98,1094
5771,98,1094
5772,98,1094
5773,96,1086
5774,98,1092
5775,100,1082
5776,98,1088
5777,100,1088
5778,100,1090
5779,98,1524
5780,98,1086
5781,100,1086
5782,98,1080
5783,100,1092
5784,98,1098
5785,100,1086
5786,104,1096
5787,98,1086
5788,98,1090
5789,96,1086
5790,100,1086
5791,98,1084
5792,100,1094
5793,100,1082
5794,106,1098
5795,100,1086
5796,98,1092
5797,96,1086
5798,102,1096
5799,102,1086
5800,102,1082
5801,102,1602
5802,98,1096
5803,100,1086
5804,98,1082
5805,104,1092
5806,102,1088
5807,98,1088
5808,102,1084
5809,98,1092
5810,98,1092
5811,102,1086
5812,100,1100
5813,100,1086
5814,100,1096
5815,98,1082
5816,98,1086
5817,100,1096
5818,98,1086
5819,100,1088
5820,98,1098
5821,98,1080
5822,98,1092
5823,102,1540
5824,102,1092
5825,96,1086
5826,98,1094
5827,100,1086
5828,98,1086
5829,98,1086
5830,100,1088
5831,98,1090
5832,98,1086
5833,100,1090
5834,100,1092
5835,102,1092
5836,102,1086
5837,98,1096
5838,100,1092
5839,98,1090
5840,104,1098
5841,98,1094
5842,100,1086
5843,98,1090
5844,98,1090
5845,96,1608
5846,100,1092
5847,96,1088
5848,102,1094
5849,100,1086
5850,100,1096
5851,98,1098
5852,100,1092
5853,100,1086
5854,100,1086
5855,98,1084
5856,98,1092
5857,102,1086
5858,100,1092
5859,102,1092
5860,100,1092
5861,98,1102
5862,100,1098
5863,98,1086
5864,98,1088
5865,96,1082
5866,100,1092
5867,100,1572
5868,98,1094
5869,102,1096
5870,100,1092
5871,102,1086
5872,98,1098
5873,100,1088
5874,98,1092
5875,100,1078
5876,104,1092
5877,94,1080
5878,104,1090
5879,100,1096
5880,100,1092
5881,98,1086
5882,100,990
5883,102,1086
5884,102,1094
5885,96,1090
5886,98,1096
5887,100,1086
5888,100,1088
5889,98,1642
5890,102,1082
5891,96,1086
5892,98,1092
5893,98,1092
5894,100,1086
5895,102,1086
5896,98,1098
5897,96,1082
5898,102,1092
5899,96,1092
5900,96,1088
5901,98,1086
5902,98,1092
5903,100,1092
5904,104,1086
5905,98,1086
5906,100,1086
5907,100,1088
5908,102,1092
5909,100,1086
5910,100,1088
5911,100,1606
5912,98,1086
5913,98,1088
5914,98,1082
5915,100,1094
5916,98,1098
5917,102,1082
5918,100,1084
5919,98,1092
5920,98,1090
5921,98,1090
5922,98,1090
5923,98,1098
5924,98,1092
5925,98,1088
5926,100,1090
5927,100,1092
5928,98,1092
5929,100,1092
5930,100,1088
5931,102,1090
5932,100,1092
5933,98,1632
5934,94,1108
5935,100,1092
5936,100,1086
5937,102,1084
5938,102,1090
5939,100,1084
5940,98,1082
5941,98,1082
5942,98,1088
5943,100,1086
5944,102,1086
5945,100,1088
5946,98,1086
5947,100,1092
5948,98,1096
5949,98,1090
5950,98,1092
5951,98,1088
5952,98,1082
5953,102,1092
5954,100,1084
5955,102,1618
5956,102,1098
5957,98,1086
5958,98,1086
5959,100,1092
5960,96,1086
5961,100,1092
5962,98,1090
5963,100,1084
5964,98,1090
5965,102,1082
5966,100,1086
5967,100,1092
5968,102,1088
5969,98,1090
5970,100,1094
5971,100,1090
5972,100,1092
5973,98,1090
5974,98,1086
5975,100,1084
5976,98,1086
5977,100,1588
5978,100,1080
5979,98,1086
5980,102,1098
5981,100,1098
5982,100,1086
5983,100,1092
5984,100,1086
5985,100,1090
5986,102,1080
5987,98,1090
5988,100,1092
5989,98,1086
5990,98,1086
5991,100,1086
5992,98,1092
5993,98,1090
5994,102,1086
5995,100,1086
5996,100,1080
5997,100,1100
5998,98,1086
5999,98,1598
6000,98,1090
6001,100,1090
6002,102,1082
6003,100,1084
6004,102,1100
6005,98,1098
6006,100,1092
6007,98,1100
6008,100,1086
6009,98,1092
6010,98,1088
6011,96,1082
6012,102,1088
6013,100,1084
6014,104,1092
6015,98,1080
6016,102,1094
6017,100,1086
6018,98,1086
6019,100,1092
6020,100,1080
6021,100,1032
6022,100,1344
6023,98,1088
6024,100,1086
6025,102,1092
6026,100,1084
6027,98,1096
6028,102,1086
6029,100,1102
6030,98,1092
6031,100,1092
6032,98,1084
6033,100,1090
6034,102,1088
6035,98,1094
6036,100,1090
6037,102,1086
6038,100,1086
6039,96,1086
6040,102,1088
6041,104,1082
6042,100,1092
6043,98,1096
6044,98,1594
6045,98,1086
6046,98,1086
6047,98,1090
6048,100,1088
6049,98,1084
6050,102,1092
6051,102,1086
6052,100,1086
6053,98,1086
6054,102,1090
6055,98,1092
6056,96,1084
6057,98,1084
6058,102,1086
6059,100,1086
6060,98,1088
6061,98,1086
6062,98,1088
6063,102,1088
6064,102,1092
6065,100,1102
6066,100,1086
6067,100,984
6068,98,1356
6069,100,1088
6070,100,1102
6071,100,1084
6072,100,1088
6073,98,1110
6074,102,1098
6075,102,1092
6076,102,1092
6077,100,1084
6078,100,1092
6079,98,1092
6080,98,1090
6081,94,1086
6082,102,1092
6083,100,1092
6084,100,1092
6085,102,1090
6086,96,1086
6087,100,1092
6088,102,1092
6089,98,1086
6090,100,1620
6091,98,1090
6092,98,1092
6093,96,1088
6094,102,1088
6095,102,1086
6096,100,1092
6097,100,1092
6098,100,1102
6099,98,1088
6100,98,1082
6101,100,1088
6102,100,1098
6103,100,1088
6104,100,1084
6105,100,1084
6106,98,1090
6107,102,1086
6108,102,1090
6109,100,1094
6110,102,1086
6111,98,1088
6112,98,1088
6113,98,1092
6114,100,1618
6115,100,1082
6116,102,1086
6117,96,1082
6118,100,1088
6119,98,1088
6120,100,1088
6121,100,1084
6122,102,1092
6123,98,1086
6124,98,1092
6125,100,1094
6126,98,1086
6127,100,1086
6128,98,1096
6129,100,1090
6130,96,1088
6131,96,1092
6132,100,1092
6133,102,1094
6134,100,1086
6135,98,1090
6136,102,1566
6137,96,1098
6138,102,1092
6139,98,1094
6140,104,1080
6141,98,1094
6142,98,1086
6143,102,1088
6144,100,1088
6145,98,1094
6146,102,1080
6147,100,1090
6148,106,1088
6149,98,1086
6150,98,1086
6151,98,1088
6152,102,1082
6153,98,1082
6154,102,1084
6155,98,1088
6156,98,1088
6157,102,1090
6158,98,1624
6159,98,1092
6160,100,1092
6161,98,1080
6162,100,1086
6163,94,1090
6164,102,1084
6165,98,1098
6166,98,1092
6167,98,1088
6168,100,1086
6169,98,1092
6170,100,1092
6171,100,1086
6172,100,1096
6173,98,1084
6174,100,1086
6175,98,1092
6176,102,1092
6177,100,1090
6178,102,1086
6179,100,1084
6180,98,1644
6181,98,1086
6182,106,1086
6183,98,1098
6184,98,1100
6185,100,1078
6186,98,1090
6187,98,1092
6188,102,1096
6189,98,1090
6190,100,1092
6191,98,1084
6192,98,1088
6193,102,1090
6194,100,1088
6195,98,1084
6196,98,1094
6197,100,1092
6198,100,1090
6199,100,1090
6200,102,1084
6201,100,1086
6202,100,1620
6203,102,1082
6204,98,1094
6205,102,1084
6206,96,1032
6207,102,1090
6208,98,1086
6209,98,1090
6210,98,1086
6211,98,1096
6212,100,1094
6213,100,1096
6214,100,1088
6215,100,1086
6216,98,1098
6217,96,1080
6218,100,1084
6219,100,1102
6220,98,1086
6221,98,1088
6222,98,1090
6223,98,1086
6224,102,1538
6225,98,1036
6226,100,990
6227,102,982
6228,98,1086
6229,98,1088
6230,102,1088
6231,100,1090
6232,98,1092
6233,98,1088
6234,100,1086
6235,100,1080
6236,102,1086
6237,100,1088
6238,100,1088
6239,98,1082
6240,98,1086
6241,100,1084
6242,100,1098
6243,98,1088
6244,100,1094
6245,98,1104
6246,100,1082
6247,98,1096
6248,102,1568
6249,100,1084
6250,98,1088
6251,102,1086
6252,98,1092
6253,102,1082
6254,98,1092
6255,98,1096
6256,100,1096
6257,98,1088
6258,102,1092
6259,98,1086
6260,102,1080
6261,98,1092
6262,100,1100
6263,102,1086
6264,98,1088
6265,102,1082
6266,102,1088
6267,98,1084
6268,100,1088
6269,100,1598
6270,98,1088
6271,98,1088
6272,102,1092
6273,98,1086
6274,100,1084
6275,100,1096
6276,98,1088
6277,100,1090
6278,100,1090
6279,100,1092
6280,98,1102
6281,100,1092
6282,98,1088
6283,100,1094
6284,98,1092
6285,98,1094
6286,100,1086
6287,100,1090
6288,98,1086
6289,100,1088
6290,100,1082
6291,100,1088
6292,98,1092
6293,98,1094
6294,98,1098
6295,100,1098
6296,100,1090
6297,98,1092
6298,98,1090
6299,98,1624
6300,100,1092
6301,98,1092
6302,98,1098
6303,100,1080
6304,100,1086
6305,98,1088
6306,100,1088
6307,100,1092
6308,104,1092
6309,98,1092
6310,96,1086
6311,104,1086
6312,102,1094
6313,98,1086
6314,98,1080
6315,100,1086
6316,98,1086
6317,98,1088
6318,102,1092
6319,100,1114
6320,98,1088
6321,98,1614
6322,98,1102
6323,100,1088
6324,100,1094
6325,98,1086
6326,98,1090
6327,102,1088
6328,100,1080
6329,98,1088
6330,100,1088
6331,100,1084
6332,98,1094
6333,100,1094
6334,98,1086
6335,100,1094
6336,100,1098
6337,100,1104
6338,100,1084
6339,98,1096
6340,96,1100
6341,96,1098
6342,98,1084
6343,100,1578
6344,98,1094
6345,100,1094
6346,98,1090
6347,98,1088
6348,100,1096
6349,100,1086
6350,98,1086
6351,98,1090
6352,98,1084
6353,98,1082
6354,100,1084
6355,100,1098
6356,98,1086
6357,102,1082
6358,100,1086
6359,100,1088
6360,100,1078
6361,100,1096
6362,98,1084
6363,98,1098
6364,100,1092
6365,100,1550
6366,100,1092
6367,98,1086
6368,100,1090
6369,98,1086
6370,98,1086
6371,98,1090
6372,100,1094
6373,96,1090
6374,98,1092
6375,100,1090
6376,100,1100
6377,100,1098
6378,98,1080
6379,104,1096
6380,98,1104
6381,100,1088
6382,100,1092
6383,98,1080
6384,100,1086
6385,98,1082
6386,100,1616
6387,100,1094
6388,100,1086
6389,98,1090
6390,98,1080
6391,100,1032
6392,100,1088
6393,100,1086
6394,98,1086
6395,98,1092
6396,98,1098
6397,100,1094
6398,98,1086
6399,102,1094
6400,98,1096
6401,96,1098
6402,100,1088
6403,98,1084
6404,96,1092
6405,100,1086
6406,98,1086
6407,98,1086
6408,98,1090
6409,98,1600
6410,94,1088
6411,98,1090
6412,100,1084
6413,98,1086
6414,98,1086
6415,98,1098
6416,100,1086
6417,100,1082
6418,100,1092
6419,98,1086
6420,100,1098
6421,100,1086
6422,100,1086
6423,98,1094
6424,100,1088
6425,100,1086
6426,98,1086
6427,98,1086
6428,98,1086
6429,98,1088
6430,100,1084
6431,96,1600
6432,100,1086
6433,100,1088
6434,100,1090
6435,100,1108
6436,102,1090
6437,100,1090
6438,100,1084
6439,98,1086
6440,98,1088
6441,98,1092
6442,100,1086
6443,98,1084
6444,98,1086
6445,100,1096
6446,98,1098
6447,100,1092
6448,98,1088
6449,100,1094
6450,106,1096
6451,98,1090
6452,100,1082
6453,100,1096
6454,100,1556
6455,96,1096
6456,96,1096
6457,98,1092
6458,100,1086
6459,98,1090
6460,98,1092
6461,100,1098
6462,100,1082
6463,98,1098
6464,98,1080
6465,98,1098
6466,98,1096
6467,100,1080
6468,104,1098
6469,100,1088
6470,98,1084
6471,100,1092
6472,98,1088
6473,100,1088
6474,94,1096
6475,98,1652
6476,100,1096
6477,98,1092
6478,98,1082
6479,98,1086
6480,98,1090
6481,98,1080
6482,100,1086
6483,98,1098
6484,98,1086
6485,100,1094
6486,100,1080
6487,98,1090
6488,98,1086
6489,100,1088
6490,100,1098
6491,98,1098
6492,100,1090
6493,100,1092
6494,98,1086
6495,98,1084
6496,98,1082
6497,98,1618
6498,98,1088
6499,98,1082
6500,100,1092
6501,98,1088
6502,98,1086
6503,98,1082
6504,104,1086
6505,100,1088
6506,100,1090
6507,100,1096
6508,104,1088
6509,100,1086
6510,98,1086
6511,98,1084
6512,98,1088
6513,98,1098
6514,100,1086
6515,98,1088
6516,100,1096
6517,102,1086
6518,100,1080
6519,100,1546
6520,96,1090
6521,98,1086
6522,100,1092
6523,98,1086
6524,100,1088
6525,98,1098
6526,100,1092
6527,98,1092
6528,100,1084
6529,100,1090
6530,100,944
6531,100,1082
6532,98,1088
6533,100,1096
6534,100,1086
6535,94,1082
6536,96,1098
6537,98,1102
6538,100,1090
6539,98,1092
6540,100,1092
6541,102,1628
6542,100,1096
6543,100,1086
6544,98,1094
6545,96,1092
6546,102,1088
6547,98,1092
6548,98,1090
6549,100,1096
6550,98,1084
6551,100,1088
6552,98,1086
6553,100,1090
6554,100,1092
6555,100,1088
6556,102,1088
6557,98,1086
6558,100,1086
6559,98,1086
6560,100,1094
6561,100,1082
6562,100,1098
6563,98,1558
6564,102,1090
6565,96,1090
6566,100,1092
6567,98,1080
6568,98,1082
6569,98,1090
6570,94,1088
6571,98,1084
6572,100,1098
6573,98,1100
6574,98,1092
6575,100,1086
6576,98,1092
6577,102,1088
6578,100,1082
6579,96,1086
6580,98,1086
6581,98,1094
6582,98,1086
6583,96,1084
6584,100,1086
6585,98,1630
6586,100,1088
6587,100,1090
6588,104,1088
6589,100,1096
6590,98,1088
6591,100,1088
6592,102,1080
6593,98,1086
6594,100,1094
6595,100,1098
6596,100,1090
6597,100,1098
6598,100,1098
6599,100,1076
6600,104,1092
6601,100,1092
6602,100,1088
6603,98,1094
6604,100,1086
6605,100,1088
6606,100,1086
6607,100,1566
6608,98,1092
6609,98,1098
6610,100,1088
6611,100,1098
6612,102,1082
6613,98,1090
6614,98,1082
6615,98,1082
6616,98,1082
6617,96,1090
6618,98,1086
6619,100,1092
6620,98,1092
6621,98,1096
6622,100,1092
6623,100,962
6624,100,1080
6625,100,1098
6626,98,1084
6627,100,1094
6628,100,1088
6629,100,1098
6630,98,1626
6631,98,1082
6632,100,1084
6633,100,1090
6634,100,1246
6635,100,1090
6636,102,1082
6637,100,1102
6638,96,1084
6639,98,1092
6640,96,1094
6641,98,1098
6642,98,1080
6643,100,1088
6644,100,1098
6645,100,1090
6646,100,1080
6647,102,1090
6648,100,1084
6649,98,1086
6650,102,1086
6651,100,1602
6652,100,1092
6653,98,1086
6654,100,1102
6655,98,1092
6656,100,1086
6657,102,1094
6658,100,1088
6659,98,1094
6660,100,1080
6661,98,1090
6662,98,1090
6663,100,1088
6664,98,1086
6665,100,1098
6666,100,1086
6667,98,1086
6668,98,1086
6669,100,1052
6670,98,1094
6671,96,1082
6672,98,1626
6673,98,1094
6674,98,1080
6675,98,1088
6676,100,1092
6677,100,1092
6678,100,1086
6679,100,1086
6680,98,1100
6681,98,1098
6682,98,1094
6683,98,1086
6684,100,1092
6685,100,1082
6686,100,1086
6687,98,1100
6688,102,1086
6689,98,1094
6690,98,1098
6691,98,1088
6692,98,1092
6693,98,1084
6694,100,1646
6695,100,1084
6696,98,1090
6697,100,1094
6698,98,1090
6699,98,1084
6700,100,1082
6701,100,1090
6702,100,1086
6703,98,1090
6704,98,1090
6705,100,1088
6706,100,1092
6707,100,1086
6708,100,1086
6709,100,1094
6710,98,1086
6711,98,1086
6712,100,1086
6713,100,1096
6714,100,1098
6715,98,1098
6716,100,1564
6717,98,1082
6718,106,1086
6719,100,1094
6720,96,1086
6721,100,1094
6722,100,1080
6723,100,1092
6724,94,1084
6725,100,1086
6726,96,1092
6727,100,1086
6728,100,1092
6729,102,1086
6730,100,1088
6731,100,1092
6732,100,1082
6733,100,1086
6734,98,1090
6735,96,1092
6736,104,1090
6737,98,1640
6738,100,1100
6739,96,1092
6740,98,1092
6741,100,1088
6742,98,1080
6743,98,1088
6744,100,1088
6745,98,1086
6746,98,1086
6747,102,1090
6748,98,1092
6749,100,1086
6750,98,1096
6751,100,1106
6752,100,1088
6753,100,1086
6754,100,1092
6755,98,1090
6756,100,1086
6757,96,1096
6758,100,1090
6759,98,1614
6760,98,1092
6761,100,1092
6762,100,980
6763,100,1096
6764,100,1086
6765,98,1090
6766,102,1086
6767,100,1080
6768,100,1092
6769,98,1092
6770,98,1086
6771,98,1086
6772,98,1084
6773,100,1088
6774,100,1082
6775,100,1090
6776,100,1096
6777,100,1088
6778,98,1086
6779,98,1086
6780,100,1086
6781,100,1092
6782,98,1518
6783,98,1092
6784,96,1086
6785,96,1096
6786,100,1092
6787,98,1086
6788,100,1094
6789,100,1092
6790,98,1086
6791,100,1098
6792,100,1090
6793,100,1088
6794,100,1088
6795,100,1092
6796,98,1082
6797,102,1090
6798,100,1082
6799,100,1090
6800,100,1090
6801,98,1090
6802,100,1086
6803,98,1090
6804,106,1598
6805,98,1096
6806,100,1084
6807,98,1088
6808,100,1052
6809,100,1086
6810,100,1086
6811,100,1092
6812,98,1080
6813,100,1096
6814,100,1086
6815,98,1094
6816,100,1098
6817,98,1092
6818,96,1098
6819,98,1096
6820,100,1090
6821,98,1086
6822,96,1082
6823,100,1098
6824,98,1094
6825,98,1102
6826,100,1560
6827,98,1096
6828,96,1096
6829,100,1088
6830,100,1086
6831,100,1086
6832,104,1086
6833,98,1090
6834,100,1082
6835,98,1082
6836,104,1086
6837,100,1092
6838,98,1090
6839,100,1088
6840,98,1086
6841,100,1090
6842,100,1082
6843,98,1096
6844,98,1092
6845,98,1090
6846,104,1086
6847,96,1092
6848,98,1606
6849,98,1084
6850,98,1088
6851,100,1110
6852,100,1092
6853,98,1084
6854,98,1082
6855,100,1090
6856,100,1080
6857,98,1096
6858,100,1086
6859,98,1086
6860,98,1090
6861,98,1092
6862,100,1084
6863,100,1086
6864,98,1086
6865,100,1088
6866,98,1084
6867,102,1080
6868,100,1094
6869,96,1084
6870,98,1578
6871,102,1082
6872,100,1086
6873,100,1090
6874,100,1080
6875,100,1098
6876,98,1088
6877,98,1096
6878,98,1092
6879,100,1092
6880,98,1090
6881,98,1088
6882,100,1084
6883,100,1090
6884,98,1090
6885,100,1084
6886,100,1090
6887,98,1092
6888,100,1098
6889,98,1096
6890,100,1092
6891,98,1082
6892,100,1532
6893,98,1090
6894,98,1086
6895,96,1084
6896,100,1090
6897,100,1086
6898,100,1090
6899,98,1092
6900,100,1082
6901,100,1096
6902,102,1086
6903,106,1080
6904,98,1080
6905,100,1092
6906,100,1086
6907,98,1090
6908,98,1090
6909,100,1090
6910,102,1084
6911,98,1090
6912,98,1086
6913,100,1086
6914,100,1086
6915,98,1588
6916,98,1092
6917,98,1090
6918,98,1086
6919,96,1096
6920,100,1080
6921,98,1086
6922,100,1088
6923,98,1084
6924,98,1088
6925,104,1088
6926,100,1098
6927,100,1090
6928,100,1084
6929,100,1098
6930,98,1086
6931,100,1090
6932,100,1080
6933,98,1092
6934,98,1080
6935,102,1086
6936,98,1082
6937,100,1530
6938,100,1076
6939,100,1082
6940,100,1092
6941,98,1086
6942,98,1082
6943,100,1088
6944,98,1084
6945,98,1098
6946,98,1088
6947,98,1038
6948,100,1088
6949,98,1086
6950,98,1092
6951,100,1086
6952,100,1086
6953,100,1088
6954,100,1096
6955,98,1084
6956,102,1082
6957,100,1090
6958,100,1082
6959,98,1590
6960,100,1084
6961,98,1094
6962,98,1092
6963,100,1090
6964,100,1096
6965,98,1098
6966,96,1080
6967,100,1084
6968,96,1088
6969,100,1090
6970,98,1082
6971,100,1096
6972,98,1084
6973,98,1098
6974,100,1086
6975,104,1092
6976,98,1090
6977,96,1086
6978,98,1080
6979,98,1090
6980,98,1632
6981,100,1092
6982,100,1086
6983,98,1084
6984,100,1092
6985,98,1082
6986,100,1092
6987,98,1086
6988,94,1086
6989,100,1098
6990,102,1100
6991,100,1084
6992,98,1094
6993,96,1100
6994,98,1088
6995,100,1090
6996,98,1092
6997,100,1098
6998,100,1082
6999,102,1090
7000,98,1092
7001,98,1104
7002,100,1644
7003,98,1092
7004,98,1086
7005,100,1088
7006,100,1084
7007,100,1096
7008,100,1086
7009,98,1084
7010,100,1086
7011,100,1088
7012,98,1092
7013,96,1086
7014,98,1084
7015,102,1086
7016,96,1084
7017,100,1086
7018,100,1082
7019,98,1096
7020,100,1088
7021,100,1084
7022,100,1088
7023,98,1084
7024,98,1092
7025,96,1552
7026,100,1088
7027,98,1090
7028,100,1084
7029,98,1096
7030,100,1088
7031,100,1088
7032,100,1082
7033,100,1088
7034,98,1086
7035,98,1082
7036,98,1086
7037,98,1102
7038,100,1076
7039,100,1086
7040,100,1092
7041,100,1084
7042,98,1080
7043,100,1086
7044,96,1102
7045,98,1092
7046,98,1084
7047,100,1638
7048,98,1086
7049,98,1092
7050,98,1086
7051,98,1090
7052,100,1088
7053,98,1098
7054,98,1088
7055,98,1090
7056,98,1092
7057,98,1092
7058,98,1086
7059,98,1092
7060,98,1086
7061,98,1092
7062,98,1082
7063,100,1090
7064,100,1092
7065,100,1096
7066,98,1084
7067,100,1092
7068,98,1092
7069,100,1572
7070,100,1092
7071,98,1098
7072,98,1092
7073,100,1098
7074,100,1092
7075,102,1098
7076,100,1084
7077,96,1090
7078,100,1090
7079,102,1086
7080,98,1098
7081,98,1082
7082,100,1088
7083,100,1086
7084,94,1088
7085,100,1088
7086,98,1094
7087,98,1106
7088,100,1090
7089,100,1088
7090,98,1090
7091,100,1618
7092,100,1086
7093,100,1098
7094,102,1098
7095,98,1090
7096,98,1090
7097,100,1092
7098,96,1086
7099,96,1086
7100,102,1086
7101,98,1088
7102,94,1084
7103,100,1086
7104,100,1090
7105,100,1086
7106,98,1090
7107,100,1112
7108,98,1094
7109,100,1088
7110,98,1086
7111,100,1090
7112,96,1090
7113,100,1598
7114,104,1082
7115,98,1092
7116,98,1090
7117,104,1088
7118,98,1092
7119,98,1080
7120,98,1090
7121,100,1086
7122,98,1088
7123,100,1092
7124,98,1106
7125,102,1092
7126,98,1094
7127,100,1082
7128,98,1084
7129,98,1092
7130,100,1092
7131,100,1556
7132,100,1042
7133,100,1092
7134,98,1092
7135,98,1092
7136,100,1082
7137,100,1096
7138,102,1082
7139,98,1082
7140,100,1090
7141,102,1086
7142,98,1088
7143,98,1088
7144,108,1092
7145,100,1092
7146,100,1086
7147,100,1092
7148,100,1098
7149,100,1088
7150,104,1092
7151,98,1090
7152,100,1092
7153,98,1578
7154,100,1086
7155,102,1096
7156,98,1098
7157,100,1090
7158,100,1102
7159,100,1086
7160,100,1086
7161,98,1094
7162,102,1098
7163,98,1080
7164,100,1088
7165,102,1098
7166,98,1086
7167,100,1084
7168,102,1090
7169,100,1092
7170,100,1084
7171,98,1088
7172,98,1082
7173,100,1084
7174,100,1086
7175,100,1530
7176,98,1094
7177,102,1090
7178,98,1098
7179,100,1088
7180,100,1100
7181,98,1092
7182,100,1090
7183,100,1098
7184,100,1084
7185,98,1090
7186,98,1088
7187,96,1086
7188,98,1098
7189,98,1084
7190,100,1098
7191,102,1088
7192,98,1092
7193,106,1090
7194,98,1086
7195,100,1090
7196,100,1084
7197,100,1578
7198,98,1098
7199,98,1086
7200,98,1092
7201,100,1088
7202,94,1098
7203,98,1080
7204,102,1090
7205,98,1090
7206,100,1088
7207,100,1086
7208,98,1098
7209,98,1084
7210,102,1086
7211,98,1092
7212,98,1098
7213,102,1084
7214,98,1092
7215,102,1092
7216,102,1090
7217,98,1090
7218,102,1624
7219,98,1090
7220,100,1092
7221,98,1086
7222,98,1090
7223,100,1086
7224,100,1092
7225,98,1088
7226,102,1094
7227,98,1092
7228,100,1084
7229,98,1088
7230,100,1086
7231,100,1088
7232,100,1086
7233,98,1088
7234,102,1086
7235,104,1080
7236,98,1090
7237,102,1098
7238,100,1094
7239,102,1080
7240,102,1584
7241,98,1098
7242,100,1082
7243,100,1092
7244,98,1092
7245,100,1088
7246,98,1082
7247,98,1092
7248,100,1086
7249,102,1082
7250,100,1084
7251,100,1086
7252,98,1088
7253,98,1086
7254,100,1088
7255,100,1084
7256,100,1096
7257,98,1088
7258,100,1088
7259,94,1086
7260,100,1086
7261,98,1082
7262,100,1638
7263,96,1088
7264,100,1086
7265,100,1088
7266,100,1088
7267,98,1084
7268,98,1084
7269,102,1090
7270,102,1090
7271,102,1088
7272,100,1086
7273,98,1092
7274,98,1090
7275,100,1086
7276,100,1102
7277,100,1086
7278,98,1086
7279,100,1086
7280,98,1096
7281,100,1090
7282,104,1094
7283,100,1088
7284,100,1590
7285,102,1080
7286,100,1096
7287,98,1086
7288,102,1092
7289,98,1092
7290,98,1088
7291,98,1090
7292,100,1092
7293,100,1092
7294,102,1092
7295,100,1088
7296,100,1086
7297,98,1094
7298,96,1092
7299,98,1082
7300,104,1092
7301,100,1088
7302,100,1086
7303,100,1090
7304,100,1090
7305,98,1104
7306,98,1090
7307,106,1084
7308,102,1088
7309,98,1090
7310,98,1560
7311,102,1094
7312,98,1088
7313,102,1092
7314,104,1096
7315,102,1092
7316,100,1088
7317,98,1088
7318,98,1094
7319,100,1094
7320,100,1088
7321,98,1084
7322,98,1092
7323,100,1090
7324,100,1092
7325,102,1084
7326,96,1096
7327,98,1098
7328,100,1084
7329,96,1082
7330,98,1088
7331,100,1084
7332,98,1608
7333,98,1092
7334,100,1090
7335,100,1098
7336,102,1092
7337,98,1092
7338,98,1090
7339,102,1084
7340,96,1098
7341,100,1092
7342,100,1088
7343,100,1096
7344,102,1088
7345,100,1090
7346,98,1094
7347,100,1088
7348,98,1094
7349,102,1084
7350,102,1094
7351,98,1092
7352,98,1094
7353,98,1554
7354,96,1088
7355,100,1084
7356,98,1086
7357,102,1090
7358,98,1090
7359,102,1092
7360,96,1082
7361,102,1088
7362,98,1098
7363,98,1082
7364,100,1092
7365,100,1088
7366,100,1098
7367,100,1088
7368,98,1084
7369,100,1086
7370,100,1092
7371,102,1080
7372,100,1088
7373,102,1086
7374,102,1098
7375,98,1092
7376,98,1602
7377,100,1084
7378,98,1084
7379,104,1098
7380,100,1088
7381,100,1086
7382,98,1090
7383,100,1088
7384,100,1086
7385,102,1086
7386,102,1098
7387,104,1092
7388,100,1086
7389,100,1084
7390,96,1090
7391,100,1088
7392,100,1084
7393,98,1086
7394,98,1086
7395,98,1094
7396,98,1086
7397,100,1098
7398,102,1554
7399,98,1078
7400,96,1096
7401,98,1082
7402,98,1086
7403,100,1086
7404,98,1086
7405,100,1088
7406,100,1090
7407,98,1088
7408,98,1102
7409,98,1082
7410,102,1088
7411,104,1102
7412,98,1092
7413,100,1084
7414,98,1094
7415,98,1088
7416,100,1098
7417,100,1084
7418,102,1088
7419,96,1084
7420,100,1626
7421,102,1084
7422,102,1092
7423,98,1090
7424,98,1084
7425,98,1088
7426,100,1086
7427,100,1086
7428,98,1080
7429,100,1082
7430,98,1090
7431,100,1086
7432,104,1086
7433,100,1086
7434,100,1092
7435,100,1090
7436,100,1086
7437,100,1090
7438,98,1092
7439,98,1096
7440,102,1088
7441,100,1086
7442,98,1602
7443,102,1084
7444,100,1094
7445,100,1088
7446,102,1086
7447,100,1096
7448,98,1082
7449,98,1092
7450,98,1096
7451,100,1092
7452,102,1092
7453,100,1086
7454,100,1092
7455,102,1086
7456,100,978
7457,104,1082
7458,102,1092
7459,98,1088
7460,98,1090
7461,98,1086
7462,98,1084
7463,98,1086
7464,98,1082
7465,98,1614
7466,100,1094
7467,102,1096
7468,102,1092
7469,98,1092
7470,102,1092
7471,98,1098
7472,100,1098
7473,96,1086
7474,98,1084
7475,100,1084
7476,100,1082
7477,98,1080
7478,100,1086
7479,104,1090
7480,98,1088
7481,98,1088
7482,102,1086
7483,98,1100
7484,100,1090
7485,102,1086
7486,98,1092
7487,98,1572
7488,100,1080
7489,98,1086
7490,98,1100
7491,98,1094
7492,98,1086
7493,100,1084
7494,100,1102
7495,100,1086
7496,98,1086
7497,100,1088
7498,100,1088
7499,100,1092
7500,102,1086
7501,100,1086
7502,100,1088
7503,98,1086
7504,100,1092
7505,102,1082
7506,102,1086
7507,98,1090
7508,98,1088
7509,96,1080
7510,98,1602
7511,98,1088
7512,100,1086
7513,98,1080
7514,98,1086
7515,102,1088
7516,100,1100
7517,102,1080
7518,104,1088
7519,98,1088
7520,98,1082
7521,98,1104
7522,98,1082
7523,98,1086
7524,96,1086
7525,100,1082
7526,96,1094
7527,102,1086
7528,98,1084
7529,100,1090
7530,98,1088
7531,98,1620
7532,100,1092
7533,98,1088
7534,100,1092
7535,100,1084
7536,106,1092
7537,98,1088
7538,100,1084
7539,98,1084
7540,98,1090
7541,102,1096
7542,100,1090
7543,98,1088
7544,98,1088
7545,100,1084
7546,100,1084
7547,100,1092
7548,104,1098
7549,98,1090
7550,104,1090
7551,102,1088
7552,100,1086
7553,102,1618
7554,96,1098
7555,100,1094
7556,98,1096
7557,98,1090
7558,98,1090
7559,98,1088
7560,102,1082
7561,98,1092
7562,100,1086
7563,100,1086
7564,98,1086
7565,102,1090
7566,100,1086
7567,100,1086
7568,100,1090
7569,98,1096
7570,98,1084
7571,100,1098
7572,104,1092
7573,96,1094
7574,98,1082
7575,102,1584
7576,98,1086
7577,98,1088
7578,100,1098
7579,102,1100
7580,102,1100
7581,98,1084
7582,100,1098
7583,98,1086
7584,96,1086
7585,96,1082
7586,100,1094
7587,104,1086
7588,100,1084
7589,102,1086
7590,106,1100
7591,100,1088
7592,100,1084
7593,104,1092
7594,98,1086
7595,98,1020
7596,98,1086
7597,98,1536
7598,100,1096
7599,102,1086
7600,100,1086
7601,98,1090
7602,100,1082
7603,98,1082
7604,98,1090
7605,98,1090
7606,100,1086
7607,98,1086
7608,98,1088
7609,98,1092
7610,102,1096
7611,98,1086
7612,100,1096
7613,100,1078
7614,106,1088
7615,96,1084
7616,100,1086
7617,100,1086
7618,100,1098
7619,100,1600
7620,102,1084
7621,98,1084
7622,98,1088
7623,98,1086
7624,98,1092
7625,98,1084
7626,100,1092
7627,98,1090
7628,98,1096
7629,100,1094
7630,100,1098
7631,100,1086
7632,102,1092
7633,100,1096
7634,96,1086
7635,98,1098
7636,96,1086
7637,104,1090
7638,102,1096
7639,100,1088
7640,100,1100
7641,100,1560
7642,98,1092
7643,98,1082
7644,102,1092
7645,98,1082
7646,100,1082
7647,102,1092
7648,96,1092
7649,100,1084
7650,102,1086
7651,98,1092
7652,98,1088
7653,100,1088
7654,100,1088
7655,98,1088
7656,100,1082
7657,102,1090
7658,100,1086
7659,98,1092
7660,98,1090
7661,102,1090
7662,102,1098
7663,98,978
7664,98,1018
7665,98,972
7666,100,1292
7667,98,1088
7668,98,1086
7669,102,1092
7670,98,1084
7671,100,1092
7672,100,1086
7673,98,1086
7674,98,1086
7675,100,1086
7676,98,1090
7677,98,1080
7678,98,1084
7679,102,1086
7680,100,1096
7681,100,1086
7682,104,1098
7683,98,1092
7684,94,1096
7685,98,1098
7686,98,1584
7687,100,1084
7688,106,1086
7689,98,1082
7690,98,1100
7691,104,1090
7692,100,1090
7693,98,1088
7694,102,1090
7695,100,1090
7696,100,1086
7697,100,1088
7698,98,1090
7699,100,1092
7700,102,1086
7701,100,1090
7702,100,1094
7703,98,1090
7704,98,1098
7705,102,1088
7706,102,1088
7707,98,1094
7708,100,1564
7709,98,1088
7710,100,1088
7711,98,1088
7712,100,1082
7713,98,1084
7714,100,1098
7715,102,1098
7716,100,1090
7717,98,1086
7718,102,1092
7719,94,1090
7720,98,1086
7721,100,1090
7722,102,1092
7723,102,1080
7724,98,1088
7725,96,1084
7726,100,1086
7727,98,1086
7728,98,1088
7729,104,1088
7730,98,1588
7731,100,1086
7732,100,1098
7733,98,1092
7734,98,1090
7735,98,1090
7736,96,1090
7737,100,1086
7738,100,1086
7739,102,1084
7740,98,1092
7741,98,1088
7742,106,1086
7743,100,1086
7744,98,1098
7745,98,1086
7746,100,1086
7747,100,1090
7748,100,1086
7749,100,1080
7750,96,1090
7751,100,1092
7752,98,1614
7753,102,1096
7754,102,1100
7755,100,1090
7756,98,1086
7757,96,1084
7758,98,1096
7759,98,1092
7760,100,1082
7761,98,1090
7762,100,1086
7763,98,1088
7764,98,1092
7765,98,1092
7766,102,1082
7767,98,1082
7768,104,1090
7769,100,1082
7770,98,1092
7771,102,1082
7772,98,1090
7773,100,1090
7774,100,1608
7775,100,1096
7776,98,1092
7777,100,1086
7778,102,1102
7779,100,1098
7780,98,1098
7781,100,1090
7782,100,1090
7783,98,1086
7784,98,1098
7785,96,1086
7786,100,1098
7787,98,1084
7788,98,1088
7789,100,1098
7790,98,1098
7791,100,1090
7792,96,1096
7793,96,1092
7794,100,1090
7795,98,1086
7796,102,1566
7797,100,1086
7798,98,1090
7799,102,1084
7800,98,1088
7801,98,1086
7802,102,1090
7803,100,1086
7804,100,1092
7805,100,1088
7806,98,1086
7807,98,1086
7808,98,1098
7809,100,1096
7810,98,1094
7811,100,1098
7812,100,1090
7813,100,1090
7814,98,1092
7815,98,1092
7816,98,1098
7817,100,1086
7818,102,1550
7819,100,1086
7820,100,1080
7821,98,1086
7822,100,1092
7823,98,1086
7824,100,1092
7825,102,1088
7826,100,1096
7827,98,1092
7828,98,1084
7829,98,1098
7830,96,1090
7831,96,1086
7832,100,1086
7833,104,1092
7834,100,1088
7835,100,1086
7836,102,1090
7837,100,1088
7838,102,1086
7839,98,1092
7840,100,1088
7841,100,1588
7842,100,1084
7843,100,1098
7844,102,1088
7845,100,1080
7846,100,1086
7847,102,1090
7848,98,1088
7849,102,1090
7850,102,1090
7851,100,1086
7852,100,1088
7853,100,1084
7854,100,1092
7855,100,1092
7856,100,1084
7857,98,1090
7858,100,1096
7859,102,1090
7860,98,1088
7861,100,1088
7862,98,1086
7863,100,1624
7864,98,1084
7865,98,1088
7866,100,1084
7867,100,1084
7868,100,1088
7869,100,1098
7870,100,1086
7871,102,1090
7872,98,1090
7873,98,1090
7874,96,1092
7875,100,1088
7876,102,1098
7877,96,1080
7878,98,1098
7879,100,1086
7880,102,1088
7881,98,1088
7882,100,1104
7883,102,1082
7884,98,1086
7885,98,1614
7886,102,1092
7887,100,1088
7888,100,1080
7889,100,1082
7890,98,1086
7891,100,1086
7892,98,1080
7893,98,1092
7894,100,1082
7895,100,1090
7896,98,1084
7897,102,1092
7898,100,1086
7899,98,1098
7900,100,1086
7901,100,1088
7902,100,1084
7903,100,1092
7904,100,1088
7905,98,1086
7906,96,1084
7907,98,1554
7908,98,1092
7909,102,1082
7910,108,1096
7911,98,1090
7912,96,1092
7913,98,1092
7914,100,1092
7915,98,1092
7916,98,1092
7917,100,1084
7918,98,1092
7919,100,1088
7920,100,1088
7921,102,1090
7922,102,1086
7923,100,1090
7924,100,1086
7925,100,1088
7926,98,1092
7927,100,1096
7928,102,1084
7929,98,1562
7930,100,1090
7931,102,1084
7932,100,1088
7933,102,1092
7934,98,1082
7935,98,1092
7936,98,1098
7937,100,1086
7938,100,1086
7939,100,1090
7940,104,1082
7941,100,1086
7942,102,1086
7943,100,1098
7944,100,1092
7945,104,1092
7946,102,1096
7947,98,1092
7948,100,1094
7949,98,1082
7950,98,1092
7951,94,1542
7952,98,1082
7953,98,1082
7954,98,1088
7955,100,1082
7956,102,1098
7957,102,1086
7958,102,1096
7959,96,1092
7960,98,1086
7961,98,1088
7962,100,1098
7963,98,1080
7964,102,1088
7965,98,1092
7966,100,1086
7967,102,1096
7968,98,1090
7969,102,1086
7970,100,1094
7971,98,1092
7972,100,1094
7973,94,1608
7974,100,1086
7975,98,1090
7976,102,1086
7977,100,1090
7978,100,1092
7979,100,1092
7980,96,1092
7981,102,1088
7982,102,1092
7983,102,1096
7984,100,1086
7985,100,1092
7986,98,1086
7987,100,1080
7988,100,1084
7989,100,1084
7990,100,1094
7991,102,1092
7992,100,1088
7993,102,1092
7994,102,1088
7995,98,1586
7996,100,1094
7997,104,1100
7998,98,1094
7999,100,1084
8000,102,1092
8001,98,1088
8002,98,1086
8003,100,1088
8004,98,1092
8005,100,1088
8006,102,1090
8007,98,1096
8008,98,1090
8009,102,1080
8010,100,1092
8011,98,1092
8012,98,1038
8013,98,1088
8014,100,1082
8015,102,1098
8016,98,1086
8017,102,1604
8018,100,1100
8019,100,1088
8020,98,1084
8021,100,1092
8022,98,1086
8023,100,1082
8024,100,1094
8025,98,1090
8026,100,1082
8027,102,1090
8028,102,1098
8029,100,1090
8030,102,1084
8031,98,1086
8032,100,1092
8033,100,1088
8034,98,1082
8035,98,1092
8036,102,1092
8037,98,1086
8038,98,1084
8039,102,1588
8040,98,1102
8041,102,1080
8042,102,1088
8043,98,1088
8044,98,1088
8045,100,1088
8046,98,1086
8047,98,1094
8048,102,1088
8049,98,1084
8050,102,1098
8051,98,1086
8052,98,1090
8053,98,1086
8054,102,1088
8055,96,1090
8056,100,1084
8057,100,1090
8058,100,1096
8059,100,1088
8060,102,1086
8061,98,1510
8062,98,1098
8063,102,1092
8064,98,1086
8065,104,1092
8066,102,1092
8067,98,1082
8068,104,1088
8069,100,1082
8070,100,1092
8071,98,1088
8072,98,1086
8073,100,1086
8074,98,1088
8075,100,1082
8076,100,1098
8077,102,1088
8078,102,1092
8079,100,1092
8080,98,1084
8081,100,1084
8082,98,1092
8083,100,1560
8084,98,1088
8085,98,1088
8086,98,1088
8087,98,1086
8088,98,1092
8089,102,1088
8090,102,1086
8091,100,1098
8092,96,1086
8093,98,1094
8094,100,1086
8095,98,1098
8096,102,1086
8097,98,1088
8098,100,1084
8099,102,1092
8100,100,1098
8101,102,1082
8102,102,1096
8103,100,1092
8104,104,1098
8105,100,1082
8106,98,1532
8107,98,1086
8108,102,1098
8109,102,1096
8110,98,1092
8111,98,1092
8112,98,1086
8113,102,1090
8114,100,1092
8115,98,1088
8116,98,1082
8117,98,1086
8118,98,1098
8119,98,1086
8120,102,1094
8121,100,1084
8122,98,1088
8123,98,1084
8124,100,1088
8125,102,1086
8126,102,1098
8127,98,1084
8128,100,1602
8129,98,1086
8130,100,1090
8131,100,1092
8132,102,1084
8133,98,1086
8134,98,1080
8135,98,1092
8136,98,1090
8137,102,1088
8138,102,1090
8139,98,1098
8140,100,1096
8141,100,1084
8142,98,1090
8143,98,1090
8144,98,1094
8145,100,1080
8146,100,1096
8147,102,1084
8148,102,1096
8149,98,1566
8150,98,1094
8151,100,1008
8152,98,1084
8153,98,1090
8154,98,1088
8155,98,1560
8156,100,1092
8157,96,1082
8158,98,1086
8159,96,1086
8160,96,1082
8161,96,1090
8162,98,1086
8163,98,1084
8164,98,1098
8165,96,1088
8166,98,1096
8167,98,1090
8168,100,1096
8169,100,1086
8170,98,1086
8171,102,1082
8172,100,1094
8173,100,1086
8174,100,1084
8175,102,1098
8176,98,1610
8177,98,1084
8178,96,1096
8179,98,1092
8180,98,1090
8181,98,1086
8182,98,1084
8183,100,1086
8184,98,1092
8185,100,1082
8186,100,1092
8187,100,1088
8188,100,1088
8189,100,1086
8190,98,1086
8191,98,1088
8192,102,1086
8193,102,1082
8194,100,1086
8195,102,1084
8196,98,1088
8197,98,1036
8198,96,1546
8199,100,1090
8200,98,1088
8201,102,1084
8202,96,1088
8203,98,1082
8204,102,1092
8205,98,1098
8206,98,1086
8207,102,1090
8208,100,1094
8209,100,1084
8210,98,1086
8211,100,1092
8212,98,1094
8213,98,1084
8214,98,1096
8215,96,1094
8216,104,1092
8217,98,1086
8218,98,1092
8219,98,1092
8220,100,1600
8221,98,1082
8222,98,1086
8223,98,1102
8224,98,1096
8225,100,1082
8226,92,1082
8227,102,1086
8228,102,1090
8229,100,1088
8230,100,1092
8231,100,1084
8232,100,1094
8233,102,1090
8234,92,1088
8235,100,1086
8236,100,1092
8237,100,1098
8238,100,1092
8239,104,1086
8240,104,1094
8241,100,1578
8242,98,1090
8243,100,1092
8244,100,1086
8245,102,1090
8246,96,1088
8247,104,1088
8248,98,1096
8249,100,1082
8250,100,1086
8251,98,1090
8252,102,1096
8253,98,1090
8254,100,1092
8255,102,1086
8256,98,1090
8257,102,1082
8258,100,1088
8259,98,1090
8260,100,1086
8261,100,1092
8262,100,1088
8263,100,1600
8264,98,1096
8265,100,1094
8266,100,1094
8267,100,1090
8268,100,1092
8269,102,1090
8270,102,1086
8271,96,1090
8272,100,1088
8273,100,1092
8274,98,1096
8275,100,1094
8276,102,1082
8277,100,1082
8278,98,1088
8279,102,1086
8280,98,1094
8281,102,1082
8282,102,1088
8283,98,1086
8284,100,1092
8285,100,1588
8286,98,1092
8287,100,1080
8288,102,1100
8289,98,1086
8290,100,1092
8291,102,1094
8292,98,1096
8293,102,1086
8294,100,1094
8295,96,1092
8296,100,1086
8297,100,1090
8298,96,1088
8299,98,1088
8300,100,1086
8301,98,1088
8302,102,1092
8303,102,1084
8304,98,1090
8305,98,1088
8306,102,1572
8307,98,1088
8308,98,1088
8309,98,1082
8310,100,1094
8311,98,1094
8312,104,1088
8313,98,1090
8314,96,1098
8315,100,1092
8316,98,1090
8317,102,1090
8318,104,1092
8319,104,1092
8320,100,1082
8321,98,1082
8322,96,1090
8323,100,1088
8324,102,1094
8325,98,1092
8326,100,1096
8327,100,1622
8328,98,1086
8329,98,1086
8330,102,1090
8331,100,1534
8332,102,1086
8333,98,1088
8334,100,1080
8335,96,1096
8336,98,1086
8337,100,1088
8338,102,1086
8339,102,1086
8340,100,1096
8341,102,1086
8342,98,1086
8343,100,1098
8344,98,1090
8345,100,1092
8346,98,1092
8347,98,1100
8348,96,1086
8349,100,1080
8350,98,1090
8351,100,1092
8352,100,1078
8353,100,1624
8354,102,1092
8355,98,1090
8356,98,1094
8357,98,1092
8358,96,1088
8359,96,1090
8360,98,1086
8361,98,1090
8362,98,1090
8363,100,1086
8364,98,1090
8365,100,1088
8366,100,1086
8367,98,1092
8368,100,1086
8369,98,1082
8370,100,1086
8371,100,1086
8372,98,1090
8373,100,1090
8374,102,1088
8375,98,1610
8376,100,1086
8377,100,1086
8378,98,1080
8379,102,1092
8380,100,1086
8381,100,1088
8382,100,1086
8383,100,1088
8384,100,1086
8385,98,1088
8386,100,1092
8387,102,1086
8388,98,1088
8389,100,1096
8390,96,1096
8391,100,1096
8392,98,1098
8393,100,1092
8394,100,1088
8395,98,1094
8396,100,1648
8397,100,1086
8398,98,1086
8399,98,1090
8400,102,1082
8401,100,1090
8402,102,1084
8403,104,1090
8404,100,1082
8405,92,1094
8406,100,1088
8407,98,1086
8408,98,1092
8409,98,1094
8410,98,1088
8411,100,1092
8412,100,1098
8413,98,1094
8414,104,1082
8415,98,1100
8416,96,1086
8417,100,1086
8418,100,1604
8419,100,1098
8420,100,1086
8421,100,1086
8422,100,1084
8423,100,1082
8424,98,1092
8425,100,1086
8426,100,1090
8427,102,1084
8428,100,1088
8429,98,1084
8430,98,1088
8431,98,1090
8432,102,1088
8433,100,1098
8434,98,1090
8435,102,1086
8436,96,1086
8437,98,1086
8438,100,1092
8439,98,1096
8440,100,1568
8441,98,1104
8442,100,1092
8443,100,1090
8444,96,1088
8445,100,1086
8446,100,1082
8447,100,1090
8448,98,1096
8449,100,1080
8450,102,1084
8451,100,1088
8452,98,1082
8453,100,1086
8454,98,1090
8455,98,1090
8456,98,1086
8457,100,1102
8458,100,1092
8459,98,1086
8460,98,1082
8461,100,1086
8462,100,1086
8463,100,1610
8464,98,1090
8465,98,1086
8466,102,1086
8467,100,1088
8468,98,1086
8469,98,1096
8470,98,1080
8471,100,1094
8472,96,1084
8473,100,1084
8474,98,1092
8475,98,1084
8476,98,1096
8477,98,1096
8478,96,1092
8479,100,1098
8480,102,1096
8481,98,1080
8482,100,1086
8483,100,1088
8484,100,1092
8485,100,1536
8486,98,1092
8487,98,1088
8488,100,1084
8489,100,1086
8490,100,1096
8491,100,1100
8492,100,1090
8493,98,1092
8494,100,1084
8495,98,1084
8496,100,1088
8497,98,1100
8498,100,1090
8499,100,1090
8500,98,1086
8501,98,1084
8502,100,1080
8503,102,1086
8504,98,1102
8505,100,1098
8506,100,1086
8507,98,1602
8508,96,1086
8509,98,1086
8510,98,1086
8511,98,1100
8512,98,1094
8513,104,1084
8514,96,1086
8515,100,1100
8516,98,1090
8517,98,1096
8518,98,1092
8519,100,1098
8520,98,1082
8521,100,962
8522,98,1082
8523,100,1088
8524,96,1080
8525,96,1086
8526,98,1088
8527,100,1082
8528,106,1086
8529,98,1632
8530,100,1088
8531,100,1080
8532,100,1092
8533,100,1084
8534,100,1088
8535,100,1086
8536,98,1086
8537,100,1082
8538,100,1082
8539,98,1088
8540,100,1084
8541,102,1086
8542,98,1094
8543,98,1090
8544,98,1086
8545,98,1078
8546,100,1086
8547,98,1088
8548,98,1080
8549,98,1086
8550,98,1084
8551,98,1098
8552,98,1596
8553,102,1080
8554,98,1090
8555,100,1082
8556,100,1094
8557,100,1092
8558,100,1094
8559,98,1086
8560,102,1088
8561,100,1098
8562,98,1088
8563,100,1092
8564,102,1084
8565,98,1088
8566,100,1082
8567,100,1088
8568,100,1088
8569,98,1082
8570,100,1084
8571,96,1098
8572,100,1106
8573,96,1082
8574,100,1628
8575,98,1092
8576,98,1092
8577,96,1088
8578,104,1086
8579,98,1104
8580,102,1082
8581,100,1092
8582,100,1086
8583,100,1092
8584,98,1082
8585,96,1084
8586,98,1098
8587,102,1086
8588,98,1086
8589,100,1084
8590,98,1086
8591,100,1092
8592,100,1098
8593,98,1090
8594,96,1082
8595,96,1638
8596,100,1096
8597,94,1086
8598,100,1080
8599,100,1090
8600,98,1086
8601,98,1088
8602,98,1082
8603,98,1086
8604,98,1088
8605,98,1084
8606,98,1086
8607,100,1086
8608,98,1082
8609,100,1088
8610,100,1084
8611,100,1092
8612,98,1090
8613,98,1092
8614,98,1034
8615,104,1088
8616,100,1078
8617,100,1080
8618,100,1576
8619,98,1088
8620,98,1086
8621,98,1086
8622,100,1090
8623,100,1092
8624,98,1086
8625,100,1090
8626,100,1084
8627,100,1094
8628,98,1080
8629,98,1098
8630,98,1092
8631,102,1092
8632,100,1086
8633,96,1094
8634,98,1086
8635,98,1086
8636,100,1092
8637,100,1086
8638,100,1086
8639,98,1090
8640,98,1538
8641,100,1080
8642,100,1082
8643,98,1100
8644,100,1082
8645,98,1088
8646,98,1084
8647,96,1086
8648,98,1086
8649,100,1092
8650,98,1090
8651,100,1088
8652,98,1086
8653,98,1092
8654,102,1094
8655,100,1092
8656,100,1084
8657,100,1086
8658,100,1086
8659,98,1096
8660,98,1086
8661,98,1086
8662,98,1608
8663,104,1086
8664,98,1092
8665,98,1086
8666,98,1080
8667,98,1090
8668,98,1090
8669,98,1084
8670,98,1086
8671,96,1098
8672,96,1092
8673,100,1086
8674,100,1092
8675,98,1100
8676,100,1084
8677,98,1094
8678,102,1086
8679,98,1088
8680,96,1084
8681,100,1084
8682,98,1086
8683,98,1094
8684,98,1550
8685,100,1086
8686,102,1088
8687,100,1096
8688,100,1086
8689,100,1082
8690,98,1084
8691,100,1086
8692,100,1086
8693,100,1088
8694,100,1086
8695,98,1086
8696,100,1086
8697,98,1086
8698,100,1086
8699,100,1086
8700,148,1134
8701,150,1134
8702,156,1146
8703,148,1132
8704,116,1102
8705,146,1142
8706,100,1096
8707,96,1098
8708,98,1082
8709,100,1094
8710,102,1560
8711,100,1086
8712,100,1086
8713,100,1090
8714,100,1084
8715,98,1088
8716,100,1086
8717,100,1092
8718,96,1096
8719,98,1090
8720,100,1088
8721,96,1090
8722,100,1084
8723,100,1102
8724,100,1092
8725,100,1096
8726,100,1088
8727,100,1084
8728,98,1080
8729,98,1090
8730,98,1094
8731,100,1076
8732,100,1556
8733,98,1088
8734,100,1098
8735,100,1090
8736,100,1100
8737,98,1086
8738,102,1082
8739,96,1090
8740,98,1088
8741,98,1090
8742,100,1088
8743,98,1090
8744,98,1084
8745,98,1086
8746,96,1086
8747,98,1090
8748,100,1086
8749,100,1082
8750,98,1094
8751,98,1090
8752,98,1082
8753,100,1088
8754,98,1604
8755,98,1086
8756,98,1080
8757,100,1086
8758,100,1102
8759,98,1092
8760,102,1086
8761,96,1086
8762,100,1088
8763,100,1098
8764,98,1082
8765,102,1086
8766,98,1086
8767,102,1084
8768,98,1090
8769,100,1096
8770,98,1096
8771,96,1096
8772,102,1092
8773,98,1086
8774,100,1088
8775,96,1098
8776,100,1564
8777,98,1086
8778,98,1086
8779,98,1084
8780,100,1086
8781,100,1084
8782,100,1086
8783,96,1088
8784,96,1096
8785,100,1092
8786,96,1086
8787,100,1088
8788,100,1082
8789,100,1098
8790,100,1082
8791,94,1092
8792,100,1086
8793,98,1086
8794,98,1086
8795,100,1086
8796,100,1092
8797,100,1628
8798,102,1088
8799,96,1084
8800,102,1088
8801,98,1090
8802,100,1094
8803,98,1092
8804,96,1096
8805,102,1098
8806,98,1080
8807,98,1090
8808,98,1086
8809,96,1086
8810,98,1080
8811,98,1086
8812,100,1082
8813,98,1096
8814,98,1092
8815,98,1092
8816,100,1096
8817,102,1092
8818,100,1088
8819,100,1604
8820,98,1084
8821,100,1086
8822,98,1092
8823,100,1086
8824,98,1088
8825,100,1088
8826,100,1088
8827,98,1096
8828,100,1100
8829,98,1102
8830,100,1098
8831,98,1096
8832,98,1092
8833,100,1088
8834,98,1086
8835,100,1084
8836,96,1094
8837,98,1082
8838,98,1086
8839,98,1098
8840,100,1088
8841,100,1556
8842,100,1082
8843,96,1086
8844,98,1090
8845,100,1086
8846,100,1092
8847,96,1092
8848,98,1082
8849,98,1082
8850,98,1090
8851,98,1086
8852,100,1088
8853,96,1086
8854,100,1088
8855,100,1092
8856,100,1090
8857,102,1088
8858,98,1086
8859,100,1082
8860,102,1086
8861,100,1086
8862,100,1086
8863,98,1098
8864,98,1590
8865,100,1092
8866,98,1084
8867,100,1084
8868,98,1092
8869,100,1088
8870,98,1090
8871,98,1094
8872,98,1082
8873,98,1082
8874,100,1080
8875,100,1086
8876,98,1088
8877,100,1084
8878,102,1080
8879,98,1104
8880,98,1092
8881,100,1090
8882,98,1088
8883,98,1098
8884,100,1090
8885,100,1086
8886,100,1554
8887,98,1086
8888,100,1080
8889,98,1092
8890,98,1088
8891,100,1084
8892,98,1090
8893,96,1098
8894,100,1086
8895,98,1090
8896,102,1086
8897,100,1100
8898,100,1084
8899,98,1090
8900,96,1086
8901,100,1086
8902,94,1082
8903,98,1086
8904,100,1092
8905,100,1092
8906,98,1084
8907,98,1092
8908,98,1618
8909,98,1088
8910,98,1084
8911,102,1090
8912,98,1092
8913,100,1080
8914,98,1104
8915,98,1086
8916,98,1082
8917,100,1092
8918,100,1092
8919,98,1088
8920,98,1080
8921,98,1092
8922,98,1086
8923,98,1086
8924,98,1088
8925,100,1084
8926,100,1088
8927,98,1086
8928,100,1086
8929,98,1092
8930,98,1084
8931,100,1532
8932,100,1088
8933,100,1092
8934,100,1090
8935,98,1088
8936,98,1086
8937,100,1262
8938,100,1080
8939,98,1038
8940,98,1086
8941,98,1084
8942,98,1086
8943,96,1090
8944,98,1100
8945,98,1080
8946,100,1082
8947,100,1086
8948,100,1092
8949,98,1086
8950,100,1084
8951,98,1086
8952,98,1082
8953,100,1600
8954,100,1086
8955,98,1084
8956,98,1086
8957,100,1092
8958,100,1086
8959,96,1094
8960,98,1092
8961,100,1092
8962,98,1086
8963,98,1082
8964,98,1096
8965,98,1094
8966,104,1086
8967,98,1094
8968,96,1098
8969,100,1084
8970,100,1082
8971,100,1082
8972,96,1088
8973,100,1098
8974,100,1088
8975,98,1538
8976,98,1092
8977,100,1092
8978,98,1086
8979,100,1090
8980,98,1084
8981,100,1092
8982,100,1082
8983,100,1102
8984,100,1084
8985,100,1082
8986,98,1086
8987,100,1080
8988,98,1082
8989,98,1084
8990,98,1084
8991,96,1086
8992,98,1088
8993,98,1084
8994,100,1098
8995,100,1080
8996,98,1082
8997,100,1600
8998,100,1088
8999,98,1080
9000,100,1098
9001,100,1094
9002,100,1086
9003,98,1086
9004,100,1098
9005,100,1094
9006,98,1084
9007,98,1094
9008,100,1092
9009,98,1092
9010,96,1086
9011,100,1090
9012,98,1092
9013,98,1096
9014,96,1098
9015,100,1086
9016,100,1086
9017,100,1086
9018,100,1094
9019,100,1608
9020,98,1086
9021,100,1092
9022,100,1086
9023,100,1098
9024,98,1082
9025,100,1088
9026,102,1098
9027,98,1094
9028,100,1086
9029,100,1090
9030,98,1088
9031,100,1080
9032,100,1096
9033,96,1094
9034,98,1096
9035,98,1082
9036,98,1088
9037,100,1098
9038,100,1086
9039,98,1092
9040,98,1086
9041,98,1514
9042,100,1084
9043,96,1088
9044,100,1092
9045,100,1086
9046,100,1086
9047,98,1092
9048,98,1088
9049,100,1084
9050,98,1086
9051,98,1092
9052,98,1078
9053,100,1094
9054,102,1094
9055,98,1084
9056,100,1096
9057,100,1086
9058,100,1090
9059,100,1084
9060,100,1094
9061,98,1092
9062,100,1092
9063,98,1592
9064,100,1090
9065,98,1088
9066,100,1086
9067,100,1088
9068,100,1090
9069,102,1098
9070,98,1092
9071,100,1086
9072,100,1082
9073,100,1102
9074,96,1086
9075,100,1086
9076,100,1096
9077,98,1088
9078,100,1092
9079,100,1102
9080,96,1082
9081,100,1082
9082,100,1086
9083,100,1092
9084,100,1092
9085,100,1612
9086,98,1086
9087,96,1092
9088,100,1078
9089,100,1086
9090,98,1092
9091,94,1082
9092,98,1082
9093,100,1096
9094,96,1088
9095,100,1094
9096,100,1090
9097,98,1096
9098,100,1092
9099,100,1090
9100,98,1092
9101,98,1100
9102,98,1080
9103,98,1088
9104,98,1088
9105,98,1088
9106,98,1620
9107,98,1096
9108,98,1092
9109,98,1032
9110,98,1086
9111,100,1088
9112,100,1086
9113,98,1098
9114,100,1084
9115,98,1088
9116,98,1092
9117,98,1092
9118,98,1104
9119,98,1088
9120,94,1078
9121,96,1092
9122,98,1092
9123,100,1094
9124,100,1094
9125,98,1092
9126,100,1092
9127,100,1086
9128,98,1092
9129,100,1560
9130,98,1092
9131,100,1082
9132,98,1096
9133,94,1092
9134,100,1100
9135,104,1092
9136,100,1088
9137,100,1094
9138,98,1090
9139,100,1092
9140,98,1084
9141,98,1090
9142,100,1098
9143,98,1092
9144,98,1086
9145,100,1098
9146,100,1092
9147,100,1086
9148,100,1088
9149,96,1086
9150,100,1092
9151,98,1526
9152,100,1094
9153,100,1090
9154,100,1084
9155,100,1086
9156,98,1086
9157,104,1090
9158,98,1092
9159,98,1086
9160,100,1082
9161,98,1092
9162,100,1090
9163,100,1094
9164,98,1094
9165,100,1092
9166,100,1094
9167,100,1094
9168,100,1088
9169,100,1094
9170,96,1082
9171,100,1098
9172,100,1092
9173,102,1562
9174,100,1088
9175,100,1088
9176,98,1092
9177,102,1086
9178,100,1094
9179,98,1084
9180,98,1644
9181,102,1080
9182,98,1098
9183,98,1092
9184,100,1088
9185,100,1086
9186,100,1086
9187,98,1086
9188,98,1090
9189,102,1098
9190,98,1088
9191,100,1084
9192,100,1086
9193,98,1086
9194,98,1096
9195,102,1092
9196,100,1082
9197,100,1092
9198,100,1088
9199,100,1086
9200,98,1092
9201,98,1084
9202,98,1082
9203,98,1604
9204,98,1086
9205,100,1094
9206,102,1080
9207,100,1092
9208,100,1096
9209,102,1088
9210,100,1082
9211,102,1092
9212,100,1092
9213,98,1084
9214,98,1086
9215,100,1090
9216,98,1090
9217,98,1080
9218,98,1086
9219,98,1086
9220,98,1090
9221,102,1080
9222,98,1102
9223,100,1088
9224,100,1084
9225,98,1096
9226,100,1578
9227,100,1084
9228,98,1090
9229,102,1092
9230,102,1088
9231,100,1086
9232,100,1092
9233,102,1090
9234,100,1096
9235,100,1090
9236,102,1096
9237,98,1092
9238,98,1090
9239,100,1082
9240,102,1098
9241,98,1086
9242,102,1088
9243,104,1088
9244,100,1086
9245,102,1082
9246,98,1090
9247,106,1088
9248,100,1556
9249,102,1086
9250,100,1090
9251,100,1090
9252,96,1094
9253,100,1086
9254,100,1090
9255,98,1092
9256,98,1090
9257,100,1090
9258,98,1092
9259,98,1086
9260,102,1086
9261,100,1092
9262,98,1092
9263,100,1080
9264,98,1086
9265,100,1098
9266,100,1086
9267,100,1080
9268,98,1090
9269,98,1084
9270,98,1608
9271,102,1084
9272,102,1092
9273,100,1090
9274,100,1096
9275,98,1094
9276,98,1086
9277,102,1092
9278,102,1090
9279,98,1092
9280,98,1088
9281,100,1082
9282,100,1086
9283,100,1082
9284,98,1092
9285,102,1084
9286,100,1092
9287,98,1088
9288,96,1082
9289,100,1094
9290,100,1086
9291,100,1108
9292,100,1642
9293,100,1092
9294,100,1086
9295,100,1088
9296,102,1094
9297,100,1090
9298,100,1082
9299,100,1088
9300,98,1086
9301,98,1088
9302,102,1090
9303,98,1080
9304,100,1098
9305,100,1088
9306,98,1086
9307,100,1094
9308,102,1098
9309,98,1086
9310,98,1102
9311,98,1092
9312,100,1084
9313,98,1616
9314,98,1108
9315,100,1094
9316,100,1086
9317,102,1092
9318,100,1096
9319,102,1092
9320,98,1084
9321,98,1086
9322,98,1090
9323,102,1090
9324,98,1092
9325,98,1084
9326,100,1092
9327,100,1082
9328,98,1090
9329,100,1084
9330,98,1090
9331,102,1092
9332,106,1088
9333,100,1088
9334,100,1092
9335,98,1608
9336,98,1082
9337,100,1092
9338,100,1090
9339,98,1080
9340,98,1092
9341,100,1096
9342,96,1086
9343,102,1092
9344,102,1090
9345,100,1094
9346,100,1090
9347,100,1088
9348,100,1094
9349,100,1084
9350,102,1102
9351,98,1084
9352,100,1096
9353,96,1088
9354,98,1092
9355,98,1080
9356,98,1082
9357,96,1098
9358,98,1088
9359,98,1594
9360,96,1100
9361,100,1090
9362,98,1082
9363,100,1090
9364,104,1086
9365,98,1090
9366,98,1086
9367,100,1090
9368,100,1098
9369,98,1100
9370,98,1094
9371,98,1092
9372,102,1086
9373,98,1098
9374,98,1080
9375,100,1076
9376,100,1092
9377,100,1086
9378,98,1080
9379,98,1092
9380,100,1092
9381,96,1560
9382,98,1086
9383,96,1090
9384,100,1096
9385,100,1084
9386,100,1086
9387,98,1278
9388,98,1092
9389,98,1086
9390,100,1100
9391,98,1082
9392,100,1080
9393,96,1086
9394,98,1086
9395,100,1096
9396,100,1080
9397,100,1096
9398,98,1088
9399,100,1086
9400,96,1088
9401,98,1088
9402,100,1626
9403,100,1088
9404,100,1086
9405,100,1092
9406,100,1092
9407,96,1090
9408,98,1100
9409,96,1096
9410,100,1086
9411,100,1090
9412,100,1096
9413,100,1088
9414,100,1088
9415,98,1092
9416,98,1086
9417,98,1084
9418,100,1088
9419,98,1088
9420,98,1084
9421,98,1092
9422,98,1092
9423,98,1086
9424,98,1592
9425,102,1098
9426,98,1086
9427,98,1090
9428,100,1084
9429,100,1084
9430,98,1082
9431,100,1092
9432,98,1094
9433,100,994
9434,98,1088
9435,98,1092
9436,100,1088
9437,98,1094
9438,98,1080
9439,98,1080
9440,100,1090
9441,98,1086
9442,98,1082
9443,100,1082
9444,100,1086
9445,100,1094
9446,100,1608
9447,98,1092
9448,100,1090
9449,98,1086
9450,100,1086
9451,102,1092
9452,100,1086
9453,98,1098
9454,98,1094
9455,98,1086
9456,98,1086
9457,100,1090
9458,100,1100
9459,100,1086
9460,98,1094
9461,98,1100
9462,98,1080
9463,100,1090
9464,98,1090
9465,98,1090
9466,98,1082
9467,100,1080
9468,98,1604
9469,98,1098
9470,100,1086
9471,102,1092
9472,100,1090
9473,100,1096
9474,98,1094
9475,98,1098
9476,100,1094
9477,100,1088
9478,98,1092
9479,100,1098
9480,96,1084
9481,100,1084
9482,98,1098
9483,100,1092
9484,100,1088
9485,100,1086
9486,98,1098
9487,98,1092
9488,98,1092
9489,98,1594
9490,98,1090
9491,96,1082
9492,98,1086
9493,100,1092
9494,100,1090
9495,96,1086
9496,100,1082
9497,100,1090
9498,98,1086
9499,98,1088
9500,98,1092
9501,100,1092
9502,100,1086
9503,100,1084
9504,102,1092
9505,98,1092
9506,98,1080
9507,98,1082
9508,94,1088
9509,98,1086
9510,100,1086
9511,102,1086
9512,100,1604
9513,98,1090
9514,98,1100
9515,100,1090
9516,100,1084
9517,98,1080
9518,98,1094
9519,100,1092
9520,96,1086
9521,98,1088
9522,96,1088
9523,100,1088
9524,100,1090
9525,102,1104
9526,98,1092
9527,98,1092
9528,100,1096
9529,98,1100
9530,100,1086
9531,100,1092
9532,100,1086
9533,98,1094
9534,98,1578
9535,96,1088
9536,96,1086
9537,100,1086
9538,102,1086
9539,98,1092
9540,100,1094
9541,98,1086
9542,98,1086
9543,98,1092
9544,100,1090
9545,102,1084
9546,98,1092
9547,98,1096
9548,96,1086
9549,100,1092
9550,100,1092
9551,98,1088
9552,100,1086
9553,100,1096
9554,98,1098
9555,100,1620
9556,100,1082
9557,100,1092
9558,100,1084
9559,98,1088
9560,102,1090
9561,98,1094
9562,100,1088
9563,100,1082
9564,100,1084
9565,102,1092
9566,100,1086
9567,100,1092
9568,100,1090
9569,98,1094
9570,100,1092
9571,100,1092
9572,100,978
9573,100,1098
9574,104,1086
9575,100,1098
9576,100,1086
9577,98,1088
9578,98,1614
9579,102,1088
9580,98,1088
9581,100,1090
9582,100,1086
9583,100,1088
9584,96,1086
9585,98,1098
9586,98,1086
9587,100,1098
9588,98,1080
9589,98,1090
9590,98,1088
9591,96,1094
9592,100,1090
9593,102,1098
9594,98,1094
9595,98,1092
9596,100,1086
9597,100,1094
9598,98,1084
9599,98,1084
9600,100,1564
9601,98,1086
9602,100,1086
9603,100,1094
9604,100,1080
9605,102,1098
9606,106,1086
9607,100,1098
9608,98,1088
9609,100,1094
9610,98,1094
9611,98,1088
9612,100,1086
9613,98,1080
9614,98,1084
9615,98,1084
9616,100,1086
9617,98,1082
9618,100,1086
9619,100,1092
9620,98,1090
9621,100,1088
9622,100,1578
9623,100,1086
9624,100,1086
9625,98,1098
9626,98,1086
9627,100,1094
9628,100,1098
9629,98,1102
9630,100,1086
9631,100,1086
9632,100,1088
9633,94,1088
9634,98,1082
9635,100,1092
9636,96,1094
9637,96,1088
9638,98,1088
9639,100,1086
9640,100,1090
9641,100,1086
9642,104,1088
9643,98,1096
9644,102,1560
9645,98,1084
9646,98,1092
9647,98,1098
9648,98,1082
9649,100,1088
9650,100,1088
9651,98,1088
9652,98,1088
9653,100,1084
9654,102,1096
9655,98,1098
9656,98,1090
9657,104,1090
9658,102,1086
9659,100,1092
9660,98,1092
9661,100,1098
9662,98,1086
9663,102,1080
9664,96,1090
9665,100,1090
9666,96,1620
9667,98,1086
9668,98,1088
9669,98,1090
9670,98,1088
9671,98,1084
9672,98,1088
9673,100,1098
9674,100,1088
9675,100,1086
9676,98,1086
9677,104,1096
9678,100,1080
9679,100,1090
9680,100,1092
9681,100,1094
9682,98,1096
9683,98,1098
9684,102,1092
9685,98,1084
9686,100,1092
9687,100,1084
9688,98,1560
9689,102,1086
9690,98,1080
9691,98,1086
9692,100,1086
9693,100,1092
9694,100,1096
9695,102,1080
9696,98,1082
9697,98,1086
9698,100,1084
9699,100,1080
9700,98,1084
9701,98,1102
9702,100,1092
9703,100,1092
9704,98,1088
9705,100,1084
9706,98,1088
9707,100,1092
9708,100,1090
9709,98,1086
9710,98,1632
9711,98,1090
9712,100,1082
9713,98,1086
9714,98,1088
9715,98,1086
9716,100,1084
9717,100,1090
9718,104,1090
9719,100,1092
9720,98,1084
9721,100,1086
9722,98,1092
9723,100,1092
9724,96,1090
9725,98,1090
9726,98,1092
9727,98,1090
9728,98,1092
9729,100,1104
9730,98,1086
9731,98,1080
9732,100,1612
9733,100,1086
9734,100,1084
9735,100,1090
9736,98,1092
9737,98,1094
9738,98,1084
9739,100,1086
9740,100,1086
9741,98,1096
9742,98,1080
9743,98,1098
9744,98,1098
9745,100,1088
9746,98,1092
9747,96,1088
9748,100,1094
9749,102,1094
9750,100,1086
9751,100,1088
9752,98,1088
9753,98,1092
9754,98,1548
9755,98,1088
9756,100,1092
9757,106,1092
9758,96,1086
9759,100,1088
9760,98,1096
9761,100,1094
9762,98,1084
9763,98,1088
9764,100,1090
9765,98,1090
9766,100,1098
9767,98,1092
9768,98,1094
9769,94,1088
9770,96,1086
9771,98,1084
9772,100,1092
9773,98,1090
9774,98,1088
9775,102,1098
9776,98,1606
9777,98,1088
9778,98,1088
9779,100,1100
9780,100,1096
9781,98,1086
9782,98,1084
9783,98,1088
9784,96,1086
9785,98,1096
9786,100,1094
9787,98,1096
9788,100,1098
9789,100,1096
9790,100,1086
9791,98,1080
9792,100,1092
9793,98,1098
9794,98,1084
9795,98,1084
9796,98,1086
9797,98,1086
9798,96,1598
9799,98,1086
9800,100,1086
9801,100,1082
9802,96,1086
9803,106,1086
9804,98,1096
9805,98,1092
9806,100,1088
9807,96,1086
9808,100,1098
9809,100,1092
9810,98,1082
9811,98,1098
9812,100,1086
9813,98,1092
9814,98,1086
9815,100,1086
9816,98,1086
9817,98,1082
9818,98,1096
9819,98,1096
9820,98,1600
9821,96,1086
9822,100,1092
9823,100,1088
9824,100,1088
9825,100,1086
9826,98,1084
9827,98,1088
9828,98,1082
9829,100,1098
9830,100,1080
9831,98,1086
9832,100,1090
9833,100,1088
9834,98,1082
9835,96,1086
9836,98,1092
9837,98,1098
9838,100,1082
9839,100,1088
9840,98,1090
9841,100,1092
9842,100,1586
9843,98,1092
9844,94,1086
9845,98,1088
9846,96,1082
9847,100,1086
9848,100,1086
9849,98,1086
9850,102,1036
9851,100,1090
9852,98,1086
9853,100,1088
9854,98,1090
9855,100,1086
9856,98,1092
9857,98,1094
9858,98,1092
9859,100,1092
9860,102,1086
9861,100,1092
9862,102,1082
9863,100,1080
9864,102,1626
9865,98,1092
9866,100,1086
9867,98,1090
9868,96,1088
9869,98,1092
9870,100,1086
9871,100,1088
9872,98,1090
9873,102,1082
9874,98,1084
9875,100,1098
9876,100,1084
9877,98,1092
9878,98,1080
9879,98,1086
9880,98,1086
9881,100,1090
9882,98,1094
9883,100,1086
9884,100,1090
9885,98,1090
9886,100,1580
9887,100,1096
9888,100,1080
9889,98,1090
9890,100,1088
9891,98,1086
9892,100,1090
9893,102,1102
9894,98,1086
9895,102,1084
9896,96,1094
9897,100,1092
9898,98,1088
9899,100,1098
9900,98,1086
9901,100,1090
9902,100,1084
9903,100,1092
9904,98,1090
9905,100,1084
9906,98,1086
9907,98,1088
9908,98,1564
9909,98,1080
9910,98,1082
9911,96,1086
9912,98,1088
9913,98,1086
9914,98,1088
9915,100,1080
9916,98,1096
9917,100,1086
9918,98,1090
9919,94,1092
9920,98,1086
9921,98,1090
9922,98,1094
9923,100,1092
9924,98,1086
9925,100,1084
9926,96,1092
9927,100,1090
9928,98,1086
9929,98,1090
9930,100,1572
9931,98,1090
9932,98,1088
9933,98,1086
9934,100,1094
9935,98,1088
9936,98,1090
9937,100,1086
9938,98,1084
9939,98,1092
9940,100,1086
9941,100,1084
9942,100,1084
9943,104,1088
9944,98,1088
9945,98,1092
9946,100,1080
9947,96,1094
9948,98,1092
9949,100,1098
9950,100,1090
9951,98,1096
9952,98,1530
9953,98,1088
9954,100,1092
9955,98,1094
9956,100,1084
9957,100,1098
9958,100,1088
9959,98,1082
9960,102,1090
9961,98,1102
9962,100,1096
9963,98,1086
9964,98,1088
9965,100,1090
9966,96,1086
9967,100,1086
9968,98,1086
9969,100,1088
9970,98,1086
9971,98,1086
9972,98,1086
9973,100,1086
9974,98,1608
9975,98,1092
9976,98,1092
9977,100,1086
9978,98,1080
9979,100,1092
9980,100,1086
9981,100,1088
9982,102,1090
9983,98,1088
9984,100,1092
9985,100,1092
9986,98,1086
9987,98,1086
9988,100,1088
9989,100,1086
9990,98,1096
9991,100,1094
9992,98,1088
9993,98,1090
9994,100,1088
9995,98,1080
9996,98,1592
9997,100,1092
9998,98,1086
9999,100,1090
10000,100,1090
10001,96,1100
10002,96,1086
10003,98,1092
10004,100,1088
10005,100,1084
10006,100,1082
10007,100,1086
10008,98,1086
10009,102,1086
10010,100,1098
10011,100,1098
10012,100,1088
10013,98,1092
10014,100,1084
10015,100,1092
10016,98,1086
10017,100,1638
10018,98,1102
10019,98,1098
10020,98,1086
10021,102,1092
10022,98,1092
10023,98,1084
10024,100,1086
10025,100,1092
10026,98,1092
10027,98,1086
10028,100,1088
10029,100,1102
10030,100,1096
10031,100,1084
10032,98,1082
10033,100,1086
10034,98,1078
10035,98,1084
10036,98,1098
10037,98,1098
10038,98,1096
10039,100,1094
10040,98,1540
10041,100,1086
10042,100,1080
10043,98,1086
10044,98,1090
10045,100,1086
10046,98,1092
10047,100,1090
10048,100,1086
10049,102,1092
10050,98,1088
10051,98,1082
10052,100,1086
10053,98,1098
10054,98,1092
10055,100,1084
10056,98,1084
10057,100,1092
10058,100,1088
10059,100,1080
10060,102,1082
10061,96,1092
10062,100,1554
10063,100,1094
10064,98,1094
10065,98,1086
10066,100,1094
10067,100,1092
10068,100,1098
10069,100,1088
10070,98,1086
10071,102,1086
10072,98,1086
10073,100,1088
10074,102,1086
10075,98,1086
10076,100,1086
10077,98,1084
10078,104,1090
10079,100,1096
10080,100,1086
10081,100,1086
10082,100,1084
10083,100,1092
10084,98,1084
10085,98,1552
10086,104,1088
10087,100,1090
10088,98,1092
10089,100,1094
10090,96,1092
10091,100,1088
10092,98,1080
10093,98,1096
10094,98,1086
10095,100,1082
10096,98,1086
10097,98,1086
10098,94,1092
10099,100,1086
10100,100,1092
10101,98,1088
10102,100,1088
10103,98,1092
10104,98,1102
10105,100,1086
10106,98,1092
10107,100,1558
10108,100,1088
10109,98,1090
10110,100,1096
10111,98,1090
10112,98,1092
10113,102,1086
10114,100,1090
10115,100,1084
10116,100,1082
10117,98,1094
10118,100,1084
10119,100,1078
10120,98,1088
10121,100,1092
10122,100,1086
10123,98,1094
10124,98,1088
10125,100,1088
10126,100,1090
10127,98,1092
10128,98,1074
10129,96,1616
10130,100,1086
10131,98,1096
10132,98,1084
10133,100,1086
10134,102,1086
10135,98,1090
10136,98,1086
10137,98,1094
10138,100,1082
10139,104,1086
10140,96,1086
10141,100,1084
10142,100,1098
10143,98,1092
10144,98,1090
10145,100,1086
10146,98,1086
10147,100,1086
10148,102,1096
10149,100,1096
10150,100,1598
10151,98,1082
10152,98,1098
10153,98,1092
10154,100,1096
10155,102,1092
10156,100,1092
10157,98,1094
10158,96,1092
10159,100,1090
10160,100,1092
10161,98,1092
10162,98,1080
10163,100,1094
10164,98,1092
10165,98,1098
10166,98,1086
10167,100,1094
10168,98,1092
10169,98,1094
10170,100,1092
10171,100,1622
10172,102,1086
10173,100,1088
10174,98,996
10175,100,1100
10176,98,1086
10177,98,1098
10178,96,1092
10179,98,1086
10180,100,1092
10181,98,1096
10182,98,1096
10183,96,1090
10184,102,1088
10185,100,1086
10186,92,1086
10187,100,1086
10188,100,1082
10189,98,1086
10190,100,1082
10191,98,1086
10192,102,1086
10193,98,1092
10194,98,1560
10195,98,1094
10196,100,1086
10197,98,1090
10198,98,1088
10199,100,1086
10200,98,1094
10201,98,1096
10202,102,1084
10203,100,1090
10204,102,1084
10205,100,1086
10206,100,1090
10207,98,1092
10208,98,1086
10209,102,1092
10210,102,1096
10211,98,1090
10212,102,1088
10213,100,1096
10214,100,1086
10215,98,1088
10216,100,1090
10217,98,1082
10218,102,1604
10219,98,1086
10220,98,1082
10221,100,1084
10222,102,1092
10223,98,1086
10224,98,1092
10225,98,1092
10226,100,1090
10227,100,1090
10228,98,1094
10229,100,1092
10230,98,1092
10231,98,1086
10232,98,1086
10233,102,1088
10234,98,1084
10235,98,1086
10236,100,1090
10237,100,1086
10238,104,1090
10239,100,1086
10240,102,1610
10241,96,1086
10242,98,1090
10243,96,1084
10244,98,1086
10245,102,1084
10246,102,1092
10247,100,1094
10248,100,1086
10249,98,1090
10250,98,1086
10251,100,1086
10252,100,1086
10253,98,1088
10254,100,1098
10255,98,1080
10256,98,1090
10257,98,1092
10258,100,1086
10259,98,1090
10260,100,1096
10261,98,1098
10262,100,1590
10263,98,1088
10264,104,1086
10265,100,1086
10266,98,1092
10267,102,1082
10268,96,1092
10269,98,1096
10270,102,1086
10271,98,1092
10272,98,1098
10273,100,1084
10274,96,1088
10275,98,1088
10276,98,1098
10277,98,1098
10278,98,1098
10279,102,1086
10280,100,1092
10281,100,1092
10282,100,1084
10283,98,1092
10284,98,1570
10285,100,1084
10286,98,1092
10287,98,1092
10288,98,1082
10289,100,1088
10290,100,1090
10291,98,1086
10292,98,1098
10293,98,1092
10294,102,1086
10295,100,1084
10296,100,1102
10297,100,1080
10298,104,1084
10299,98,1098
10300,102,1082
10301,98,1088
10302,100,1092
10303,100,1090
10304,100,1094
10305,102,1080
10306,100,1620
10307,96,1100
10308,98,1086
10309,100,1080
10310,96,1090
10311,96,1090
10312,98,1092
10313,102,990
10314,98,1098
10315,100,1092
10316,98,1092
10317,102,1086
10318,102,1086
10319,98,1090
10320,98,1096
10321,98,1090
10322,98,1086
10323,98,1086
10324,100,1080
10325,96,1088
10326,96,1086
10327,100,1092
10328,98,1098
10329,98,1624
10330,98,1086
10331,98,1088
10332,100,1090
10333,100,1086
10334,100,1086
10335,100,1090
10336,98,1086
10337,98,1092
10338,100,1086
10339,100,1096
10340,98,1086
10341,100,1080
10342,98,1092
10343,100,1092
10344,100,1086
10345,98,1086
10346,102,1084
10347,100,1086
10348,102,1086
10349,100,1082
10350,100,1628
10351,100,1086
10352,100,1096
10353,102,1092
10354,98,1096
10355,98,1086
10356,98,1092
10357,100,1090
10358,98,1096
10359,98,1084
10360,102,1092
10361,98,1084
10362,100,1082
10363,98,1084
10364,98,1092
10365,102,1086
10366,102,1086
10367,102,1092
10368,100,1094
10369,98,1088
10370,100,1096
10371,98,1090
10372,100,1086
10373,98,1548
10374,98,1088
10375,100,1100
10376,100,1624
10377,102,1086
10378,98,1086
10379,102,1090
10380,98,1086
10381,100,1088
10382,98,1096
10383,98,1082
10384,98,1082
10385,98,1096
10386,100,1084
10387,98,1084
10388,98,1086
10389,100,1092
10390,98,1086
10391,104,1086
10392,104,1092
10393,102,1090
10394,98,1086
10395,100,1092
10396,100,1098
10397,100,1092
10398,98,1572
10399,98,1090
10400,100,1086
10401,102,1086
10402,96,1092
10403,98,1086
10404,98,1092
10405,102,1084
10406,98,1094
10407,100,1096
10408,102,1090
10409,98,1088
10410,98,1088
10411,98,1094
10412,98,1092
10413,96,1088
10414,100,1094
10415,98,1084
10416,98,1098
10417,100,1092
10418,102,1086
10419,98,1094
10420,98,1624
10421,98,1088
10422,98,1094
10423,100,1090
10424,98,1086
10425,102,1086
10426,102,1090
10427,98,1082
10428,98,1098
10429,100,1098
10430,98,1084
10431,104,1088
10432,100,1096
10433,98,1088
10434,98,1096
10435,98,1088
10436,100,1080
10437,98,1084
10438,98,1080
10439,98,1086
10440,100,1092
10441,98,1080
10442,102,1600
10443,98,1086
10444,98,1086
10445,100,1092
10446,98,1096
10447,98,1086
10448,100,1088
10449,98,1088
10450,102,1092
10451,98,1086
10452,100,1088
10453,102,1086
10454,98,1090
10455,100,1092
10456,102,1084
10457,100,1102
10458,100,1086
10459,100,1088
10460,98,1086
10461,98,1088
10462,102,1084
10463,98,1636
10464,98,1096
10465,98,1092
10466,98,1092
10467,104,1088
10468,102,1092
10469,98,1084
10470,98,1084
10471,100,1086
10472,98,1086
10473,98,1084
10474,100,1092
10475,100,1092
10476,98,1088
10477,102,1086
10478,98,1094
10479,100,1082
10480,102,1086
10481,98,1086
10482,100,1098
10483,98,1092
10484,100,1092
10485,100,1086
10486,102,1590
10487,100,1086
10488,100,1088
10489,98,1086
10490,96,1090
10491,102,1084
10492,100,1092
10493,98,1092
10494,100,1086
10495,98,1080
10496,100,1086
10497,100,1090
10498,102,1086
10499,98,1086
10500,98,1092
10501,100,1084
10502,98,1088
10503,102,1086
10504,102,1086
10505,98,1090
10506,98,1084
10507,98,1582
10508,100,1090
10509,100,1086
10510,102,1092
10511,100,1092
10512,100,1086
10513,102,1092
10514,100,1092
10515,98,1092
10516,102,1084
10517,98,1088
10518,96,1086
10519,100,1084
10520,100,1092
10521,100,1088
10522,100,1102
10523,98,1082
10524,100,1094
10525,104,1092
10526,102,1098
10527,100,1088
10528,102,1098
10529,98,1626
10530,98,1084
10531,100,1086
10532,98,1092
10533,100,1086
10534,102,1090
10535,100,1088
10536,100,1102
10537,100,1098
10538,98,1090
10539,98,1092
10540,102,1102
10541,102,1086
10542,98,1086
10543,100,1092
10544,98,1082
10545,100,1088
10546,102,1086
10547,100,1086
10548,100,1084
10549,102,1086
10550,100,1098
10551,102,1086
10552,102,1550
10553,100,1090
10554,100,1092
10555,102,1080
10556,102,1090
10557,98,1090
10558,100,1092
10559,96,1086
10560,98,1090
10561,98,1084
10562,98,1088
10563,98,1090
10564,102,1092
10565,100,1092
10566,98,1086
10567,100,1096
10568,100,1084
10569,100,1086
10570,100,1086
10571,98,1090
10572,96,1098
10573,100,1086
10574,98,1564
10575,100,1090
10576,102,1096
10577,98,1086
10578,98,1090
10579,100,1086
10580,96,1092
10581,98,1086
10582,102,1098
10583,100,1086
10584,98,1086
10585,98,1092
10586,100,1092
10587,102,1084
10588,98,1084
10589,98,1086
10590,100,1086
10591,98,1034
10592,98,1088
10593,100,1086
10594,102,1080
10595,100,1084
10596,100,1088
10597,98,1562
10598,96,1096
10599,100,1096
10600,102,1090
10601,100,1096
10602,100,1086
10603,104,1092
10604,100,1082
10605,100,1086
10606,102,1092
10607,100,1090
10608,98,1088
10609,100,1084
10610,98,1092
10611,100,1088
10612,102,1098
10613,104,1092
10614,98,1098
10615,104,1092
10616,98,1090
10617,100,1092
10618,98,1088
10619,100,1086
10620,102,1616
10621,108,1092
10622,98,1086
10623,98,1084
10624,98,1098
10625,98,1096
10626,100,1084
10627,98,1086
10628,98,1088
10629,100,1090
10630,98,1092
10631,100,1090
10632,98,1086
10633,102,1086
10634,98,1092
10635,98,1090
10636,102,1098
10637,100,1032
10638,98,1082
10639,98,1092
10640,100,1086
10641,98,1086
10642,102,1560
10643,100,1086
10644,98,1092
10645,102,1082
10646,100,1096
10647,102,1080
10648,102,1086
10649,100,1092
10650,100,1098
10651,98,1082
10652,100,1092
10653,96,1092
10654,98,1084
10655,98,1086
10656,98,1086
10657,100,1090
10658,100,1086
10659,104,1086
10660,102,1092
10661,98,1088
10662,98,1088
10663,98,1086
10664,98,1638
10665,100,1088
10666,98,1088
10667,98,1082
10668,98,1102
10669,98,1084
10670,100,1088
10671,98,1086
10672,100,1086
10673,100,1096
10674,100,1086
10675,100,1082
10676,98,1084
10677,96,1088
10678,98,1086
10679,100,1086
10680,98,1084
10681,100,1084
10682,100,1098
10683,100,1090
10684,102,1086
10685,100,1082
10686,98,1092
10687,100,1530
10688,98,1086
10689,100,1088
10690,98,1082
10691,100,1086
10692,104,1088
10693,100,1088
10694,98,1084
10695,98,1092
10696,98,1090
10697,98,1086
10698,100,1092
10699,100,1090
10700,100,1086
10701,100,1086
10702,100,1090
10703,98,1088
10704,98,1090
10705,102,1086
10706,100,1082
10707,98,1094
10708,98,1088
10709,100,1580
10710,100,1086
10711,98,1096
10712,94,1092
10713,98,1086
10714,100,1100
10715,100,1084
10716,98,1096
10717,102,1086
10718,98,1086
10719,98,1092
10720,98,1098
10721,100,1086
10722,98,1098
10723,100,1086
10724,102,1084
10725,100,1086
10726,102,1082
10727,96,1096
10728,98,1092
10729,100,1086
10730,100,1618
10731,98,1094
10732,106,1086
10733,98,1090
10734,102,1086
10735,98,1088
10736,100,1080
10737,98,1086
10738,98,1092
10739,100,1092
10740,96,1098
10741,102,1086
10742,98,1094
10743,102,1086
10744,98,1090
10745,98,1094
10746,100,1092
10747,94,1086
10748,100,1076
10749,98,1084
10750,94,1092
10751,100,1092
10752,98,1608
10753,98,1096
10754,100,1098
10755,102,1084
10756,98,1086
10757,100,1090
10758,96,1086
10759,102,1080
10760,102,1090
10761,100,1088
10762,102,1086
10763,100,1092
10764,104,1088
10765,102,1088
10766,100,1090
10767,100,1092
10768,94,1092
10769,100,1094
10770,100,1086
10771,100,1086
10772,100,1086
10773,98,1080
10774,104,1618
10775,98,1090
10776,98,1036
10777,104,1088
10778,100,1090
10779,102,1086
10780,102,1086
10781,100,1088
10782,98,1098
10783,100,1086
10784,96,1082
10785,100,1090
10786,102,1080
10787,100,1090
10788,98,1092
10789,100,1090
10790,98,1096
10791,98,1088
10792,98,1092
10793,98,1090
10794,98,1088
10795,100,1090
10796,98,1584
10797,100,1088
10798,104,1090
10799,98,1086
10800,102,1090
10801,98,1084
10802,100,1086
10803,98,1090
10804,102,1092
10805,100,1090
10806,98,1086
10807,96,1086
10808,100,1084
10809,100,1088
10810,100,1088
10811,98,1094
10812,100,1088
10813,98,1096
10814,98,1100
10815,102,1092
10816,100,1096
10817,98,1092
10818,100,1614
10819,100,1092
10820,100,1086
10821,98,984
10822,100,1096
10823,98,1088
10824,102,1088
10825,98,1092
10826,98,1088
10827,102,1088
10828,98,1092
10829,100,1090
10830,100,1090
10831,98,1082
10832,98,1090
10833,100,1082
10834,102,1096
10835,98,1082
10836,100,1086
10837,100,1082
10838,100,1092
10839,102,1084
10840,98,1590
10841,100,1088
10842,98,1084
10843,98,1090
10844,98,1084
10845,98,1090
10846,98,1086
10847,98,1082
10848,98,1084
10849,102,1090
10850,98,1086
10851,102,1084
10852,100,1086
10853,98,1100
10854,96,1090
10855,100,1084
10856,100,1102
10857,100,1088
10858,102,1082
10859,96,1096
10860,98,1096
10861,102,1092
10862,100,1614
10863,100,1090
10864,100,1086
10865,98,1086
10866,98,1088
10867,100,1090
10868,100,1084
10869,98,1106
10870,102,1096
10871,100,1086
10872,102,1092
10873,100,1086
10874,98,1090
10875,102,1086
10876,100,1088
10877,100,1094
10878,100,1088
10879,100,1086
10880,98,1080
10881,100,1088
10882,102,1092
10883,98,1090
10884,98,1088
10885,102,1560
10886,100,1086
10887,98,1086
10888,102,1086
10889,98,1086
10890,100,1086
10891,100,1084
10892,96,1094
10893,100,1088
10894,100,1092
10895,98,1098
10896,100,1092
10897,102,1084
10898,100,1090
10899,102,1082
10900,100,1098
10901,102,1088
10902,100,1092
10903,100,1086
10904,100,1086
10905,98,1096
10906,102,1636
10907,100,1086
10908,100,1094
10909,102,1090
10910,98,1092
10911,102,1088
10912,102,1092
10913,100,1098
10914,98,1092
10915,98,1030
10916,100,1086
10917,100,1090
10918,96,1102
10919,98,1086
10920,100,1096
10921,100,1092
10922,100,1086
10923,102,1080
10924,100,1094
10925,100,1084
10926,98,1090
10927,98,1080
10928,100,1644
10929,98,1082
10930,102,1088
10931,100,1088
10932,100,1088
10933,102,1092
10934,96,1090
10935,102,1098
10936,102,1086
10937,98,1096
10938,102,1086
10939,98,1092
10940,100,1080
10941,98,1090
10942,98,1092
10943,100,1084
10944,100,1086
10945,102,1098
10946,98,1088
10947,98,1088
10948,102,1094
10949,100,1092
10950,98,1596
10951,100,1088
10952,98,1082
10953,98,1098
10954,102,1094
10955,98,1088
10956,100,1090
10957,102,1088
10958,100,1092
10959,102,1096
10960,104,1090
10961,98,1094
10962,100,1090
10963,100,1088
10964,100,1088
10965,100,1086
10966,98,1088
10967,98,1090
10968,98,1092
10969,102,1092
10970,98,1100
10971,100,1086
10972,100,1634
10973,98,1084
10974,100,1088
10975,98,1092
10976,98,1092
10977,100,1092
10978,102,1102
10979,100,1090
10980,98,1098
10981,98,1084
10982,102,1102
10983,100,1092
10984,102,1090
10985,100,1088
10986,100,1092
10987,98,1086
10988,96,1100
10989,100,1086
10990,104,1084
10991,100,1086
10992,98,1092
10993,98,1088
10994,98,1590
10995,102,1090
10996,102,1102
10997,100,1084
10998,98,1098
10999,98,1086
11000,98,1094
11001,98,1080
11002,100,1088
11003,100,1092
11004,100,1098
11005,98,1088
11006,100,1094
11007,102,1088
11008,98,1094
11009,98,1082
11010,100,1098
11011,98,1090
11012,100,1084
11013,98,1090
11014,100,1088
11015,98,1080
11016,100,1554
11017,102,1098
11018,100,1084
11019,102,1086
11020,98,1092
11021,100,1082
11022,100,1096
11023,100,1086
11024,98,1084
11025,100,1084
11026,102,1096
11027,100,1090
11028,100,1092
11029,102,1084
11030,100,1090
11031,102,1086
11032,100,1098
11033,100,1086
11034,100,1094
11035,100,1088
11036,100,1098
11037,100,1090
11038,100,1592
11039,98,1090
11040,100,1092
11041,98,1084
11042,100,1092
11043,96,1086
11044,102,1092
11045,98,1092
11046,100,1086
11047,98,1088
11048,100,1088
11049,98,1084
11050,102,1092
11051,100,1086
11052,96,1088
11053,100,1088
11054,98,958
11055,102,1086
11056,102,1098
11057,98,1084
11058,98,1082
11059,100,1094
11060,98,1558
11061,100,1092
11062,102,1092
11063,100,1092
11064,98,1088
11065,100,1084
11066,100,1086
11067,98,1088
11068,102,1092
11069,100,1082
11070,100,1086
11071,98,1086
11072,98,1082
11073,100,1086
11074,108,1094
11075,100,1092
11076,100,1092
11077,98,1084
11078,106,1088
11079,100,1080
11080,108,1084
11081,100,1088
11082,98,1600
11083,100,1088
11084,98,1080
11085,100,1090
11086,98,1084
11087,98,1080
11088,98,1098
11089,100,1086
11090,100,1090
11091,102,1086
11092,100,1100
11093,98,1092
11094,100,1094
11095,98,1086
11096,98,1082
11097,98,1088
11098,102,1088
11099,98,1098
11100,100,1088
11101,98,1084
11102,100,1092
11103,102,1088
11104,98,1542
11105,100,1088
11106,100,1092
11107,102,1086
11108,100,1084
11109,98,1088
11110,102,1084
11111,102,1080
11112,100,1088
11113,100,1090
11114,100,1086
11115,102,1088
11116,102,1086
11117,98,1096
11118,98,1084
11119,98,1084
11120,100,1094
11121,98,1090
11122,102,1088
11123,100,1094
11124,98,1092
11125,98,1082
11126,98,1608
11127,98,1092
11128,98,1102
11129,98,1088
11130,100,1086
11131,98,1098
11132,100,1088
11133,98,1094
11134,100,1078
11135,100,1086
11136,102,1084
11137,102,1090
11138,100,1088
11139,98,1098
11140,102,1082
11141,100,1098
11142,100,1096
11143,98,1098
11144,100,1086
11145,100,1086
11146,98,1098
11147,102,1086
11148,100,1630
11149,98,1090
11150,98,1102
11151,98,1090
11152,100,1092
11153,98,1088
11154,100,1092
11155,100,1080
11156,100,1086
11157,100,1098
11158,100,1092
11159,98,1082
11160,98,1086
11161,102,1084
11162,98,1092
11163,98,1094
11164,102,1090
11165,98,1084
11166,98,1094
11167,98,1084
11168,100,1090
11169,96,1086
11170,100,1556
11171,98,1096
11172,100,1094
11173,100,1086
11174,100,1092
11175,100,1082
11176,102,1082
11177,98,1086
11178,100,1090
11179,100,1086
11180,100,1088
11181,98,1088
11182,98,1086
11183,100,1080
11184,102,1102
11185,102,1086
11186,98,1098
11187,102,1082
11188,98,1092
11189,96,1088
11190,98,1086
11191,98,1090
11192,98,1612
11193,98,1080
11194,102,1082
11195,98,1086
11196,98,1088
11197,94,1082
11198,96,1092
11199,102,1090
11200,98,1096
11201,98,1088
11202,96,1096
11203,100,1094
11204,96,1088
11205,98,1088
11206,102,1098
11207,98,1082
11208,100,1090
11209,102,1090
11210,98,1092
11211,98,1084
11212,102,1086
11213,98,1098
11214,100,1556
11215,98,1080
11216,98,1086
11217,102,1092
11218,100,1082
11219,98,1098
11220,98,1092
11221,102,1088
11222,100,1090
11223,102,1088
11224,102,1096
11225,98,1102
11226,100,1086
11227,98,1086
11228,98,1088
11229,98,1090
11230,98,1084
11231,100,1098
11232,96,1090
11233,98,1084
11234,98,1086
11235,98,1086
11236,100,1082
11237,96,1088
11238,100,1092
11239,102,976
11240,102,1090
11241,102,1086
11242,100,1092
11243,98,1090
11244,98,1580
11245,102,1090
11246,104,1090
11247,100,1084
11248,98,1088
11249,98,1086
11250,98,1088
11251,102,1082
11252,102,1086
11253,100,1088
11254,98,1090
11255,98,1084
11256,100,1084
11257,98,1094
11258,102,1086
11259,100,1084
11260,98,1098
11261,100,1086
11262,100,1088
11263,106,1090
11264,98,1092
11265,100,1602
11266,98,1096
11267,98,1098
11268,96,1088
11269,98,1080
11270,100,1088
11271,100,1092
11272,98,1094
11273,100,1088
11274,98,1092
11275,108,1086
11276,102,1082
11277,98,1086
11278,100,1092
11279,102,1098
11280,98,1096
11281,98,1086
11282,98,1086
11283,96,1084
11284,100,1090
11285,100,1092
11286,102,1090
11287,104,1566
11288,102,1092
11289,98,1114
11290,100,1086
11291,98,1086
11292,100,1090
11293,100,1094
11294,98,1086
11295,98,1092
11296,100,1092
11297,100,1086
11298,98,1094
11299,100,1088
11300,100,1094
11301,100,1082
11302,98,1092
11303,98,1094
11304,98,1096
11305,98,1086
11306,100,1088
11307,100,1090
11308,98,1086
11309,100,1616
11310,104,1092
11311,102,1092
11312,98,1086
11313,98,1086
11314,100,1090
11315,100,1092
11316,100,1084
11317,100,1092
11318,100,1092
11319,102,1084
11320,98,1090
11321,100,1084
11322,98,1090
11323,98,1086
11324,98,1092
11325,100,1082
11326,100,1086
11327,98,1080
11328,100,1098
11329,100,1092
11330,102,1084
11331,98,1564
11332,100,1038
11333,104,1092
11334,100,1086
11335,102,1090
11336,98,1090
11337,100,1094
11338,98,1098
11339,100,1088
11340,100,1084
11341,98,1100
11342,106,1096
11343,100,1092
11344,100,1088
11345,102,1084
11346,98,1088
11347,102,1078
11348,100,1098
11349,98,1098
11350,98,1092
11351,100,1084
11352,100,1086
11353,98,1526
11354,96,1098
11355,98,1086
11356,100,1098
11357,102,1086
11358,100,1098
11359,100,1094
11360,98,1096
11361,98,1092
11362,100,1082
11363,98,1092
11364,100,1090
11365,98,1090
11366,100,1086
11367,100,1090
11368,98,1086
11369,98,1096
11370,100,1090
11371,98,1082
11372,98,1086
11373,100,1092
11374,98,1098
11375,100,1554
11376,100,1088
11377,100,1090
11378,100,962
11379,100,1080
11380,98,1084
11381,102,1088
11382,98,1092
11383,98,1086
11384,102,1098
11385,102,1092
11386,100,1082
11387,100,1088
11388,100,1098
11389,100,1092
11390,102,1086
11391,100,1086
11392,100,1092
11393,102,1092
11394,98,1094
11395,102,1088
11396,102,1098
11397,98,1622
11398,102,1120
11399,100,1088
11400,98,1092
11401,98,1572
11402,100,1092
11403,100,1096
11404,98,1094
11405,100,1084
11406,100,1084
11407,102,1094
11408,98,1088
11409,100,1084
11410,98,1086
11411,98,1092
11412,98,1098
11413,98,1096
11414,100,1086
11415,98,1096
11416,100,1090
11417,96,1098
11418,100,1092
11419,100,1090
11420,98,1082
11421,98,1086
11422,98,1644
11423,104,1084
11424,100,1086
11425,100,1094
11426,100,1090
11427,98,1088
11428,100,1088
11429,100,1094
11430,98,1090
11431,100,1086
11432,98,1092
11433,102,1084
11434,100,1084
11435,102,1092
11436,100,1092
11437,100,1090
11438,100,1098
11439,100,1100
11440,100,1080
11441,100,1092
11442,100,1086
11443,100,1098
11444,100,1606
11445,98,1098
11446,100,1082
11447,100,1096
11448,96,1084
11449,100,1086
11450,98,1086
11451,98,1086
11452,98,1094
11453,100,1086
11454,100,1086
11455,100,1086
11456,100,1088
11457,98,1092
11458,100,1098
11459,98,1092
11460,98,1090
11461,98,1084
11462,100,1080
11463,98,1088
11464,100,1088
11465,98,1080
11466,98,1560
11467,98,1090
11468,96,1096
11469,100,1094
11470,96,1086
11471,98,1088
11472,98,1082
11473,100,1082
11474,100,1086
11475,98,1082
11476,100,1084
11477,98,1088
11478,100,1098
11479,94,1086
11480,98,1080
11481,104,1098
11482,98,1086
11483,98,1090
11484,100,1096
11485,100,1090
11486,102,1088
11487,98,1086
11488,100,1586
11489,100,1092
11490,98,1086
11491,100,1094
11492,98,1084
11493,98,1094
11494,98,1080
11495,98,1094
11496,98,1092
11497,98,1090
11498,98,1092
11499,100,1088
11500,98,1088
11501,98,1092
11502,98,1092
11503,98,1090
11504,94,1086
11505,100,1082
11506,98,1086
11507,100,1086
11508,100,1092
11509,98,1630
11510,100,1092
11511,96,1094
11512,100,1084
11513,98,1088
11514,100,1086
11515,100,1092
11516,100,1086
11517,100,1036
11518,100,1096
11519,98,1092
11520,102,1088
11521,98,1100
11522,98,1086
11523,100,1082
11524,102,1086
11525,98,1086
11526,100,1086
11527,102,1086
11528,100,1084
11529,100,1082
11530,100,1086
11531,96,1086
11532,100,1514
11533,100,1092
11534,100,1088
11535,98,1092
11536,100,1092
11537,98,1098
11538,98,1084
11539,98,1092
11540,98,1084
11541,98,1092
11542,98,1084
11543,100,1082
11544,98,1088
11545,100,1080
11546,98,1086
11547,100,1082
11548,98,1084
11549,102,1086
11550,100,1096
11551,98,1084
11552,98,1092
11553,100,1086
11554,100,1580
11555,100,1088
11556,100,1098
11557,100,1088
11558,100,1086
11559,98,1086
11560,100,1102
11561,98,1090
11562,98,1086
11563,98,1080
11564,100,1086
11565,98,1080
11566,100,1086
11567,100,1092
11568,100,1098
11569,96,1086
11570,96,1086
11571,98,1098
11572,96,1092
11573,96,1090
11574,100,1104
11575,98,1092
11576,98,1634
11577,104,1092
11578,98,1086
11579,100,1086
11580,98,1088
11581,98,1092
11582,100,1092
11583,98,1090
11584,100,1086
11585,96,1086
11586,98,1080
11587,100,1086
11588,100,1094
11589,102,1090
11590,100,1082
11591,98,1086
11592,100,1098
11593,100,1086
11594,98,1090
11595,100,1092
11596,100,1092
11597,98,1088
11598,98,1590
11599,100,1092
11600,100,1082
11601,100,1088
11602,100,1094
11603,98,1092
11604,100,1092
11605,100,1090
11606,100,1086
11607,98,1092
11608,100,1084
11609,100,1082
11610,100,1090
11611,98,1088
11612,100,1086
11613,98,1098
11614,96,1092
11615,98,1094
11616,104,1094
11617,102,1082
11618,98,1086
11619,98,1092
11620,104,1628
11621,98,1092
11622,96,1082
11623,98,1084
11624,96,1090
11625,100,1084
11626,102,1080
11627,98,1092
11628,100,1086
11629,98,1086
11630,98,1086
11631,98,1098
11632,100,1098
11633,98,1092
11634,100,1092
11635,100,1092
11636,100,1092
11637,98,1086
11638,98,1086
11639,98,1090
11640,100,1088
11641,104,1098
11642,100,1610
11643,100,1088
11644,100,1086
11645,100,1090
11646,98,1094
11647,98,1092
11648,102,1088
11649,100,1086
11650,96,1088
11651,100,1094
11652,100,1086
11653,100,1092
11654,98,1086
11655,98,1094
11656,100,1094
11657,100,1086
11658,96,1084
11659,98,1086
11660,100,1088
11661,100,1092
11662,100,1092
11663,102,1098
11664,98,1556
11665,98,1090
11666,100,1086
11667,100,1092
11668,100,1080
11669,100,1082
11670,104,1090
11671,98,1094
11672,98,1086
11673,100,1092
11674,98,1088
11675,98,1084
11676,98,1084
11677,98,1092
11678,96,1084
11679,96,1096
11680,98,1090
11681,100,1094
11682,100,1080
11683,100,1086
11684,98,1088
11685,96,1090
11686,102,1608
11687,100,1092
11688,100,1092
11689,96,1086
11690,98,1086
11691,98,1090
11692,100,1092
11693,100,1090
11694,98,1096
11695,104,1092
11696,98,1088
11697,100,1084
11698,98,1088
11699,98,1094
11700,100,1092
11701,98,1080
11702,100,1092
11703,100,1092
11704,98,1088
11705,98,1082
11706,98,1094
11707,98,1096
11708,100,1620
11709,98,1098
11710,98,1092
11711,96,1098
11712,98,1082
11713,100,1092
11714,100,1086
11715,98,1086
11716,100,1096
11717,96,1086
11718,100,1082
11719,100,1096
11720,98,1086
11721,98,1082
11722,100,1082
11723,98,1088
11724,100,1086
11725,100,1096
11726,98,1080
11727,100,1096
11728,100,1100
11729,98,1558
11730,98,1086
11731,100,1086
11732,98,1082
11733,98,1094
11734,98,1092
11735,100,1088
11736,100,1082
11737,98,1092
11738,98,1098
11739,98,1088
11740,98,1092
11741,98,1088
11742,100,1090
11743,98,1082
11744,98,1084
11745,100,1088
11746,98,1086
11747,98,1096
11748,100,1080
11749,98,1084
11750,100,1092
11751,100,1644
11752,98,1098
11753,98,1098
11754,96,1080
11755,98,1086
11756,100,1088
11757,98,1088
11758,100,1078
11759,100,1092
11760,102,1104
11761,98,1088
11762,100,1086
11763,100,1086
11764,98,1078
11765,98,1096
11766,98,1098
11767,100,1094
11768,98,1084
11769,98,1090
11770,102,1082
11771,100,1098
11772,100,1086
11773,96,1552
11774,100,1090
11775,100,1092
11776,100,1086
11777,98,1080
11778,100,1092
11779,96,1086
11780,100,1088
11781,100,1092
11782,100,1092
11783,96,1094
11784,98,1084
11785,100,1086
11786,100,1086
11787,100,1098
11788,102,1086
11789,100,1100
11790,100,1086
11791,98,1086
11792,98,1096
11793,100,1090
11794,100,1082
11795,100,960
11796,98,1512
11797,100,1094
11798,100,1084
11799,100,1098
11800,102,1086
11801,98,1092
11802,102,1098
11803,100,1098
11804,98,1080
11805,98,1082
11806,98,1084
11807,98,1096
11808,98,1082
11809,98,1086
11810,98,1086
11811,98,1086
11812,98,1094
11813,98,1092
11814,98,1098
11815,100,1084
11816,98,1086
11817,100,1094
11818,100,1538
11819,100,1080
11820,98,1090
11821,96,1088
11822,100,1092
11823,98,1084
11824,100,1092
11825,98,1090
11826,98,1086
11827,102,1098
11828,98,1098
11829,100,1080
11830,100,1096
11831,100,1092
11832,98,1100
11833,98,1080
11834,102,1090
11835,98,1092
11836,98,1098
11837,100,1096
11838,100,1092
11839,102,1650
11840,96,1084
11841,100,980
11842,96,1088
11843,98,1088
11844,98,1086
11845,102,1092
11846,98,1092
11847,98,1086
11848,100,1098
11849,100,1094
11850,98,1084
11851,98,1086
11852,98,1086
11853,98,1092
11854,98,1084
11855,100,1084
11856,98,1090
11857,98,1086
11858,100,1086
11859,106,1098
11860,100,1086
11861,100,1624
11862,100,1096
11863,100,1086
11864,98,1088
11865,100,1080
11866,100,1092
11867,98,1088
11868,98,1092
11869,100,1078
11870,100,1086
11871,98,1088
11872,98,1088
11873,98,1092
11874,98,1102
11875,98,1082
11876,100,1096
11877,98,1086
11878,100,1086
11879,98,1086
11880,100,1078
11881,98,1092
11882,100,1630
11883,100,1086
11884,100,1086
11885,98,1086
11886,100,1094
11887,98,1086
11888,100,1092
11889,98,1082
11890,98,1090
11891,102,1098
11892,100,1088
11893,98,1086
11894,98,1086
11895,100,1088
11896,102,1086
11897,100,1090
11898,100,1084
11899,102,1100
11900,98,1080
11901,98,1086
11902,98,1088
11903,100,1094
11904,102,1620
11905,98,1092
11906,100,1086
11907,100,1090
11908,98,1084
11909,104,1100
11910,98,1086
11911,98,1090
11912,98,1082
11913,98,1090
11914,98,1084
11915,98,1086
11916,102,1086
11917,100,1092
11918,98,1092
11919,98,1088
11920,96,1086
11921,100,1088
11922,100,1084
11923,98,1092
11924,100,1092
11925,100,1096
11926,96,1592
11927,98,1086
11928,100,1094
11929,100,1092
11930,100,1092
11931,98,1096
11932,98,1092
11933,100,1086
11934,100,1088
11935,98,1092
11936,98,1088
11937,98,1078
11938,96,1098
11939,100,1092
11940,98,1086
11941,98,1086
11942,100,1096
11943,102,1098
11944,100,1084
11945,100,1094
11946,98,1092
11947,100,1554
11948,98,1094
11949,100,1084
11950,98,1084
11951,98,1092
11952,98,1094
11953,98,1086
11954,100,1086
11955,98,1086
11956,100,1086
11957,94,1082
11958,98,1086
11959,98,1098
11960,98,1086
11961,102,1094
11962,98,1088
11963,98,1102
11964,100,1090
11965,100,1078
11966,100,1086
11967,98,1086
11968,98,1086
11969,100,1632
11970,100,1086
11971,98,1098
11972,98,1092
11973,100,1088
11974,98,1092
11975,100,1086
11976,98,1092
11977,100,1090
11978,98,1086
11979,100,1098
11980,96,1182
11981,98,1090
11982,98,1092
11983,100,1086
11984,98,1092
11985,100,1088
11986,94,1080
11987,98,1092
11988,100,1086
11989,98,1086
11990,100,1608
11991,96,1088
11992,100,1092
11993,98,1090
11994,98,1086
11995,98,1088
11996,98,1092
11997,100,1078
11998,98,1092
11999,102,1094
12000,98,1086
12001,98,1092
12002,98,1086
12003,100,1090
12004,98,1084
12005,98,1092
12006,98,1090
12007,100,1078
12008,100,1086
12009,100,1086
12010,100,1086
12011,100,1088
12012,104,1086
12013,100,1524
12014,98,1084
12015,98,1082
12016,100,1080
12017,98,1084
12018,98,1086
12019,98,1092
12020,100,1098
12021,100,1080
12022,98,1088
12023,98,1094
12024,100,1086
12025,100,1082
12026,100,1080
12027,100,1088
12028,98,1092
12029,100,1092
12030,102,1084
12031,98,1100
12032,98,1084
12033,100,1092
12034,98,1088
12035,98,1614
12036,98,1084
12037,98,1082
12038,98,1092
12039,100,1086
12040,100,1090
12041,98,1088
12042,100,1098
12043,98,1098
12044,100,1088
12045,98,1082
12046,100,1090
12047,94,1090
12048,98,1080
12049,98,1094
12050,100,1092
12051,98,1088
12052,106,1086
12053,98,1086
12054,98,1082
12055,100,1092
12056,98,1088
12057,100,1628
12058,96,1092
12059,100,1102
12060,98,1088
12061,100,1084
12062,98,1092
12063,98,1096
12064,98,1082
12065,98,1086
12066,100,1092
12067,98,1088
12068,98,1086
12069,100,1092
12070,102,1086
12071,98,1100
12072,98,1080
12073,100,1092
12074,98,1088
12075,98,1094
12076,100,1084
12077,98,1088
12078,98,1082
12079,100,1616
12080,100,1086
12081,100,1086
12082,100,1094
12083,100,1086
12084,100,1092
12085,100,1092
12086,98,1092
12087,98,1098
12088,98,1088
12089,104,1080
12090,98,1082
12091,100,1086
12092,100,1086
12093,98,1086
12094,100,1086
12095,98,1094
12096,98,1100
12097,98,1086
12098,100,1092
12099,96,1090
12100,98,1086
12101,98,1564
12102,100,1092
12103,98,1090
12104,100,1092
12105,98,1084
12106,100,1098
12107,98,1092
12108,98,1086
12109,98,1086
12110,98,1090
12111,100,1082
12112,100,1090
12113,98,1086
12114,100,1088
12115,100,1092
12116,98,1082
12117,100,1090
12118,100,1086
12119,98,1032
12120,100,1088
12121,98,1086
12122,98,1104
12123,96,1592
12124,98,1094
12125,98,1092
12126,100,1080
12127,98,1088
12128,98,1092
12129,100,1092
12130,100,1096
12131,98,1092
12132,98,1086
12133,98,1090
12134,100,1098
12135,98,1088
12136,100,1084
12137,98,1084
12138,102,1092
12139,100,1098
12140,100,1086
12141,98,1096
12142,98,1088
12143,100,1086
12144,100,1086
12145,100,1572
12146,100,1094
12147,100,1086
12148,98,1092
12149,96,1090
12150,102,1084
12151,100,1090
12152,102,1092
12153,96,1094
12154,98,1080
12155,98,1088
12156,100,1090
12157,100,1098
12158,100,1094
12159,100,1092
12160,98,1088
12161,100,1080
12162,98,1084
12163,98,1096
12164,98,1086
12165,98,1084
12166,100,1092
12167,98,1092
12168,100,1560
12169,100,1084
12170,98,1092
12171,100,1086
12172,100,1088
12173,98,1094
12174,98,1086
12175,100,1086
12176,98,1092
12177,100,1088
12178,98,1090
12179,100,1084
12180,98,1092
12181,98,1092
12182,100,1088
12183,100,1086
12184,98,1090
12185,102,1096
12186,100,1092
12187,98,1096
12188,98,1092
12189,98,1092
12190,100,1092
12191,104,1542
12192,98,1086
12193,100,1090
12194,98,1084
12195,98,1088
12196,98,1092
12197,100,1086
12198,100,1086
12199,100,1086
12200,100,1080
12201,98,1100
12202,100,1090
12203,98,1098
12204,96,1086
12205,100,1090
12206,98,1092
12207,102,1092
12208,100,1080
12209,98,1086
12210,98,1084
12211,98,1096
12212,98,1092
12213,100,1578
12214,100,1082
12215,102,1098
12216,98,1086
12217,100,1092
12218,98,1088
12219,100,1086
12220,100,1086
12221,98,1094
12222,100,1092
12223,98,1082
12224,100,1086
12225,98,1082
12226,98,1096
12227,96,1092
12228,98,1086
12229,100,1086
12230,96,1086
12231,100,1090
12232,98,1102
12233,100,1080
12234,100,1100
12235,100,1578
12236,98,1096
12237,98,1090
12238,98,1096
12239,100,1092
12240,100,1088
12241,100,1088
12242,98,1088
12243,100,1084
12244,100,1090
12245,100,1092
12246,98,1092
12247,100,1086
12248,100,1088
12249,100,1086
12250,102,1092
12251,102,1090
12252,98,1086
12253,100,1114
12254,98,1084
12255,100,1602
12256,100,1092
12257,98,1088
12258,100,1090
12259,98,1096
12260,104,1088
12261,98,1092
12262,100,1084
12263,100,1090
12264,98,1098
12265,102,1092
12266,104,1098
12267,100,1098
12268,98,1086
12269,100,1084
12270,100,1086
12271,102,1082
12272,98,1086
12273,98,1092
12274,100,1098
12275,100,1096
12276,98,1090
12277,100,1562
12278,98,1082
12279,98,1082
12280,100,1096
12281,96,1096
12282,100,1088
12283,98,1082
12284,98,1092
12285,98,1086
12286,100,1078
12287,100,1092
12288,98,1086
12289,100,1090
12290,98,1084
12291,100,1098
12292,98,1086
12293,102,1086
12294,96,1086
12295,98,1092
12296,98,1086
12297,100,1090
12298,100,1096
12299,100,1626
12300,100,1082
12301,100,1092
12302,98,1086
12303,98,1092
12304,100,1088
12305,104,1088
12306,98,1042
12307,98,984
12308,98,986
12309,98,1148
12310,100,1092
12311,98,1086
12312,98,1088
12313,100,1092
12314,98,1088
12315,98,1086
12316,98,1086
12317,98,1092
12318,98,1080
12319,98,1098
12320,98,1100
12321,100,1094
12322,98,1080
12323,98,1574
12324,100,1096
12325,98,1096
12326,96,1082
12327,104,1090
12328,98,1080
12329,100,1098
12330,100,1090
12331,100,1110
12332,100,1082
12333,100,1096
12334,100,1086
12335,98,1096
12336,98,1082
12337,98,1092
12338,100,1098
12339,100,1092
12340,100,1086
12341,98,1084
12342,98,1084
12343,100,1082
12344,100,1090
12345,98,1090
12346,98,1560
12347,100,1094
12348,98,1082
12349,98,1094
12350,98,1096
12351,98,1096
12352,104,1098
12353,96,1086
12354,98,1092
12355,100,1090
12356,100,1086
12357,100,1090
12358,100,1082
12359,100,1082
12360,100,1086
12361,100,1086
12362,102,1092
12363,100,1080
12364,98,1084
12365,98,1080
12366,100,1094
12367,102,1082
12368,98,1622
12369,100,1096
12370,100,1090
12371,100,1082
12372,98,1100
12373,100,1082
12374,100,1084
12375,100,1086
12376,100,1084
12377,100,1090
12378,98,1094
12379,100,1078
12380,100,1094
12381,100,1088
12382,100,1088
12383,98,1088
12384,100,1096
12385,102,1086
12386,98,1094
12387,98,1100
12388,98,1088
12389,98,1094
12390,98,1632
12391,102,1088
12392,98,1088
12393,98,1094
12394,98,1080
12395,98,1086
12396,102,1092
12397,100,1082
12398,100,1098
12399,100,1098
12400,98,1094
12401,100,1098
12402,96,1088
12403,100,1082
12404,98,1086
12405,98,1092
12406,100,1092
12407,100,1088
12408,98,1086
12409,100,1092
12410,98,1086
12411,100,1082
12412,100,1080
12413,100,1554
12414,98,1084
12415,100,1084
12416,98,1090
12417,96,1092
12418,98,1086
12419,98,1092
12420,96,1098
12421,100,1092
12422,100,1084
12423,100,1088
12424,100,1090
12425,102,1090
12426,100,1086
12427,104,1096
12428,100,1092
12429,98,1084
12430,100,1086
12431,98,1086
12432,100,1086
12433,98,1092
12434,104,1086
12435,100,1088
12436,102,1086
12437,98,1102
12438,100,1090
12439,100,1098
12440,100,1080
12441,98,1098
12442,102,1088
12443,100,1044
12444,100,1274
12445,100,1092
12446,100,1090
12447,100,1080
12448,100,1086
12449,100,1088
12450,98,1086
12451,100,1092
12452,100,1098
12453,100,1088
12454,100,1086
12455,98,1086
12456,100,1082
12457,100,1090
12458,100,1082
12459,98,1082
12460,100,1098
12461,100,1094
12462,96,1092
12463,96,1088
12464,98,1092
12465,100,1090
12466,100,1092
12467,102,1572
12468,100,1090
12469,98,1082
12470,100,1086
12471,98,1090
12472,98,1092
12473,100,1096
12474,100,1088
12475,98,1098
12476,100,1086
12477,100,1088
12478,102,1090
12479,100,1090
12480,100,1086
12481,100,1092
12482,100,1088
12483,100,1094
12484,104,1090
12485,100,1090
12486,100,1088
12487,100,1086
12488,100,1086
12489,98,1614
12490,98,1084
12491,100,1088
12492,100,1096
12493,100,1082
12494,100,1086
12495,98,1094
12496,98,1092
12497,96,1086
12498,98,1090
12499,98,1092
12500,100,1088
12501,98,1090
12502,96,1094
12503,98,1100
12504,100,1082
12505,98,1086
12506,100,1086
12507,100,1088
12508,100,1092
12509,98,1086
12510,100,1086
12511,98,1576
12512,98,1082
12513,98,1094
12514,100,1086
12515,100,1082
12516,100,1092
12517,106,1088
12518,98,1086
12519,98,1094
12520,98,1090
12521,100,1088
12522,98,1080
12523,100,1092
12524,98,1090
12525,100,1100
12526,100,1082
12527,100,1086
12528,100,1094
12529,98,1096
12530,100,1090
12531,100,1090
12532,98,1630
12533,100,1082
12534,100,1090
12535,100,1088
12536,100,1086
12537,100,1090
12538,98,1094
12539,100,1098
12540,100,1086
12541,98,1092
12542,100,1092
12543,100,1086
12544,98,1098
12545,98,1090
12546,100,1102
12547,100,1080
12548,98,1098
12549,100,1088
12550,98,1094
12551,100,1086
12552,100,1086
12553,96,1084
12554,100,1634
12555,98,1086
12556,98,1090
12557,98,1096
12558,98,1092
12559,96,1090
12560,100,1088
12561,100,1092
12562,100,1092
12563,100,1094
12564,100,1086
12565,98,1094
12566,106,1090
12567,98,1094
12568,94,1086
12569,98,1088
12570,100,1088
12571,98,1098
12572,98,1086
12573,100,1086
12574,98,1098
12575,98,1086
12576,98,1084
12577,104,1572
12578,100,1086
12579,100,1084
12580,98,1082
12581,100,1092
12582,98,1094
12583,100,1090
12584,102,1082
12585,100,1092
12586,100,1080
12587,98,1086
12588,100,1088
12589,98,1088
12590,98,1096
12591,98,1084
12592,96,1092
12593,98,1092
12594,100,1084
12595,100,1086
12596,98,1090
12597,102,1092
12598,102,1080
12599,98,1554
12600,100,1090
12601,102,1092
12602,98,1088
12603,100,1092
12604,98,1090
12605,98,1098
12606,100,1086
12607,98,1086
12608,96,1100
12609,100,1088
12610,100,1086
12611,100,1082
12612,100,1090
12613,98,1094
12614,96,1092
12615,98,1080
12616,98,1086
12617,104,1096
12618,100,1080
12619,100,1096
12620,100,1098
12621,98,1572
12622,98,1084
12623,98,1084
12624,96,1086
12625,100,1092
12626,98,1086
12627,98,1098
12628,96,1086
12629,100,1096
12630,100,1096
12631,102,1086
12632,100,1082
12633,100,1086
12634,96,1092
12635,100,1092
12636,100,1086
12637,96,1092
12638,98,1084
12639,100,1082
12640,100,1086
12641,100,1086
12642,98,1086
12643,98,1560
12644,98,1084
12645,98,1086
12646,100,1086
12647,98,1092
12648,100,1086
12649,96,1086
12650,98,1086
12651,100,1092
12652,100,1100
12653,100,1092
12654,96,1086
12655,100,1098
12656,100,1090
12657,98,1090
12658,100,1082
12659,98,1090
12660,98,1086
12661,98,1090
12662,100,1090
12663,100,1092
12664,100,1078
12665,104,1632
12666,100,1080
12667,100,1090
12668,98,1098
12669,104,1092
12670,100,1088
12671,100,1092
12672,98,1084
12673,104,1098
12674,98,1092
12675,100,1088
12676,98,1086
12677,100,1092
12678,100,1086
12679,98,1090
12680,98,1092
12681,100,1086
12682,98,1086
12683,98,1092
12684,100,1090
12685,98,1098
12686,98,1084
12687,98,1556
12688,100,1100
12689,96,1088
12690,100,1086
12691,102,1086
12692,102,1092
12693,98,1098
12694,98,1084
12695,100,1086
12696,98,1092
12697,100,1094
12698,96,1084
12699,98,1090
12700,100,1086
12701,98,1088
12702,102,1092
12703,100,1082
12704,98,1084
12705,100,1086
12706,98,1084
12707,100,1088
12708,98,1086
12709,100,1638
12710,98,1088
12711,98,1094
12712,100,1092
12713,98,1088
12714,98,1086
12715,98,1082
12716,98,1098
12717,98,1094
12718,96,1084
12719,100,1086
12720,98,1098
12721,98,1040
12722,96,1090
12723,100,1092
12724,100,1092
12725,98,1092
12726,100,1082
12727,100,1088
12728,96,1086
12729,98,1092
12730,98,1084
12731,100,1600
12732,98,1086
12733,98,1092
12734,98,1096
12735,100,1084
12736,100,1086
12737,104,1084
12738,98,1090
12739,98,1094
12740,96,1086
12741,98,1090
12742,102,1086
12743,100,1096
12744,98,1080
12745,100,1086
12746,102,1086
12747,98,1086
12748,96,1092
12749,98,1086
12750,100,1086
12751,100,1082
12752,100,1088
12753,100,1538
12754,98,1084
12755,98,1084
12756,100,1094
12757,98,1102
12758,98,1086
12759,96,1092
12760,100,1092
12761,100,1084
12762,100,1090
12763,102,1092
12764,98,1092
12765,100,1092
12766,98,1086
12767,98,1086
12768,100,1090
12769,100,1096
12770,98,1092
12771,98,1086
12772,98,1086
12773,100,1092
12774,98,1080
12775,100,1564
12776,98,1092
12777,100,1088
12778,100,1090
12779,98,1086
12780,100,1090
12781,98,1086
12782,100,1086
12783,98,1088
12784,100,1086
12785,100,1092
12786,100,1090
12787,98,1086
12788,100,1086
12789,100,1098
12790,98,1086
12791,98,1098
12792,102,1086
12793,98,1092
12794,98,1086
12795,98,1100
12796,98,1086
12797,100,1622
12798,98,1092
12799,100,1090
12800,100,1084
12801,98,1088
12802,100,1092
12803,98,1090
12804,100,1084
12805,98,1092
12806,98,1098
12807,102,1088
12808,98,1080
12809,98,1090
12810,98,1088
12811,100,1092
12812,98,1096
12813,98,1102
12814,98,1086
12815,100,1098
12816,98,1092
12817,98,1088
12818,96,1086
12819,98,1596
12820,98,1084
12821,100,1090
12822,100,1084
12823,100,1092
12824,100,1086
12825,98,1092
12826,98,1092
12827,100,1092
12828,100,1080
12829,100,1094
12830,100,1088
12831,98,1096
12832,98,1092
12833,100,1086
12834,98,1086
12835,100,1090
12836,98,1086
12837,98,1090
12838,100,1082
12839,100,1082
12840,102,1090
12841,100,1562
12842,100,1092
12843,98,1092
12844,98,1090
12845,100,1090
12846,98,1090
12847,98,1090
12848,100,1092
12849,100,1098
12850,98,1080
12851,100,1096
12852,98,1088
12853,98,1100
12854,102,1088
12855,100,1088
12856,96,1086
12857,100,1086
12858,104,1086
12859,100,1088
12860,98,1092
12861,98,1088
12862,98,1096
12863,98,1630
12864,100,1086
12865,100,1088
12866,100,1100
12867,100,1092
12868,100,1084
12869,98,1090
12870,98,1092
12871,100,1092
12872,100,1080
12873,102,1092
12874,98,1086
12875,100,1086
12876,98,1086
12877,100,1098
12878,100,1098
12879,98,1092
12880,102,1082
12881,98,1098
12882,98,1088
12883,100,1092
12884,100,1086
12885,100,1560
12886,98,1088
12887,100,1086
12888,98,1084
12889,94,1092
12890,98,1086
12891,100,1092
12892,98,1082
12893,100,1082
12894,98,1086
12895,98,1092
12896,98,1088
12897,100,1084
12898,96,1084
12899,98,1092
12900,98,1096
12901,100,1098
12902,100,1092
12903,100,1082
12904,100,1078
12905,98,1098
12906,98,1102
12907,98,1604
12908,100,1096
12909,100,1090
12910,100,1086
12911,98,1080
12912,100,1086
12913,98,1084
12914,102,1086
12915,98,1092
12916,98,1086
12917,96,1100
12918,100,1086
12919,98,1082
12920,98,1090
12921,100,1086
12922,100,1082
12923,98,1086
12924,100,1090
12925,100,1090
12926,100,1096
12927,100,1094
12928,100,1620
12929,100,1088
12930,98,1082
12931,98,1086
12932,100,1086
12933,100,1092
12934,100,1102
12935,100,1084
12936,98,1086
12937,98,1098
12938,98,1100
12939,98,1086
12940,100,1086
12941,98,1098
12942,96,1088
12943,98,1088
12944,98,1098
12945,100,1088
12946,98,1084
12947,98,1086
12948,98,1090
12949,98,1088
12950,100,1524
12951,98,1092
12952,98,1090
12953,98,1090
12954,100,1088
12955,100,1090
12956,100,1086
12957,100,1088
12958,98,1088
12959,98,1092
12960,100,1086
12961,98,1086
12962,100,1086
12963,102,1102
12964,102,1086
12965,98,1082
12966,98,1090
12967,96,1090
12968,98,1084
12969,100,1098
12970,102,1092
12971,98,1086
12972,98,1596
12973,98,1088
12974,98,1092
12975,100,1088
12976,98,1088
12977,100,1098
12978,100,1094
12979,100,1096
12980,100,1086
12981,100,1088
12982,98,1084
12983,98,1088
12984,102,1092
12985,98,1086
12986,98,1084
12987,102,1098
12988,98,1086
12989,98,1080
12990,102,1084
12991,98,1090
12992,98,1098
12993,100,1092
12994,98,1542
12995,98,1096
12996,100,1092
12997,96,1092
12998,98,1086
12999,100,1080
13000,100,1088
13001,100,1096
13002,98,1096
13003,98,1094
13004,98,1096
13005,100,1086
13006,100,1086
13007,96,1092
13008,100,1082
13009,96,1088
13010,98,1086
13011,96,1090
13012,98,1092
13013,102,1096
13014,100,1088
13015,100,1098
13016,98,1606
13017,98,1086
13018,100,1092
13019,98,1086
13020,98,1096
13021,100,1082
13022,98,1080
13023,98,1086
13024,100,1088
13025,100,1092
13026,98,1098
13027,100,1088
13028,98,1086
13029,100,1090
13030,96,1086
13031,98,1086
13032,100,1080
13033,96,1082
13034,98,1088
13035,100,1086
13036,100,1096
13037,100,1098
13038,100,1596
13039,100,1080
13040,96,1088
13041,100,1088
13042,100,1092
13043,98,1088
13044,102,1090
13045,96,1032
13046,100,1080
13047,100,1086
13048,100,1090
13049,100,1084
13050,100,1084
13051,98,1086
13052,100,1092
13053,98,1092
13054,96,1080
13055,98,1090
13056,100,1086
13057,100,1084
13058,100,1082
13059,100,1084
13060,98,1636
13061,98,1080
13062,100,1086
13063,98,1090
13064,98,1078
13065,98,1086
13066,100,1086
13067,100,1086
13068,98,1080
13069,100,1092
13070,100,1086
13071,98,1092
13072,100,1086
13073,96,1086
13074,98,1098
13075,98,1086
13076,98,1086
13077,102,1098
13078,100,1088
13079,100,1090
13080,100,1086
13081,98,1098
13082,98,1602
13083,100,1086
13084,100,1090
13085,100,1088
13086,100,1092
13087,98,1078
13088,100,1090
13089,100,1086
13090,100,1088
13091,100,1098
13092,100,1100
13093,98,1086
13094,98,1090
13095,100,1086
13096,98,1080
13097,100,1090
13098,100,1090
13099,96,1084
13100,98,1086
13101,98,1086
13102,98,1092
13103,100,1086
13104,100,1578
13105,98,1088
13106,98,1090
13107,100,1084
13108,98,1088
13109,102,1092
13110,98,1088
13111,98,1088
13112,98,1090
13113,100,1100
13114,98,1080
13115,100,1086
13116,98,1092
13117,100,1082
13118,100,1084
13119,98,1086
13120,98,1094
13121,100,1086
13122,100,1084
13123,98,1086
13124,100,1086
13125,98,1092
13126,100,1096
13127,98,1590
13128,100,1094
13129,98,1086
13130,100,1086
13131,100,1086
13132,98,1092
13133,100,1096
13134,100,1086
13135,100,1092
13136,100,1086
13137,100,1088
13138,100,1090
13139,98,1092
13140,98,1084
13141,98,1092
13142,100,1086
13143,100,1092
13144,98,1098
13145,100,1092
13146,100,1080
13147,100,1092
13148,98,1090
13149,98,1638
13150,98,1086
13151,96,1092
13152,100,1092
13153,100,1092
13154,100,1086
13155,98,1086
13156,100,1092
13157,102,1080
13158,102,1086
13159,100,1080
13160,100,1082
13161,98,1086
13162,100,1082
13163,98,1098
13164,104,1086
13165,96,1090
13166,96,1098
13167,100,1094
13168,100,1080
13169,96,1092
13170,98,1092
13171,100,1618
13172,100,1086
13173,98,1092
13174,102,1092
13175,96,1098
13176,100,1092
13177,98,1104
13178,100,1086
13179,100,1092
13180,100,1098
13181,100,1086
13182,96,1092
13183,102,1096
13184,100,986
13185,100,1090
13186,96,1080
13187,96,1086
13188,98,1090
13189,100,1088
13190,98,1084
13191,100,1092
13192,98,1096
13193,100,1080
13194,100,1628
13195,100,1086
13196,98,1082
13197,98,1090
13198,98,1086
13199,100,1092
13200,102,1080
13201,100,1086
13202,98,1086
13203,98,1080
13204,100,1086
13205,104,1100
13206,98,1092
13207,100,1088
13208,98,1090
13209,100,1100
13210,100,1092
13211,100,1094
13212,98,1090
13213,98,1102
13214,100,1082
13215,98,1094
13216,98,1588
13217,98,1082
13218,98,1088
13219,100,1090
13220,98,1092
13221,100,1088
13222,98,1088
13223,100,1090
13224,98,1084
13225,98,1092
13226,98,1086
13227,100,1090
13228,98,1086
13229,98,1092
13230,100,1100
13231,98,1086
13232,98,1092
13233,98,1088
13234,98,1092
13235,98,1086
13236,98,1086
13237,100,1090
13238,98,1562
13239,100,1088
13240,98,1086
13241,98,1092
13242,100,1090
13243,98,1080
13244,100,1080
13245,102,1092
13246,100,1094
13247,100,1086
13248,96,1092
13249,100,1086
13250,98,1090
13251,100,1086
13252,98,1092
13253,102,1104
13254,100,1092
13255,100,1092
13256,100,1090
13257,100,1082
13258,98,1096
13259,98,1092
13260,98,1592
13261,98,1094
13262,98,1088
13263,98,1086
13264,98,1090
13265,98,1086
13266,100,1090
13267,100,1082
13268,100,1080
13269,100,1098
13270,98,1090
13271,98,1084
13272,100,1082
13273,102,1086
13274,98,1096
13275,102,1086
13276,100,1086
13277,100,1032
13278,100,1086
13279,98,1084
13280,100,1622
13281,98,1098
13282,102,1086
13283,100,1090
13284,100,1084
13285,102,1096
13286,100,1080
13287,98,1090
13288,98,1090
13289,104,1088
13290,102,1082
13291,96,1088
13292,100,1082
13293,98,1092
13294,98,1080
13295,100,1090
13296,98,1094
13297,98,1096
13298,100,1086
13299,100,1094
13300,100,1092
13301,98,1086
13302,98,1624
13303,100,1092
13304,96,1088
13305,98,1090
13306,100,1090
13307,100,1086
13308,98,1086
13309,100,1088
13310,100,1084
13311,98,1092
13312,104,1096
13313,100,1094
13314,96,1088
13315,100,1088
13316,106,1090
13317,108,1096
13318,98,1084
13319,100,1094
13320,100,1090
13321,100,1090
13322,100,1090
13323,100,1018
13324,98,1580
13325,100,1088
13326,98,1092
13327,102,1092
13328,98,1084
13329,98,1084
13330,102,1086
13331,98,1098
13332,98,1082
13333,98,1092
13334,98,1092
13335,96,1086
13336,98,1098
13337,100,1098
13338,100,1086
13339,98,1092
13340,98,1080
13341,98,1088
13342,100,1088
13343,100,1086
13344,98,1088
13345,98,1092
13346,102,1600
13347,100,1086
13348,98,1086
13349,98,1088
13350,100,1084
13351,98,1082
13352,96,1092
13353,100,1088
13354,100,1088
13355,96,1084
13356,98,1090
13357,100,1088
13358,98,1084
13359,104,1088
13360,100,1086
13361,102,1090
13362,102,1086
13363,100,1084
13364,98,1086
13365,100,1102
13366,100,1092
13367,98,1090
13368,100,1572
13369,100,1098
13370,100,1098
13371,100,1080
13372,98,1086
13373,102,1098
13374,102,1088
13375,98,1092
13376,98,1094
13377,100,1096
13378,98,1086
13379,98,1094
13380,98,1086
13381,100,1096
13382,100,1092
13383,100,1082
13384,98,1092
13385,100,1086
13386,100,1090
13387,98,1100
13388,100,1090
13389,98,1112
13390,100,1636
13391,98,1088
13392,98,1094
13393,98,1092
13394,98,1086
13395,102,1094
13396,100,1094
13397,100,1090
13398,102,1086
13399,98,1092
13400,98,1086
13401,102,1092
13402,100,1090
13403,98,1084
13404,98,1086
13405,98,1092
13406,100,1092
13407,98,1080
13408,100,1086
13409,98,1086
13410,98,1084
13411,100,1084
13412,104,1630
13413,100,1092
13414,98,1086
13415,98,1084
13416,98,1088
13417,102,1098
13418,100,1082
13419,98,1086
13420,98,1088
13421,98,1094
13422,98,1088
13423,96,1086
13424,100,1082
13425,100,1086
13426,98,1090
13427,96,1092
13428,100,1080
13429,98,1086
13430,98,1090
13431,100,1084
13432,98,1086
13433,98,1090
13434,98,1588
13435,98,1084
13436,100,1086
13437,100,1088
13438,98,1090
13439,98,1082
13440,100,1092
13441,100,1094
13442,100,1092
13443,98,1096
13444,100,1082
13445,100,1092
13446,100,1086
13447,98,1092
13448,98,1090
13449,102,1096
13450,100,1092
13451,98,1086
13452,102,1084
13453,100,1090
13454,98,1086
13455,98,1630
13456,98,1092
13457,98,1094
13458,100,1090
13459,98,1088
13460,96,1090
13461,100,1088
13462,98,1084
13463,98,1088
13464,98,1086
13465,100,1088
13466,104,1090
13467,98,1084
13468,98,1080
13469,104,1098
13470,100,1088
13471,100,1084
13472,100,1092
13473,98,1086
13474,96,1086
13475,98,1088
13476,100,1596
13477,98,1088
13478,100,1080
13479,98,1082
13480,96,1088
13481,102,1088
13482,98,1092
13483,98,1092
13484,100,1092
13485,100,1098
13486,98,1096
13487,100,1096
13488,100,1098
13489,94,1094
13490,96,1096
13491,100,1086
13492,100,1082
13493,100,1092
13494,100,1092
13495,100,1092
13496,104,1086
13497,98,1090
13498,98,1088
13499,98,1524
13500,100,1094
13501,100,1086
13502,98,1096
13503,100,1088
13504,102,1090
13505,98,1086
13506,98,1084
13507,98,1082
13508,100,964
13509,98,1086
13510,100,1086
13511,106,1088
13512,104,1098
13513,100,1096
13514,98,1086
13515,98,1088
13516,98,1086
13517,98,1086
13518,100,1090
13519,98,1092
13520,100,1104
13521,98,1086
13522,98,1558
13523,100,1086
13524,98,1096
13525,100,1088
13526,98,1086
13527,100,1092
13528,98,1090
13529,100,1090
13530,98,1090
13531,100,1086
13532,98,1082
13533,100,1090
13534,100,1100
13535,100,1086
13536,102,1086
13537,102,1096
13538,102,1092
13539,98,1098
13540,98,1084
13541,100,1088
13542,98,1088
13543,98,1086
13544,102,1566
13545,100,1088
13546,100,1082
13547,100,1080
13548,102,1086
13549,100,1092
13550,98,1086
13551,100,1084
13552,98,1086
13553,100,1096
13554,102,1080
13555,100,1096
13556,98,1092
13557,98,1088
13558,98,1098
13559,98,1092
13560,98,1086
13561,100,1094
13562,98,1086
13563,100,1088
13564,100,1082
13565,100,1088
13566,98,1632
13567,98,1092
13568,98,1084
13569,98,1086
13570,100,1090
13571,100,1084
13572,100,1086
13573,100,1098
13574,102,1096
13575,98,1080
13576,100,1092
13577,98,1086
13578,100,1098
13579,98,964
13580,98,902
13581,98,824
13582,98,858
13583,106,840
13584,100,826
13585,98,972
13586,98,978
13587,106,974
13588,94,970
13589,98,970
13590,100,972
13591,102,976
13592,100,970
13593,98,1442
13594,96,966
13595,100,976
13596,98,966
13597,100,966
13598,100,972
13599,100,972
13600,98,974
13601,98,856
13602,98,970
13603,98,968
13604,100,972
13605,98,968
13606,100,970
13607,100,974
13608,100,966
13609,98,966
13610,98,1440
13611,100,972
13612,100,972
13613,100,964
13614,102,970
13615,98,972
13616,96,970
13617,98,962
13618,102,976
13619,98,1434
13620,98,972
13621,98,972
13622,98,968
13623,100,972
13624,98,968
13625,104,974
13626,98,974
13627,102,972
13628,98,1506
13629,98,966
13630,98,962
13631,100,978
13632,100,972
13633,100,962
13634,98,966
13635,100,970
13636,98,964
13637,98,1496
13638,98,968
13639,150,1340
13640,148,1014
13641,150,1016
13642,150,1118
13643,146,970
13644,98,1498
13645,98,966
13646,98,976
13647,102,974
13648,98,986
13649,102,972
13650,100,966
13651,98,966
13652,96,922
13653,100,966
13654,96,834
13655,102,972
13656,100,972
13657,98,974
13658,98,966
13659,102,968
13660,96,964
13661,102,1440
13662,98,980
13663,108,988
13664,98,984
13665,102,978
13666,98,986
13667,102,984
13668,98,990
13669,102,978
13670,98,988
13671,102,1196
13672,98,982
13673,102,982
13674,98,992
13675,98,1006
13676,102,996
13677,96,1000
13678,100,1000
13679,102,994
13680,98,998
13681,92,884
13682,98,1002
13683,98,1088
13684,100,1514
13685,98,1500
13686,98,1496
13687,98,1288
13688,98,1438
13689,102,1268
13690,100,1446
13691,98,1270
13692,100,1350
13693,102,1318
13694,100,1438
13695,102,1286
13696,98,1350
13697,102,1446
13698,98,1284
13699,102,1282
13700,100,1146
13701,102,1158
13702,100,1156
13703,102,1128
13704,98,1144
13705,96,1144
13706,100,1150
13707,100,1132
13708,100,1156
13709,100,1134
13710,102,1154
13711,102,1190
13712,98,1086
13713,104,1090
13714,98,1086
13715,102,1084
13716,100,1086
13717,102,1088
13718,100,1082
13719,98,1090
13720,100,1092
13721,104,1086
13722,98,1082
13723,98,1088
13724,96,1086
13725,104,1090
13726,98,1086
13727,102,1088
13728,98,1088
13729,100,1082
13730,98,1090
13731,100,1088
13732,96,1088
13733,106,1086
13734,100,1566
13735,100,1086
13736,98,1082
13737,98,1086
13738,96,1086
13739,100,1086
13740,102,1086
13741,102,1088
13742,100,1084
13743,102,1090
13744,100,1086
13745,102,1090
13746,102,1086
13747,100,1084
13748,96,1086
13749,102,1094
13750,98,1096
13751,98,1086
13752,100,1086
13753,98,1086
13754,98,1088
13755,102,1090
13756,94,1590
13757,102,1082
13758,98,1086
13759,102,1094
13760,100,1090
13761,100,1086
13762,102,1088
13763,104,1096
13764,100,1092
13765,106,1086
13766,98,1086
13767,100,1086
13768,100,1098
13769,100,1088
13770,96,1096
13771,100,1086
13772,100,1086
13773,102,1094
13774,98,1082
13775,100,1086
13776,102,1092
13777,102,1100
13778,98,1082
13779,96,1558
13780,98,1086
13781,100,1082
13782,100,1098
13783,104,1086
13784,96,1086
13785,102,1084
13786,100,1088
13787,102,1098
13788,98,1088
13789,102,1084
13790,98,1092
13791,100,1088
13792,96,1092
13793,102,1098
13794,98,1098
13795,102,1098
13796,98,1088
13797,100,1090
13798,100,1090
13799,102,1092
13800,100,1080
13801,104,1548
13802,98,1092
13803,102,1086
13804,98,1080
13805,102,1092
13806,98,1092
13807,102,1082
13808,100,1084
13809,98,1098
13810,102,1082
13811,102,1092
13812,96,1092
13813,102,1086
13814,98,1082
13815,98,1088
13816,98,1080
13817,102,1094
13818,100,1090
13819,98,1086
13820,98,1036
13821,102,1082
13822,98,1080
13823,102,1086
13824,100,1552
13825,100,1088
13826,100,1086
13827,100,1090
13828,100,1086
13829,98,1084
13830,100,1096
13831,98,1088
13832,100,1088
13833,100,1090
13834,92,1092
13835,100,1092
13836,98,1084
13837,102,1088
13838,100,1080
13839,98,1088
13840,100,1086
13841,98,1086
13842,100,1084
13843,100,1092
13844,96,1088
13845,100,1092
13846,100,1616
13847,98,1086
13848,100,1092
13849,102,1108
13850,100,1092
13851,102,1090
13852,100,1092
13853,98,1084
13854,98,1092
13855,98,1092
13856,100,1090
13857,102,1092
13858,100,1092
13859,102,1090
13860,98,1090
13861,98,1094
13862,98,1092
13863,100,1090
13864,98,1086
13865,106,1086
13866,98,1094
13867,102,1084
13868,102,1596
13869,98,1092
13870,96,1094
13871,102,1086
13872,98,1088
13873,102,1092
13874,100,1084
13875,98,1078
13876,100,1088
13877,98,1080
13878,100,1090
13879,102,1092
13880,98,1094
13881,100,1090
13882,102,1084
13883,102,1098
13884,98,1088
13885,98,1088
13886,100,1088
13887,102,1092
13888,100,1086
13889,102,1080
13890,100,1588
13891,102,1088
13892,100,1098
13893,102,1084
13894,98,1088
13895,100,1080
13896,100,1084
13897,100,1080
13898,98,1092
13899,98,1086
13900,98,1082
13901,100,1090
13902,96,1096
13903,102,1082
13904,102,1082
13905,102,1094
13906,102,1098
13907,108,1092
13908,100,1088
13909,100,1096
13910,100,1100
13911,104,1088
13912,98,1594
13913,104,1082
13914,98,1084
13915,100,1080
13916,98,1092
13917,100,1086
13918,98,1096
13919,100,1094
13920,100,1082
13921,100,1082
13922,98,1098
13923,100,1094
13924,98,1082
13925,102,1090
13926,100,1086
13927,102,1086
13928,100,1090
13929,102,1088
13930,98,1086
13931,100,1088
13932,100,1086
13933,100,1094
13934,100,1080
13935,98,1530
13936,98,1080
13937,98,1092
13938,96,1086
13939,102,1080
13940,98,1102
13941,102,1090
13942,98,1084
13943,106,1082
13944,102,1092
13945,102,1086
13946,100,1088
13947,98,1090
13948,98,1086
13949,102,1080
13950,102,1086
13951,100,1092
13952,102,1090
13953,102,1098
13954,98,1092
13955,102,1090
13956,98,1086
13957,98,1626
13958,98,1092
13959,100,1096
13960,100,1086
13961,100,1086
13962,98,1092
13963,102,1082
13964,100,1088
13965,104,1094
13966,100,1108
13967,98,1096
13968,98,1084
13969,100,1092
13970,98,1098
13971,102,1986
13972,100,1092
13973,98,1090
13974,98,1086
13975,96,1612
13976,100,1090
13977,102,1088
13978,98,1100
13979,102,1088
13980,98,1090
13981,102,1094
13982,100,1092
13983,100,1090
13984,98,1086
13985,102,1088
13986,102,1092
13987,102,1086
13988,100,1090
13989,96,1090
13990,98,1088
13991,98,1098
13992,98,1088
13993,108,1098
13994,98,1098
13995,98,1084
13996,100,1612
13997,98,1094
13998,98,1096
13999,102,1084
14000,102,1092
14001,100,1086
14002,98,1084
14003,102,1084
14004,100,1088
14005,102,1096
14006,100,1092
14007,98,1090
14008,100,1092
14009,102,1082
14010,96,1082
14011,100,1086
14012,100,1088
14013,100,1086
14014,98,1092
14015,104,1088
14016,98,1086
14017,102,1082
14018,100,1606
14019,96,1088
14020,98,1086
14021,98,1082
14022,98,1088
14023,100,1092
14024,98,1090
14025,102,1096
14026,102,1092
14027,102,1090
14028,98,1092
14029,102,1090
14030,100,1086
14031,98,1082
14032,100,1092
14033,102,1088
14034,100,1094
14035,102,1084
14036,100,1096
14037,100,1084
14038,98,1086
14039,98,1090
14040,98,1100
14041,102,1584
14042,98,1084
14043,98,1086
14044,100,1088
14045,98,1084
14046,98,1084
14047,104,1100
14048,98,1092
14049,98,1082
14050,102,1086
14051,104,1098
14052,100,1088
14053,102,1088
14054,100,1088
14055,98,1092
14056,98,1082
14057,102,1086
14058,100,1092
14059,102,1092
14060,98,1094
14061,106,1094
14062,100,1092
14063,102,1538
14064,98,1082
14065,102,1086
14066,98,1086
14067,100,1092
14068,98,1092
14069,98,1096
14070,100,1084
14071,102,1082
14072,98,1086
14073,102,1086
14074,100,1098
14075,98,1092
14076,98,1098
14077,102,1098
14078,100,1094
14079,100,1082
14080,102,1086
14081,102,1082
14082,100,1110
14083,102,1090
14084,98,1646
14085,102,1086
14086,100,1086
14087,98,1100
14088,98,1086
14089,102,1080
14090,98,1088
14091,100,1092
14092,100,1092
14093,98,1094
14094,102,1094
14095,102,1098
14096,100,1092
14097,98,1090
14098,100,1084
14099,98,1078
14100,98,1092
14101,102,1096
14102,98,1084
14103,98,1086
14104,100,1092
14105,102,1092
14106,100,1622
14107,98,1086
14108,98,1088
14109,102,1086
14110,100,1090
14111,102,1086
14112,102,1096
14113,102,1078
14114,98,1078
14115,100,1090
14116,98,1086
14117,100,1080
14118,100,1102
14119,100,1098
14120,98,1088
14121,102,1080
14122,98,1100
14123,100,1084
14124,100,1092
14125,102,1096
14126,100,1098
14127,98,1090
14128,100,1628
14129,100,1092
14130,100,1086
14131,102,1084
14132,98,1086
14133,98,1092
14134,100,1084
14135,100,1082
14136,100,1098
14137,100,1092
14138,98,1086
14139,98,1094
14140,100,1086
14141,102,1086
14142,100,1088
14143,102,1090
14144,100,1088
14145,100,1088
14146,100,1086
14147,100,1098
14148,98,1098
14149,98,1092
14150,98,1596
14151,98,1088
14152,98,1088
14153,102,1090
14154,100,1082
14155,98,1092
14156,98,1094
14157,102,1092
14158,100,1104
14159,102,1084
14160,100,1082
14161,102,1088
14162,98,1088
14163,98,1080
14164,98,1086
14165,102,1088
14166,102,1092
14167,100,1092
14168,100,1088
14169,100,1098
14170,100,1082
14171,104,1084
14172,100,1584
14173,98,1088
14174,100,1080
14175,98,1100
14176,100,1094
14177,102,1088
14178,100,1086
14179,98,1086
14180,98,1086
14181,102,1090
14182,98,1098
14183,100,1094
14184,100,1086
14185,102,1088
14186,98,1080
14187,100,1080
14188,96,1092
14189,102,1088
14190,100,1086
14191,102,1088
14192,98,1092
14193,102,1098
14194,100,1610
14195,100,1086
14196,98,1082
14197,102,1080
14198,100,1088
14199,102,1086
14200,100,1086
14201,104,1086
14202,100,1080
14203,100,1094
14204,100,1092
14205,98,1088
14206,100,1082
14207,102,1084
14208,98,1092
14209,102,1088
14210,100,1098
14211,102,1094
14212,98,1082
14213,98,1096
14214,100,1092
14215,100,1098
14216,98,1580
14217,102,1098
14218,98,1092
14219,98,1090
14220,98,1088
14221,98,1084
14222,98,1092
14223,104,1088
14224,98,1082
14225,102,1094
14226,100,1094
14227,96,1092
14228,98,1096
14229,102,1092
14230,98,1092
14231,102,1094
14232,100,1084
14233,102,1086
14234,100,1082
14235,102,1096
14236,98,1090
14237,102,1052
14238,98,1596
14239,102,1086
14240,98,1086
14241,98,1096
14242,100,1086
14243,102,1086
14244,98,1086
14245,100,1080
14246,100,1092
14247,98,1094
14248,100,1090
14249,98,1076
14250,98,1086
14251,98,1092
14252,94,1082
14253,98,1086
14254,102,1088
14255,98,1092
14256,100,1082
14257,98,1088
14258,98,1086
14259,98,1086
14260,96,1080
14261,96,1604
14262,98,1090
14263,102,1086
14264,98,1082
14265,102,1086
14266,98,1092
14267,102,1090
14268,100,1098
14269,98,1098
14270,98,1082
14271,102,1092
14272,98,1086
14273,100,1092
14274,92,1080
14275,100,1086
14276,98,1082
14277,102,1088
14278,98,1084
14279,100,1090
14280,98,1086
14281,102,1088
14282,98,1100
14283,102,972
14284,100,1402
14285,102,1086
14286,98,1086
14287,102,1090
14288,100,1086
14289,98,1092
14290,100,1088
14291,96,1092
14292,98,1086
14293,102,1100
14294,98,1086
14295,98,1094
14296,100,1092
14297,102,1084
14298,100,1632
14299,100,1088
14300,104,1098
14301,98,1092
14302,98,1088
14303,98,1086
14304,100,1092
14305,98,1090
14306,100,1090
14307,102,1088
14308,100,1086
14309,96,1090
14310,100,1096
14311,98,1084
14312,102,1090
14313,100,1086
14314,100,1092
14315,98,1090
14316,98,1098
14317,100,1090
14318,100,1092
14319,98,1090
14320,100,1582
14321,102,1092
14322,100,1088
14323,98,1092
14324,98,1086
14325,100,1086
14326,100,1102
14327,98,1090
14328,98,1098
14329,100,1070
14330,102,1092
14331,100,1096
14332,100,1092
14333,100,1098
14334,100,1096
14335,98,1084
14336,102,1090
14337,100,1090
14338,98,1096
14339,100,1082
14340,104,1090
14341,100,1086
14342,104,1584
14343,98,1084
14344,100,1086
14345,104,1082
14346,100,1092
14347,100,1086
14348,100,1096
14349,98,1094
14350,98,1090
14351,100,1088
14352,98,1096
14353,100,1086
14354,102,1096
14355,98,1086
14356,100,1092
14357,98,1088
14358,100,1092
14359,98,1084
14360,104,1090
14361,96,1086
14362,98,1098
14363,98,1080
14364,102,1596
14365,100,1088
14366,102,1088
14367,100,1080
14368,100,1086
14369,102,1086
14370,100,1096
14371,102,1080
14372,102,1098
14373,100,1086
14374,100,1096
14375,100,1086
14376,98,1090
14377,98,1086
14378,102,1082
14379,98,1092
14380,100,1096
14381,94,1086
14382,100,1092
14383,100,1086
14384,102,1088
14385,98,1090
14386,96,1568
14387,100,1086
14388,100,1080
14389,98,1086
14390,102,1084
14391,98,1090
14392,102,1094
14393,98,1084
14394,98,1096
14395,96,1090
14396,98,1088
14397,100,1090
14398,98,1098
14399,100,1086
14400,98,1092
14401,98,1092
14402,102,1092
14403,98,1086
14404,100,1102
14405,98,1082
14406,100,1082
14407,102,1090
14408,102,1638
14409,100,1082
14410,98,1082
14411,98,1088
14412,100,1100
14413,100,1088
14414,100,1096
14415,100,1090
14416,96,1092
14417,98,1082
14418,98,1082
14419,102,1102
14420,100,1092
14421,98,1090
14422,100,1092
14423,100,1086
14424,100,1092
14425,98,1088
14426,98,1098
14427,98,1084
14428,100,1094
14429,98,1092
14430,98,1566
14431,98,1084
14432,102,1088
14433,98,1090
14434,100,1092
14435,100,1088
14436,98,1086
14437,100,1088
14438,100,1086
14439,98,1088
14440,98,1094
14441,100,1090
14442,96,1088
14443,104,1086
14444,102,1098
14445,98,1090
14446,98,1082
14447,98,1090
14448,98,1082
14449,100,1080
14450,100,1098
14451,100,1088
14452,98,1096
14453,100,1602
14454,98,1086
14455,98,1086
14456,102,1090
14457,100,1086
14458,100,1092
14459,98,1092
14460,100,1090
14461,98,1088
14462,100,1088
14463,96,1086
14464,98,1088
14465,102,1086
14466,100,1098
14467,98,1084
14468,104,992
14469,100,1092
14470,98,1090
14471,100,1086
14472,98,1090
14473,98,1090
14474,100,1086
14475,102,1542
14476,96,1092
14477,100,1088
14478,100,1084
14479,98,1086
14480,96,1098
14481,102,1086
14482,98,1092
14483,102,1092
14484,100,1086
14485,98,1080
14486,100,1086
14487,98,1088
14488,98,1090
14489,100,1094
14490,98,1086
14491,98,1088
14492,100,1092
14493,102,1086
14494,98,1090
14495,98,1086
14496,98,1088
14497,100,1602
14498,100,1098
14499,100,1084
14500,100,1088
14501,100,1088
14502,100,1098
14503,100,1090
14504,98,1092
14505,98,1096
14506,100,1084
14507,98,1086
14508,98,1082
14509,98,1086
14510,98,1088
14511,100,1090
14512,102,1092
14513,100,1086
14514,100,1086
14515,102,1092
14516,98,1090
14517,98,1086
14518,104,1086
14519,102,1580
14520,100,1086
14521,98,1094
14522,100,1084
14523,100,1096
14524,96,1082
14525,98,1086
14526,100,1092
14527,100,1082
14528,98,1098
14529,102,1098
14530,98,1104
14531,100,1090
14532,98,1094
14533,98,1092
14534,98,1098
14535,96,1086
14536,100,1092
14537,100,1090
14538,98,1092
14539,100,1080
14540,100,1092
14541,102,1554
14542,100,1088
14543,100,1094
14544,98,1090
14545,98,1098
14546,98,1092
14547,100,1114
14548,102,1100
14549,98,1084
14550,100,1094
14551,98,1092
14552,98,1098
14553,102,1092
14554,102,1092
14555,100,1086
14556,94,1092
14557,98,1078
14558,98,1094
14559,102,1084
14560,102,1092
14561,98,1086
14562,100,1638
14563,102,1092
14564,98,1082
14565,102,1088
14566,102,1092
14567,100,1090
14568,100,1088
14569,98,1088
14570,98,1094
14571,100,1088
14572,102,1092
14573,100,1088
14574,98,1086
14575,98,1082
14576,100,1098
14577,102,1094
14578,98,1096
14579,100,1084
14580,98,1090
14581,94,1088
14582,100,1086
14583,100,1084
14584,102,1092
14585,98,1536
14586,100,1092
14587,98,1088
14588,100,1094
14589,100,1086
14590,104,1086
14591,100,1092
14592,98,1094
14593,98,1086
14594,100,1096
14595,100,1086
14596,102,1092
14597,98,1086
14598,106,1100
14599,102,1084
14600,100,1092
14601,98,1086
14602,98,1098
14603,98,1082
14604,98,1094
14605,100,1090
14606,100,1092
14607,98,960
14608,104,1368
14609,98,1088
14610,98,1086
14611,100,1086
14612,96,1102
14613,102,1086
14614,102,1092
14615,100,1092
14616,100,1098
14617,100,1086
14618,98,1086
14619,98,1090
14620,100,1088
14621,98,1092
14622,96,1092
14623,98,1080
14624,100,1084
14625,102,1082
14626,100,1098
14627,100,1086
14628,100,1082
14629,98,1304
14630,100,1626
14631,98,1098
14632,100,1086
14633,98,1098
14634,100,1086
14635,102,1086
14636,100,1092
14637,102,1090
14638,102,1094
14639,100,1086
14640,98,1098
14641,96,1082
14642,98,1092
14643,102,1082
14644,100,1090
14645,100,1080
14646,100,1098
14647,104,1088
14648,100,1098
14649,98,1086
14650,100,1086
14651,98,1592
14652,98,1092
14653,98,1092
14654,102,1084
14655,98,1086
14656,102,1086
14657,100,1082
14658,100,1092
14659,100,1086
14660,96,1090
14661,98,1084
14662,102,1094
14663,98,1086
14664,98,1082
14665,98,1092
14666,100,1088
14667,100,1084
14668,102,1086
14669,102,1090
14670,100,1098
14671,104,1088
14672,102,1088
14673,102,1626
14674,98,1084
14675,100,1098
14676,98,1086
14677,98,1098
14678,100,1088
14679,98,1092
14680,100,1098
14681,98,1082
14682,98,1092
14683,102,1088
14684,102,1090
14685,100,1080
14686,100,1088
14687,100,1090
14688,98,1092
14689,100,1084
14690,100,1096
14691,102,1086
14692,100,1092
14693,100,1090
14694,98,1098
14695,100,1580
14696,98,1088
14697,98,1092
14698,102,1098
14699,100,1086
14700,98,1086
14701,98,1086
14702,98,1098
14703,100,1090
14704,100,1088
14705,100,1092
14706,100,1088
14707,108,1084
14708,100,1090
14709,98,1086
14710,102,1082
14711,98,1088
14712,100,1092
14713,100,1082
14714,96,1086
14715,98,1086
14716,100,1088
14717,98,1568
14718,100,1086
14719,98,1098
14720,98,1088
14721,98,1086
14722,102,1088
14723,100,1092
14724,98,1088
14725,104,1092
14726,100,1090
14727,100,1090
14728,102,1096
14729,98,1088
14730,98,1100
14731,102,1086
14732,100,1088
14733,100,1092
14734,102,1100
14735,100,1088
14736,96,1090
14737,98,1092
14738,94,1098
14739,98,1566
14740,98,1100
14741,98,1086
14742,98,1084
14743,100,1086
14744,98,1092
14745,100,1086
14746,102,982
14747,100,1088
14748,98,1094
14749,98,1098
14750,96,1092
14751,98,1088
14752,102,1090
14753,100,1086
14754,100,1088
14755,100,1086
14756,96,1086
14757,102,1104
14758,98,1088
14759,98,1092
14760,98,1092
14761,98,1622
14762,98,1104
14763,98,1080
14764,100,1092
14765,98,1092
14766,98,1092
14767,102,1082
14768,98,1092
14769,98,1086
14770,100,1086
14771,100,1084
14772,100,1100
14773,98,1094
14774,100,1088
14775,98,1086
14776,102,1082
14777,98,1088
14778,102,1080
14779,102,1082
14780,96,1092
14781,96,1080
14782,102,1084
14783,98,1094
14784,100,1554
14785,100,1084
14786,98,1098
14787,100,1090
14788,102,1090
14789,98,1090
14790,100,1110
14791,102,1084
14792,98,1088
14793,100,1084
14794,100,1100
14795,100,1090
14796,100,1094
14797,98,1084
14798,96,1086
14799,102,1090
14800,102,1094
14801,98,1088
14802,98,1084
14803,96,1094
14804,100,1098
14805,102,1096
14806,102,1542
14807,98,1088
14808,98,1096
14809,98,1098
14810,100,1090
14811,98,1080
14812,100,1086
14813,100,1084
14814,98,1096
14815,102,1090
14816,96,1096
14817,102,1086
14818,102,1092
14819,100,1090
14820,98,1094
14821,100,1088
14822,100,1086
14823,98,1090
14824,102,1092
14825,102,1088
14826,100,1086
14827,102,1086
14828,100,1620
14829,98,1086
14830,98,1088
14831,100,1090
14832,98,1092
14833,102,1088
14834,98,1086
14835,100,1096
14836,100,1090
14837,98,1088
14838,100,1090
14839,98,1096
14840,104,1092
14841,98,1086
14842,100,1086
14843,98,1098
14844,100,1086
14845,98,1086
14846,98,1084
14847,102,1084
14848,100,1090
14849,98,1086
14850,100,1576
14851,98,1112
14852,100,1086
14853,98,1076
14854,100,1040
14855,98,1098
14856,100,1088
14857,100,1080
14858,100,1086
14859,98,1086
14860,108,1092
14861,100,1090
14862,100,1096
14863,102,1086
14864,96,1094
14865,100,1086
14866,98,1098
14867,98,1086
14868,100,1098
14869,100,1086
14870,98,1088
14871,100,1082
14872,100,1576
14873,98,1084
14874,100,1094
14875,98,1086
14876,98,1094
14877,102,1086
14878,102,1092
14879,98,1090
14880,100,1098
14881,98,1086
14882,98,1092
14883,100,1086
14884,100,1098
14885,100,1092
14886,100,1088
14887,102,1082
14888,98,1096
14889,100,1086
14890,102,1098
14891,98,1086
14892,100,1084
14893,98,1096
14894,98,1608
14895,98,1086
14896,98,1090
14897,98,1090
14898,98,1102
14899,102,1086
14900,100,1092
14901,102,1086
14902,98,1086
14903,98,1092
14904,100,1088
14905,100,1090
14906,96,1092
14907,98,1096
14908,98,1088
14909,98,1086
14910,100,1086
14911,100,1090
14912,98,1086
14913,100,1086
14914,100,1090
14915,100,1092
14916,98,1626
14917,98,1088
14918,98,1090
14919,98,1086
14920,98,1092
14921,98,1092
14922,98,1086
14923,100,1092
14924,100,1082
14925,102,1090
14926,102,1092
14927,100,1090
14928,98,1096
14929,98,1088
14930,98,1084
14931,100,978
14932,98,1096
14933,100,1086
14934,98,1086
14935,98,1078
14936,98,1090
14937,98,1086
14938,102,1602
14939,100,1090
14940,98,1088
14941,100,1090
14942,98,1090
14943,100,1096
14944,98,1096
14945,100,1098
14946,98,1086
14947,100,1080
14948,100,1092
14949,98,1084
14950,98,1096
14951,100,1088
14952,98,1086
14953,98,1092
14954,98,1086
14955,102,1090
14956,102,1038
14957,102,1086
14958,98,1098
14959,102,1082
14960,98,1092
14961,100,1616
14962,102,1088
14963,98,1090
14964,100,1086
14965,98,1084
14966,98,1090
14967,102,1086
14968,100,1086
14969,98,1092
14970,100,1084
14971,102,1098
14972,100,1092
14973,102,1084
14974,102,1086
14975,98,1098
14976,96,1088
14977,98,1086
14978,98,1080
14979,100,1086
14980,102,1088
14981,98,1092
14982,100,1108
14983,98,1088
14984,100,1574
14985,100,1086
14986,100,1092
14987,98,1092
14988,102,1086
14989,100,1088
14990,98,1086
14991,102,1090
14992,102,1086
14993,98,1090
14994,98,1098
14995,102,1088
14996,100,1086
14997,98,1086
14998,102,1092
14999,100,1110
15000,100,1092
15001,98,1086
15002,98,1090
15003,100,1082
15004,98,1096
15005,100,1632
15006,98,1104
15007,98,1084
15008,100,1100
15009,102,1092
15010,102,1088
15011,100,1090
15012,100,1086
15013,100,1086
15014,96,1086
15015,98,1086
15016,98,1110
15017,98,1086
15018,98,1090
15019,102,1102
15020,98,1086
15021,102,1094
15022,108,1086
15023,100,1086
15024,98,1092
15025,96,1092
15026,104,1088
15027,100,1084
15028,100,1616
15029,98,1092
15030,100,1086
15031,100,1090
15032,100,1088
15033,102,1090
15034,100,1096
15035,102,1086
15036,96,1094
15037,98,1086
15038,100,1094
15039,98,1084
15040,102,1096
15041,102,1090
15042,100,1092
15043,102,1088
15044,98,1094
15045,102,1086
15046,100,1086
15047,100,1090
15048,100,1094
15049,100,1080
15050,100,1554
15051,100,1084
15052,102,1090
15053,98,1082
15054,96,1098
15055,102,1090
15056,98,1092
15057,102,1086
15058,102,1098
15059,98,1088
15060,98,1086
15061,98,1090
15062,98,1082
15063,100,1090
15064,100,1092
15065,100,1086
15066,98,1094
15067,98,1084
15068,98,1088
15069,98,1082
15070,102,1032
15071,100,1086
15072,100,1606
15073,98,1086
15074,100,1088
15075,98,1088
15076,98,1098
15077,100,1090
15078,98,1090
15079,98,1086
15080,100,1092
15081,102,1080
15082,98,1092
15083,96,1092
15084,102,1098
15085,98,1084
15086,98,1086
15087,98,1092
15088,100,1094
15089,100,1086
15090,100,1104
15091,98,1092
15092,102,1082
15093,102,1590
15094,98,1094
15095,98,1086
15096,100,1086
15097,100,1084
15098,100,1086
15099,98,1080
15100,98,1084
15101,100,1092
15102,98,1090
15103,102,1090
15104,100,1098
15105,100,1092
15106,98,1094
15107,100,1086
15108,100,1098
15109,100,1084
15110,100,1092
15111,102,1088
15112,102,1098
15113,98,1086
15114,98,1090
15115,98,1088
15116,98,1586
15117,102,1094
15118,102,1092
15119,100,1096
15120,98,1088
15121,98,1092
15122,100,1082
15123,98,1080
15124,102,1084
15125,100,1086
15126,100,1094
15127,102,1080
15128,100,1094
15129,102,1092
15130,100,1088
15131,98,1078
15132,98,1088
15133,100,1090
15134,100,1096
15135,98,1084
15136,96,1080
15137,100,1088
15138,98,1598
15139,98,1084
15140,100,1094
15141,102,1088
15142,102,1082
15143,98,1084
15144,92,1082
15145,98,1086
15146,98,1082
15147,100,1098
15148,102,1088
15149,100,1080
15150,100,1092
15151,98,1092
15152,98,1086
15153,100,1086
15154,102,1088
15155,98,1086
15156,98,1092
15157,98,1086
15158,96,1086
15159,100,1086
15160,102,1610
15161,100,1092
15162,98,1086
15163,102,1084
15164,98,1094
15165,100,1090
15166,102,1086
15167,100,1092
15168,100,1098
15169,100,1102
15170,98,1094
15171,98,1086
15172,98,1098
15173,100,1094
15174,98,1098
15175,102,1096
15176,100,1102
15177,100,1084
15178,100,1096
15179,100,1084
15180,98,1086
15181,98,1090
15182,98,1084
15183,100,1534
15184,102,1090
15185,100,1082
15186,100,1090
15187,102,1086
15188,100,1090
15189,102,1086
15190,102,1088
15191,98,1086
15192,100,1092
15193,98,1084
15194,98,1100
15195,100,1088
15196,100,1096
15197,98,1094
15198,100,1086
15199,106,1084
15200,100,1092
15201,102,1080
15202,98,1098
15203,98,1088
15204,98,1100
15205,100,1518
15206,98,1090
15207,100,1088
15208,98,1090
15209,98,980
15210,100,1086
15211,98,1088
15212,98,1090
15213,102,1080
15214,104,1096
15215,100,1092
15216,100,1102
15217,98,1086
15218,100,1092
15219,98,1092
15220,102,1082
15221,100,1080
15222,98,1090
15223,102,1086
15224,100,1086
15225,102,1090
15226,102,1092
15227,98,1090
15228,98,1602
15229,100,1082
15230,100,1092
15231,98,1086
15232,100,1094
15233,100,1086
15234,98,1092
15235,100,1092
15236,100,1088
15237,102,1086
15238,98,1090
15239,100,1086
15240,100,1102
15241,100,1080
15242,98,1092
15243,98,1086
15244,102,1096
15245,100,1082
15246,100,1096
15247,102,1092
15248,100,1098
15249,100,1082
15250,98,1656
15251,100,1086
15252,100,1082
15253,104,1084
15254,100,1098
15255,100,1090
15256,98,1086
15257,100,1088
15258,98,1098
15259,102,1084
15260,102,1098
15261,100,1084
15262,102,1092
15263,100,1092
15264,102,1108
15265,98,1092
15266,96,1096
15267,100,1090
15268,98,1092
15269,98,1092
15270,98,1086
15271,102,1086
15272,100,1608
15273,102,1092
15274,98,1086
15275,102,1084
15276,100,1092
15277,100,1086
15278,98,1094
15279,102,1094
15280,102,1086
15281,100,1082
15282,100,1092
15283,102,1086
15284,100,1088
15285,100,1084
15286,100,1092
15287,98,1086
15288,98,1084
15289,100,1086
15290,98,1086
15291,100,1088
15292,102,1086
15293,98,1088
15294,100,1620
15295,100,1086
15296,98,1092
15297,98,1088
15298,98,1084
15299,100,1090
15300,98,1086
15301,98,1090
15302,98,1086
15303,98,1084
15304,102,1086
15305,100,1092
15306,98,1090
15307,98,1084
15308,98,1090
15309,102,1094
15310,100,1086
15311,100,1094
15312,98,1092
15313,98,1082
15314,100,1086
15315,100,1088
15316,102,1606
15317,98,1086
15318,98,1086
15319,102,1092
15320,98,1086
15321,100,1080
15322,100,1086
15323,100,1090
15324,98,1086
15325,98,1090
15326,98,1094
15327,100,1086
15328,98,1086
15329,98,1090
15330,100,1092
15331,98,1632
15332,102,1084
15333,100,1084
15334,98,1090
15335,100,1086
15336,102,1086
15337,98,1086
15338,98,1082
15339,98,1084
15340,100,1094
15341,102,1090
15342,100,1080
15343,102,1088
15344,102,1088
15345,98,1096
15346,98,1098
15347,98,1088
15348,100,1024
15349,100,1082
15350,102,1088
15351,100,1084
15352,98,1080
15353,100,1084
15354,98,1578
15355,98,1088
15356,100,1082
15357,98,1086
15358,98,1086
15359,98,1084
15360,100,1084
15361,98,1088
15362,102,1096
15363,100,1086
15364,100,1094
15365,102,1086
15366,100,1098
15367,100,1086
15368,102,1096
15369,98,1086
15370,100,1096
15371,100,1086
15372,98,1092
15373,102,1086
15374,102,1088
15375,98,1088
15376,98,1632
15377,102,1082
15378,100,1086
15379,102,1084
15380,98,1110
15381,98,1086
15382,100,1094
15383,100,1092
15384,100,1098
15385,100,1086
15386,98,1088
15387,100,1092
15388,100,1090
15389,102,1092
15390,100,1100
15391,100,1084
15392,98,1086
15393,100,1088
15394,100,1426
15395,100,1084
15396,98,1092
15397,102,1596
15398,98,1086
15399,100,1094
15400,100,1098
15401,100,1090
15402,100,1088
15403,100,1086
15404,100,1092
15405,100,1086
15406,98,1096
15407,100,1092
15408,100,1096
15409,100,1086
15410,100,1090
15411,100,1084
15412,98,1100
15413,100,1084
15414,98,1096
15415,102,1092
15416,98,1098
15417,98,1092
15418,100,1602
15419,100,1084
15420,98,1088
15421,100,1088
15422,102,1086
15423,100,1086
15424,102,1096
15425,102,1092
15426,100,1092
15427,100,1090
15428,102,1098
15429,100,1090
15430,98,1100
15431,98,1080
15432,98,1092
15433,98,1090
15434,102,1086
15435,98,1090
15436,98,1082
15437,98,1092
15438,98,1088
15439,98,1082
15440,96,1646
15441,100,996
15442,100,1086
15443,100,1086
15444,98,1086
15445,98,1090
15446,100,1090
15447,104,1086
15448,98,1086
15449,102,1076
15450,100,1092
15451,98,1092
15452,100,1082
15453,98,1080
15454,100,1098
15455,98,1080
15456,100,1082
15457,98,1082
15458,102,1092
15459,100,1084
15460,100,1084
15461,108,1086
15462,100,1092
15463,102,1584
15464,100,1092
15465,100,1098
15466,100,1084
15467,98,1080
15468,100,1092
15469,98,1090
15470,102,1080
15471,98,1086
15472,100,1086
15473,100,1092
15474,98,1088
15475,98,1094
15476,100,1086
15477,96,1090
15478,98,1092
15479,98,1092
15480,100,1084
15481,102,1096
15482,98,1080
15483,98,1088
15484,98,1088
15485,100,1086
15486,98,1580
15487,102,958
15488,102,1092
15489,100,1088
15490,100,1096
15491,98,1086
15492,98,1108
15493,100,1092
15494,100,1098
15495,100,1082
15496,96,1090
15497,102,1092
15498,98,1080
15499,100,1080
15500,102,1092
15501,102,1092
15502,104,1082
15503,98,1088
15504,100,1086
15505,100,1084
15506,98,1092
15507,102,1080
15508,102,1098
15509,98,1086
15510,98,1096
15511,102,1592
15512,98,1090
15513,102,1086
15514,100,1086
15515,98,1096
15516,100,1088
15517,96,1080
15518,96,1082
15519,100,1092
15520,100,1094
15521,98,1084
15522,100,1092
15523,98,1092
15524,96,1086
15525,102,1090
15526,102,1100
15527,94,1092
15528,100,1090
15529,98,1088
15530,100,1088
15531,100,1088
15532,100,1094
15533,100,988
15534,98,1350
15535,98,1086
15536,100,1092
15537,98,1086
15538,100,1086
15539,100,1092
15540,98,1088
15541,100,1086
15542,104,1086
15543,98,1084
15544,100,1092
15545,100,1086
15546,100,1090
15547,98,1090
15548,98,1098
15549,102,1082
15550,100,1096
15551,98,1092
15552,98,1086
15553,98,1086
15554,100,1086
15555,102,1086
15556,98,1614
15557,100,1090
15558,100,1094
15559,98,1084
15560,100,1084
15561,100,1082
15562,104,1096
15563,98,1086
15564,98,1114
15565,100,1090
15566,98,1080
15567,100,1094
15568,98,1088
15569,98,1094
15570,100,1084
15571,100,1092
15572,100,1092
15573,102,1082
15574,102,1086
15575,100,1084
15576,100,1092
15577,100,1080
15578,98,1088
15579,98,1526
15580,102,1084
15581,100,1084
15582,98,1092
15583,102,1090
15584,100,1090
15585,102,1084
15586,98,1086
15587,96,1086
15588,98,1100
15589,104,1092
15590,100,1098
15591,98,1086
15592,102,1088
15593,100,1090
15594,98,1098
15595,100,1086
15596,98,1084
15597,100,1088
15598,102,1092
15599,102,1094
15600,98,1090
15601,98,1616
15602,100,1096
15603,100,1096
15604,102,1098
15605,98,1086
15606,100,1092
15607,100,1092
15608,100,1098
15609,102,1090
15610,102,1092
15611,96,1092
15612,98,1098
15613,102,1084
15614,98,1092
15615,98,1092
15616,102,1090
15617,100,1086
15618,100,1096
15619,96,1090
15620,98,1084
15621,102,1082
15622,100,1614
15623,100,1098
15624,98,1088
15625,100,1084
15626,98,1086
15627,100,1086
15628,100,1086
15629,100,1086
15630,98,1092
15631,102,1082
15632,100,1092
15633,100,1096
15634,102,1096
15635,100,1086
15636,100,1098
15637,100,1088
15638,98,1098
15639,96,1086
15640,98,1094
15641,98,1090
15642,98,1092
15643,104,1086
15644,100,1566
15645,98,1084
15646,98,1086
15647,100,1086
15648,100,1098
15649,98,1078
15650,100,1092
15651,100,1086
15652,104,1088
15653,98,1086
15654,98,1098
15655,100,1086
15656,100,1098
15657,102,1088
15658,100,1092
15659,94,1088
15660,98,1086
15661,98,1082
15662,98,1092
15663,98,1086
15664,96,1086
15665,100,1086
15666,98,1088
15667,98,1554
15668,100,1088
15669,102,1090
15670,100,1092
15671,100,1092
15672,98,1044
15673,100,1086
15674,98,1084
15675,98,1092
15676,100,1094
15677,100,1078
15678,98,1090
15679,102,1088
15680,100,1094
15681,102,1096
15682,98,1088
15683,100,1088
15684,98,1086
15685,96,1086
15686,100,1092
15687,98,1086
15688,102,1082
15689,102,1576
15690,98,1092
15691,98,1092
15692,102,1092
15693,102,1084
15694,102,1084
15695,100,1090
15696,100,1092
15697,100,1092
15698,98,1098
15699,100,1078
15700,100,1080
15701,100,1084
15702,100,1086
15703,98,1086
15704,98,1098
15705,102,1090
15706,102,1086
15707,98,1086
15708,100,1088
15709,100,1090
15710,100,1090
15711,102,1082
15712,102,1610
15713,100,1082
15714,100,1092
15715,102,1092
15716,98,1096
15717,100,1082
15718,102,1096
15719,98,1092
15720,98,1094
15721,100,1090
15722,104,1102
15723,100,1088
15724,102,1080
15725,98,1092
15726,98,1086
15727,98,1098
15728,98,1092
15729,102,1094
15730,100,1092
15731,100,1082
15732,100,1086
15733,98,1100
15734,98,1602
15735,98,1090
15736,102,1090
15737,100,1090
15738,100,1086
15739,100,1086
15740,100,1086
15741,100,1088
15742,102,1088
15743,98,1088
15744,98,1092
15745,98,1084
15746,100,1096
15747,100,1092
15748,100,1092
15749,98,1082
15750,98,1092
15751,100,1086
15752,100,1092
15753,98,1096
15754,104,1098
15755,100,1086
15756,98,1596
15757,98,1096
15758,98,1094
15759,98,1086
15760,100,1084
15761,98,1086
15762,102,1098
15763,102,1080
15764,100,1096
15765,100,1098
15766,100,1086
15767,100,1086
15768,98,1098
15769,98,1088
15770,98,1090
15771,100,1084
15772,100,1098
15773,100,1086
15774,100,1084
15775,98,1088
15776,100,1086
15777,100,1076
15778,96,1550
15779,96,1092
15780,102,1086
15781,100,1090
15782,96,1084
15783,100,1096
15784,100,1090
15785,100,1086
15786,102,1090
15787,98,1092
15788,100,1086
15789,98,1086
15790,102,1100
15791,98,1082
15792,100,1092
15793,96,1082
15794,100,1090
15795,98,1080
15796,98,1092
15797,100,1088
15798,102,1086
15799,102,1088
15800,98,1630
15801,102,1084
15802,98,1086
15803,98,1088
15804,102,1098
15805,102,1088
15806,98,1088
15807,98,1092
15808,102,1084
15809,98,1088
15810,100,1094
15811,102,1090
15812,98,1086
15813,102,1084
15814,100,1092
15815,98,1088
15816,100,1090
15817,100,1088
15818,100,1088
15819,98,1090
15820,102,1090
15821,100,1088
15822,98,1592
15823,102,1086
15824,100,1094
15825,100,1090
15826,100,1100
15827,100,1086
15828,100,1088
15829,98,1088
15830,98,1090
15831,100,1086
15832,100,1088
15833,98,1092
15834,98,1090
15835,100,1086
15836,96,1088
15837,102,1092
15838,102,1082
15839,102,1086
15840,98,1092
15841,102,1094
15842,100,1084
15843,100,1082
15844,98,1610
15845,98,1082
15846,100,1092
15847,102,1092
15848,100,1092
15849,98,1080
15850,102,1092
15851,98,1086
15852,100,1092
15853,100,1084
15854,100,1084
15855,96,1086
15856,100,1098
15857,98,1086
15858,100,1092
15859,102,1080
15860,96,1092
15861,100,1092
15862,102,1094
15863,100,1084
15864,96,1086
15865,102,1082
15866,100,1632
15867,98,1088
15868,98,1088
15869,100,1084
15870,98,1086
15871,100,1082
15872,98,1086
15873,100,1086
15874,98,1084
15875,102,1086
15876,98,1092
15877,100,1080
15878,102,1090
15879,98,1094
15880,102,1088
15881,98,1084
15882,100,1100
15883,94,1086
15884,98,1082
15885,102,1082
15886,102,1098
15887,98,1088
15888,98,1556
15889,98,1088
15890,98,1088
15891,98,1090
15892,102,1086
15893,100,1090
15894,100,1088
15895,98,1092
15896,98,1096
15897,102,1084
15898,98,1088
15899,98,1084
15900,98,1094
15901,98,1086
15902,100,1092
15903,100,1086
15904,102,1098
15905,100,1092
15906,102,1088
15907,98,1094
15908,100,1100
15909,100,1080
15910,98,1086
15911,100,1552
15912,98,1094
15913,100,1082
15914,100,1086
15915,100,1082
15916,100,1082
15917,100,1090
15918,102,1096
15919,100,1088
15920,100,1110
15921,98,1086
15922,102,1102
15923,100,1090
15924,98,1094
15925,104,1090
15926,98,1086
15927,98,1082
15928,102,1086
15929,96,1092
15930,100,1092
15931,98,1090
15932,100,1088
15933,100,1578
15934,102,1098
15935,98,1082
15936,100,1098
15937,96,1086
15938,100,1086
15939,96,1096
15940,98,1086
15941,98,1082
15942,98,1090
15943,102,1088
15944,100,1086
15945,98,1088
15946,102,1092
15947,100,1098
15948,100,1086
15949,100,1086
15950,100,1102
15951,100,1092
15952,102,1090
15953,98,1086
15954,100,1098
15955,102,1568
15956,98,1094
15957,102,1092
15958,100,1090
15959,98,1086
15960,100,1092
15961,100,1086
15962,100,1094
15963,102,1080
15964,98,1094
15965,98,1086
15966,100,1098
15967,102,1088
15968,96,1104
15969,100,1088
15970,98,1092
15971,100,1084
15972,100,1088
15973,100,1086
15974,100,1084
15975,98,1086
15976,100,1086
15977,96,1578
15978,100,1094
15979,102,1088
15980,98,1096
15981,98,1084
15982,102,1086
15983,100,1098
15984,100,1096
15985,96,1090
15986,98,1090
15987,98,1082
15988,100,1082
15989,96,1096
15990,100,1088
15991,96,1086
15992,98,1086
15993,102,1092
15994,102,1090
15995,98,1086
15996,96,1088
15997,98,1098
15998,100,1086
15999,100,1596
16000,100,1086
16001,100,1088
16002,98,1092
16003,98,1086
16004,98,1094
16005,102,1090
16006,100,1096
16007,98,1092
16008,98,1098
16009,100,1086
16010,100,1082
16011,100,1088
16012,102,1088
16013,100,1080
16014,98,1096
16015,100,1088
16016,100,1086
16017,100,1084
16018,102,1092
16019,98,1092
16020,100,1090
16021,100,1574
16022,98,1092
16023,98,1086
16024,100,1086
16025,100,1084
16026,100,1092
16027,102,1094
16028,98,1086
16029,102,1090
16030,98,1090
16031,100,1098
16032,102,1096
16033,98,1086
16034,100,1086
16035,98,1098
16036,98,1094
16037,100,1078
16038,100,1086
16039,102,1096
16040,94,1096
16041,102,1092
16042,100,1086
16043,100,1572
16044,100,1084
16045,100,1084
16046,102,1090
16047,98,1098
16048,102,1096
16049,100,1086
16050,98,1096
16051,102,1092
16052,98,1092
16053,102,1084
16054,100,1090
16055,98,1092
16056,102,1092
16057,104,1086
16058,100,1094
16059,98,1080
16060,100,1084
16061,98,1084
16062,100,1086
16063,100,1090
16064,102,1088
16065,100,1628
16066,100,1104
16067,98,1092
16068,98,1092
16069,100,1086
16070,98,1084
16071,98,1088
16072,98,1080
16073,100,1088
16074,100,1086
16075,100,1082
16076,98,1100
16077,102,1082
16078,100,1092
16079,100,1090
16080,98,1092
16081,98,1094
16082,100,1092
16083,96,1092
16084,100,1080
16085,96,1086
16086,100,1090
16087,100,1088
16088,100,1578
16089,102,1040
16090,98,1096
16091,100,1086
16092,100,1086
16093,98,1086
16094,98,1088
16095,100,1086
16096,98,1086
16097,98,1092
16098,100,1094
16099,98,1080
16100,98,1090
16101,102,1092
16102,98,1082
16103,100,1082
16104,100,1086
16105,100,1086
16106,98,1090
16107,98,1090
16108,100,1092
16109,98,1086
16110,100,1632
16111,98,1094
16112,100,1086
16113,100,1080
16114,102,1082
16115,98,1088
16116,100,1086
16117,100,1088
16118,98,1086
16119,100,1086
16120,102,1082
16121,100,1098
16122,100,1098
16123,98,1086
16124,98,1096
16125,98,1084
16126,102,1092
16127,100,1086
16128,98,1086
16129,100,1572
16130,98,1086
16131,98,1084
16132,100,1086
16133,100,1094
16134,98,1084
16135,102,978
16136,98,1096
16137,102,1090
16138,96,1088
16139,98,1092
16140,98,1086
16141,98,1084
16142,100,1092
16143,98,1096
16144,98,1098
16145,98,1096
16146,100,1102
16147,98,1090
16148,98,1086
16149,102,1092
16150,104,1084
16151,100,1084
16152,100,1556
16153,100,1086
16154,100,1092
16155,98,1098
16156,102,1092
16157,96,1092
16158,100,1092
16159,98,1092
16160,100,1098
16161,100,1084
16162,100,1098
16163,98,1090
16164,100,1098
16165,100,1080
16166,100,1086
16167,98,1088
16168,102,1098
16169,96,1082
16170,102,1082
16171,102,1088
16172,98,1096
16173,100,1092
16174,100,1602
16175,100,1086
16176,98,1090
16177,96,1090
16178,100,1084
16179,98,1082
16180,98,1092
16181,100,1084
16182,100,1092
16183,102,1082
16184,100,1086
16185,100,1080
16186,98,1096
16187,98,1086
16188,96,1098
16189,100,1086
16190,100,1092
16191,106,1090
16192,104,1094
16193,100,1092
16194,100,1086
16195,102,1092
16196,102,1088
16197,100,1526
16198,102,1082
16199,104,1096
16200,98,1090
16201,98,1092
16202,100,1084
16203,98,1088
16204,102,1098
16205,98,1084
16206,98,1092
16207,102,1090
16208,96,1090
16209,102,1088
16210,102,1098
16211,100,1086
16212,98,1094
16213,98,1086
16214,100,1096
16215,100,1088
16216,100,1086
16217,104,1080
16218,98,1092
16219,102,1590
16220,98,1084
16221,102,1088
16222,102,1086
16223,100,1084
16224,100,1092
16225,98,1092
16226,100,1094
16227,98,1090
16228,98,1018
16229,102,1090
16230,98,1088
16231,102,1082
16232,100,1098
16233,100,1092
16234,98,1092
16235,98,1086
16236,100,1086
16237,100,1082
16238,98,1086
16239,96,1090
16240,100,1564
16241,98,1082
16242,100,1086
16243,98,1096
16244,100,1084
16245,102,1084
16246,102,1092
16247,98,1086
16248,100,1084
16249,98,1090
16250,98,1090
16251,98,1092
16252,100,1096
16253,98,1098
16254,98,1086
16255,100,1086
16256,102,1090
16257,98,1086
16258,100,1094
16259,98,1086
16260,100,1094
16261,100,1098
16262,98,1578
16263,102,1086
16264,102,1092
16265,100,1084
16266,98,1090
16267,106,1092
16268,100,1090
16269,100,1086
16270,102,1092
16271,98,1088
16272,100,1098
16273,100,1082
16274,98,1038
16275,96,1098
16276,102,1090
16277,100,1084
16278,98,1096
16279,98,1092
16280,100,1096
16281,98,1092
16282,100,1090
16283,96,1098
16284,100,1618
16285,98,1090
16286,102,1092
16287,98,1092
16288,102,1080
16289,100,1088
16290,98,1092
16291,102,1082
16292,100,1092
16293,100,1088
16294,100,1084
16295,100,1088
16296,98,1098
16297,98,1084
16298,100,1080
16299,100,1082
16300,100,1092
16301,98,1092
16302,98,1082
16303,102,1092
16304,98,1094
16305,102,1084
16306,102,1614
16307,98,1084
16308,98,1096
16309,98,1080
16310,100,1090
16311,98,1090
16312,102,1080
16313,98,1082
16314,98,1086
16315,102,1086
16316,100,1086
16317,100,1090
16318,102,1092
16319,100,1086
16320,102,1088
16321,98,1092
16322,98,1100
16323,98,1076
16324,104,1100
16325,100,1086
16326,100,1086
16327,98,1080
16328,100,1608
16329,98,1088
16330,102,1082
16331,100,1092
16332,100,1102
16333,98,1088
16334,100,1084
16335,100,1092
16336,98,1084
16337,98,1084
16338,98,1086
16339,102,1088
16340,98,1094
16341,102,1086
16342,98,1098
16343,100,1092
16344,100,1088
16345,100,1034
16346,98,1090
16347,102,984
16348,100,1088
16349,100,1084
16350,102,1090
16351,98,1088
16352,102,1552
16353,100,1090
16354,100,1094
16355,98,1086
16356,100,1088
16357,100,1080
16358,98,1090
16359,100,1082
16360,98,1084
16361,102,1094
16362,98,1086
16363,98,1092
16364,98,1100
16365,98,1086
16366,100,1092
16367,100,1090
16368,98,1088
16369,98,1090
16370,98,1088
16371,102,1088
16372,100,1100
16373,102,1092
16374,98,1646
16375,98,1086
16376,96,1094
16377,98,1082
16378,96,1098
16379,100,1086
16380,96,1084
16381,98,1090
16382,100,1100
16383,100,1086
16384,98,1088
16385,102,1090
16386,104,1098
16387,98,1084
16388,104,1092
16389,98,1090
16390,100,1086
16391,98,1086
16392,100,1088
16393,100,1092
16394,100,1094
16395,102,1082
16396,102,1604
16397,98,1084
16398,100,1094
16399,98,1092
16400,98,1092
16401,100,1086
16402,100,1088
16403,100,1090
16404,96,1090
16405,98,1086
16406,98,1092
16407,102,1092
16408,100,1092
16409,100,1096
16410,100,1096
16411,98,1088
16412,100,1092
16413,98,1090
16414,98,1086
16415,98,1094
16416,96,1094
16417,98,1096
16418,100,1574
16419,102,1092
16420,100,1090
16421,98,1088
16422,98,1092
16423,102,1084
16424,100,1086
16425,100,1088
16426,98,1082
16427,98,1084
16428,102,1096
16429,98,1088
16430,100,1092
16431,102,1086
16432,104,1086
16433,102,1098
16434,102,1092
16435,100,1092
16436,98,1090
16437,100,1086
16438,100,1092
16439,98,1086
16440,102,1616
16441,102,1092
16442,100,1092
16443,100,1086
16444,100,1096
16445,96,1086
16446,102,1092
16447,98,1092
16448,100,1094
16449,98,1092
16450,98,1086
16451,98,1092
16452,100,1080
16453,104,1088
16454,100,1098
16455,102,1080
16456,100,1090
16457,102,1088
16458,102,1096
16459,98,1086
16460,96,1092
16461,94,1092
16462,98,1556
16463,100,1086
16464,104,1084
16465,100,1092
16466,102,1088
16467,106,1082
16468,100,1090
16469,102,1086
16470,98,1098
16471,100,1088
16472,100,1090
16473,98,1086
16474,98,1086
16475,100,1098
16476,98,1088
16477,100,1084
16478,100,1092
16479,100,1092
16480,100,1092
16481,100,1086
16482,102,1100
16483,100,1084
16484,98,1614
16485,98,1088
16486,100,1100
16487,100,1086
16488,96,1104
16489,100,1092
16490,100,1090
16491,102,1080
16492,98,1090
16493,100,1088
16494,98,1086
16495,100,1086
16496,100,1092
16497,98,1090
16498,96,1092
16499,100,1096
16500,96,1098
16501,100,1086
16502,98,1096
16503,102,1086
16504,100,1102
16505,98,1080
16506,102,1572
16507,98,1102
16508,100,1092
16509,98,1080
16510,100,1090
16511,98,1092
16512,102,1088
16513,102,1090
16514,102,1102
16515,100,1082
16516,100,1094
16517,102,1084
16518,102,1086
16519,100,1086
16520,100,1124
16521,100,1092
16522,96,1110
16523,102,1084
16524,100,1092
16525,106,1092
16526,100,1086
16527,98,1082
16528,98,1082
16529,100,1086
16530,100,1086
16531,102,1090
16532,100,1086
16533,98,1084
16534,98,1080
16535,102,1092
16536,100,1086
16537,98,1086
16538,100,1092
16539,102,1086
16540,100,1088
16541,98,1086
16542,100,1618
16543,98,1092
16544,98,1096
16545,100,1080
16546,100,1086
16547,102,1098
16548,100,1082
16549,102,1096
16550,98,1098
16551,98,1086
16552,98,1080
16553,100,1088
16554,98,1096
16555,100,1092
16556,100,1090
16557,102,1088
16558,98,1090
16559,102,1084
16560,98,1084
16561,98,1096
16562,92,1088
16563,100,1090
16564,102,1614
16565,102,1082
16566,98,1094
16567,102,1092
16568,102,1096
16569,102,1086
16570,100,1082
16571,100,1092
16572,100,1096
16573,98,1094
16574,100,1098
16575,100,1092
16576,98,1084
16577,102,1092
16578,98,1082
16579,102,1088
16580,100,1092
16581,100,1094
16582,100,1092
16583,92,1088
16584,98,1090
16585,98,1086
16586,100,1596
16587,100,1100
16588,100,1084
16589,100,1086
16590,100,1092
16591,102,1092
16592,100,1088
16593,104,1092
16594,100,1090
16595,100,1086
16596,100,1096
16597,102,1092
16598,98,1034
16599,102,1082
16600,100,1088
16601,102,1088
16602,98,1080
16603,108,1094
16604,100,1086
16605,102,1094
16606,96,1086
16607,98,1086
16608,98,1578
16609,102,1088
16610,96,1092
16611,102,1088
16612,98,1086
16613,98,1086
16614,98,1086
16615,102,1086
16616,100,1094
16617,102,1094
16618,98,1096
16619,102,1092
16620,98,1086
16621,102,1084
16622,98,1086
16623,102,1086
16624,98,1086
16625,102,1082
16626,98,1086
16627,102,1084
16628,102,1088
16629,100,1096
16630,100,1078
16631,102,1548
16632,104,1088
16633,102,1084
16634,100,1086
16635,102,1086
16636,100,1094
16637,98,1082
16638,98,1086
16639,100,1108
16640,100,1082
16641,98,1098
16642,98,1092
16643,102,1102
16644,98,1090
16645,100,1090
16646,100,1086
16647,102,1080
16648,100,1090
16649,102,1092
16650,100,1098
16651,102,1566
16652,98,1080
16653,102,1086
16654,98,1090
16655,102,1098
16656,98,1086
16657,100,1102
16658,100,1092
16659,102,1078
16660,96,1114
16661,102,1102
16662,96,1080
16663,98,1090
16664,98,1090
16665,98,1098
16666,98,1088
16667,102,1088
16668,98,1086
16669,102,1086
16670,96,1082
16671,98,1088
16672,100,1086
16673,102,1512
16674,100,1086
16675,98,1084
16676,100,1086
16677,100,1086
16678,100,1092
16679,102,1086
16680,98,1082
16681,98,1086
16682,100,1086
16683,100,1092
16684,98,1086
16685,102,1096
16686,98,1092
16687,102,1086
16688,100,1090
16689,100,1090
16690,100,1084
16691,98,1086
16692,102,1094
16693,102,1644
16694,100,1090
16695,102,1094
16696,98,1084
16697,100,1088
16698,100,1086
16699,102,1086
16700,98,1090
16701,102,1096
16702,98,1086
16703,96,1092
16704,96,1098
16705,98,1094
16706,102,1092
16707,96,1098
16708,100,1088
16709,102,1078
16710,98,1080
16711,102,1100
16712,98,1086
16713,102,1090
16714,102,1092
16715,100,1596
16716,98,1078
16717,102,1086
16718,98,1092
16719,98,1098
16720,100,1086
16721,100,1098
16722,98,1086
16723,104,1090
16724,100,1094
16725,102,1092
16726,100,1088
16727,102,1090
16728,98,1096
16729,102,1092
16730,98,1084
16731,100,1092
16732,98,1086
16733,102,1090
16734,98,1082
16735,102,1090
16736,98,1632
16737,100,976
16738,98,1084
16739,102,1082
16740,100,1096
16741,98,1080
16742,98,1090
16743,102,1092
16744,102,1090
16745,102,1092
16746,98,1084
16747,102,1086
16748,100,1088
16749,102,1092
16750,98,1088
16751,98,1084
16752,98,1082
16753,102,1092
16754,98,1090
16755,102,1082
16756,100,1086
16757,102,1086
16758,98,1086
16759,108,1574
16760,100,1092
16761,102,1092
16762,100,1088
16763,100,1086
16764,100,1080
16765,98,1094
16766,98,1084
16767,100,1094
16768,100,1084
16769,102,1098
16770,100,1080
16771,98,1096
16772,98,1088
16773,102,1092
16774,100,1086
16775,98,1092
16776,98,1094
16777,102,1080
16778,98,1088
16779,102,1086
16780,100,1092
16781,102,1566
16782,98,1088
16783,100,1082
16784,98,1080
16785,98,1084
16786,98,1086
16787,102,1084
16788,100,1086
16789,102,1082
16790,100,1086
16791,100,1082
16792,98,1094
16793,102,1102
16794,98,1086
16795,100,1094
16796,100,1096
16797,102,1098
16798,100,1092
16799,102,1096
16800,98,1092
16801,102,1086
16802,98,1084
16803,98,1596
16804,100,1088
16805,98,1088
16806,98,1092
16807,100,1090
16808,100,1086
16809,100,1082
16810,100,1082
16811,102,1086
16812,100,1082
16813,98,1092
16814,98,1086
16815,102,1088
16816,98,1090
16817,98,1092
16818,98,1086
16819,102,1090
16820,98,1086
16821,102,1100
16822,98,1098
16823,100,1084
16824,100,1092
16825,102,1582
16826,98,1086
16827,102,1086
16828,98,1090
16829,100,1092
16830,98,1086
16831,98,1088
16832,100,1086
16833,100,1088
16834,100,1084
16835,98,1086
16836,100,1086
16837,102,1086
16838,98,1086
16839,102,1096
16840,100,1092
16841,100,1086
16842,100,1092
16843,100,1082
16844,100,1088
16845,100,1084
16846,98,1086
16847,98,1614
16848,100,1088
16849,102,1096
16850,98,1086
16851,100,1096
16852,100,1082
16853,102,1098
16854,98,1082
16855,100,1092
16856,104,1082
16857,98,1092
16858,98,1088
16859,100,1092
16860,100,1094
16861,96,1098
16862,98,1082
16863,98,1090
16864,98,1090
16865,102,1094
16866,98,1086
16867,102,1096
16868,98,1092
16869,98,1574
16870,100,1084
16871,96,1098
16872,100,1086
16873,102,1080
16874,98,1084
16875,102,1090
16876,98,1088
16877,102,1088
16878,100,1084
16879,102,1090
16880,98,1086
16881,100,1082
16882,96,1098
16883,100,1092
16884,102,1090
16885,102,1092
16886,98,1086
16887,98,1080
16888,100,1090
16889,100,1088
16890,100,1090
16891,100,1606
16892,100,1086
16893,102,1098
16894,100,1088
16895,108,1086
16896,100,1090
16897,102,1090
16898,98,1080
16899,102,1098
16900,100,1086
16901,100,1084
16902,98,1098
16903,102,1084
16904,98,1088
16905,102,1084
16906,100,1088
16907,102,1086
16908,96,1090
16909,102,1086
16910,98,1098
16911,98,1112
16912,98,1608
16913,102,1084
16914,98,1086
16915,102,1086
16916,96,1082
16917,102,1098
16918,100,1092
16919,102,1092
16920,100,1094
16921,98,1090
16922,98,1098
16923,98,1092
16924,100,1100
16925,100,1084
16926,100,1090
16927,98,1086
16928,100,1098
16929,102,1096
16930,100,1086
16931,102,1086
16932,100,1090
16933,102,1092
16934,98,1610
16935,102,1092
16936,100,1082
16937,102,1086
16938,98,1090
16939,100,1086
16940,100,1090
16941,102,1086
16942,98,1086
16943,102,1094
16944,98,1090
16945,102,1078
16946,96,1090
16947,98,1092
16948,98,1082
16949,98,1086
16950,100,1084
16951,102,1082
16952,98,1086
16953,102,1092
16954,100,1086
16955,100,1086
16956,100,1086
16957,102,1570
16958,98,1084
16959,102,1092
16960,98,1096
16961,98,1092
16962,100,1090
16963,100,1092
16964,100,1092
16965,100,1092
16966,100,1086
16967,100,1084
16968,100,1086
16969,98,1038
16970,100,1086
16971,98,1084
16972,96,1086
16973,98,1082
16974,102,1098
16975,102,1098
16976,100,1086
16977,100,1080
16978,98,1086
16979,102,1084
16980,100,1552
16981,104,1090
16982,100,1098
16983,102,1088
16984,98,1096
16985,102,1094
16986,98,1092
16987,102,1092
16988,98,1086
16989,102,1098
16990,100,1094
16991,102,1086
16992,98,1092
16993,98,1084
16994,100,1092
16995,100,1092
16996,98,1098
16997,102,1090
16998,98,1092
16999,98,1088
17000,100,1086
17001,100,1634
17002,100,1086
17003,100,1088
17004,98,1088
17005,104,1086
17006,98,1092
17007,98,1090
17008,100,1084
17009,98,1084
17010,100,1088
17011,96,1084
17012,98,1088
17013,102,1098
17014,98,1100
17015,98,1106
17016,100,1094
17017,102,1080
17018,98,1084
17019,102,1082
17020,100,1084
17021,98,1092
17022,96,1088
17023,98,1570
17024,96,1086
17025,102,1092
17026,100,1086
17027,98,1086
17028,100,1092
17029,102,1080
17030,100,1086
17031,102,1092
17032,98,1090
17033,98,1092
17034,100,1092
17035,102,1088
17036,100,1088
17037,100,1080
17038,100,1084
17039,98,1088
17040,96,1090
17041,102,1090
17042,96,1092
17043,98,1098
17044,100,1096
17045,102,1624
17046,102,1096
17047,98,1096
17048,98,1084
17049,102,1088
17050,98,1086
17051,102,1092
17052,96,1082
17053,98,1086
17054,100,1092
17055,102,1092
17056,98,1092
17057,100,1082
17058,98,1098
17059,98,1088
17060,98,1088
17061,100,1092
17062,98,1082
17063,102,1086
17064,100,1088
17065,102,1080
17066,98,1082
17067,98,1560
17068,100,1092
17069,102,1098
17070,102,1082
17071,104,1098
17072,100,1092
17073,98,1092
17074,98,1098
17075,98,1100
17076,100,1090
17077,102,1082
17078,96,1092
17079,100,1092
17080,98,1092
17081,100,1094
17082,96,1088
17083,96,1086
17084,98,1086
17085,102,1088
17086,100,1088
17087,96,1088
17088,100,1088
17089,102,1552
17090,98,1086
17091,102,1086
17092,98,1082
17093,104,1100
17094,100,1086
17095,102,1088
17096,98,1086
17097,98,1092
17098,100,1084
17099,100,1098
17100,100,1090
17101,102,1094
17102,98,1082
17103,98,1094
17104,100,1090
17105,98,1090
17106,98,1106
17107,100,1086
17108,100,1088
17109,102,1086
17110,98,1086
17111,98,1090
17112,100,1582
17113,106,1092
17114,98,1096
17115,102,1086
17116,98,1082
17117,100,1086
17118,100,1092
17119,102,1086
17120,98,1086
17121,98,1096
17122,100,1098
17123,102,1074
17124,98,1100
17125,98,1086
17126,96,1098
17127,102,1096
17128,102,1086
17129,102,1092
17130,100,1092
17131,102,1090
17132,100,1090
17133,100,1092
17134,98,1522
17135,102,1086
17136,98,1088
17137,100,1086
17138,98,1086
17139,102,1086
17140,100,1088
17141,102,1086
17142,98,1086
17143,102,1088
17144,100,1088
17145,104,1092
17146,100,1086
17147,102,1098
17148,100,1092
17149,102,1098
17150,100,1088
17151,102,1090
17152,98,1088
17153,102,1084
17154,98,1090
17155,100,1088
17156,100,1606
17157,102,1100
17158,100,1084
17159,102,1086
17160,104,1086
17161,102,1088
17162,100,1082
17163,108,1094
17164,98,1092
17165,94,1092
17166,98,1096
17167,102,1098
17168,98,1086
17169,98,1080
17170,100,1082
17171,98,1086
17172,98,1090
17173,104,1088
17174,102,1084
17175,102,1086
17176,100,1080
17177,100,1086
17178,98,1578
17179,98,1080
17180,98,1082
17181,100,1092
17182,98,1092
17183,98,1088
17184,98,1086
17185,102,1086
17186,98,1084
17187,98,1092
17188,98,1100
17189,96,1090
17190,98,1086
17191,98,1084
17192,98,1094
17193,102,1090
17194,100,1086
17195,100,1084
17196,98,1092
17197,102,1086
17198,102,1094
17199,102,1092
17200,100,1638
17201,98,1094
17202,98,1082
17203,102,1090
17204,96,1088
17205,98,1092
17206,98,1088
17207,102,1090
17208,100,1090
17209,100,1090
17210,98,1088
17211,100,1086
17212,100,1086
17213,102,1092
17214,100,1090
17215,102,1090
17216,102,1092
17217,104,1100
17218,100,1086
17219,102,1084
17220,96,1088
17221,98,1092
17222,100,1632
17223,98,1086
17224,98,1084
17225,102,1092
17226,98,1086
17227,98,1092
17228,100,1088
17229,100,1096
17230,100,1084
17231,106,1082
17232,98,1098
17233,102,1096
17234,100,1086
17235,102,1098
17236,100,1090
17237,102,1084
17238,98,1082
17239,98,1086
17240,100,1082
17241,100,1084
17242,100,1092
17243,102,1088
17244,100,1598
17245,100,1090
17246,100,1096
17247,100,1098
17248,96,1092
17249,100,1088
17250,98,1086
17251,102,1098
17252,98,1100
17253,102,1098
17254,98,1088
17255,100,1088
17256,96,1096
17257,98,1086
17258,100,1086
17259,102,1086
17260,100,1092
17261,104,1086
17262,98,1082
17263,100,1090
17264,98,1086
17265,98,1082
17266,98,1582
17267,102,1092
17268,98,1092
17269,98,1080
17270,100,1088
17271,102,1092
17272,100,1082
17273,100,1084
17274,98,1086
17275,98,1086
17276,98,1080
17277,100,1086
17278,100,1086
17279,98,1088
17280,98,1082
17281,100,1092
17282,98,1088
17283,94,1094
17284,100,1080
17285,102,1090
17286,100,1086
17287,102,1082
17288,96,1084
17289,100,1572
17290,96,1086
17291,102,1082
17292,100,1082
17293,98,1090
17294,100,1088
17295,102,1086
17296,98,1086
17297,98,1082
17298,98,1092
17299,102,1096
17300,98,1086
17301,98,1082
17302,100,1096
17303,102,1098
17304,100,1098
17305,102,1080
17306,100,1084
17307,102,1086
17308,98,1084
17309,100,1088
17310,98,1088
17311,102,1598
17312,100,1080
17313,100,1090
17314,102,1084
17315,98,1092
17316,100,1086
17317,98,1098
17318,100,1088
17319,102,1080
17320,98,1084
17321,102,1230
17322,98,1080
17323,98,1090
17324,100,1090
17325,102,1040
17326,98,1030
17327,98,1034
17328,100,1106
17329,96,1094
17330,98,990
17331,100,1090
17332,100,1170
17333,100,1084
17334,104,1088
17335,100,1092
17336,100,1424
17337,104,1088
17338,98,1086
17339,102,1034
17340,98,1092
17341,102,1106
17342,100,1090
17343,102,1086
17344,98,1086
17345,96,1086
17346,102,1090
17347,104,1092
17348,100,1028
17349,98,1056
17350,100,1090
17351,100,1032
17352,98,1086
17353,98,1098
17354,100,1088
17355,102,1092
17356,100,1084
17357,102,1542
17358,96,1090
17359,102,1086
17360,100,1092
17361,100,1094
17362,100,1088
17363,104,1092
17364,100,1090
17365,98,1086
17366,98,1096
17367,102,1094
17368,98,1092
17369,96,1090
17370,102,1086
17371,100,1094
17372,100,1086
17373,100,1086
17374,100,1620
17375,98,1098
17376,98,1086
17377,98,1092
17378,98,1092
17379,102,1086
17380,100,1086
17381,98,1102
17382,96,1098
17383,100,1088
17384,98,1092
17385,98,1092
17386,100,1092
17387,100,1086
17388,98,1098
17389,100,1090
17390,104,1080
17391,98,1092
17392,96,1096
17393,98,1086
17394,98,1548
17395,100,1086
17396,98,1086
17397,96,1086
17398,100,1092
17399,100,1092
17400,98,1084
17401,98,1094
17402,102,1080
17403,100,1096
17404,100,1082
17405,104,1092
17406,98,1092
17407,102,1086
17408,102,1090
17409,102,1096
17410,96,1100
17411,98,1092
17412,100,1088
17413,98,1086
17414,102,1092
17415,100,1626
17416,100,1090
17417,100,1092
17418,100,1096
17419,102,1088
17420,100,1090
17421,102,1086
17422,98,1086
17423,98,1088
17424,98,1086
17425,100,1086
17426,102,1086
17427,98,1092
17428,100,1090
17429,100,1088
17430,100,1086
17431,104,1092
17432,100,1090
17433,100,1094
17434,98,1092
17435,98,1082
17436,98,1084
17437,98,1080
17438,102,1566
17439,98,1092
17440,98,1086
17441,102,1092
17442,100,1094
17443,102,1090
17444,100,1092
17445,98,1094
17446,100,1086
17447,100,1092
17448,100,1086
17449,98,1098
17450,102,1098
17451,98,1086
17452,102,1092
17453,98,1088
17454,100,1096
17455,102,1096
17456,98,1096
17457,96,1092
17458,98,1090
17459,100,1638
17460,98,1106
17461,100,1084
17462,100,1082
17463,98,1090
17464,98,1088
17465,100,1088
17466,100,1086
17467,100,1090
17468,102,1096
17469,100,1090
17470,100,1094
17471,98,1092
17472,98,1098
17473,98,1092
17474,96,1098
17475,98,1098
17476,96,1094
17477,100,1086
17478,98,1098
17479,100,1084
17480,102,1086
17481,100,1612
17482,98,1098
17483,98,1088
17484,98,1092
17485,102,1092
17486,102,1100
17487,98,1084
17488,100,1094
17489,102,1090
17490,98,1092
17491,102,1092
17492,100,1102
17493,100,1084
17494,100,1092
17495,100,1088
17496,100,1092
17497,98,1088
17498,98,1094
17499,96,1092
17500,100,1100
17501,102,1082
17502,98,1098
17503,102,1548
17504,98,1080
17505,98,1092
17506,98,1092
17507,100,1092
17508,100,1088
17509,98,1086
17510,104,1098
17511,96,1084
17512,100,1086
17513,98,1086
17514,98,1092
17515,102,1082
17516,98,1092
17517,102,1088
17518,98,1086
17519,98,1082
17520,98,1096
17521,100,1086
17522,96,1086
17523,100,1082
17524,98,1096
17525,102,1606
17526,98,1098
17527,102,1080
17528,102,1098
17529,100,1092
17530,100,1088
17531,98,1086
17532,100,1092
17533,98,1082
17534,102,1084
17535,98,1092
17536,100,1088
17537,102,1088
17538,98,1094
17539,100,1086
17540,102,1090
17541,102,1086
17542,100,1092
17543,100,1088
17544,98,1622
17545,98,1086
17546,98,1090
17547,100,1096
17548,100,1084
17549,100,1086
17550,102,1088
17551,102,1096
17552,98,1080
17553,100,1088
17554,98,1092
17555,104,1086
17556,98,1090
17557,100,1088
17558,96,1082
17559,98,1086
17560,98,1096
17561,100,1086
17562,102,1092
17563,100,1088
17564,98,1086
17565,98,1088
17566,98,1564
17567,104,1092
17568,98,1088
17569,98,1078
17570,98,1094
17571,98,1086
17572,96,1086
17573,98,1086
17574,100,1094
17575,98,1098
17576,98,1098
17577,98,1092
17578,98,1088
17579,98,1086
17580,100,1090
17581,100,1084
17582,98,1098
17583,98,1084
17584,98,1092
17585,98,1086
17586,100,1090
17587,98,1088
17588,98,1616
17589,100,1094
17590,100,1090
17591,100,1088
17592,96,1080
17593,98,1092
17594,98,1084
17595,100,1092
17596,100,1092
17597,100,1086
17598,98,1092
17599,100,1088
17600,98,1088
17601,98,1086
17602,100,1092
17603,98,1090
17604,98,1090
17605,98,1086
17606,104,1088
17607,100,1090
17608,98,1084
17609,100,1086
17610,98,1572
17611,98,1090
17612,98,1084
17613,98,1090
17614,100,1090
17615,98,1086
17616,98,1082
17617,100,1090
17618,98,1092
17619,98,1094
17620,98,1082
17621,98,1098
17622,100,1086
17623,100,1082
17624,98,1098
17625,98,1100
17626,100,1086
17627,102,1086
17628,102,1088
17629,98,1086
17630,98,1094
17631,98,1102
17632,100,1644
17633,98,1090
17634,98,1092
17635,102,1084
17636,100,1096
17637,100,1080
17638,104,1086
17639,98,1094
17640,98,1090
17641,100,1096
17642,98,1098
17643,98,1092
17644,100,1092
17645,100,1092
17646,104,1086
17647,102,1090
17648,100,1080
17649,100,1092
17650,100,1086
17651,102,1088
17652,98,1098
17653,100,1100
17654,100,1098
17655,98,1548
17656,98,1086
17657,100,1092
17658,100,1086
17659,98,1080
17660,98,1098
17661,98,1084
17662,98,1082
17663,100,1086
17664,98,1098
17665,102,1096
17666,100,1088
17667,98,1092
17668,100,1086
17669,100,1096
17670,98,1082
17671,100,1086
17672,100,1080
17673,98,1088
17674,98,1090
17675,100,1088
17676,100,1082
17677,100,1576
17678,100,1088
17679,98,1092
17680,98,1084
17681,98,1088
17682,100,1092
17683,100,1096
17684,100,1086
17685,98,1088
17686,100,1084
17687,98,1094
17688,98,1090
17689,98,1086
17690,100,1090
17691,100,1092
17692,98,1086
17693,100,1098
17694,100,1084
17695,98,1092
17696,100,1094
17697,100,1092
17698,98,1080
17699,100,1578
17700,98,1090
17701,104,1088
17702,96,1082
17703,100,1090
17704,98,1086
17705,102,1088
17706,104,1086
17707,98,1092
17708,98,1088
17709,100,1086
17710,100,1092
17711,100,1088
17712,98,1082
17713,98,1094
17714,100,1088
17715,98,1094
17716,98,1098
17717,98,1098
17718,98,1088
17719,98,1086
17720,100,1092
17721,100,1594
17722,100,1086
17723,100,1086
17724,102,1082
17725,98,1096
17726,100,1090
17727,98,1086
17728,100,1090
17729,100,1096
17730,100,1080
17731,98,1100
17732,98,1086
17733,100,1078
17734,100,1086
17735,98,1084
17736,100,1092
17737,98,1088
17738,100,1088
17739,102,1088
17740,100,1096
17741,98,1092
17742,100,1086
17743,98,1086
17744,100,1572
17745,100,1090
17746,98,1086
17747,98,1086
17748,100,1092
17749,104,1090
17750,100,1090
17751,100,1092
17752,100,1080
17753,96,1092
17754,100,1082
17755,102,1090
17756,96,970
17757,100,1084
17758,98,1086
17759,98,1090
17760,100,1092
17761,98,1086
17762,100,1092
17763,100,1098
17764,100,1090
17765,100,1096
17766,96,1632
17767,100,1094
17768,98,1082
17769,100,1086
17770,98,1092
17771,98,1092
17772,100,1084
17773,100,1092
17774,100,1084
17775,98,1096
17776,98,1096
17777,100,1094
17778,98,1086
17779,100,1086
17780,100,1080
17781,98,1088
17782,98,1090
17783,100,1090
17784,100,1088
17785,98,1046
17786,96,1090
17787,98,1084
17788,100,1090
17789,98,1102
17790,98,1564
17791,98,1094
17792,100,1086
17793,100,1094
17794,98,1096
17795,102,1094
17796,100,1088
17797,100,1092
17798,100,1090
17799,98,1090
17800,98,1088
17801,102,1086
17802,98,940
17803,100,1100
17804,98,1088
17805,98,1086
17806,100,1092
17807,98,1098
17808,100,1086
17809,100,1092
17810,100,1092
17811,98,1630
17812,98,1088
17813,98,1086
17814,102,1086
17815,100,1090
17816,100,1080
17817,100,1092
17818,100,1098
17819,98,1098
17820,98,1084
17821,98,1092
17822,98,1086
17823,100,1086
17824,96,1080
17825,100,1080
17826,98,1090
17827,100,1084
17828,98,1088
17829,96,1094
17830,98,1088
17831,100,1086
17832,96,1086
17833,100,1600
17834,100,1106
17835,98,1098
17836,100,1082
17837,98,1080
17838,102,1092
17839,100,1092
17840,94,1082
17841,98,1090
17842,98,1092
17843,98,1086
17844,98,1082
17845,100,1088
17846,98,1090
17847,100,1090
17848,98,1086
17849,100,1086
17850,96,1082
17851,96,1084
17852,98,1086
17853,100,1090
17854,96,1092
17855,100,1600
17856,100,1086
17857,98,1088
17858,100,1082
17859,98,1086
17860,98,1090
17861,96,1086
17862,98,1084
17863,98,1088
17864,98,1088
17865,98,1086
17866,98,1086
17867,98,1092
17868,102,1086
17869,98,1082
17870,100,1088
17871,100,1092
17872,98,1082
17873,100,1092
17874,100,1102
17875,98,1090
17876,98,1096
17877,98,1088
17878,98,1552
17879,100,1082
17880,98,1086
17881,102,1086
17882,100,1088
17883,100,1090
17884,98,1084
17885,98,1102
17886,100,1110
17887,102,1092
17888,98,1092
17889,100,1090
17890,100,1086
17891,98,1086
17892,98,1098
17893,100,1088
17894,100,1080
17895,100,1088
17896,100,1094
17897,100,1086
17898,100,1080
17899,100,1086
17900,100,1644
17901,100,1086
17902,96,1092
17903,98,1086
17904,96,1086
17905,96,1088
17906,100,1092
17907,100,1092
17908,100,1082
17909,98,1090
17910,98,1088
17911,98,1096
17912,100,1084
17913,102,1092
17914,98,1090
17915,96,1096
17916,100,1080
17917,98,1096
17918,100,1086
17919,100,1082
17920,98,1080
17921,100,1094
17922,100,1080
17923,98,1562
17924,98,1092
17925,98,1088
17926,98,1090
17927,100,1090
17928,98,1086
17929,98,1080
17930,98,1092
17931,98,1092
17932,100,1090
17933,100,1090
17934,102,1084
17935,96,1082
17936,100,1082
17937,98,1084
17938,98,1086
17939,98,1082
17940,102,1086
17941,98,1156
17942,104,1086
17943,96,1090
17944,98,1086
17945,98,1618
17946,100,1092
17947,100,1086
17948,104,1086
17949,104,1088
17950,98,1094
17951,100,1090
17952,100,1090
17953,100,1086
17954,100,1080
17955,98,1086
17956,106,1100
17957,98,1086
17958,100,1090
17959,98,1092
17960,100,1092
17961,100,1092
17962,100,1094
17963,98,1098
17964,96,1098
17965,100,1092
17966,98,1098
17967,96,1614
17968,94,1080
17969,100,1088
17970,100,1084
17971,102,1096
17972,98,1086
17973,98,1084
17974,96,1086
17975,98,1098
17976,100,1092
17977,98,1088
17978,100,1090
17979,98,1094
17980,98,1086
17981,100,1086
17982,98,1088
17983,98,1092
17984,98,1088
17985,100,1082
17986,98,1090
17987,100,1094
17988,100,1094
17989,98,1554
17990,100,1084
17991,98,1088
17992,100,1086
17993,100,1088
17994,96,1084
17995,98,1090
17996,100,1086
17997,98,1088
17998,98,1086
17999,98,1090
18000,98,1088
18001,100,1076
18002,98,1086
18003,98,1090
18004,100,1092
18005,100,1094
18006,104,1086
18007,100,1088
18008,100,1094
18009,98,1094
18010,104,1086
18011,100,1610
18012,100,1082
18013,100,1080
18014,98,1080
18015,102,1088
18016,96,1086
18017,100,1088
18018,100,1086
18019,98,1094
18020,98,1088
18021,100,1092
18022,100,1092
18023,100,1090
18024,102,1092
18025,100,1092
18026,100,1080
18027,104,1098
18028,100,1086
18029,100,1088
18030,100,1084
18031,100,1090
18032,98,1098
18033,98,1632
18034,100,1116
18035,98,1092
18036,98,1086
18037,98,1096
18038,100,1082
18039,100,1092
18040,100,1082
18041,98,1086
18042,98,1094
18043,98,1094
18044,98,1086
18045,98,1092
18046,98,1088
18047,96,1098
18048,98,1080
18049,102,1098
18050,98,1084
18051,98,1086
18052,96,1090
18053,98,1092
18054,100,1084
18055,98,1626
18056,100,1092
18057,100,1082
18058,98,1082
18059,100,1086
18060,98,1092
18061,100,1082
18062,98,1086
18063,100,1098
18064,96,1086
18065,98,1098
18066,100,1092
18067,98,1092
18068,100,1086
18069,100,1090
18070,98,1090
18071,98,1090
18072,100,1086
18073,100,1086
18074,98,1090
18075,98,1092
18076,100,1088
18077,98,1086
18078,100,1580
18079,98,1088
18080,98,1082
18081,100,1092
18082,98,1080
18083,98,1094
18084,98,1086
18085,100,1086
18086,100,1088
18087,98,1090
18088,98,1102
18089,100,1088
18090,100,1086
18091,98,1094
18092,100,1088
18093,98,1100
18094,98,1086
18095,98,1096
18096,100,1096
18097,98,1096
18098,102,1092
18099,100,1086
18100,98,1616
18101,100,1080
18102,100,1090
18103,98,1100
18104,100,1090
18105,100,1084
18106,98,1098
18107,98,1090
18108,100,1084
18109,98,1090
18110,100,1086
18111,102,1086
18112,98,1082
18113,98,1092
18114,100,1086
18115,100,1092
18116,96,1082
18117,98,1094
18118,98,1084
18119,102,1086
18120,98,1094
18121,98,1096
18122,96,1630
18123,98,1092
18124,98,1090
18125,98,1080
18126,98,1086
18127,100,1086
18128,98,1092
18129,98,1092
18130,100,1084
18131,98,1096
18132,96,1086
18133,98,1096
18134,98,1094
18135,100,1098
18136,98,1086
18137,100,1098
18138,98,1098
18139,100,1086
18140,100,1092
18141,98,1094
18142,98,1096
18143,98,1086
18144,98,1536
18145,98,1082
18146,98,1088
18147,98,1080
18148,100,1096
18149,100,1090
18150,100,1086
18151,98,1082
18152,98,1080
18153,100,1086
18154,100,1090
18155,100,1088
18156,98,1094
18157,98,1084
18158,100,1080
18159,98,1086
18160,100,1086
18161,100,1080
18162,100,1084
18163,100,1088
18164,100,1088
18165,100,1086
18166,98,1620
18167,100,1102
18168,98,1086
18169,100,1092
18170,96,1092
18171,102,1088
18172,98,1086
18173,98,1098
18174,100,1094
18175,100,1086
18176,98,1086
18177,100,1096
18178,98,1086
18179,100,1098
18180,100,1092
18181,98,1098
18182,100,1086
18183,100,1092
18184,100,1084
18185,100,1090
18186,102,1092
18187,100,1084
18188,100,1552
18189,98,1086
18190,100,1100
18191,96,1088
18192,100,1092
18193,100,1084
18194,98,1082
18195,98,1092
18196,100,1088
18197,100,1084
18198,100,1094
18199,98,1102
18200,100,1086
18201,98,1092
18202,100,1096
18203,98,1086
18204,100,1080
18205,98,1090
18206,100,1098
18207,96,1086
18208,102,1086
18209,102,1088
18210,100,1642
18211,98,1086
18212,98,1088
18213,98,980
18214,100,1084
18215,100,1086
18216,100,1092
18217,96,1098
18218,100,1088
18219,98,1040
18220,98,1088
18221,100,1090
18222,96,1080
18223,98,1086
18224,100,1092
18225,100,1092
18226,98,1084
18227,98,1086
18228,98,1086
18229,98,1094
18230,100,1086
18231,100,1094
18232,100,1090
18233,100,1570
18234,98,1082
18235,98,1096
18236,100,1082
18237,100,1084
18238,100,1092
18239,100,1088
18240,100,1088
18241,100,1086
18242,100,1098
18243,98,1086
18244,98,1086
18245,98,1092
18246,98,1086
18247,100,1086
18248,100,1096
18249,98,1094
18250,100,1082
18251,100,1084
18252,96,1088
18253,98,1086
18254,100,1080
18255,100,1090
18256,100,1596
18257,98,1088
18258,100,1082
18259,98,1092
18260,100,1086
18261,100,1090
18262,98,1082
18263,100,1098
18264,98,1080
18265,100,1090
18266,98,1088
18267,98,1088
18268,100,1086
18269,98,1092
18270,102,1096
18271,98,1098
18272,100,1090
18273,102,1088
18274,98,1088
18275,100,1090
18276,98,1084
18277,100,1086
18278,96,1572
18279,102,1084
18280,98,1086
18281,100,1088
18282,102,1098
18283,98,1090
18284,102,1096
18285,100,1088
18286,100,1092
18287,100,1096
18288,98,1086
18289,98,1086
18290,96,1092
18291,98,1102
18292,98,1088
18293,100,1088
18294,100,1086
18295,96,1092
18296,94,1092
18297,100,1092
18298,100,1088
18299,100,1092
18300,98,1086
18301,100,1546
18302,98,1092
18303,98,1092
18304,100,1086
18305,100,1086
18306,98,1098
18307,102,1092
18308,100,1088
18309,100,1092
18310,100,1090
18311,100,1088
18312,102,996
18313,98,1094
18314,100,1086
18315,98,1090
18316,102,1092
18317,100,1086
18318,98,1082
18319,98,1090
18320,100,1088
18321,100,1098
18322,98,1084
18323,104,1088
18324,98,1534
18325,98,1084
18326,98,1090
18327,100,1102
18328,100,1082
18329,100,1080
18330,98,1088
18331,100,1086
18332,102,1082
18333,98,1088
18334,100,1094
18335,100,1086
18336,100,1088
18337,100,1086
18338,100,1086
18339,100,1088
18340,102,1088
18341,100,1096
18342,98,1086
18343,100,1092
18344,100,1096
18345,98,1086
18346,98,1618
18347,100,1090
18348,102,1094
18349,98,1084
18350,100,1084
18351,98,1092
18352,98,1086
18353,98,1080
18354,100,1082
18355,98,1084
18356,98,1092
18357,98,1084
18358,96,1082
18359,102,1090
18360,100,1098
18361,98,1086
18362,100,1092
18363,98,1092
18364,100,1088
18365,100,1094
18366,100,1086
18367,100,1092
18368,98,1574
18369,100,1086
18370,100,1088
18371,96,1090
18372,98,1086
18373,100,1096
18374,100,1086
18375,96,1098
18376,100,1096
18377,100,1096
18378,100,1086
18379,98,1086
18380,96,1080
18381,98,1098
18382,100,1090
18383,98,1092
18384,100,1090
18385,98,1086
18386,98,1088
18387,98,1088
18388,98,1088
18389,98,1090
18390,100,1520
18391,98,1094
18392,100,1090
18393,98,1096
18394,102,1090
18395,96,1086
18396,100,1086
18397,100,1088
18398,98,1630
18399,98,1088
18400,100,1100
18401,98,1080
18402,100,1082
18403,98,1078
18404,102,1086
18405,102,1084
18406,100,1098
18407,98,1088
18408,98,1090
18409,102,1086
18410,102,1084
18411,94,1086
18412,100,1096
18413,96,1092
18414,100,1098
18415,100,1086
18416,102,1090
18417,98,1096
18418,98,1098
18419,102,1092
18420,98,1566
18421,100,1086
18422,102,1086
18423,100,1098
18424,98,1098
18425,98,1088
18426,98,1094
18427,100,1086
18428,100,1088
18429,100,1084
18430,98,1092
18431,102,1096
18432,100,1086
18433,102,1092
18434,100,1092
18435,98,1090
18436,100,1090
18437,100,1096
18438,100,1098
18439,100,1090
18440,98,1096
18441,98,1092
18442,98,1556
18443,98,1086
18444,98,1092
18445,102,1098
18446,100,1092
18447,98,1094
18448,100,1088
18449,98,1088
18450,98,1098
18451,100,1080
18452,102,1096
18453,98,1082
18454,102,1086
18455,98,1086
18456,98,1088
18457,102,1086
18458,102,1084
18459,98,1092
18460,100,2096
18461,100,1200
18462,100,1086
18463,96,1092
18464,102,1094
18465,100,1092
18466,100,1082
18467,102,1094
18468,100,1094
18469,102,1084
18470,100,1094
18471,100,1090
18472,100,1098
18473,98,1084
18474,98,1088
18475,96,1100
18476,102,1090
18477,100,1110
18478,100,1096
18479,100,1088
18480,98,1090
18481,98,1100
18482,102,1086
18483,100,1574
18484,98,1090
18485,98,1092
18486,98,1082
18487,98,1088
18488,98,1092
18489,100,1082
18490,100,1084
18491,98,1086
18492,98,1092
18493,100,1096
18494,102,1096
18495,100,1090
18496,98,1092
18497,98,1080
18498,100,1096
18499,100,1092
18500,100,1092
18501,100,1084
18502,96,1094
18503,102,1088
18504,98,1092
18505,100,1576
18506,100,1092
18507,100,1090
18508,100,1086
18509,98,1086
18510,98,1088
18511,98,1098
18512,98,1084
18513,100,1090
18514,100,1092
18515,102,1092
18516,100,1090
18517,98,1088
18518,102,1092
18519,98,1086
18520,100,1086
18521,98,1088
18522,98,1086
18523,98,1090
18524,104,1100
18525,100,1094
18526,98,1092
18527,100,1614
18528,98,1086
18529,102,1088
18530,108,1094
18531,98,1086
18532,98,1088
18533,96,1084
18534,98,1084
18535,100,1088
18536,102,1084
18537,98,1092
18538,98,1098
18539,98,1080
18540,100,1092
18541,102,1084
18542,102,1104
18543,100,1086
18544,100,1084
18545,102,1082
18546,100,1100
18547,98,1086
18548,102,1090
18549,98,1582
18550,98,1092
18551,98,1086
18552,98,1084
18553,98,1086
18554,102,1096
18555,100,1088
18556,98,1102
18557,100,1090
18558,98,1080
18559,98,1084
18560,100,1090
18561,98,1086
18562,98,1088
18563,102,1098
18564,98,1092
18565,98,1086
18566,98,1090
18567,100,1092
18568,100,1612
18569,98,1090
18570,100,1086
18571,102,1088
18572,102,1630
18573,148,1088
18574,146,1130
18575,102,1138
18576,150,1132
18577,150,1094
18578,102,1086
18579,98,1082
18580,100,1094
18581,100,1096
18582,98,1572
18583,104,1096
18584,98,1102
18585,100,1096
18586,100,1088
18587,98,1096
18588,100,1086
18589,96,1082
18590,98,1086
18591,100,1092
18592,100,1086
18593,98,1086
18594,100,1086
18595,102,1088
18596,98,1082
18597,98,1086
18598,100,1092
18599,100,1098
18600,98,1092
18601,100,1092
18602,98,1096
18603,94,1092
18604,100,1568
18605,98,1096
18606,98,1092
18607,100,1080
18608,98,1092
18609,100,1086
18610,100,1082
18611,100,1096
18612,98,1090
18613,100,1092
18614,100,1086
18615,98,1092
18616,98,1092
18617,100,1098
18618,100,1096
18619,98,1098
18620,98,1088
18621,100,1094
18622,100,1090
18623,98,1090
18624,100,1090
18625,100,1092
18626,98,1566
18627,100,1090
18628,100,1078
18629,98,1082
18630,100,1098
18631,100,1104
18632,98,1090
18633,98,1098
18634,96,1088
18635,100,1082
18636,98,1086
18637,102,1092
18638,100,1102
18639,98,1100
18640,100,1088
18641,96,1084
18642,98,1092
18643,100,1090
18644,98,1090
18645,98,1096
18646,100,1076
18647,100,1638
18648,100,1090
18649,102,1088
18650,100,1080
18651,98,1092
18652,100,1086
18653,100,1094
18654,102,1092
18655,96,1100
18656,100,1084
18657,100,1092
18658,98,1086
18659,96,1090
18660,94,1084
18661,100,1084
18662,100,1086
18663,98,1098
18664,98,1086
18665,98,1094
18666,100,1086
18667,100,1092
18668,100,1082
18669,100,1082
18670,100,1556
18671,102,1086
18672,100,1084
18673,100,1094
18674,96,1084
18675,96,1092
18676,100,1082
18677,100,1092
18678,100,1094
18679,98,1092
18680,104,1086
18681,98,1092
18682,98,1080
18683,98,1092
18684,98,1092
18685,100,1092
18686,100,1086
18687,98,1098
18688,98,1092
18689,100,1092
18690,100,1096
18691,98,1090
18692,102,1574
18693,96,1084
18694,100,1098
18695,100,1098
18696,100,1086
18697,100,1092
18698,98,1092
18699,98,1092
18700,102,1088
18701,98,1086
18702,98,1084
18703,100,1084
18704,98,1092
18705,102,1096
18706,100,1086
18707,98,1090
18708,104,1094
18709,102,1090
18710,100,1082
18711,100,1086
18712,100,1086
18713,100,1086
18714,100,1556
18715,100,1096
18716,100,942
18717,98,1094
18718,98,1080
18719,100,1100
18720,98,1080
18721,98,1086
18722,100,1092
18723,104,1092
18724,98,1086
18725,102,1086
18726,98,1084
18727,100,1092
18728,100,1082
18729,104,1092
18730,100,1088
18731,98,1086
18732,100,1094
18733,100,1088
18734,100,1098
18735,100,1094
18736,106,1086
18737,98,1646
18738,98,1092
18739,100,1096
18740,100,1094
18741,98,1086
18742,98,1082
18743,100,1088
18744,98,1086
18745,100,1082
18746,102,1090
18747,98,1096
18748,100,1094
18749,98,1092
18750,100,1090
18751,100,1080
18752,100,1088
18753,96,1088
18754,98,1082
18755,100,1088
18756,98,1086
18757,100,1094
18758,100,1082
18759,98,1566
18760,94,1086
18761,98,1086
18762,96,1088
18763,98,1092
18764,98,1088
18765,98,1084
18766,98,1094
18767,98,1090
18768,100,1086
18769,96,1086
18770,100,1082
18771,98,1082
18772,100,1086
18773,98,1086
18774,100,1088
18775,98,1086
18776,102,1082
18777,96,1090
18778,100,1086
18779,100,1098
18780,100,1086
18781,100,1090
18782,98,1566
18783,98,1098
18784,102,1090
18785,100,1096
18786,102,1088
18787,100,1088
18788,100,1082
18789,100,1084
18790,100,1082
18791,100,1088
18792,98,1090
18793,100,1088
18794,98,1086
18795,100,1084
18796,98,1088
18797,102,1080
18798,98,1090
18799,96,1092
18800,100,1088
18801,100,1094
18802,100,1086
18803,96,1082
18804,98,1578
18805,98,1082
18806,98,1096
18807,100,1082
18808,100,1086
18809,100,1082
18810,98,1084
18811,98,1086
18812,100,1092
18813,98,1090
18814,98,1084
18815,98,1090
18816,100,1086
18817,98,1080
18818,98,1086
18819,100,1092
18820,98,1086
18821,98,1092
18822,98,1098
18823,98,1100
18824,100,1090
18825,100,1096
18826,96,1086
18827,100,1098
18828,100,1584
18829,98,1086
18830,98,1094
18831,98,1086
18832,100,1086
18833,100,1088
18834,98,1086
18835,94,1086
18836,104,1086
18837,98,1088
18838,98,1092
18839,100,1088
18840,98,1086
18841,98,1098
18842,98,1086
18843,100,1086
18844,96,1080
18845,98,1086
18846,100,1096
18847,100,1088
18848,98,1086
18849,102,1092
18850,98,1560
18851,98,1088
18852,100,1086
18853,100,1084
18854,100,1088
18855,100,982
18856,98,1092
18857,98,1090
18858,100,1086
18859,100,1088
18860,102,1082
18861,100,1092
18862,98,1092
18863,98,1090
18864,96,1082
18865,100,1102
18866,98,1092
18867,98,1092
18868,98,1090
18869,100,1098
18870,100,1084
18871,100,1096
18872,100,1652
18873,98,1096
18874,98,1082
18875,96,1092
18876,98,1092
18877,98,1086
18878,98,1082
18879,98,1090
18880,100,1090
18881,100,1090
18882,100,1078
18883,100,1088
18884,98,1098
18885,100,1084
18886,100,1084
18887,102,1092
18888,98,1090
18889,98,1086
18890,98,1086
18891,100,1092
18892,98,1080
18893,98,1086
18894,100,1104
18895,98,1562
18896,98,1086
18897,100,1088
18898,96,1088
18899,100,1092
18900,98,1096
18901,100,1086
18902,98,1098
18903,98,1086
18904,98,1088
18905,100,1088
18906,100,1094
18907,106,1092
18908,98,1080
18909,98,1088
18910,102,1086
18911,100,1092
18912,100,1096
18913,98,1086
18914,100,1090
18915,100,1090
18916,100,1090
18917,100,1596
18918,98,1092
18919,100,1090
18920,98,1088
18921,96,1082
18922,96,1092
18923,100,1098
18924,98,1086
18925,96,1092
18926,102,1092
18927,100,1088
18928,100,1106
18929,100,1098
18930,98,1090
18931,100,1082
18932,100,1084
18933,100,1098
18934,100,1086
18935,102,1086
18936,98,1098
18937,98,1088
18938,96,1614
18939,98,1084
18940,98,1096
18941,100,1092
18942,102,1082
18943,100,1084
18944,100,1090
18945,100,1098
18946,98,1086
18947,98,1092
18948,100,1098
18949,98,1086
18950,98,1094
18951,98,1092
18952,98,1092
18953,98,1098
18954,102,1098
18955,100,1092
18956,98,1080
18957,100,1084
18958,98,1094
18959,98,1098
18960,98,1080
18961,98,1614
18962,100,1090
18963,98,1088
18964,100,1082
18965,98,1090
18966,100,1086
18967,98,1092
18968,100,1092
18969,98,1094
18970,98,1084
18971,98,1090
18972,98,1086
18973,100,1086
18974,98,1092
18975,98,1092
18976,100,1098
18977,104,1090
18978,102,1086
18979,98,1086
18980,98,1096
18981,98,1086
18982,98,1088
18983,98,1600
18984,98,1088
18985,98,1094
18986,100,1092
18987,102,1086
18988,102,1080
18989,98,1092
18990,100,1086
18991,98,1088
18992,98,1090
18993,102,1082
18994,100,1040
18995,100,1088
18996,100,1082
18997,98,1092
18998,100,1098
18999,100,1088
19000,100,1084
19001,100,1088
19002,98,1090
19003,100,1086
19004,104,1080
19005,98,1090
19006,98,1574
19007,98,1088
19008,100,1096
19009,98,1086
19010,100,1084
19011,100,1088
19012,100,1092
19013,98,1090
19014,98,1080
19015,98,1086
19016,98,1086
19017,100,1084
19018,100,1094
19019,100,1092
19020,98,1084
19021,100,1092
19022,98,1096
19023,102,1086
19024,98,1082
19025,100,1092
19026,98,1086
19027,100,1086
19028,98,1576
19029,98,1086
19030,102,1088
19031,98,1092
19032,100,1086
19033,100,1088
19034,96,1090
19035,100,1096
19036,98,1080
19037,98,1098
19038,98,1086
19039,100,1086
19040,100,1086
19041,98,1092
19042,98,1086
19043,100,1086
19044,100,1086
19045,100,1086
19046,98,1080
19047,100,1092
19048,98,1090
19049,98,1094
19050,100,1626
19051,98,1086
19052,100,1084
19053,100,1094
19054,100,1082
19055,100,1086
19056,98,1076
19057,98,1086
19058,100,1090
19059,98,1088
19060,98,1080
19061,102,1090
19062,102,1086
19063,98,1086
19064,100,1086
19065,100,1086
19066,100,1088
19067,100,1092
19068,100,1086
19069,98,1088
19070,100,1080
19071,98,1090
19072,102,1550
19073,98,1088
19074,98,1090
19075,96,1090
19076,100,1098
19077,100,1098
19078,100,1086
19079,100,1088
19080,100,1090
19081,94,1086
19082,100,1088
19083,98,1088
19084,100,1090
19085,98,1088
19086,98,1090
19087,98,1092
19088,98,1094
19089,98,1086
19090,104,1094
19091,98,1090
19092,100,1092
19093,98,1088
19094,100,1090
19095,98,1570
19096,100,1090
19097,98,1092
19098,100,1086
19099,100,1090
19100,100,1092
19101,100,1090
19102,98,1098
19103,98,1090
19104,100,1094
19105,102,1098
19106,100,1092
19107,100,1096
19108,100,1090
19109,100,1098
19110,100,1084
19111,98,1082
19112,98,1092
19113,98,1090
19114,102,1090
19115,100,1092
19116,100,1098
19117,100,1572
19118,100,1092
19119,100,1092
19120,100,1088
19121,100,1086
19122,98,1090
19123,100,1092
19124,98,1090
19125,98,1088
19126,98,1098
19127,100,1098
19128,100,1092
19129,102,1102
19130,100,1086
19131,100,1090
19132,98,1098
19133,100,1044
19134,100,1082
19135,100,1082
19136,100,1092
19137,100,1088
19138,100,1082
19139,96,1554
19140,98,1090
19141,98,1084
19142,100,1086
19143,100,1090
19144,98,1092
19145,98,1090
19146,96,1088
19147,104,1086
19148,98,1090
19149,100,1088
19150,100,1088
19151,96,1086
19152,98,1086
19153,100,1086
19154,100,1088
19155,100,1088
19156,100,1092
19157,98,1086
19158,100,1090
19159,102,1084
19160,100,1092
19161,100,1092
19162,98,1584
19163,98,1110
19164,100,1094
19165,100,1098
19166,102,1092
19167,100,1094
19168,102,1096
19169,98,1096
19170,98,1086
19171,98,1082
19172,100,1088
19173,100,1086
19174,98,1082
19175,100,1092
19176,98,1082
19177,100,1092
19178,102,1086
19179,98,1090
19180,100,1086
19181,98,1098
19182,98,1082
19183,98,1032
19184,98,1582
19185,98,984
19186,102,1038
19187,98,1086
19188,100,1084
19189,98,1086
19190,100,1092
19191,100,1100
19192,100,1080
19193,98,1080
19194,100,1092
19195,100,1092
19196,98,1092
19197,100,1084
19198,100,1092
19199,98,1086
19200,100,1086
19201,98,1088
19202,102,1098
19203,100,1092
19204,96,1090
19205,98,1084
19206,100,1092
19207,96,1618
19208,100,1098
19209,98,1092
19210,100,1090
19211,98,1086
19212,100,1092
19213,92,1080
19214,98,1096
19215,98,1088
19216,98,1086
19217,98,1086
19218,98,1092
19219,102,1098
19220,100,1084
19221,100,1092
19222,98,1092
19223,96,1098
19224,100,1088
19225,102,1082
19226,100,1092
19227,100,1090
19228,100,1096
19229,106,1554
19230,100,1086
19231,98,1092
19232,98,1082
19233,100,1088
19234,100,1098
19235,98,1094
19236,98,1086
19237,98,1092
19238,100,1092
19239,98,1092
19240,98,1088
19241,102,1094
19242,98,1082
19243,98,1088
19244,98,1092
19245,100,1098
19246,98,1092
19247,100,1096
19248,98,1086
19249,100,1096
19250,98,1648
19251,100,1090
19252,98,1088
19253,100,1092
19254,98,1088
19255,100,1088
19256,98,1086
19257,100,1096
19258,100,1092
19259,100,1086
19260,98,1086
19261,98,1092
19262,100,1088
19263,100,1088
19264,100,1096
19265,100,1092
19266,94,1094
19267,98,1088
19268,98,1092
19269,98,1098
19270,102,1086
19271,98,1100
19272,98,1614
19273,98,1086
19274,98,1080
19275,100,1094
19276,100,1086
19277,98,1088
19278,100,1086
19279,100,1092
19280,100,1092
19281,98,1092
19282,100,1086
19283,102,1090
19284,98,1086
19285,98,1084
19286,104,1080
19287,100,1088
19288,100,1086
19289,100,1092
19290,100,1086
19291,98,1094
19292,100,1088
19293,98,1082
19294,98,1602
19295,100,1082
19296,98,1088
19297,96,1088
19298,100,1088
19299,104,1090
19300,98,1088
19301,100,1086
19302,98,1080
19303,98,1092
19304,100,1082
19305,100,1086
19306,96,1086
19307,100,1086
19308,96,1086
19309,98,1076
19310,100,1092
19311,100,1094
19312,100,1088
19313,100,1084
19314,100,1082
19315,98,1100
19316,98,1092
19317,104,1582
19318,100,1090
19319,100,1090
19320,100,1092
19321,100,1086
19322,100,1092
19323,98,1088
19324,100,1088
19325,98,1092
19326,98,1092
19327,98,1088
19328,98,1082
19329,98,1082
19330,100,1086
19331,100,1080
19332,100,1084
19333,100,1092
19334,98,1098
19335,100,1098
19336,100,1086
19337,100,1090
19338,100,1086
19339,96,1566
19340,96,1088
19341,98,1086
19342,100,1082
19343,100,1092
19344,100,1094
19345,98,1082
19346,98,1092
19347,98,1088
19348,98,1092
19349,98,1094
19350,96,1082
19351,98,1090
19352,98,1092
19353,98,1100
19354,100,1090
19355,98,1098
19356,98,1082
19357,98,1090
19358,98,1090
19359,100,1094
19360,100,1094
19361,100,1614
19362,98,1090
19363,100,1092
19364,96,1096
19365,96,1098
19366,98,1098
19367,102,1092
19368,98,1086
19369,98,1092
19370,98,1086
19371,100,1086
19372,98,1086
19373,98,1092
19374,100,1092
19375,100,1098
19376,102,1086
19377,98,1088
19378,96,1084
19379,96,1092
19380,98,1082
19381,98,1086
19382,102,1084
19383,100,1632
19384,102,1084
19385,98,1082
19386,100,1086
19387,100,1086
19388,100,1082
19389,100,1082
19390,100,1098
19391,98,1086
19392,100,1092
19393,98,1092
19394,98,1092
19395,98,1086
19396,98,1084
19397,98,1086
19398,98,1084
19399,98,1092
19400,98,1086
19401,96,1092
19402,98,1084
19403,104,1084
19404,98,1098
19405,100,1578
19406,98,1084
19407,100,1090
19408,100,1086
19409,98,1088
19410,100,1084
19411,104,1086
19412,100,1086
19413,98,1090
19414,100,1086
19415,100,1098
19416,100,1086
19417,100,1558
19418,100,1082
19419,100,1092
19420,100,1090
19421,98,1082
19422,100,1090
19423,100,1090
19424,98,1086
19425,102,1088
19426,98,1102
19427,100,1086
19428,100,1090
19429,100,1092
19430,100,1088
19431,98,1086
19432,102,1088
19433,100,1088
19434,98,1098
19435,98,1082
19436,98,1096
19437,98,1090
19438,102,1086
19439,100,1562
19440,98,1104
19441,100,1086
19442,98,1092
19443,98,1098
19444,98,1096
19445,100,1092
19446,100,1094
19447,102,1100
19448,100,1086
19449,98,1086
19450,102,1096
19451,96,1098
19452,100,1098
19453,100,1086
19454,100,1086
19455,98,1082
19456,102,1098
19457,100,1034
19458,98,1088
19459,100,1096
19460,100,1082
19461,100,1556
19462,102,1086
19463,100,1090
19464,100,1082
19465,98,1084
19466,98,1086
19467,104,1086
19468,100,1092
19469,100,1088
19470,98,1086
19471,98,1084
19472,100,1092
19473,100,1098
19474,102,1094
19475,100,1082
19476,100,1100
19477,96,1086
19478,98,1092
19479,96,1088
19480,100,1082
19481,98,1096
19482,98,1086
19483,102,1598
19484,98,1090
19485,102,1084
19486,98,1088
19487,100,1092
19488,100,1086
19489,100,1086
19490,102,1088
19491,98,1092
19492,98,1080
19493,98,1084
19494,100,1092
19495,102,1086
19496,100,1094
19497,100,1092
19498,102,1094
19499,102,1080
19500,98,1096
19501,100,1086
19502,100,1082
19503,96,1086
19504,102,1092
19505,100,1570
19506,98,1090
19507,98,1080
19508,98,1090
19509,96,1096
19510,102,1092
19511,100,1086
19512,100,1092
19513,100,1090
19514,100,1092
19515,98,1092
19516,102,1092
19517,98,1088
19518,98,1092
19519,102,1090
19520,100,1094
19521,102,1086
19522,102,1092
19523,98,1092
19524,98,1092
19525,98,1086
19526,100,1102
19527,94,1572
19528,100,1090
19529,98,1088
19530,100,1084
19531,102,1092
19532,100,1092
19533,102,1084
19534,98,1086
19535,98,1086
19536,98,1092
19537,98,1088
19538,100,1092
19539,100,1084
19540,100,1086
19541,98,1082
19542,98,1088
19543,106,1084
19544,98,1096
19545,102,1098
19546,102,1090
19547,98,1096
19548,98,1088
19549,100,1086
19550,98,1580
19551,102,1096
19552,102,1088
19553,98,1092
19554,98,1088
19555,102,1084
19556,100,1088
19557,98,1080
19558,102,1096
19559,100,1086
19560,98,1086
19561,98,1092
19562,96,1102
19563,100,1082
19564,102,1080
19565,106,1086
19566,100,1094
19567,98,1080
19568,100,1092
19569,102,1082
19570,102,1092
19571,102,1596
19572,100,1092
19573,96,1082
19574,100,1086
19575,98,1080
19576,102,1090
19577,98,1086
19578,100,1084
19579,98,1088
19580,100,1086
19581,98,1098
19582,100,1092
19583,98,1088
19584,100,1086
19585,100,1082
19586,96,1092
19587,100,1086
19588,98,1082
19589,100,1090
19590,98,1090
19591,98,1090
19592,100,1176
19593,98,1086
19594,98,1092
19595,98,1086
19596,100,1094
19597,98,1094
19598,98,1086
19599,98,1082
19600,98,1092
19601,98,1100
19602,96,1094
19603,100,1092
19604,100,1088
19605,98,1088
19606,100,1088
19607,102,1090
19608,102,1088
19609,100,1088
19610,100,1082
19611,100,1086
19612,98,1098
19613,100,1084
19614,98,1098
19615,98,1566
19616,100,1086
19617,102,1086
19618,100,1088
19619,102,1086
19620,102,1094
19621,98,1092
19622,100,1098
19623,100,1090
19624,98,1090
19625,100,1086
19626,102,1088
19627,100,1090
19628,98,1092
19629,100,1086
19630,98,1116
19631,102,1090
19632,102,1096
19633,98,1092
19634,98,1088
19635,100,1080
19636,98,1640
19637,98,1086
19638,100,1080
19639,100,1092
19640,100,1088
19641,102,1088
19642,100,1082
19643,102,1092
19644,102,1088
19645,98,1102
19646,100,1084
19647,98,1086
19648,100,1090
19649,98,1084
19650,100,1090
19651,98,1096
19652,100,1090
19653,102,1086
19654,104,1092
19655,102,1082
19656,98,1080
19657,98,1086
19658,100,1088
19659,102,1562
19660,100,1084
19661,100,1086
19662,98,1094
19663,98,1090
19664,100,1098
19665,102,1088
19666,100,1098
19667,102,1088
19668,102,1088
19669,100,1092
19670,102,1082
19671,100,1082
19672,98,1090
19673,102,1096
19674,104,1084
19675,98,1086
19676,98,1098
19677,100,1082
19678,98,1096
19679,100,1088
19680,102,1086
19681,100,1626
19682,100,1092
19683,98,1096
19684,100,1090
19685,102,1086
19686,102,1086
19687,98,1092
19688,100,1084
19689,98,1088
19690,98,1084
19691,102,1096
19692,104,1098
19693,100,1092
19694,100,1092
19695,100,1088
19696,98,1092
19697,98,1090
19698,98,1090
19699,100,1092
19700,98,1082
19701,98,1546
19702,94,1086
19703,102,1080
19704,98,1090
19705,98,1680
19706,100,1090
19707,100,1086
19708,100,1098
19709,100,1090
19710,102,1088
19711,100,1082
19712,100,1096
19713,96,1082
19714,100,1090
19715,100,1082
19716,102,1086
19717,100,1086
19718,98,1082
19719,98,1098
19720,100,1598
19721,98,1086
19722,98,1092
19723,98,1084
19724,98,1080
19725,102,1082
19726,100,1088
19727,102,1090
19728,100,1092
19729,98,1092
19730,100,1098
19731,98,1086
19732,98,1092
19733,100,1092
19734,100,1096
19735,98,1026
19736,100,1086
19737,98,1086
19738,100,1086
19739,98,1088
19740,98,1092
19741,100,1092
19742,100,1086
19743,98,1554
19744,100,1092
19745,100,1088
19746,102,1088
19747,98,1086
19748,98,1100
19749,102,1084
19750,100,1092
19751,100,1088
19752,100,1094
19753,98,1094
19754,100,1098
19755,98,1086
19756,100,1088
19757,100,1088
19758,102,1096
19759,100,1082
19760,100,1088
19761,102,1092
19762,100,1092
19763,98,1094
19764,102,1094
19765,98,1530
19766,100,1098
19767,98,1078
19768,102,1088
19769,98,1094
19770,98,1084
19771,98,1084
19772,100,1088
19773,100,1086
19774,98,1092
19775,102,1088
19776,102,1098
19777,98,1094
19778,98,1092
19779,98,1090
19780,98,1082
19781,98,980
19782,102,1092
19783,98,1086
19784,100,1098
19785,96,1086
19786,96,1098
19787,102,1592
19788,100,1092
19789,98,1092
19790,98,1094
19791,102,1084
19792,98,1086
19793,100,1084
19794,102,1092
19795,98,1086
19796,104,1086
19797,98,1094
19798,98,1094
19799,102,1082
19800,102,1086
19801,100,1090
19802,98,1092
19803,100,1086
19804,100,1098
19805,98,1090
19806,100,1092
19807,100,1088
19808,98,1092
19809,100,1628
19810,100,1098
19811,100,1092
19812,102,1098
19813,100,1090
19814,100,1088
19815,98,1082
19816,100,1094
19817,100,1084
19818,98,1082
19819,100,1090
19820,98,1090
19821,98,1084
19822,96,1092
19823,98,1102
19824,98,1090
19825,98,1092
19826,100,1086
19827,98,1082
19828,98,1082
19829,100,1090
19830,98,1092
19831,98,1090
19832,98,1602
19833,102,1090
19834,98,1098
19835,102,1088
19836,104,1090
19837,98,1086
19838,96,1092
19839,100,1086
19840,98,1096
19841,98,1090
19842,98,1088
19843,104,1098
19844,100,1086
19845,94,1094
19846,100,1090
19847,102,1092
19848,102,1094
19849,102,1088
19850,104,1086
19851,98,1088
19852,98,1086
19853,98,1090
19854,96,1602
19855,98,1078
19856,102,1096
19857,102,1080
19858,98,1086
19859,100,1084
19860,96,1086
19861,100,1090
19862,100,1084
19863,100,1082
19864,96,1080
19865,98,1092
19866,102,1082
19867,100,1080
19868,102,1092
19869,102,1088
19870,100,1096
19871,102,1086
19872,102,1098
19873,100,1086
19874,100,1084
19875,98,1092
19876,100,1630
19877,98,1086
19878,98,1086
19879,100,1090
19880,92,1096
19881,98,1080
19882,100,1094
19883,98,1086
19884,98,1098
19885,100,1080
19886,102,1098
19887,98,1082
19888,98,1096
19889,100,1082
19890,104,1104
19891,100,1084
19892,100,1084
19893,102,1092
19894,100,1092
19895,100,1086
19896,98,1098
19897,100,1096
19898,98,1632
19899,98,1082
19900,102,1082
19901,102,1088
19902,102,1082
19903,98,1092
19904,98,1098
19905,102,1086
19906,98,1094
19907,102,1096
19908,102,1098
19909,98,1086
19910,98,1082
19911,100,1086
19912,100,1086
19913,98,1086
19914,102,1086
19915,100,1088
19916,98,1094
19917,98,1090
19918,96,1092
19919,94,1084
19920,102,1576
19921,98,1086
19922,100,1100
19923,100,1084
19924,100,1096
19925,100,1086
19926,102,1092
19927,98,1080
19928,98,1082
19929,100,1086
19930,100,1090
19931,106,1090
19932,108,1092
19933,100,1086
19934,96,1092
19935,102,1090
19936,100,1096
19937,100,1086
19938,98,1086
19939,96,1090
19940,98,1094
19941,102,1090
19942,102,1082
19943,102,1552
19944,102,1086
19945,96,1084
19946,100,1088
19947,100,1090
19948,100,1082
19949,100,1098
19950,100,1096
19951,98,1092
19952,98,1092
19953,102,1092
19954,98,1090
19955,102,1082
19956,98,1086
19957,104,1088
19958,100,1090
19959,100,1090
19960,96,1094
19961,98,1080
19962,100,1086
19963,98,1092
19964,100,1090
19965,102,1552
19966,98,1086
19967,102,1086
19968,100,1090
19969,100,1086
19970,98,1088
19971,98,1084
19972,100,1080
19973,94,1092
19974,102,1092
19975,104,1092
19976,100,1094
19977,100,1086
19978,98,1092
19979,102,1088
19980,102,1086
19981,98,1090
19982,100,1090
19983,98,1086
19984,98,1086
19985,102,1086
19986,98,1094
19987,98,1088
19988,98,1550
19989,100,1080
19990,98,1092
19991,102,1084
19992,102,1092
19993,98,1092
19994,98,1086
19995,100,1088
19996,100,1092
19997,98,1088
19998,98,1084
19999,98,1088
20000,98,1090
20001,100,1080
20002,96,1084
20003,102,1084
20004,102,1100
20005,100,1090
20006,98,1082
20007,100,1102
20008,96,1092
20009,98,1086
20010,100,1626
20011,98,1086
20012,98,1086
20013,100,1092
20014,96,1086
20015,98,1092
20016,102,1098
20017,96,1086
20018,100,1098
20019,98,1092
20020,100,1096
20021,98,1084
20022,100,1098
20023,100,1088
20024,100,1098
20025,102,1088
20026,100,1090
20027,98,1094
20028,102,1092
20029,98,1092
20030,100,1092
20031,98,1090
20032,100,1588
20033,102,1090
20034,104,1078
20035,98,1088
20036,98,1092
20037,102,1086
20038,100,1094
20039,102,1090
20040,100,1096
20041,100,1090
20042,98,1094
20043,98,1082
20044,100,1082
20045,100,1084
20046,102,1086
20047,100,1088
20048,98,1088
20049,102,1088
20050,98,1096
20051,100,1096
20052,100,1080
20053,100,1092
20054,98,1562
20055,100,1092
20056,100,1086
20057,98,1086
20058,102,1094
20059,98,1080
20060,98,1086
20061,98,1086
20062,100,1092
20063,98,1086
20064,102,1098
20065,102,1092
20066,100,1098
20067,100,1082
20068,98,1096
20069,100,1086
20070,100,1092
20071,98,1090
20072,96,1086
20073,102,1086
20074,102,1090
20075,96,1086
20076,102,1586
20077,104,1096
20078,100,1090
20079,98,1090
20080,98,1090
20081,100,1082
20082,98,1088
20083,100,1092
20084,100,1096
20085,102,1088
20086,100,1092
20087,98,1090
20088,102,1090
20089,100,1088
20090,100,1102
20091,100,1086
20092,100,1080
20093,102,1094
20094,102,1098
20095,98,1086
20096,100,1082
20097,100,1088
20098,98,1618
20099,100,1086
20100,100,1090
20101,98,1090
20102,98,1092
20103,104,1098
20104,100,1098
20105,100,1088
20106,100,1080
20107,100,1090
20108,100,1088
20109,102,1086
20110,98,1086
20111,102,1088
20112,102,1090
20113,100,1086
20114,100,1094
20115,98,1092
20116,98,1096
20117,98,1086
20118,102,1094
20119,102,1086
20120,98,1614
20121,98,1092
20122,100,1104
20123,94,1086
20124,100,1098
20125,98,1092
20126,100,1090
20127,102,1086
20128,100,1086
20129,98,1086
20130,102,1086
20131,98,1086
20132,98,1092
20133,96,1084
20134,98,1086
20135,102,1086
20136,98,1090
20137,100,1092
20138,98,1092
20139,100,1092
20140,100,1086
20141,100,1086
20142,102,1610
20143,98,1092
20144,100,1090
20145,102,1082
20146,100,1098
20147,102,1088
20148,102,1096
20149,98,1092
20150,98,1082
20151,100,1086
20152,100,1086
20153,98,1086
20154,98,1094
20155,98,1080
20156,98,1092
20157,98,1084
20158,100,1104
20159,100,1090
20160,102,1096
20161,96,1096
20162,98,1096
20163,98,1086
20164,96,1634
20165,98,1098
20166,102,1096
20167,100,1086
20168,100,1092
20169,100,1092
20170,100,1092
20171,108,1086
20172,100,1096
20173,98,1086
20174,98,1086
20175,98,1086
20176,98,1086
20177,102,1088
20178,102,1084
20179,100,1086
20180,100,1086
20181,102,1088
20182,98,1090
20183,102,1086
20184,104,1092
20185,100,1086
20186,100,1586
20187,100,1082
20188,100,1084
20189,100,1090
20190,100,1084
20191,100,1086
20192,100,1086
20193,98,1086
20194,100,1084
20195,102,1092
20196,102,1096
20197,98,1088
20198,100,1044
20199,100,1088
20200,100,1092
20201,98,1086
20202,100,1086
20203,100,1088
20204,100,1102
20205,102,1084
20206,98,1094
20207,102,1090
20208,98,1554
20209,98,1086
20210,98,1086
20211,100,1086
20212,100,1098
20213,100,1080
20214,100,1094
20215,102,1086
20216,100,1096
20217,106,1092
20218,98,1090
20219,102,1090
20220,98,1092
20221,102,1082
20222,98,1092
20223,100,1086
20224,100,1080
20225,98,1082
20226,100,1084
20227,100,1096
20228,100,1092
20229,96,1086
20230,98,1098
20231,102,1594
20232,102,1090
20233,98,1092
20234,100,1084
20235,98,1086
20236,100,1094
20237,100,1098
20238,102,1086
20239,98,1082
20240,100,1088
20241,102,1096
20242,98,1094
20243,102,1088
20244,102,1092
20245,98,1086
20246,98,1086
20247,98,1090
20248,98,1096
20249,98,1086
20250,100,1096
20251,98,1088
20252,98,1092
20253,102,1506
20254,100,1086
20255,98,1086
20256,104,1086
20257,104,1090
20258,98,1088
20259,100,1098
20260,98,1092
20261,100,1102
20262,94,1082
20263,98,1080
20264,98,1094
20265,98,1080
20266,100,1090
20267,98,1086
20268,100,1086
20269,98,1088
20270,98,1090
20271,98,1088
20272,98,1086
20273,100,1086
20274,102,1090
20275,102,1558
20276,98,1086
20277,100,1080
20278,100,1092
20279,102,1088
20280,102,1086
20281,100,1088
20282,100,1092
20283,98,1080
20284,100,1086
20285,98,1086
20286,100,1086
20287,100,1086
20288,100,1082
20289,98,1080
20290,98,1102
20291,102,1092
20292,98,1094
20293,100,1092
20294,100,1096
20295,98,1082
20296,98,1096
20297,98,1558
20298,100,1080
20299,100,1086
20300,100,1092
20301,102,1082
20302,100,1086
20303,100,1090
20304,102,1102
20305,96,1088
20306,100,1092
20307,98,1092
20308,100,1086
20309,100,1090
20310,102,1088
20311,98,1092
20312,98,1086
20313,102,1088
20314,100,1090
20315,102,1094
20316,98,1086
20317,100,1086
20318,96,1098
20319,98,1092
20320,102,1560
20321,98,1092
20322,100,1088
20323,98,1086
20324,100,1086
20325,102,1084
20326,100,1098
20327,100,1084
20328,100,1092
20329,98,1090
20330,100,1096
20331,100,1078
20332,102,1086
20333,100,1086
20334,102,1098
20335,100,1086
20336,100,1088
20337,102,1088
20338,96,1094
20339,98,1086
20340,98,1098
20341,98,1090
20342,98,1580
20343,98,1092
20344,98,1094
20345,98,1086
20346,102,1090
20347,98,1092
20348,98,1082
20349,102,1082
20350,100,1092
20351,102,1084
20352,98,1096
20353,100,1090
20354,96,1088
20355,102,1082
20356,100,1086
20357,98,1082
20358,98,1082
20359,98,1084
20360,100,1096
20361,98,1092
20362,100,1098
20363,98,1090
20364,100,1608
20365,100,1088
20366,100,1084
20367,100,1092
20368,98,1092
20369,98,1088
20370,98,1082
20371,98,1092
20372,100,1092
20373,102,1088
20374,98,1092
20375,100,1106
20376,102,1102
20377,100,1090
20378,102,1088
20379,100,1092
20380,98,1098
20381,98,1084
20382,100,1086
20383,100,1088
20384,100,1096
20385,102,1090
20386,98,1550
20387,102,1092
20388,102,1096
20389,100,1096
20390,100,1098
20391,100,1082
20392,98,1110
20393,96,1086
20394,100,1092
20395,98,1080
20396,100,1098
20397,102,1092
20398,98,1086
20399,102,1094
20400,98,1098
20401,100,1090
20402,98,1098
20403,98,1088
20404,100,1098
20405,100,1082
20406,102,1094
20407,100,1640
20408,98,1092
20409,98,1086
20410,102,1094
20411,96,1090
20412,100,1090
20413,100,1088
20414,98,1098
20415,102,1092
20416,102,1092
20417,98,1088
20418,102,1090
20419,100,1096
20420,100,1092
20421,102,1088
20422,100,1086
20423,98,1084
20424,106,1092
20425,102,1096
20426,100,1090
20427,100,1086
20428,100,1086
20429,98,1884
20430,100,1096
20431,98,1086
20432,100,1098
20433,102,1084
20434,98,1092
20435,102,1082
20436,98,1102
20437,98,1090
20438,98,1092
20439,104,1086
20440,98,1090
20441,100,1086
20442,98,1086
20443,98,1090
20444,100,1092
20445,98,1082
20446,98,1096
20447,98,1568
20448,98,1086
20449,98,1088
20450,98,1092
20451,102,1088
20452,98,1096
20453,98,1092
20454,100,1096
20455,100,1086
20456,100,1096
20457,96,1088
20458,98,1102
20459,100,1084
20460,102,1092
20461,96,1092
20462,102,1086
20463,98,1086
20464,100,1086
20465,102,1092
20466,100,1092
20467,102,1088
20468,98,1088
20469,98,1590
20470,100,1086
20471,98,1096
20472,98,1102
20473,102,1088
20474,102,1084
20475,102,1092
20476,100,1020
20477,102,882
20478,104,1010
20479,100,976
20480,102,1012
20481,98,990
20482,96,1008
20483,100,1004
20484,98,1086
20485,102,1512
20486,102,1442
20487,98,1330
20488,98,1500
20489,100,1430
20490,98,1456
20491,100,1340
20492,102,1530
20493,100,1352
20494,98,1524
20495,98,1422
20496,100,1452
20497,98,1336
20498,102,1518
20499,98,1340
20500,100,1536
20501,104,1326
20502,100,1530
20503,100,1428
20504,102,1440
20505,100,1320
20506,100,1542
20507,98,1430
20508,96,1442
20509,100,1348
20510,102,1532
20511,98,1332
20512,100,1516
20513,98,1336
20514,98,1546
20515,100,1328
20516,98,1524
20517,102,1344
20518,98,1532
20519,98,1430
20520,98,1444
20521,100,1350
20522,100,1502
20523,100,914
20524,100,1498
20525,98,1442
20526,98,1448
20527,102,1336
20528,100,1530
20529,100,1328
20530,98,1506
20531,100,1424
20532,100,1458
20533,100,1328
20534,102,1536
20535,98,1434
20536,98,1452
20537,102,1422
20538,98,1442
20539,100,1344
20540,100,1518
20541,100,1334
20542,100,1532
20543,98,1320
20544,100,1526
20545,98,1344
20546,98,1536
20547,100,1316
20548,100,1536
20549,102,1350
20550,100,1538
20551,98,1332
20552,98,1552
20553,98,1332
20554,100,1514
20555,98,1422
20556,100,1472
20557,96,1324
20558,102,1526
20559,100,1426
20560,98,1454
20561,102,1320
20562,100,1530
20563,102,1340
20564,102,1534
20565,100,1422
20566,98,1446
20567,98,1278
20568,100,1280
20569,100,986
20570,102,1524
20571,100,1248
20572,92,1256
20573,98,1232
20574,100,1288
20575,102,1250
20576,100,1266
20577,98,1242
20578,98,1274
20579,98,1272
20580,98,1122
20581,100,978
20582,102,1074
20583,100,1120
20584,100,1070
20585,100,1068
20586,98,1068
20587,102,1068
20588,104,1074
20589,100,1066
20590,96,1068
20591,98,1068
20592,100,1092
20593,100,1104
20594,102,1092
20595,98,1104
20596,98,1094
20597,98,1102
20598,98,1102
20599,102,1098
20600,100,1094
20601,100,1094
20602,100,1100
20603,100,1106
20604,100,1098
20605,100,1096
20606,100,1098
20607,98,1096
20608,98,1566
20609,98,1094
20610,98,1158
20611,98,1088
20612,102,1100
20613,100,1052
20614,98,1042
20615,98,1074
20616,100,1092
20617,100,1092
20618,98,1094
20619,102,1092
20620,98,1092
20621,100,1092
20622,98,1560
20623,96,1092
20624,100,1092
20625,98,1100
20626,100,1092
20627,102,1096
20628,100,1096
20629,102,1100
20630,100,1098
20631,100,1092
20632,102,1098
20633,98,1098
20634,100,1098
20635,98,1100
20636,100,1094
20637,98,1092
20638,98,1096
20639,96,1098
20640,98,1104
20641,98,1590
20642,100,1090
20643,98,1094
20644,96,1098
20645,98,1098
20646,98,1096
20647,98,1098
20648,98,1096
20649,96,1094
20650,100,1098
20651,98,1092
20652,100,1092
20653,102,1100
20654,102,1098
20655,100,1086
20656,98,1096
20657,94,1100
20658,98,1094
20659,96,1094
20660,98,1598
20661,100,1104
20662,100,1092
20663,100,1096
20664,98,1098
20665,100,1102
20666,98,1088
20667,100,1096
20668,98,1098
20669,100,1102
20670,98,1094
20671,102,1102
20672,98,1090
20673,100,1094
20674,100,1098
20675,102,1102
20676,98,1088
20677,100,1098
20678,98,1106
20679,96,1638
20680,100,1096
20681,98,1092
20682,102,1098
20683,98,1102
20684,100,1096
20685,100,1098
20686,100,1096
20687,98,1092
20688,100,1102
20689,100,1102
20690,100,1096
20691,100,1096
20692,100,1102
20693,96,1094
20694,98,1096
20695,100,1092
20696,100,1092
20697,100,1098
20698,98,1628
20699,98,1098
20700,98,1098
20701,100,1096
20702,100,1092
20703,106,1108
20704,100,1102
20705,96,1088
20706,98,1102
20707,98,1094
20708,100,1092
20709,100,1100
20710,100,1094
20711,96,1090
20712,98,1092
20713,100,1092
20714,100,1102
20715,100,1100
20716,100,1092
20717,98,1098
20718,98,1540
20719,98,1094
20720,98,1094
20721,102,1100
20722,98,1092
20723,98,1092
20724,98,1094
20725,100,1098
20726,100,1092
20727,98,1096
20728,100,1098
20729,100,1094
20730,98,1090
20731,98,1096
20732,100,1096
20733,100,1098
20734,98,1098
20735,100,1098
20736,100,1092
20737,100,1646
20738,100,1092
20739,98,1104
20740,100,1092
20741,100,1096
20742,100,1110
20743,98,1104
20744,98,1092
20745,100,1092
20746,100,1094
20747,98,1094
20748,102,1094
20749,100,1098
20750,100,1096
20751,100,1100
20752,98,1102
20753,98,1100
20754,100,984
20755,98,1090
20756,98,1092
20757,100,1590
20758,100,1094
20759,100,1094
20760,106,1088
20761,100,1100
20762,100,1100
20763,98,1092
20764,96,1102
20765,100,1098
20766,98,1100
20767,98,1092
20768,98,1090
20769,100,1092
20770,100,1102
20771,96,1112
20772,100,1094
20773,98,1100
20774,100,1092
20775,98,1096
20776,100,1626
20777,100,1092
20778,106,1098
20779,102,1100
20780,96,1090
20781,100,1092
20782,98,1098
20783,100,1096
20784,98,1092
20785,96,1098
20786,100,1098
20787,100,1098
20788,100,1098
20789,100,1096
20790,100,1100
20791,100,1100
20792,100,1102
20793,100,1098
20794,100,1092
20795,100,1596
20796,98,1098
20797,98,1094
20798,100,1096
20799,96,1094
20800,98,990
20801,100,1098
20802,100,1094
20803,100,1102
20804,100,1100
20805,100,1094
20806,98,1100
20807,100,1108
20808,100,1092
20809,98,1094
20810,98,1096
20811,98,1092
20812,100,1104
20813,102,1108
20814,98,1638
20815,98,1096
20816,100,1096
20817,100,1090
20818,98,1098
20819,100,1094
20820,96,1104
20821,102,1098
20822,98,1090
20823,98,1098
20824,100,1106
20825,100,1098
20826,96,1102
20827,98,1098
20828,98,1092
20829,102,1104
20830,98,1100
20831,102,1102
20832,96,1098
20833,100,1572
20834,98,1086
20835,98,1106
20836,100,1100
20837,100,1092
20838,100,1094
20839,98,1094
20840,100,1096
20841,98,1092
20842,100,1098
20843,102,1102
20844,98,1096
20845,98,1096
20846,100,1096
20847,100,1098
20848,100,1092
20849,96,1098
20850,98,1104
20851,100,1098
20852,100,1620
20853,98,1094
20854,98,1102
20855,98,1092
20856,98,1094
20857,96,1106
20858,100,1098
20859,100,1090
20860,98,1098
20861,100,1098
20862,98,1090
20863,98,1096
20864,98,1100
20865,98,1104
20866,100,1092
20867,98,1102
20868,98,1094
20869,98,1100
20870,102,1098
20871,98,1650
20872,98,1108
20873,98,1092
20874,98,1100
20875,96,1086
20876,100,1092
20877,98,1098
20878,98,1098
20879,100,1102
20880,100,1102
20881,98,1098
20882,100,1092
20883,98,1100
20884,100,1096
20885,98,1100
20886,98,1090
20887,100,1096
20888,106,1104
20889,100,1102
20890,98,1580
20891,98,1088
20892,104,1098
20893,100,1102
20894,102,1092
20895,98,1090
20896,100,1104
20897,100,1098
20898,100,1102
20899,100,1098
20900,98,1092
20901,100,1096
20902,102,1098
20903,98,1100
20904,98,1092
20905,98,1096
20906,98,1100
20907,100,1100
20908,100,1098
20909,98,1620
20910,98,1096
20911,98,1096
20912,102,1108
20913,100,1092
20914,98,1092
20915,94,1096
20916,100,1104
20917,98,1094
20918,98,1092
20919,100,1094
20920,104,1092
20921,100,1110
20922,100,1092
20923,100,1092
20924,100,1098
20925,100,1100
20926,98,1098
20927,100,1094
20928,102,1610
20929,98,1102
20930,100,1092
20931,98,1098
20932,98,1098
20933,96,1098
20934,100,1104
20935,100,1094
20936,102,1104
20937,100,1090
20938,98,1106
20939,98,1054
20940,98,1096
20941,102,1104
20942,100,1094
20943,98,1096
20944,98,1098
20945,102,1092
20946,98,1092
20947,100,1632
20948,98,1086
20949,100,1102
20950,98,1098
20951,96,1092
20952,100,1086
20953,98,1102
20954,98,1098
20955,98,1088
20956,100,1100
20957,98,1096
20958,100,1104
20959,98,1096
20960,98,1098
20961,96,1092
20962,98,1098
20963,100,1098
20964,100,1092
20965,100,1094
20966,100,1612
20967,98,1102
20968,98,1100
20969,100,1094
20970,100,1092
20971,100,1092
20972,100,1098
20973,98,1098
20974,100,1090
20975,96,1100
20976,98,1104
20977,100,1106
20978,100,1090
20979,98,1098
20980,98,1092
20981,100,1104
20982,100,1096
20983,100,1096
20984,98,1098
20985,100,1598
20986,98,1092
20987,100,1102
20988,100,1094
20989,102,1096
20990,98,1094
20991,98,1092
20992,96,1098
20993,98,1098
20994,98,1090
20995,98,1100
20996,98,1094
20997,100,1092
20998,94,1104
20999,104,1102
21000,100,1098
21001,100,1098
21002,100,1094
21003,98,1098
21004,98,1614
21005,96,1092
21006,100,1098
21007,100,1100
21008,98,1104
21009,98,1098
21010,100,1100
21011,100,1098
21012,104,1106
21013,100,1094
21014,96,1098
21015,100,1092
21016,100,1098
21017,100,1098
21018,100,1098
21019,92,1098
21020,98,1092
21021,98,1096
21022,100,1092
21023,96,1558
21024,100,1100
21025,98,1100
21026,102,1096
21027,102,1094
21028,100,1092
21029,100,1104
21030,98,1090
21031,98,1096
21032,98,1106
21033,98,1094
21034,100,1092
21035,98,1104
21036,94,1100
21037,98,1092
21038,100,1098
21039,98,1094
21040,100,1092
21041,98,1094
21042,98,1090
21043,98,1534
21044,98,1098
21045,100,1098
21046,98,1098
21047,100,1100
21048,98,1092
21049,100,1098
21050,98,1108
21051,98,1096
21052,100,1096
21053,100,1094
21054,98,1094
21055,100,1092
21056,98,1104
21057,98,1092
21058,100,1096
21059,100,1088
21060,104,1098
21061,98,1098
21062,100,1618
21063,100,1096
21064,100,1092
21065,100,1092
21066,102,1090
21067,98,1098
21068,100,1096
21069,98,1102
21070,100,1098
21071,100,1092
21072,100,1104
21073,98,1100
21074,98,1102
21075,98,1096
21076,100,1088
21077,98,1098
21078,104,1092
21079,98,1098
21080,98,1092
21081,100,1626
21082,100,1098
21083,98,1094
21084,100,1096
21085,100,1094
21086,100,1096
21087,98,1092
21088,100,1092
21089,100,1102
21090,98,1100
21091,100,1092
21092,98,1098
21093,100,1096
21094,98,1096
21095,104,1094
21096,98,1098
21097,98,1100
21098,98,1096
21099,100,1086
21100,100,1570
21101,98,1092
21102,100,1104
21103,98,1106
21104,100,1092
21105,100,1092
21106,98,1098
21107,98,1100
21108,98,1094
21109,100,1096
21110,98,1098
21111,100,1092
21112,100,1096
21113,100,1094
21114,98,1092
21115,98,1096
21116,98,1092
21117,100,1102
21118,102,1100
21119,100,1580
21120,98,1094
21121,98,1092
21122,98,1098
21123,98,1092
21124,100,1034
21125,100,1098
21126,98,1090
21127,100,1094
21128,104,1098
21129,98,1098
21130,100,1092
21131,98,1094
21132,100,1092
21133,100,1094
21134,98,1110
21135,98,1098
21136,100,1102
21137,98,1098
21138,100,1098
21139,98,1574
21140,100,1100
21141,98,1090
21142,98,1092
21143,100,1094
21144,100,1086
21145,98,1092
21146,100,1096
21147,98,1098
21148,98,1092
21149,98,1104
21150,100,1100
21151,98,1088
21152,100,1088
21153,98,1100
21154,102,1100
21155,98,1088
21156,96,1104
21157,98,1102
21158,100,1582
21159,98,1090
21160,98,1092
21161,98,1098
21162,98,1094
21163,100,1098
21164,98,1104
21165,100,1094
21166,96,1096
21167,100,1092
21168,100,1094
21169,100,1092
21170,98,1100
21171,98,1102
21172,100,1090
21173,100,1098
21174,96,1092
21175,98,1104
21176,100,1092
21177,98,1092
21178,100,1548
21179,100,1102
21180,100,1098
21181,100,1092
21182,100,1094
21183,98,1092
21184,98,1090
21185,100,1102
21186,98,1098
21187,100,1092
21188,98,1092
21189,98,1092
21190,98,1096
21191,100,1092
21192,96,1096
21193,100,1092
21194,98,1092
21195,98,1098
21196,98,1104
21197,98,1562
21198,102,1092
21199,102,1094
21200,100,1092
21201,100,1102
21202,102,1092
21203,100,1092
21204,100,1092
21205,100,1090
21206,100,1094
21207,100,1104
21208,100,1092
21209,98,1096
21210,98,1098
21211,100,1096
21212,100,1092
21213,100,1094
21214,98,1092
21215,100,1094
21216,98,1558
21217,104,1094
21218,102,1088
21219,100,1092
21220,100,1094
21221,102,1096
21222,98,1104
21223,100,1098
21224,98,1098
21225,98,1094
21226,98,1098
21227,100,1098
21228,100,1092
21229,100,1094
21230,100,1098
21231,102,1098
21232,96,1096
21233,100,1098
21234,100,1102
21235,104,1626
21236,96,1098
21237,100,1096
21238,98,1096
21239,100,1100
21240,102,1092
21241,98,1098
21242,100,1098
21243,100,1092
21244,100,1094
21245,98,1088
21246,104,1094
21247,102,1092
21248,100,1086
21249,100,1100
21250,98,1094
21251,98,1092
21252,98,1096
21253,100,1098
21254,100,1582
21255,98,1090
21256,98,1096
21257,100,1100
21258,98,1102
21259,102,1088
21260,100,1104
21261,98,1092
21262,98,1096
21263,100,974
21264,98,1096
21265,98,1104
21266,100,1094
21267,98,1096
21268,98,1104
21269,96,1098
21270,100,1092
21271,98,1096
21272,100,1098
21273,98,1612
21274,100,1102
21275,100,1098
21276,96,1092
21277,100,1102
21278,100,1088
21279,98,1096
21280,98,1098
21281,100,1098
21282,102,1096
21283,100,1092
21284,100,1096
21285,100,1104
21286,98,1098
21287,98,1092
21288,98,1102
21289,100,1100
21290,100,1092
21291,98,1088
21292,100,1578
21293,98,1102
21294,100,1092
21295,98,1094
21296,100,1098
21297,98,1098
21298,98,1088
21299,98,1098
21300,98,1092
21301,98,1098
21302,98,1098
21303,96,1098
21304,98,1094
21305,100,1088
21306,98,1092
21307,102,1102
21308,100,1096
21309,98,1092
21310,100,1102
21311,100,1598
21312,98,1098
21313,98,1094
21314,98,1094
21315,98,1092
21316,98,1088
21317,100,1096
21318,100,1098
21319,98,1102
21320,100,1104
21321,98,1094
21322,100,1098
21323,98,1092
21324,98,1104
21325,98,1094
21326,100,1094
21327,96,1092
21328,98,1092
21329,100,1098
21330,98,1580
21331,100,1098
21332,98,1092
21333,100,1096
21334,100,1104
21335,98,1094
21336,100,1094
21337,98,1092
21338,98,1096
21339,106,1098
21340,100,1098
21341,100,1094
21342,100,1106
21343,100,1092
21344,98,1100
21345,98,1094
21346,98,1110
21347,100,1102
21348,98,1090
21349,98,1608
21350,98,1098
21351,98,1102
21352,98,1088
21353,100,1092
21354,98,1098
21355,102,1092
21356,98,1096
21357,98,1098
21358,100,1092
21359,100,1088
21360,100,1098
21361,98,1092
21362,98,1090
21363,102,1096
21364,96,1100
21365,98,1098
21366,98,1090
21367,100,1092
21368,100,1612
21369,100,1094
21370,100,1092
21371,100,1094
21372,98,1104
21373,98,1096
21374,100,1104
21375,98,1100
21376,100,1096
21377,98,1098
21378,98,1104
21379,100,1098
21380,100,1102
21381,98,1098
21382,98,1094
21383,100,1092
21384,98,1090
21385,100,1094
21386,98,1102
21387,98,1590
21388,106,1104
21389,98,1098
21390,100,1092
21391,100,1098
21392,98,1098
21393,100,1094
21394,100,1102
21395,100,1098
21396,100,1094
21397,94,1092
21398,98,1094
21399,96,1090
21400,100,1094
21401,100,1098
21402,96,978
21403,98,1100
21404,100,1092
21405,98,1096
21406,100,1630
21407,98,1098
21408,98,1100
21409,98,1100
21410,98,1098
21411,100,1098
21412,100,1096
21413,100,1096
21414,100,1106
21415,98,1094
21416,98,1102
21417,104,1092
21418,100,1096
21419,98,1092
21420,98,1096
21421,98,1096
21422,100,1098
21423,100,1096
21424,98,1092
21425,98,1642
21426,100,1100
21427,102,1088
21428,98,1098
21429,100,1098
21430,100,1104
21431,100,1096
21432,100,1104
21433,98,1094
21434,98,1092
21435,100,1096
21436,100,1108
21437,100,1096
21438,98,1098
21439,100,1100
21440,100,1094
21441,100,1094
21442,96,1108
21443,100,1098
21444,100,1610
21445,100,1092
21446,98,1096
21447,100,1098
21448,98,988
21449,100,1092
21450,102,1098
21451,100,1092
21452,100,1092
21453,102,1094
21454,100,1092
21455,100,1088
21456,96,1092
21457,100,1102
21458,100,1092
21459,100,1086
21460,104,1110
21461,100,1102
21462,100,1092
21463,98,1094
21464,98,1574
21465,100,1094
21466,98,1088
21467,98,1092
21468,96,1096
21469,98,1096
21470,100,1090
21471,102,1110
21472,102,1106
21473,100,1096
21474,100,1106
21475,98,1104
21476,100,1092
21477,100,1088
21478,100,1104
21479,98,1098
21480,98,1096
21481,98,1092
21482,100,1636
21483,100,1094
21484,96,1092
21485,98,1096
21486,100,1108
21487,98,1098
21488,100,1102
21489,98,1096
21490,98,1092
21491,102,1092
21492,100,1092
21493,96,1094
21494,100,1096
21495,100,1096
21496,98,1092
21497,98,1096
21498,100,1092
21499,100,1094
21500,102,1092
21501,100,1656
21502,98,1108
21503,100,1098
21504,100,1108
21505,96,1096
21506,98,1098
21507,100,1098
21508,100,1086
21509,98,1088
21510,98,1094
21511,100,1098
21512,100,1092
21513,98,1094
21514,98,1096
21515,100,1104
21516,98,1098
21517,100,1094
21518,98,1094
21519,100,1096
21520,100,1632
21521,100,1096
21522,100,1094
21523,100,1092
21524,98,1098
21525,100,1098
21526,104,1104
21527,98,1098
21528,100,1096
21529,100,1094
21530,98,1098
21531,98,1088
21532,100,1102
21533,100,1104
21534,98,1092
21535,98,1094
21536,98,1098
21537,100,1106
21538,98,1098
21539,100,1592
21540,98,1102
21541,98,1092
21542,98,1088
21543,102,1098
21544,100,1094
21545,98,1098
21546,102,1098
21547,98,1100
21548,100,1096
21549,100,1096
21550,100,1096
21551,98,1098
21552,98,1096
21553,102,1098
21554,98,1106
21555,98,1098
21556,98,1092
21557,100,1092
21558,98,1642
21559,100,1092
21560,98,1096
21561,98,1100
21562,98,1094
21563,100,1096
21564,98,1094
21565,98,1094
21566,100,1094
21567,98,1096
21568,100,1096
21569,96,1092
21570,100,1090
21571,98,1096
21572,100,1096
21573,98,1098
21574,100,1096
21575,100,1098
21576,100,1094
21577,100,1620
21578,100,1098
21579,100,1098
21580,98,1092
21581,98,1096
21582,96,1094
21583,98,1092
21584,98,1096
21585,100,1096
21586,102,1098
21587,100,1092
21588,98,1090
21589,102,1098
21590,100,1100
21591,98,1094
21592,102,1090
21593,100,1104
21594,98,1106
21595,100,1096
21596,98,1584
21597,98,1092
21598,98,1096
21599,100,1102
21600,98,1100
21601,98,1096
21602,102,1096
21603,98,1100
21604,98,1092
21605,100,1096
21606,100,1092
21607,100,1100
21608,100,1092
21609,100,1092
21610,102,1098
21611,100,1098
21612,102,1098
21613,98,1096
21614,98,1092
21615,98,1094
21616,100,1434
21617,98,1092
21618,100,1104
21619,98,1094
21620,98,1098
21621,100,1092
21622,98,1094
21623,96,1100
21624,102,1094
21625,100,1098
21626,100,1096
21627,100,1096
21628,100,1092
21629,100,1090
21630,100,1094
21631,100,1096
21632,100,1094
21633,100,1166
21634,100,1030
21635,100,1094
21636,102,1520
21637,100,1092
21638,98,1100
21639,98,1098
21640,100,1106
21641,100,1094
21642,98,1096
21643,98,1098
21644,98,1092
21645,100,1092
21646,96,1614
21647,98,1098
21648,96,1100
21649,100,1092
21650,98,1100
21651,100,1098
21652,98,1098
21653,100,1098
21654,100,1102
21655,96,1102
21656,100,1092
21657,96,1092
21658,100,1102
21659,100,1098
21660,98,1102
21661,100,1098
21662,100,1106
21663,100,1100
21664,102,1100
21665,100,1632
21666,98,1100
21667,98,1088
21668,100,1100
21669,98,1098
21670,100,1098
21671,100,1092
21672,100,1092
21673,98,1092
21674,104,1096
21675,98,1096
21676,100,1092
21677,98,1092
21678,102,1092
21679,98,1090
21680,100,1088
21681,100,1098
21682,98,1092
21683,100,1094
21684,98,1580
21685,98,1092
21686,98,1094
21687,98,1098
21688,98,1092
21689,98,1094
21690,96,1096
21691,100,1098
21692,98,1092
21693,100,1092
21694,100,1098
21695,100,1094
21696,102,1106
21697,100,1100
21698,98,1092
21699,98,1092
21700,100,1092
21701,98,1094
21702,100,1092
21703,100,1094
21704,100,1584
21705,100,1098
21706,98,1092
21707,102,1100
21708,102,1100
21709,100,1096
21710,98,1094
21711,100,1100
21712,100,1094
21713,100,1096
21714,100,1108
21715,98,1098
21716,98,1092
21717,98,1090
21718,98,1092
21719,98,1098
21720,98,1090
21721,102,1090
21722,98,1098
21723,100,1592
21724,98,1096
21725,98,1096
21726,98,1098
21727,100,1098
21728,100,1092
21729,98,1092
21730,100,1090
21731,98,1092
21732,98,1098
21733,102,1104
21734,98,1102
21735,100,1098
21736,100,1094
21737,100,1100
21738,98,1098
21739,98,1096
21740,96,1092
21741,98,1090
21742,100,1602
21743,100,1092
21744,100,1098
21745,98,1088
21746,100,1098
21747,100,1104
21748,98,1096
21749,98,1100
21750,100,1094
21751,98,1100
21752,100,1096
21753,102,1086
21754,100,1098
21755,98,1098
21756,98,1088
21757,96,1094
21758,100,1098
21759,100,1092
21760,100,1094
21761,98,1658
21762,98,1096
21763,100,1094
21764,100,1098
21765,98,1104
21766,98,1092
21767,98,1092
21768,100,1096
21769,100,1100
21770,100,1094
21771,98,1096
21772,102,1098
21773,102,1096
21774,100,1092
21775,98,1098
21776,100,1092
21777,100,1102
21778,100,1088
21779,96,1098
21780,100,1642
21781,100,1096
21782,96,1102
21783,102,1108
21784,98,1092
21785,98,1092
21786,98,1092
21787,100,1102
21788,100,1092
21789,100,1090
21790,102,1094
21791,100,1100
21792,102,1098
21793,100,1094
21794,98,1098
21795,100,1098
21796,100,1098
21797,100,1098
21798,100,1088
21799,98,1608
21800,98,1100
21801,100,1100
21802,98,1092
21803,100,1092
21804,100,1096
21805,94,1102
21806,98,1092
21807,98,1092
21808,98,1094
21809,98,1092
21810,100,1088
21811,100,1098
21812,100,1102
21813,98,1098
21814,98,1098
21815,100,1098
21816,96,1088
21817,98,1098
21818,98,1584
21819,96,1098
21820,100,1092
21821,100,1092
21822,98,1098
21823,98,1098
21824,98,1092
21825,98,1094
21826,98,1102
21827,100,1092
21828,98,1104
21829,102,1092
21830,98,1092
21831,100,1088
21832,100,1092
21833,100,1094
21834,100,1096
21835,98,1104
21836,98,1102
21837,100,1586
21838,98,1092
21839,100,1098
21840,96,1094
21841,100,1098
21842,98,1088
21843,100,1092
21844,98,1092
21845,100,1086
21846,96,1092
21847,98,1102
21848,100,1104
21849,96,1092
21850,100,1092
21851,100,1104
21852,100,1104
21853,100,1092
21854,100,1098
21855,100,1100
21856,98,1642
21857,96,1088
21858,100,1098
21859,100,1104
21860,98,1092
21861,98,1092
21862,100,1098
21863,98,1092
21864,100,1098
21865,100,1092
21866,100,1094
21867,98,1098
21868,100,1098
21869,98,1100
21870,100,1096
21871,104,1096
21872,98,1096
21873,102,1092
21874,100,1100
21875,96,1628
21876,98,1104
21877,100,1096
21878,100,1098
21879,98,1096
21880,100,1092
21881,98,1090
21882,100,1096
21883,100,1102
21884,100,1106
21885,98,1092
21886,98,1104
21887,98,1102
21888,100,1102
21889,98,1086
21890,96,1098
21891,100,1096
21892,100,1098
21893,98,1098
21894,100,1582
21895,96,1092
21896,98,1106
21897,98,1102
21898,100,1098
21899,98,1092
21900,98,1094
21901,100,1104
21902,100,1090
21903,98,1092
21904,100,1108
21905,98,1100
21906,100,1092
21907,100,1098
21908,98,1090
21909,100,1098
21910,102,1090
21911,100,1094
21912,100,1094
21913,100,1582
21914,98,1102
21915,96,1104
21916,100,1094
21917,96,1092
21918,98,1092
21919,98,1098
21920,98,1090
21921,100,1094
21922,96,1098
21923,100,1098
21924,100,1092
21925,100,1092
21926,100,1098
21927,100,1098
21928,98,1090
21929,100,1092
21930,98,1096
21931,100,1096
21932,102,1632
21933,100,1096
21934,98,1100
21935,98,1090
21936,100,1096
21937,100,1094
21938,98,1092
21939,98,1098
21940,100,1098
21941,98,1090
21942,100,1092
21943,100,1096
21944,98,1098
21945,100,1092
21946,100,1102
21947,100,1100
21948,100,1092
21949,100,1092
21950,100,1098
21951,98,1656
21952,98,1096
21953,100,1102
21954,100,1104
21955,98,1102
21956,98,1092
21957,100,1096
21958,98,1104
21959,100,1104
21960,98,1092
21961,100,1096
21962,96,1104
21963,98,1096
21964,98,1096
21965,100,1092
21966,96,1092
21967,100,1092
21968,98,1104
21969,100,1092
21970,98,1576
21971,96,1096
21972,98,1096
21973,100,1106
21974,100,1088
21975,100,1096
21976,98,1098
21977,102,1088
21978,102,1102
21979,102,1098
21980,96,1102
21981,98,1100
21982,98,1092
21983,98,1098
21984,94,1096
21985,100,1092
21986,102,1094
21987,100,1102
21988,100,1088
21989,98,1588
21990,98,1096
21991,100,1092
21992,98,1096
21993,98,1096
21994,100,1104
21995,98,992
21996,100,1092
21997,100,1080
21998,98,1092
21999,100,1096
22000,100,1104
22001,98,1100
22002,98,1098
22003,98,1092
22004,98,1098
22005,104,1098
22006,102,1092
22007,98,1098
22008,96,1098
22009,100,1654
22010,100,1102
22011,100,1096
22012,98,1098
22013,98,1094
22014,98,1092
22015,100,1098
22016,100,1096
22017,98,1090
22018,98,1096
22019,96,1102
22020,98,1100
22021,98,1092
22022,100,1096
22023,98,1092
22024,98,1092
22025,98,1098
22026,102,1094
22027,98,1094
22028,98,1602
22029,98,1098
22030,100,1098
22031,100,1092
22032,100,1092
22033,98,1102
22034,98,1104
22035,100,1094
22036,98,1102
22037,98,1098
22038,94,1092
22039,98,1092
22040,96,1102
22041,98,1096
22042,100,1098
22043,98,1094
22044,98,1098
22045,98,1092
22046,98,1102
22047,98,1578
22048,98,1104
22049,98,1092
22050,96,1086
22051,100,1104
22052,96,1092
22053,98,1084
22054,104,1096
22055,98,1094
22056,98,1100
22057,98,1092
22058,98,1104
22059,92,1096
22060,102,1086
22061,104,1092
22062,100,1108
22063,98,1100
22064,100,1098
22065,98,1098
22066,98,1106
22067,98,1414
22068,100,1094
22069,100,1102
22070,100,1104
22071,100,1108
22072,98,1096
22073,100,1098
22074,96,1096
22075,100,1094
22076,100,1102
22077,100,1090
22078,96,1098
22079,98,1094
22080,96,1096
22081,100,1092
22082,98,1100
22083,98,1102
22084,94,1090
22085,98,1092
22086,100,1598
22087,100,1096
22088,100,1092
22089,100,1092
22090,96,1100
22091,98,1092
22092,100,1092
22093,100,1092
22094,98,1090
22095,100,1096
22096,100,1106
22097,98,1092
22098,100,1096
22099,100,1092
22100,98,1094
22101,102,1098
22102,100,1098
22103,98,1098
22104,102,1096
22105,102,1628
22106,100,1094
22107,98,1096
22108,98,1096
22109,98,1098
22110,98,1088
22111,104,1096
22112,98,1092
22113,100,1092
22114,100,1096
22115,100,1094
22116,100,1092
22117,100,1096
22118,98,1096
22119,98,1100
22120,100,1094
22121,100,1088
22122,104,1106
22123,98,1102
22124,100,1566
22125,100,1108
22126,100,1092
22127,98,1096
22128,98,1088
22129,100,1092
22130,100,1098
22131,98,1098
22132,100,1088
22133,98,1098
22134,98,1094
22135,98,1096
22136,100,1092
22137,98,1098
22138,98,1098
22139,98,1098
22140,100,1098
22141,100,1104
22142,98,1098
22143,100,1652
22144,100,1096
22145,98,1098
22146,100,1094
22147,98,1106
22148,98,1098
22149,98,1090
22150,100,1092
22151,100,1110
22152,100,1102
22153,100,1104
22154,98,1098
22155,100,1098
22156,100,1092
22157,100,1094
22158,98,1094
22159,98,1094
22160,100,1092
22161,98,1094
22162,98,1568
22163,100,1094
22164,100,1092
22165,100,1098
22166,100,1098
22167,100,1088
22168,98,1094
22169,100,1100
22170,100,1110
22171,102,1098
22172,100,1104
22173,100,1104
22174,100,1094
22175,98,1104
22176,98,1100
22177,102,1092
22178,100,1094
22179,98,1090
22180,100,1096
22181,98,1602
22182,98,1092
22183,100,1102
22184,98,1092
22185,100,1098
22186,98,1092
22187,100,1094
22188,98,1100
22189,96,1088
22190,100,1094
22191,100,1096
22192,100,1098
22193,106,1092
22194,100,1094
22195,98,1104
22196,100,1094
22197,98,1104
22198,98,1104
22199,100,1098
22200,100,1608
22201,100,1100
22202,100,1090
22203,100,1096
22204,98,1098
22205,102,1092
22206,100,1088
22207,98,1096
22208,96,1092
22209,98,1094
22210,98,1092
22211,100,1098
22212,100,1106
22213,96,1098
22214,96,1090
22215,98,1102
22216,98,1094
22217,98,1094
22218,98,1094
22219,98,1616
22220,100,1092
22221,98,1088
22222,100,1108
22223,100,1108
22224,100,1096
22225,98,1094
22226,100,1092
22227,98,1092
22228,98,1092
22229,98,1096
22230,98,1104
22231,100,1094
22232,100,1092
22233,100,1098
22234,100,1092
22235,98,1036
22236,100,1092
22237,98,1100
22238,98,1636
22239,100,1092
22240,100,1110
22241,100,1094
22242,100,1092
22243,98,1098
22244,98,1092
22245,98,1094
22246,98,1094
22247,100,1098
22248,100,1096
22249,100,1094
22250,104,1092
22251,98,1096
22252,98,1092
22253,98,1094
22254,98,1098
22255,100,1100
22256,100,1090
22257,100,1564
22258,98,1108
22259,100,1088
22260,94,1094
22261,98,1098
22262,100,1092
22263,98,1098
22264,100,1092
22265,96,1096
22266,102,1108
22267,98,1096
22268,100,1092
22269,100,1104
22270,100,1092
22271,100,1092
22272,98,1098
22273,102,1098
22274,100,1104
22275,98,1098
22276,98,1616
22277,100,1100
22278,100,1092
22279,98,1096
22280,98,1092
22281,100,1094
22282,100,1096
22283,100,1100
22284,98,1098
22285,98,1096
22286,100,1102
22287,100,1100
22288,100,1100
22289,102,1092
22290,100,1094
22291,98,1098
22292,100,1098
22293,100,1092
22294,98,1106
22295,98,1598
22296,100,1104
22297,100,1098
22298,100,1098
22299,100,1104
22300,96,1094
22301,100,1098
22302,100,1094
22303,100,1094
22304,106,1098
22305,98,1096
22306,98,1096
22307,96,1096
22308,98,1100
22309,100,1092
22310,100,1092
22311,100,1098
22312,98,1098
22313,100,1096
22314,98,1632
22315,100,1092
22316,98,1096
22317,98,1094
22318,100,1094
22319,98,1100
22320,98,1100
22321,100,1096
22322,100,1110
22323,100,1092
22324,98,1096
22325,100,1096
22326,100,1098
22327,100,1092
22328,98,1092
22329,104,1092
22330,98,1102
22331,100,1096
22332,104,1094
22333,100,1596
22334,98,1104
22335,100,1088
22336,98,1094
22337,100,1104
22338,100,1090
22339,98,1092
22340,100,1100
22341,100,1092
22342,98,1102
22343,102,1098
22344,100,1106
22345,98,1096
22346,100,1092
22347,98,1114
22348,100,1100
22349,96,1092
22350,98,1098
22351,100,1104
22352,100,1620
22353,100,1088
22354,100,1106
22355,98,1100
22356,100,1094
22357,98,1092
22358,98,1098
22359,102,1098
22360,96,1104
22361,98,1098
22362,100,1104
22363,100,1098
22364,100,1090
22365,100,1102
22366,98,1092
22367,98,1092
22368,100,1106
22369,100,1096
22370,100,1100
22371,100,1626
22372,100,1104
22373,100,1092
22374,100,1098
22375,98,1092
22376,100,1092
22377,98,1098
22378,100,1100
22379,102,1094
22380,100,1098
22381,98,1092
22382,98,1100
22383,98,1102
22384,100,1096
22385,98,1094
22386,100,1090
22387,98,1098
22388,100,1104
22389,98,1092
22390,98,1634
22391,100,1102
22392,98,1098
22393,100,1094
22394,98,1098
22395,98,1098
22396,102,1096
22397,98,1104
22398,102,1106
22399,100,1098
22400,98,1100
22401,100,1104
22402,96,1090
22403,100,1098
22404,100,1096
22405,98,1092
22406,98,1092
22407,98,1098
22408,98,1096
22409,100,1582
22410,98,1090
22411,100,1098
22412,100,1104
22413,98,1100
22414,98,1096
22415,100,1092
22416,100,1100
22417,100,1096
22418,98,1098
22419,98,1094
22420,98,1040
22421,100,1092
22422,100,1098
22423,100,1102
22424,100,1092
22425,100,1092
22426,100,1104
22427,98,1098
22428,100,1630
22429,98,1100
22430,100,1102
22431,98,1098
22432,100,1090
22433,100,1092
22434,100,1096
22435,94,1088
22436,98,1108
22437,100,1096
22438,98,1098
22439,98,1096
22440,98,1096
22441,100,1092
22442,100,1096
22443,98,1096
22444,98,1098
22445,98,1094
22446,98,1104
22447,100,1638
22448,98,1096
22449,98,1092
22450,98,1092
22451,100,1096
22452,98,1104
22453,100,1088
22454,102,1102
22455,100,1102
22456,94,1090
22457,100,1096
22458,98,1098
22459,100,1106
22460,100,1092
22461,100,1094
22462,98,1110
22463,100,1092
22464,100,1094
22465,96,1094
22466,98,1568
22467,98,1096
22468,104,1088
22469,98,1100
22470,98,1098
22471,100,1092
22472,100,1098
22473,100,1104
22474,100,1096
22475,100,1098
22476,98,1092
22477,100,1092
22478,98,1102
22479,100,1098
22480,102,1096
22481,100,1094
22482,98,1098
22483,98,1104
22484,98,1098
22485,98,1592
22486,98,1106
22487,98,1102
22488,98,1098
22489,98,1590
22490,98,1094
22491,100,1106
22492,98,1098
22493,98,1104
22494,98,1092
22495,98,1110
22496,100,1094
22497,100,1108
22498,100,1092
22499,102,1092
22500,98,1092
22501,100,1108
22502,102,1102
22503,98,1096
22504,100,1104
22505,102,1102
22506,98,1094
22507,100,1098
22508,102,1594
22509,100,1096
22510,98,1092
22511,102,1092
22512,100,1094
22513,104,1104
22514,98,1092
22515,100,1098
22516,98,1094
22517,100,1092
22518,98,1098
22519,98,1092
22520,100,1092
22521,100,1092
22522,98,1094
22523,98,1104
22524,100,1100
22525,100,1104
22526,104,1098
22527,100,1610
22528,98,1100
22529,98,1100
22530,96,1094
22531,98,1098
22532,98,1096
22533,98,1092
22534,94,1102
22535,98,1096
22536,100,1092
22537,98,1104
22538,98,1092
22539,98,1094
22540,98,1100
22541,98,1096
22542,100,1098
22543,102,1102
22544,102,1098
22545,96,1100
22546,100,1602
22547,102,1096
22548,98,1094
22549,102,1092
22550,98,1092
22551,100,1094
22552,98,1100
22553,98,1094
22554,100,1096
22555,98,1098
22556,102,1094
22557,98,1094
22558,100,1104
22559,100,1100
22560,98,1092
22561,98,1102
22562,100,1100
22563,98,1098
22564,100,1092
22565,98,1562
22566,98,1098
22567,100,1100
22568,98,1092
22569,98,1092
22570,96,1098
22571,102,1100
22572,100,1092
22573,100,1092
22574,96,1098
22575,98,1092
22576,98,1098
22577,100,1100
22578,100,1092
22579,100,1104
22580,100,1096
22581,98,1098
22582,98,1524
22583,98,1092
22584,100,1100
22585,102,1092
22586,98,1098
22587,102,1096
22588,98,1102
22589,100,1102
22590,98,1092
22591,96,1100
22592,102,1094
22593,98,1096
22594,98,1092
22595,98,1104
22596,92,1092
22597,102,1104
22598,102,1096
22599,100,1100
22600,98,1092
22601,104,1578
22602,102,1092
22603,100,1098
22604,102,1092
22605,98,1136
22606,98,1098
22607,102,1088
22608,98,1098
22609,98,1096
22610,100,1096
22611,98,1102
22612,98,1100
22613,100,1098
22614,100,1098
22615,100,1092
22616,102,1094
22617,100,1096
22618,96,1092
22619,104,1104
22620,100,1590
22621,100,1092
22622,98,1104
22623,98,1098
22624,98,1096
22625,100,1098
22626,100,1094
22627,100,1094
22628,100,1096
22629,100,1088
22630,96,1098
22631,98,1108
22632,94,1092
22633,98,1098
22634,102,1098
22635,100,1098
22636,98,1092
22637,104,1096
22638,100,1098
22639,98,1560
22640,100,1096
22641,100,1090
22642,100,1100
22643,102,1086
22644,98,1100
22645,102,1098
22646,102,1092
22647,100,1092
22648,98,1092
22649,98,1096
22650,100,1088
22651,98,974
22652,102,1098
22653,98,1092
22654,98,1092
22655,96,1100
22656,98,1100
22657,98,1092
22658,102,1094
22659,100,1538
22660,94,1096
22661,100,1102
22662,100,1088
22663,100,1092
22664,100,1096
22665,102,1092
22666,98,1102
22667,100,1094
22668,102,1092
22669,98,1098
22670,102,1100
22671,98,1098
22672,98,1102
22673,100,1092
22674,102,1098
22675,100,1096
22676,100,1658
22677,100,1104
22678,100,1098
22679,98,1088
22680,98,1098
22681,102,1096
22682,100,1092
22683,98,1090
22684,98,1096
22685,100,1098
22686,102,1092
22687,98,1096
22688,98,1098
22689,98,1096
22690,100,1090
22691,100,1092
22692,98,1100
22693,98,1092
22694,100,1096
22695,100,1106
22696,98,1410
22697,102,1092
22698,100,1104
22699,98,1098
22700,100,1098
22701,100,1092
22702,102,1104
22703,102,1102
22704,100,1096
22705,102,1098
22706,100,1100
22707,98,1096
22708,98,1096
22709,100,1098
22710,98,1088
22711,96,1090
22712,104,1102
22713,100,1098
22714,98,1096
22715,98,1638
22716,98,1094
22717,98,1110
22718,98,1096
22719,98,1096
22720,98,1104
22721,102,1108
22722,100,1098
22723,100,1096
22724,98,1106
22725,98,1098
22726,98,1098
22727,98,1104
22728,98,1098
22729,98,1088
22730,100,1092
22731,100,1100
22732,102,1092
22733,98,1096
22734,100,1590
22735,100,1098
22736,98,1092
22737,100,1092
22738,98,1092
22739,100,1098
22740,98,1086
22741,96,1096
22742,100,1092
22743,98,1092
22744,100,1094
22745,102,1096
22746,100,1108
22747,98,1092
22748,98,1098
22749,98,1094
22750,100,1096
22751,100,1092
22752,96,1100
22753,100,1590
22754,98,1092
22755,100,1098
22756,98,1106
22757,98,1096
22758,100,1094
22759,96,1094
22760,100,1102
22761,102,1092
22762,100,1104
22763,96,1092
22764,102,1104
22765,104,1096
22766,100,1098
22767,98,1100
22768,98,1098
22769,98,1094
22770,100,1092
22771,100,1098
22772,98,1626
22773,100,1098
22774,100,1092
22775,100,1108
22776,98,1100
22777,100,1102
22778,100,1098
22779,100,1092
22780,100,1098
22781,100,1098
22782,100,1098
22783,98,1098
22784,100,1110
22785,100,1098
22786,100,1092
22787,98,1094
22788,100,1092
22789,98,1092
22790,104,1040
22791,100,1586
22792,98,1110
22793,100,1098
22794,98,1108
22795,98,1098
22796,102,1096
22797,98,1086
22798,102,1094
22799,100,1098
22800,100,1092
22801,98,1092
22802,100,1094
22803,98,1092
22804,96,1094
22805,100,1096
22806,100,1098
22807,98,1098
22808,98,1096
22809,98,1104
22810,100,1644
22811,100,1090
22812,100,1108
22813,102,1108
22814,102,1100
22815,98,1088
22816,104,1094
22817,100,1098
22818,98,1102
22819,102,1092
22820,98,1098
22821,100,1096
22822,102,1086
22823,98,1098
22824,98,1094
22825,102,1092
22826,98,1106
22827,100,1098
22828,102,1098
22829,98,1568
22830,100,1092
22831,102,1098
22832,102,1100
22833,98,1094
22834,98,1106
22835,98,1096
22836,100,1038
22837,100,1092
22838,100,1098
22839,104,1096
22840,98,1096
22841,102,1094
22842,98,1092
22843,100,1098
22844,98,1100
22845,98,1098
22846,100,1110
22847,100,1092
22848,96,1104
22849,98,1562
22850,100,1104
22851,98,1096
22852,100,1098
22853,100,1098
22854,98,1088
22855,102,1094
22856,98,1094
22857,98,1098
22858,98,1092
22859,100,1098
22860,98,1092
22861,98,1092
22862,98,1092
22863,100,1106
22864,100,1104
22865,100,1094
22866,98,1098
22867,100,1096
22868,98,1608
22869,100,1096
22870,98,1098
22871,98,1098
22872,98,1094
22873,102,1094
22874,100,1110
22875,98,1092
22876,102,1104
22877,100,1094
22878,102,1096
22879,98,1094
22880,98,1096
22881,100,1104
22882,100,1098
22883,100,1094
22884,98,1092
22885,100,1098
22886,102,1096
22887,100,1630
22888,100,1102
22889,100,1100
22890,98,1092
22891,100,1098
22892,100,1098
22893,98,1100
22894,102,1098
22895,98,1098
22896,98,1092
22897,98,1090
22898,98,1098
22899,100,1098
22900,100,1092
22901,100,1096
22902,98,1098
22903,100,1092
22904,100,1104
22905,104,1092
22906,98,1608
22907,100,1090
22908,102,1098
22909,98,1098
22910,102,1092
22911,100,1098
22912,100,1098
22913,100,1098
22914,96,1098
22915,100,1092
22916,100,1100
22917,98,1098
22918,96,1096
22919,98,1086
22920,100,1098
22921,98,1096
22922,96,1092
22923,98,1096
22924,98,1098
22925,100,1620
22926,102,1088
22927,100,1094
22928,102,1102
22929,98,1092
22930,98,1102
22931,100,1098
22932,100,1100
22933,98,1096
22934,98,1092
22935,100,1092
22936,100,1092
22937,106,1100
22938,98,1098
22939,98,1104
22940,100,1096
22941,98,1094
22942,96,1108
22943,100,1104
22944,98,1592
22945,100,1094
22946,100,1106
22947,100,1092
22948,98,1108
22949,100,1100
22950,100,1100
22951,102,1092
22952,96,1100
22953,100,1102
22954,100,1092
22955,100,1090
22956,98,1098
22957,100,1098
22958,100,1092
22959,100,1104
22960,100,1108
22961,100,1092
22962,98,1096
22963,100,1646
22964,98,1096
22965,100,1088
22966,98,1100
22967,100,1092
22968,98,1098
22969,102,1092
22970,100,1100
22971,98,1092
22972,102,1096
22973,100,1096
22974,102,1098
22975,102,1092
22976,100,1100
22977,98,1102
22978,100,1096
22979,100,1086
22980,100,1104
22981,98,1096
22982,98,1578
22983,100,1086
22984,98,1102
22985,102,1104
22986,100,1092
22987,96,1098
22988,98,1098
22989,98,1092
22990,96,1100
22991,100,1098
22992,98,1104
22993,102,1092
22994,102,1100
22995,100,1104
22996,98,1092
22997,100,1090
22998,100,1104
22999,100,1102
23000,98,1098
23001,102,1596
23002,100,1098
23003,98,1098
23004,94,1092
23005,98,1092
23006,102,1098
23007,100,1104
23008,100,1098
23009,100,1098
23010,98,1106
23011,98,1088
23012,100,1092
23013,100,1102
23014,98,1098
23015,100,1092
23016,98,1098
23017,98,1096
23018,100,1100
23019,98,1092
23020,102,1602
23021,98,1096
23022,102,1094
23023,100,1104
23024,98,1094
23025,96,1098
23026,98,1092
23027,100,1104
23028,100,1098
23029,98,1090
23030,98,1098
23031,96,1106
23032,96,1092
23033,100,1096
23034,98,1110
23035,100,1096
23036,100,1096
23037,98,1096
23038,102,1096
23039,98,1616
23040,98,1098
23041,98,1094
23042,98,1098
23043,98,1090
23044,100,1100
23045,102,1098
23046,98,1098
23047,98,1102
23048,100,1102
23049,102,1092
23050,102,1098
23051,98,1096
23052,108,1098
23053,98,1092
23054,102,1098
23055,96,1108
23056,100,1098
23057,102,1098
23058,100,1614
23059,100,1092
23060,100,1098
23061,98,1092
23062,100,1096
23063,98,1106
23064,100,1094
23065,102,1084
23066,100,1104
23067,100,1100
23068,98,1098
23069,102,1092
23070,100,1098
23071,100,1104
23072,98,1104
23073,98,1092
23074,100,1102
23075,100,1094
23076,98,1092
23077,100,1572
23078,98,1090
23079,100,1096
23080,100,1098
23081,102,1098
23082,100,1110
23083,98,1102
23084,102,1096
23085,100,1092
23086,100,1108
23087,98,1094
23088,102,1094
23089,100,1098
23090,98,1100
23091,100,1094
23092,98,1098
23093,98,1096
23094,100,1094
23095,98,1102
23096,102,1620
23097,96,1092
23098,98,1100
23099,98,1096
23100,98,1094
23101,98,1092
23102,98,1104
23103,98,1094
23104,98,1092
23105,100,1104
23106,100,1098
23107,100,1086
23108,98,1096
23109,104,1100
23110,100,1092
23111,100,1092
23112,100,1100
23113,102,1096
23114,98,1104
23115,100,1612
23116,102,1104
23117,100,1102
23118,100,1100
23119,96,1092
23120,98,1102
23121,98,1094
23122,100,1092
23123,100,1088
23124,100,1098
23125,94,1100
23126,102,1090
23127,98,1094
23128,104,1106
23129,102,1092
23130,98,1096
23131,100,1106
23132,100,1092
23133,100,1092
23134,98,1560
23135,100,1098
23136,98,1092
23137,102,1104
23138,98,1098
23139,98,1092
23140,96,1096
23141,102,1090
23142,98,1102
23143,98,1096
23144,98,1104
23145,98,1096
23146,98,1098
23147,100,1086
23148,98,1106
23149,98,1096
23150,102,1102
23151,100,1098
23152,102,1100
23153,98,1578
23154,100,1098
23155,100,1098
23156,100,1098
23157,98,1098
23158,98,1104
23159,102,1098
23160,98,1092
23161,102,1092
23162,100,1092
23163,100,1092
23164,100,1100
23165,96,1092
23166,100,1090
23167,100,1100
23168,100,1098
23169,98,1092
23170,100,1098
23171,100,1098
23172,102,1620
23173,98,1092
23174,98,1094
23175,100,1098
23176,98,1092
23177,100,1092
23178,98,1096
23179,98,1094
23180,100,1092
23181,98,1102
23182,98,1094
23183,98,1090
23184,102,1098
23185,98,1108
23186,100,1090
23187,100,1092
23188,98,1098
23189,98,1098
23190,100,1092
23191,100,1566
23192,100,1104
23193,98,1094
23194,98,1104
23195,98,1092
23196,102,1098
23197,100,1092
23198,98,1098
23199,98,1050
23200,100,1092
23201,98,1098
23202,100,1106
23203,100,1096
23204,100,1096
23205,98,1096
23206,98,1098
23207,100,1094
23208,98,1098
23209,98,1098
23210,96,1654
23211,102,1100
23212,102,1096
23213,98,1092
23214,100,1102
23215,98,1092
23216,104,1102
23217,98,1100
23218,100,1094
23219,98,1094
23220,100,1094
23221,98,1102
23222,98,1092
23223,96,1098
23224,104,1100
23225,100,1096
23226,100,1092
23227,100,1096
23228,102,1104
23229,100,1648
23230,100,1092
23231,104,1102
23232,100,1102
23233,100,1096
23234,96,1108
23235,100,1102
23236,98,1088
23237,100,1098
23238,100,1098
23239,100,1098
23240,98,1092
23241,98,1092
23242,98,1110
23243,100,1092
23244,102,1108
23245,102,1098
23246,100,1104
23247,100,1092
23248,98,1596
23249,98,1098
23250,98,1094
23251,100,1090
23252,100,1098
23253,100,1092
23254,98,1094
23255,96,1092
23256,98,1102
23257,102,1092
23258,98,1092
23259,98,1092
23260,102,1098
23261,100,1096
23262,102,1096
23263,98,1102
23264,100,1098
23265,100,1092
23266,100,1094
23267,100,1094
23268,98,1512
23269,98,1094
23270,96,1102
23271,100,1098
23272,100,1100
23273,102,1094
23274,98,1108
23275,100,1094
23276,102,1094
23277,100,1096
23278,102,1102
23279,98,1096
23280,102,1096
23281,98,1102
23282,98,1098
23283,98,1092
23284,104,1104
23285,100,1096
23286,98,1092
23287,98,1612
23288,98,1098
23289,102,1096
23290,98,1096
23291,98,1096
23292,102,1098
23293,98,1092
23294,102,1100
23295,100,1098
23296,98,1094
23297,98,1092
23298,98,1096
23299,100,1440
23300,100,1088
23301,100,1088
23302,100,1098
23303,98,1100
23304,98,1098
23305,100,1560
23306,102,1104
23307,100,1088
23308,98,1098
23309,102,1092
23310,98,1096
23311,102,1092
23312,104,1094
23313,100,1094
23314,98,1114
23315,102,1092
23316,100,1090
23317,98,1104
23318,100,1092
23319,98,1092
23320,98,1094
23321,102,1092
23322,98,1092
23323,100,1096
23324,102,1602
23325,100,1098
23326,98,1100
23327,100,1100
23328,100,1098
23329,98,1094
23330,98,1098
23331,98,1100
23332,100,1094
23333,98,1092
23334,100,1092
23335,98,1094
23336,98,1098
23337,98,1096
23338,98,1108
23339,100,1092
23340,102,1098
23341,98,1096
23342,102,1106
23343,98,1592
23344,100,1098
23345,100,1096
23346,96,1092
23347,100,1096
23348,100,1096
23349,100,1106
23350,100,1098
23351,98,1088
23352,98,1104
23353,100,990
23354,100,1098
23355,98,1088
23356,102,1050
23357,98,1098
23358,100,1100
23359,98,1098
23360,98,1106
23361,100,1092
23362,98,1096
23363,100,1428
23364,98,1094
23365,100,1098
23366,100,1088
23367,98,1104
23368,98,1096
23369,102,1090
23370,98,1092
23371,98,1096
23372,102,1098
23373,102,1092
23374,100,1096
23375,100,1102
23376,98,1100
23377,100,1098
23378,98,1110
23379,98,1090
23380,98,1092
23381,98,1104
23382,100,1588
23383,102,1086
23384,98,1104
23385,102,1106
23386,98,1098
23387,98,1098
23388,100,1098
23389,96,1100
23390,100,1098
23391,100,1098
23392,100,1104
23393,98,1098
23394,98,1098
23395,100,1096
23396,98,1098
23397,100,1092
23398,106,1098
23399,100,1098
23400,100,1098
23401,98,1642
23402,100,1096
23403,98,1092
23404,102,1092
23405,100,1098
23406,102,1098
23407,98,1094
23408,96,1104
23409,100,1100
23410,98,1098
23411,100,1096
23412,98,1100
23413,98,1094
23414,98,1096
23415,102,1092
23416,100,1094
23417,106,1092
23418,100,1094
23419,98,1088
23420,102,1590
23421,98,1098
23422,98,1096
23423,98,1092
23424,100,1108
23425,100,1100
23426,98,1104
23427,100,1096
23428,100,1092
23429,100,1096
23430,98,1090
23431,100,1098
23432,98,1104
23433,98,1090
23434,96,1098
23435,100,1094
23436,96,1104
23437,98,1096
23438,108,994
23439,98,1102
23440,98,1572
23441,96,1092
23442,98,1092
23443,94,1096
23444,100,1098
23445,100,1098
23446,98,1096
23447,98,1098
23448,98,1092
23449,96,1096
23450,100,1092
23451,98,1088
23452,102,1094
23453,98,1098
23454,96,1106
23455,100,1102
23456,100,1106
23457,100,1096
23458,98,1098
23459,102,1638
23460,102,1100
23461,100,1090
23462,100,1096
23463,100,1096
23464,98,1092
23465,106,1090
23466,100,1096
23467,100,1108
23468,102,1092
23469,100,1100
23470,98,1106
23471,98,1110
23472,100,1094
23473,98,1092
23474,100,1102
23475,96,1094
23476,98,1096
23477,100,1094
23478,100,1608
23479,98,1094
23480,154,1152
23481,150,1156
23482,148,1146
23483,146,1280
23484,150,1648
23485,148,1624
23486,98,1188
23487,100,1098
23488,98,1104
23489,102,1098
23490,100,1098
23491,98,1096
23492,98,1084
23493,98,1100
23494,102,1104
23495,100,1096
23496,98,1098
23497,98,1098
23498,96,1094
23499,100,1094
23500,98,1094
23501,98,1094
23502,100,1100
23503,100,1094
23504,100,1100
23505,98,1626
23506,100,1094
23507,98,1098
23508,96,1112
23509,98,1086
23510,96,1092
23511,98,1100
23512,100,1106
23513,102,1090
23514,102,1092
23515,100,1632
23516,100,1098
23517,102,1096
23518,100,1096
23519,98,1094
23520,100,1096
23521,96,1104
23522,98,1100
23523,102,1096
23524,102,1092
23525,100,1092
23526,100,1104
23527,102,1092
23528,98,1092
23529,102,1102
23530,102,1098
23531,98,1092
23532,100,1102
23533,98,1094
23534,98,1604
23535,100,1108
23536,100,1098
23537,98,1096
23538,98,1092
23539,102,1092
23540,98,1104
23541,102,1096
23542,100,1098
23543,100,1100
23544,100,1096
23545,100,1092
23546,98,1096
23547,100,1104
23548,102,1100
23549,100,1098
23550,102,1104
23551,102,1092
23552,100,1096
23553,102,1608
23554,102,1104
23555,100,1092
23556,98,1092
23557,98,1096
23558,98,1094
23559,100,1098
23560,102,1098
23561,100,1090
23562,98,1098
23563,102,1092
23564,96,1096
23565,98,1044
23566,94,1092
23567,100,1110
23568,98,1094
23569,100,1104
23570,98,1096
23571,98,1106
23572,100,1652
23573,100,1092
23574,100,1100
23575,102,1104
23576,98,1092
23577,102,1100
23578,98,1098
23579,100,1096
23580,102,1096
23581,100,1094
23582,100,1090
23583,98,1102
23584,100,1092
23585,98,1096
23586,100,1098
23587,100,1092
23588,100,1096
23589,100,1092
23590,98,1096
23591,96,1628
23592,98,1098
23593,98,1098
23594,100,1094
23595,98,1104
23596,102,1092
23597,98,1102
23598,100,1092
23599,100,1094
23600,100,1098
23601,100,1092
23602,100,1098
23603,100,1094
23604,100,1098
23605,100,1092
23606,100,1090
23607,100,1102
23608,102,1094
23609,98,1092
23610,100,1632
23611,98,1094
23612,98,1114
23613,98,1104
23614,102,1098
23615,98,1100
23616,102,1092
23617,98,1092
23618,100,1092
23619,98,1098
23620,102,1092
23621,98,1098
23622,98,1098
23623,102,1092
23624,98,1096
23625,102,1092
23626,102,1100
23627,98,1104
23628,100,1094
23629,98,1592
23630,100,1098
23631,98,1092
23632,98,1096
23633,98,1092
23634,98,1096
23635,102,1098
23636,98,1098
23637,100,1098
23638,104,1092
23639,98,1094
23640,98,1104
23641,100,1106
23642,100,1098
23643,98,1102
23644,100,1100
23645,100,1104
23646,98,1094
23647,100,1104
23648,100,1606
23649,98,1100
23650,104,1102
23651,100,1104
23652,98,1092
23653,98,1088
23654,98,1098
23655,98,1092
23656,102,1090
23657,98,1096
23658,98,1098
23659,100,1098
23660,98,1094
23661,102,1096
23662,102,1098
23663,100,1096
23664,100,1100
23665,100,1092
23666,98,1092
23667,98,1554
23668,102,1098
23669,96,1092
23670,100,1096
23671,102,1092
23672,98,1098
23673,100,1098
23674,98,1094
23675,98,1094
23676,100,1104
23677,100,1090
23678,100,1092
23679,102,1102
23680,98,1096
23681,100,1104
23682,96,1102
23683,102,1098
23684,100,1098
23685,98,1094
23686,98,1622
23687,100,1096
23688,98,1104
23689,98,1106
23690,100,1088
23691,94,1100
23692,98,1094
23693,98,1094
23694,102,1092
23695,98,1094
23696,98,1094
23697,98,1098
23698,98,1102
23699,100,1092
23700,98,1098
23701,102,1104
23702,98,1090
23703,98,1608
23704,104,1044
23705,100,1092
23706,102,1098
23707,100,1098
23708,100,1096
23709,98,1092
23710,100,1094
23711,100,1104
23712,102,1098
23713,98,1098
23714,102,1096
23715,102,1104
23716,100,1098
23717,102,1086
23718,104,1098
23719,98,1098
23720,100,1100
23721,98,1096
23722,96,1594
23723,98,1092
23724,102,1092
23725,100,1098
23726,98,1098
23727,102,1096
23728,100,1092
23729,98,1104
23730,100,1098
23731,100,1092
23732,98,1094
23733,98,1102
23734,98,1100
23735,98,1094
23736,100,1092
23737,102,1090
23738,100,1096
23739,98,1096
23740,98,1092
23741,102,1632
23742,102,1094
23743,98,1104
23744,98,1096
23745,100,1096
23746,98,1088
23747,100,1104
23748,98,1088
23749,100,1098
23750,98,1004
23751,102,1098
23752,98,1102
23753,100,1092
23754,98,1096
23755,100,1106
23756,98,1092
23757,100,1090
23758,100,1102
23759,100,1100
23760,104,1614
23761,98,1094
23762,100,1092
23763,98,1092
23764,100,1094
23765,98,1094
23766,98,1098
23767,98,1094
23768,100,1096
23769,98,1106
23770,100,1094
23771,98,1104
23772,98,1094
23773,100,1098
23774,100,1100
23775,102,1096
23776,98,1098
23777,98,1092
23778,102,1092
23779,100,1596
23780,100,1100
23781,100,1086
23782,96,1086
23783,100,1094
23784,100,1092
23785,98,1094
23786,98,1098
23787,100,1086
23788,98,1094
23789,102,1098
23790,100,1098
23791,100,1092
23792,98,1088
23793,98,1094
23794,98,1096
23795,100,1096
23796,100,1096
23797,100,1094
23798,98,1620
23799,102,1096
23800,100,1098
23801,98,1100
23802,100,1092
23803,96,1096
23804,98,1098
23805,100,1092
23806,102,1096
23807,98,1104
23808,102,1096
23809,100,1092
23810,100,1088
23811,102,1096
23812,98,1098
23813,102,1094
23814,98,1096
23815,102,1104
23816,100,1096
23817,98,1634
23818,98,1102
23819,102,1094
23820,102,1088
23821,98,1098
23822,98,1098
23823,100,1092
23824,100,1094
23825,104,1090
23826,100,1098
23827,98,1092
23828,106,1094
23829,98,1098
23830,100,1106
23831,98,1096
23832,102,1090
23833,100,1098
23834,96,1098
23835,100,1092
23836,98,1584
23837,102,1096
23838,102,1092
23839,98,1098
23840,100,1096
23841,98,1098
23842,98,1092
23843,100,1098
23844,98,1098
23845,98,1092
23846,100,1104
23847,104,1092
23848,102,1094
23849,102,1098
23850,104,1104
23851,98,1098
23852,100,1092
23853,100,1096
23854,96,1096
23855,98,1582
23856,94,1094
23857,100,1088
23858,96,1096
23859,98,1098
23860,100,1094
23861,102,1104
23862,100,1100
23863,100,1104
23864,100,1096
23865,102,1098
23866,100,1092
23867,98,1104
23868,96,1104
23869,100,1100
23870,102,1086
23871,100,1090
23872,100,1108
23873,100,1088
23874,102,1578
23875,100,1102
23876,100,1092
23877,98,1092
23878,98,1094
23879,98,1092
23880,102,1098
23881,100,1092
23882,100,1092
23883,96,1094
23884,96,1098
23885,102,1102
23886,102,1100
23887,102,1102
23888,98,1092
23889,100,986
23890,100,1096
23891,100,1092
23892,100,1096
23893,100,1644
23894,100,1098
23895,94,1092
23896,100,1092
23897,102,1104
23898,100,1094
23899,100,1102
23900,98,1098
23901,98,1096
23902,98,1098
23903,98,1092
23904,102,1090
23905,98,1096
23906,100,1094
23907,100,1098
23908,100,1098
23909,98,1096
23910,102,1098
23911,100,1096
23912,100,1648
23913,100,1104
23914,100,1096
23915,100,1094
23916,102,1092
23917,98,1098
23918,100,1094
23919,102,1092
23920,98,1094
23921,98,1096
23922,102,1098
23923,98,1098
23924,100,1092
23925,98,1098
23926,98,1094
23927,100,1098
23928,100,1090
23929,96,1104
23930,100,1094
23931,102,1556
23932,98,1096
23933,102,1102
23934,100,1098
23935,98,1092
23936,98,1096
23937,100,1096
23938,100,1102
23939,100,1098
23940,98,1098
23941,100,1092
23942,98,1098
23943,102,1104
23944,98,1098
23945,102,1092
23946,100,1102
23947,98,1094
23948,100,1092
23949,100,1094
23950,98,1580
23951,102,1096
23952,100,1098
23953,100,1104
23954,104,1096
23955,102,1094
23956,100,1094
23957,102,1098
23958,100,1098
23959,96,1098
23960,100,1092
23961,96,1104
23962,100,1096
23963,100,1092
23964,100,1096
23965,100,1098
23966,98,1092
23967,98,1104
23968,98,1092
23969,102,1634
23970,100,1092
23971,98,1098
23972,100,1094
23973,100,1088
23974,100,1092
23975,100,1102
23976,102,1094
23977,100,1106
23978,98,1088
23979,98,1104
23980,98,1098
23981,98,1098
23982,102,1096
23983,100,1106
23984,98,1108
23985,100,1092
23986,100,1092
23987,100,1104
23988,102,1586
23989,98,1092
23990,98,1098
23991,98,1098
23992,100,1092
23993,98,1092
23994,100,1098
23995,100,1094
23996,100,1092
23997,98,1094
23998,98,1092
23999,98,1098
24000,98,1092
24001,98,1098
24002,100,1098
24003,102,1100
24004,100,1096
24005,100,1098
24006,98,1098
24007,100,1628
24008,100,1096
24009,100,1092
24010,98,1100
24011,98,1096
24012,100,1098
24013,100,1100
24014,98,1098
24015,102,1098
24016,102,1102
24017,98,1092
24018,102,1094
24019,98,1098
24020,98,1098
24021,98,1088
24022,102,1098
24023,98,1096
24024,96,1098
24025,98,1100
24026,98,1560
24027,100,1096
24028,100,1092
24029,102,1088
24030,100,1096
24031,100,1090
24032,98,1098
24033,100,1094
24034,96,1098
24035,98,1092
24036,98,1098
24037,98,1096
24038,100,1096
24039,100,1098
24040,98,1098
24041,102,1094
24042,100,1092
24043,100,1094
24044,98,1104
24045,98,1614
24046,100,1096
24047,100,1104
24048,100,1098
24049,100,1086
24050,98,1106
24051,102,1104
24052,100,1098
24053,102,1098
24054,98,1102
24055,98,1096
24056,100,1092
24057,98,1092
24058,98,1096
24059,98,1104
24060,100,1092
24061,98,1098
24062,100,1098
24063,98,1092
24064,100,1630
24065,100,1092
24066,98,1102
24067,100,1098
24068,98,1092
24069,100,1098
24070,98,1092
24071,100,1094
24072,102,1098
24073,100,1096
24074,98,1034
24075,100,1092
24076,104,1094
24077,98,1094
24078,102,1094
24079,100,1096
24080,98,1104
24081,100,1086
24082,100,1096
24083,98,1638
24084,102,1106
24085,98,1092
24086,100,1104
24087,98,1104
24088,98,1096
24089,100,1092
24090,98,1098
24091,98,1104
24092,100,1092
24093,102,1106
24094,100,1096
24095,98,1096
24096,100,1096
24097,100,1090
24098,98,1098
24099,100,1092
24100,96,1096
24101,102,1104
24102,102,1608
24103,100,1098
24104,100,1096
24105,100,1098
24106,100,1098
24107,96,1096
24108,102,1088
24109,100,1098
24110,96,1094
24111,98,1098
24112,98,1100
24113,102,1092
24114,102,1094
24115,104,1106
24116,104,1092
24117,100,1090
24118,100,1092
24119,98,1092
24120,98,1100
24121,100,1602
24122,96,1098
24123,106,1100
24124,100,1098
24125,98,1092
24126,100,1098
24127,102,1104
24128,98,1092
24129,100,1094
24130,98,1098
24131,100,1096
24132,102,1094
24133,96,1092
24134,100,1098
24135,100,1092
24136,100,1094
24137,98,1102
24138,102,1094
24139,100,1104
24140,100,1608
24141,100,1096
24142,100,1092
24143,98,1092
24144,104,1098
24145,100,1092
24146,96,1096
24147,98,1096
24148,100,1100
24149,102,1098
24150,102,1098
24151,96,1094
24152,98,1102
24153,100,1088
24154,100,1092
24155,98,1090
24156,102,1096
24157,100,1098
24158,100,1096
24159,100,1630
24160,100,1098
24161,102,1104
24162,102,1104
24163,98,1098
24164,98,1092
24165,102,1098
24166,100,1098
24167,98,1094
24168,100,1088
24169,98,1098
24170,102,1102
24171,102,1088
24172,100,1102
24173,98,1102
24174,102,1098
24175,100,1096
24176,100,1098
24177,100,1092
24178,98,1634
24179,102,1102
24180,102,1094
24181,98,1098
24182,98,1098
24183,102,1094
24184,98,1100
24185,102,1088
24186,102,1096
24187,100,1104
24188,100,1098
24189,98,1088
24190,100,1096
24191,102,1104
24192,102,1092
24193,100,1100
24194,98,1098
24195,104,1092
24196,100,1094
24197,102,1584
24198,98,1096
24199,100,1104
24200,100,1092
24201,100,1092
24202,96,1098
24203,100,1104
24204,100,1098
24205,98,1094
24206,100,1098
24207,98,1102
24208,100,1096
24209,102,1098
24210,102,1094
24211,100,1090
24212,100,1100
24213,100,1050
24214,98,1092
24215,100,1108
24216,100,1616
24217,100,1098
24218,98,1094
24219,102,1104
24220,100,1098
24221,102,1104
24222,102,1098
24223,98,1098
24224,104,1092
24225,100,1100
24226,100,1094
24227,100,1092
24228,102,1086
24229,106,1100
24230,100,1096
24231,100,1104
24232,98,1092
24233,102,1094
24234,98,1096
24235,100,1600
24236,96,1100
24237,100,1104
24238,98,1092
24239,100,1098
24240,100,1096
24241,96,1092
24242,100,1098
24243,102,1104
24244,98,1104
24245,102,1092
24246,98,1092
24247,100,1098
24248,98,1104
24249,96,1098
24250,98,1090
24251,100,1110
24252,102,1098
24253,100,1092
24254,96,1632
24255,102,1094
24256,98,1096
24257,98,1102
24258,102,1094
24259,98,1098
24260,98,1092
24261,102,1096
24262,98,1098
24263,100,1098
24264,102,1094
24265,98,1092
24266,100,1098
24267,104,1096
24268,98,1100
24269,98,1098
24270,98,1092
24271,100,1098
24272,98,1096
24273,100,1572
24274,94,1088
24275,98,1104
24276,98,1096
24277,100,1096
24278,96,1096
24279,102,1096
24280,98,1102
24281,104,1104
24282,102,1092
24283,100,1100
24284,100,1092
24285,100,1094
24286,98,1096
24287,100,1096
24288,100,1092
24289,102,1102
24290,100,1104
24291,102,1090
24292,102,1560
24293,98,1094
24294,100,1098
24295,100,1108
24296,100,1100
24297,96,1104
24298,100,1094
24299,100,1092
24300,100,1104
24301,104,1096
24302,100,1100
24303,100,1086
24304,100,1098
24305,100,1094
24306,102,1098
24307,98,1098
24308,104,1104
24309,100,1102
24310,98,1092
24311,100,1574
24312,102,1102
24313,100,1090
24314,98,1090
24315,102,1092
24316,102,1106
24317,98,1088
24318,102,1094
24319,98,1098
24320,98,1098
24321,98,1088
24322,98,1092
24323,100,1088
24324,100,1092
24325,98,1098
24326,96,1098
24327,100,1092
24328,94,1098
24329,100,1098
24330,102,1638
24331,98,1098
24332,100,1092
24333,100,1096
24334,96,1102
24335,100,1096
24336,102,1092
24337,104,1092
24338,98,1092
24339,100,1100
24340,100,1092
24341,102,1096
24342,102,1098
24343,100,1092
24344,100,1102
24345,98,1092
24346,98,1092
24347,100,1098
24348,102,1096
24349,94,1572
24350,98,1096
24351,100,1100
24352,98,1040
24353,98,1092
24354,106,1094
24355,100,1096
24356,100,1098
24357,98,1102
24358,102,1098
24359,100,1104
24360,100,1098
24361,100,1086
24362,98,1102
24363,98,1092
24364,100,1094
24365,102,1092
24366,102,1098
24367,98,1092
24368,98,1646
24369,100,1098
24370,98,1092
24371,96,1094
24372,98,1094
24373,98,1088
24374,100,1094
24375,102,1092
24376,100,1094
24377,100,1098
24378,102,1094
24379,98,1096
24380,100,1098
24381,98,1112
24382,100,1092
24383,96,1092
24384,100,1098
24385,96,1090
24386,98,1092
24387,100,1584
24388,100,1098
24389,100,1092
24390,102,1096
24391,98,1100
24392,98,1092
24393,98,1100
24394,98,1098
24395,100,1102
24396,102,1096
24397,102,1106
24398,98,1098
24399,102,1090
24400,98,1098
24401,98,1102
24402,98,1102
24403,98,1092
24404,98,1096
24405,96,1092
24406,98,1568
24407,98,1100
24408,102,1092
24409,102,1092
24410,98,1094
24411,102,1090
24412,98,1098
24413,104,1088
24414,100,1092
24415,98,1098
24416,98,1098
24417,100,1092
24418,98,1098
24419,98,1104
24420,102,1092
24421,100,1096
24422,104,1094
24423,102,1094
24424,94,1090
24425,100,1622
24426,98,1098
24427,98,1098
24428,100,1092
24429,100,1096
24430,98,1094
24431,100,1092
24432,100,1096
24433,98,1094
24434,100,1096
24435,102,1098
24436,100,1098
24437,102,1098
24438,98,1096
24439,98,1086
24440,100,1096
24441,98,1094
24442,98,1092
24443,98,1094
24444,102,1614
24445,100,1092
24446,98,1098
24447,98,1102
24448,100,1098
24449,102,1094
24450,98,1102
24451,102,1108
24452,102,1098
24453,100,1092
24454,98,1094
24455,100,1096
24456,98,1092
24457,100,1096
24458,102,1102
24459,102,1098
24460,100,1092
24461,100,1104
24462,102,1098
24463,98,1614
24464,98,1092
24465,100,1108
24466,100,1098
24467,98,1088
24468,102,1088
24469,98,1098
24470,98,1098
24471,102,1094
24472,98,1094
24473,102,1096
24474,102,1096
24475,100,1104
24476,100,1096
24477,98,1094
24478,100,1092
24479,96,1098
24480,100,1098
24481,98,1096
24482,98,1632
24483,102,1092
24484,98,1100
24485,100,1092
24486,100,1094
24487,104,1106
24488,98,1094
24489,100,1102
24490,106,1098
24491,98,1110
24492,98,1102
24493,104,1098
24494,100,1098
24495,98,1100
24496,100,1092
24497,102,1098
24498,102,1096
24499,100,1092
24500,100,1092
24501,100,1620
24502,100,1096
24503,100,1092
24504,98,1092
24505,98,1098
24506,100,1092
24507,102,1098
24508,98,1098
24509,102,1098
24510,102,1096
24511,100,1092
24512,100,1094
24513,98,1104
24514,98,1096
24515,98,1104
24516,98,1098
24517,100,1088
24518,104,1098
24519,102,1098
24520,100,1620
24521,102,1096
24522,102,1092
24523,98,1106
24524,100,1098
24525,100,1102
24526,100,1098
24527,100,1094
24528,102,1104
24529,98,1092
24530,100,1104
24531,100,1098
24532,98,1092
24533,98,1106
24534,102,1098
24535,98,1092
24536,98,1092
24537,100,1528
24538,98,1100
24539,98,1104
24540,104,1100
24541,100,1096
24542,98,1102
24543,98,1104
24544,98,1098
24545,100,1098
24546,98,1100
24547,98,1096
24548,102,1098
24549,100,1096
24550,98,1100
24551,96,1092
24552,100,1098
24553,98,1106
24554,102,1098
24555,100,1100
24556,98,1622
24557,98,1104
24558,98,1098
24559,102,1094
24560,102,1098
24561,100,1098
24562,100,1100
24563,98,1104
24564,98,1092
24565,98,1098
24566,102,1094
24567,98,1092
24568,98,1092
24569,98,1102
24570,98,1098
24571,98,1104
24572,108,1096
24573,98,1096
24574,94,1086
24575,102,1596
24576,98,1098
24577,100,1098
24578,100,1098
24579,98,1094
24580,100,1098
24581,102,1098
24582,98,1096
24583,98,976
24584,98,1094
24585,96,1096
24586,100,1098
24587,100,1108
24588,100,1102
24589,98,1092
24590,102,1096
24591,98,1096
24592,100,1094
24593,102,1092
24594,98,1098
24595,102,1602
24596,100,1096
24597,98,1094
24598,100,1098
24599,100,1098
24600,100,1098
24601,96,1098
24602,100,1098
24603,98,1090
24604,102,1092
24605,98,1094
24606,98,1102
24607,98,1088
24608,100,1092
24609,100,1102
24610,100,1094
24611,98,1102
24612,98,1092
24613,98,1098
24614,102,1626
24615,98,1088
24616,98,1100
24617,102,1092
24618,98,1096
24619,98,1090
24620,102,1096
24621,98,1098
24622,100,1100
24623,100,1094
24624,100,1092
24625,100,1092
24626,102,1092
24627,100,1110
24628,98,1092
24629,102,1104
24630,100,1104
24631,100,1090
24632,102,1092
24633,98,1638
24634,98,1094
24635,96,1098
24636,100,1104
24637,98,1096
24638,100,1102
24639,98,1090
24640,100,1098
24641,102,1096
24642,100,1098
24643,98,1104
24644,102,1092
24645,98,1094
24646,98,1092
24647,100,1096
24648,98,1098
24649,100,1094
24650,102,1088
24651,96,1098
24652,100,1596
24653,98,1096
24654,100,1098
24655,102,1100
24656,102,1096
24657,98,1106
24658,104,1098
24659,100,1104
24660,96,1098
24661,100,1100
24662,96,1098
24663,100,1096
24664,98,1092
24665,98,1092
24666,98,1102
24667,96,1098
24668,98,1092
24669,100,1100
24670,102,1104
24671,100,1590
24672,98,1088
24673,100,1094
24674,102,1098
24675,100,1094
24676,98,1094
24677,98,1106
24678,100,1094
24679,98,1094
24680,102,1094
24681,100,1098
24682,98,1092
24683,100,1102
24684,96,1102
24685,98,1092
24686,102,1098
24687,100,1108
24688,102,1098
24689,98,1102
24690,100,1092
24691,98,1524
24692,102,1096
24693,100,1094
24694,98,1098
24695,98,1108
24696,100,1092
24697,100,1098
24698,102,1094
24699,100,1096
24700,100,1096
24701,102,1104
24702,98,1102
24703,100,1088
24704,102,1100
24705,96,1098
24706,100,1094
24707,98,1096
24708,98,1098
24709,100,1098
24710,102,1614
24711,98,1098
24712,98,1100
24713,102,1094
24714,98,1104
24715,100,1088
24716,100,1094
24717,102,1096
24718,100,1040
24719,100,1416
24720,98,1102
24721,98,988
24722,96,1054
24723,98,1098
24724,98,1094
24725,98,1094
24726,102,1104
24727,98,1096
24728,98,1422
24729,98,1094
24730,98,1100
24731,98,1096
24732,100,1092
24733,100,1098
24734,98,1094
24735,98,1092
24736,98,1092
24737,100,1098
24738,98,1096
24739,98,1100
24740,98,1096
24741,96,1098
24742,100,1092
24743,98,1098
24744,98,1094
24745,98,1098
24746,100,1096
24747,98,1572
24748,102,1098
24749,98,1098
24750,100,1098
24751,98,1102
24752,98,1092
24753,100,1100
24754,100,1102
24755,100,1098
24756,100,1104
24757,104,1098
24758,100,1102
24759,98,1100
24760,98,1092
24761,100,1092
24762,98,1096
24763,100,1100
24764,100,1092
24765,100,1092
24766,102,1570
24767,96,1094
24768,100,978
24769,102,1094
24770,98,1096
24771,96,1092
24772,98,1096
24773,100,1102
24774,98,1092
24775,100,1098
24776,98,1098
24777,100,1104
24778,98,1096
24779,98,1092
24780,96,1090
24781,98,1098
24782,98,1098
24783,100,1096
24784,98,1094
24785,102,1638
24786,100,1094
24787,98,1098
24788,98,1100
24789,100,1104
24790,98,1094
24791,98,1092
24792,98,1094
24793,100,1092
24794,98,1094
24795,98,1094
24796,98,1092
24797,100,1092
24798,96,1098
24799,98,1100
24800,100,1090
24801,98,1098
24802,98,1092
24803,100,1096
24804,100,1560
24805,100,1092
24806,98,1092
24807,100,1092
24808,100,1096
24809,98,1092
24810,98,1098
24811,98,1096
24812,98,1100
24813,98,1094
24814,100,1102
24815,104,1092
24816,98,1104
24817,100,1098
24818,100,1086
24819,100,1096
24820,102,1096
24821,98,1092
24822,96,1098
24823,100,1614
24824,100,1100
24825,98,1096
24826,98,1092
24827,100,1096
24828,100,1096
24829,98,1092
24830,98,1102
24831,100,1102
24832,92,1094
24833,98,1096
24834,100,1096
24835,100,1092
24836,98,1090
24837,98,1092
24838,100,1100
24839,100,1102
24840,98,1092
24841,98,1098
24842,100,1614
24843,98,1088
24844,98,1096
24845,102,1096
24846,98,1098
24847,98,1090
24848,98,1094
24849,98,1102
24850,96,1090
24851,98,1096
24852,98,1104
24853,98,1098
24854,100,1096
24855,104,1092
24856,98,1106
24857,98,1096
24858,98,1092
24859,98,1092
24860,100,1096
24861,100,1098
24862,102,1622
24863,98,1098
24864,98,1098
24865,98,1108
24866,100,1096
24867,96,1096
24868,100,1092
24869,98,1100
24870,98,1104
24871,100,990
24872,98,1098
24873,98,1096
24874,100,1102
24875,98,1092
24876,98,1098
24877,100,1096
24878,100,1096
24879,102,1090
24880,100,1098
24881,98,1658
24882,100,1098
24883,100,1098
24884,100,1094
24885,100,1098
24886,100,1092
24887,100,1098
24888,102,1094
24889,100,1102
24890,100,1098
24891,98,1098
24892,98,1098
24893,100,1094
24894,98,1096
24895,98,1100
24896,102,1100
24897,98,1092
24898,98,1092
24899,98,1098
24900,98,1630
24901,98,1092
24902,100,1100
24903,98,1098
24904,98,1100
24905,104,1094
24906,96,1092
24907,98,1098
24908,100,1094
24909,98,1096
24910,98,1092
24911,100,1092
24912,100,1088
24913,100,1102
24914,100,1094
24915,100,1090
24916,102,1096
24917,98,1098
24918,96,1098
24919,96,1556
24920,100,1106
24921,100,1096
24922,98,1100
24923,98,1098
24924,98,1104
24925,98,1098
24926,104,1094
24927,98,1098
24928,100,1092
24929,100,1090
24930,100,1098
24931,100,1104
24932,100,1098
24933,98,1090
24934,100,1094
24935,98,1098
24936,98,1092
24937,96,1098
24938,98,1596
24939,100,1102
24940,98,1092
24941,102,1098
24942,98,1092
24943,98,1088
24944,100,1092
24945,100,1098
24946,100,1092
24947,100,1094
24948,100,1108
24949,100,1102
24950,98,1092
24951,98,1096
24952,98,1100
24953,100,1098
24954,98,1092
24955,96,1096
24956,98,1090
24957,96,1584
24958,100,1092
24959,98,1098
24960,100,1104
24961,98,1088
24962,98,1102
24963,100,1098
24964,98,1094
24965,98,1092
24966,100,1100
24967,100,1092
24968,100,1106
24969,98,1098
24970,100,1092
24971,100,1100
24972,98,1102
24973,98,1098
24974,98,1098
24975,98,1096
24976,98,1560
24977,102,1102
24978,100,1102
24979,100,1098
24980,96,1096
24981,98,1094
24982,100,1090
24983,98,1100
24984,100,1092
24985,100,1090
24986,100,1090
24987,98,1100
24988,98,1106
24989,100,1098
24990,98,1084
24991,100,1092
24992,102,1096
24993,100,1098
24994,102,1098
24995,98,1646
24996,100,1104
24997,100,1094
24998,98,1090
24999,100,1100
25000,100,1098
25001,100,1092
25002,98,1104
25003,92,1094
25004,100,1090
25005,98,1098
25006,98,1096
25007,98,1098
25008,98,1088
25009,100,1096
25010,98,1096
25011,98,1096
25012,100,1096
25013,104,1108
25014,102,1096
25015,98,1512
25016,100,1104
25017,98,1102
25018,98,1088
25019,96,1088
25020,98,1100
25021,98,1098
25022,100,1090
25023,100,1106
25024,100,1094
25025,100,1094
25026,100,1106
25027,98,1096
25028,98,1100
25029,100,1096
25030,98,1092
25031,100,1096
25032,98,1092
25033,100,1098
25034,98,1610
25035,100,1094
25036,100,1094
25037,98,1094
25038,98,1092
25039,98,1098
25040,98,1100
25041,100,1100
25042,98,1100
25043,98,1092
25044,100,1096
25045,96,1100
25046,100,1090
25047,102,1102
25048,100,1094
25049,100,1098
25050,100,1094
25051,100,1090
25052,100,1112
25053,98,1554
25054,98,1090
25055,100,1090
25056,98,1098
25057,98,1098
25058,100,1104
25059,98,1092
25060,100,1102
25061,98,1104
25062,98,1098
25063,100,1098
25064,100,1096
25065,100,1092
25066,100,1104
25067,98,1104
25068,100,1086
25069,100,1092
25070,98,1106
25071,100,1102
25072,96,1628
25073,98,1096
25074,100,1098
25075,100,1096
25076,100,1096
25077,100,1098
25078,98,1096
25079,98,1088
25080,98,1106
25081,100,1102
25082,100,1092
25083,98,1086
25084,98,1100
25085,100,1100
25086,102,1098
25087,98,1092
25088,96,1096
25089,98,1098
25090,98,1096
25091,100,1590
25092,98,1048
25093,98,1096
25094,98,1102
25095,96,1098
25096,98,1104
25097,100,1098
25098,100,1094
25099,98,1102
25100,96,1092
25101,98,1092
25102,102,1102
25103,98,1098
25104,100,1092
25105,100,1092
25106,100,1096
25107,98,1090
25108,102,1098
25109,98,1100
25110,98,1644
25111,100,1092
25112,100,1096
25113,98,1106
25114,100,1090
25115,98,1090
25116,96,1100
25117,96,1098
25118,98,1092
25119,98,1092
25120,102,1104
25121,96,1098
25122,100,1098
25123,100,1096
25124,98,1096
25125,100,1094
25126,98,1108
25127,98,1092
25128,100,1092
25129,102,1598
25130,98,1098
25131,100,1108
25132,102,1092
25133,98,1094
25134,98,1100
25135,98,1096
25136,98,1102
25137,100,1098
25138,100,1096
25139,100,1098
25140,100,1098
25141,98,1096
25142,100,1092
25143,100,1098
25144,98,1100
25145,98,1108
25146,98,1098
25147,100,1090
25148,100,1628
25149,100,1096
25150,100,1104
25151,100,1092
25152,100,1094
25153,98,1098
25154,98,1096
25155,100,1098
25156,100,1098
25157,98,1092
25158,98,1090
25159,102,1098
25160,98,1098
25161,100,1096
25162,98,1098
25163,98,1094
25164,98,1088
25165,100,1092
25166,100,1098
25167,100,1598
25168,98,1100
25169,98,1092
25170,100,1096
25171,100,1100
25172,100,1104
25173,102,1098
25174,98,1096
25175,98,1088
25176,100,1098
25177,100,1104
25178,98,1100
25179,100,1098
25180,100,1092
25181,100,1094
25182,102,1094
25183,98,1090
25184,98,1092
25185,98,1044
25186,100,1598
25187,100,1096
25188,100,1102
25189,98,1098
25190,100,1102
25191,100,1092
25192,98,1100
25193,96,1100
25194,100,1094
25195,100,1092
25196,98,1088
25197,96,1092
25198,100,1098
25199,98,1094
25200,100,1098
25201,100,1092
25202,100,1096
25203,100,1096
25204,98,1098
25205,98,1570
25206,98,1098
25207,94,1092
25208,98,1096
25209,102,1100
25210,100,1092
25211,100,1102
25212,100,1092
25213,98,1104
25214,98,1104
25215,98,1092
25216,100,1108
25217,100,1096
25218,100,1096
25219,98,1096
25220,96,1104
25221,100,1096
25222,100,1096
25223,100,1092
25224,96,1572
25225,100,1092
25226,100,1096
25227,98,1092
25228,100,1096
25229,100,1092
25230,100,1092
25231,100,1098
25232,100,1098
25233,98,1094
25234,98,1090
25235,98,1098
25236,100,1096
25237,98,1104
25238,98,1100
25239,102,1092
25240,96,1096
25241,100,1094
25242,98,1096
25243,98,1636
25244,100,1106
25245,100,1116
25246,100,1092
25247,100,1096
25248,100,1104
25249,100,1092
25250,100,1096
25251,98,1088
25252,100,1098
25253,98,1098
25254,98,1096
25255,98,1092
25256,102,1094
25257,100,1098
25258,100,1102
25259,98,1100
25260,98,1104
25261,98,1098
25262,98,1614
25263,98,1092
25264,98,1098
25265,98,1090
25266,100,1092
25267,98,1094
25268,98,1094
25269,100,1092
25270,98,1104
25271,102,1092
25272,98,1086
25273,98,1098
25274,100,1100
25275,100,1092
25276,100,1094
25277,98,1098
25278,98,1110
25279,98,1092
25280,98,1092
25281,98,1624
25282,98,1094
25283,98,1092
25284,98,1098
25285,100,1104
25286,102,1092
25287,100,1090
25288,96,1104
25289,98,1098
25290,100,1094
25291,100,1108
25292,100,1092
25293,100,1098
25294,100,1104
25295,96,1092
25296,100,1104
25297,98,1096
25298,98,1104
25299,98,1102
25300,100,1578
25301,100,1088
25302,98,1088
25303,98,1086
25304,100,1096
25305,98,1098
25306,100,1100
25307,102,1096
25308,102,1104
25309,100,1102
25310,100,1094
25311,96,1090
25312,98,1096
25313,100,1094
25314,98,1092
25315,100,1096
25316,100,1098
25317,98,1104
25318,100,1096
25319,98,1614
25320,104,1100
25321,98,1096
25322,100,1092
25323,98,1092
25324,100,1096
25325,100,1094
25326,100,1092
25327,98,1098
25328,100,1092
25329,98,1098
25330,98,1100
25331,100,1104
25332,100,1092
25333,100,1098
25334,100,1098
25335,100,1098
25336,102,1102
25337,96,1092
25338,98,1092
25339,100,1548
25340,98,1096
25341,98,1098
25342,102,1098
25343,100,1094
25344,100,1108
25345,98,1094
25346,98,1098
25347,98,1092
25348,100,1094
25349,100,1098
25350,98,1088
25351,98,1092
25352,100,1094
25353,98,1096
25354,100,1092
25355,98,1098
25356,100,1098
25357,98,1094
25358,98,1562
25359,98,1102
25360,98,1092
25361,98,1092
25362,100,1106
25363,98,1100
25364,100,1088
25365,100,1098
25366,96,1094
25367,98,1096
25368,100,1102
25369,98,1092
25370,100,1044
25371,100,1104
25372,104,1086
25373,100,1098
25374,100,1104
25375,100,1094
25376,100,1090
25377,100,1608
25378,100,1096
25379,98,1092
25380,100,1098
25381,98,1096
25382,100,1088
25383,98,1096
25384,100,1092
25385,100,1098
25386,100,1098
25387,98,1096
25388,98,1092
25389,98,1096
25390,98,1092
25391,96,1092
25392,100,1098
25393,100,1098
25394,100,1094
25395,102,1104
25396,98,1638
25397,98,1092
25398,100,1098
25399,98,1092
25400,100,1096
25401,98,1092
25402,98,1104
25403,100,1096
25404,98,1092
25405,98,1094
25406,98,1092
25407,98,1092
25408,98,1092
25409,104,1094
25410,98,1098
25411,98,1086
25412,98,1092
25413,96,1098
25414,100,1098
25415,100,1092
25416,104,1212
25417,98,1178
25418,98,1094
25419,98,1092
25420,98,1092
25421,100,1104
25422,100,1092
25423,100,1090
25424,98,1106
25425,100,1108
25426,100,1092
25427,100,1100
25428,98,1094
25429,98,1094
25430,98,1094
25431,98,1102
25432,100,1100
25433,98,1092
25434,98,1092
25435,100,1104
25436,100,1624
25437,98,1096
25438,100,1098
25439,100,1102
25440,100,1090
25441,100,1094
25442,98,1098
25443,100,1090
25444,100,1098
25445,100,1092
25446,98,1090
25447,98,1090
25448,98,1090
25449,98,1098
25450,100,1100
25451,100,1098
25452,102,1092
25453,102,1094
25454,100,1086
25455,98,1630
25456,102,1104
25457,100,1098
25458,98,1090
25459,98,1092
25460,100,1098
25461,98,1092
25462,98,1100
25463,98,1102
25464,94,1102
25465,98,1100
25466,104,1096
25467,100,1098
25468,98,1088
25469,102,1098
25470,98,1092
25471,100,1098
25472,98,1098
25473,104,1092
25474,98,1568
25475,100,1098
25476,100,1094
25477,98,1094
25478,100,1098
25479,100,1098
25480,100,1092
25481,98,1102
25482,100,1088
25483,96,1104
25484,100,1104
25485,98,1096
25486,98,1094
25487,100,1096
25488,100,1098
25489,100,1094
25490,98,1096
25491,98,1098
25492,104,1096
25493,98,1632
25494,98,1092
25495,98,1098
25496,98,1096
25497,98,1098
25498,98,1098
25499,98,1098
25500,100,1092
25501,98,1092
25502,100,1092
25503,98,1094
25504,100,1098
25505,100,1104
25506,98,1094
25507,94,1092
25508,102,1090
25509,98,1102
25510,100,1098
25511,98,1090
25512,100,1634
25513,98,1110
25514,100,1092
25515,98,1086
25516,98,1104
25517,100,1104
25518,100,1092
25519,98,1092
25520,100,1104
25521,100,1092
25522,102,1110
25523,100,1092
25524,100,1100
25525,100,1094
25526,100,1102
25527,100,1100
25528,96,1098
25529,100,1094
25530,98,1092
25531,100,1610
25532,98,1098
25533,96,1092
25534,100,1100
25535,100,1098
25536,100,1092
25537,98,1090
25538,98,1104
25539,100,1096
25540,98,1092
25541,100,1092
25542,100,1096
25543,100,1096
25544,100,1100
25545,100,1098
25546,96,1094
25547,100,1086
25548,98,1098
25549,102,1094
25550,100,1636
25551,98,1094
25552,98,1098
25553,100,1100
25554,98,1092
25555,98,1722
25556,100,1096
25557,98,1098
25558,100,1094
25559,102,1104
25560,100,1096
25561,98,1092
25562,98,1092
25563,98,1098
25564,100,1104
25565,98,1092
25566,98,1094
25567,96,1098
25568,98,1096
25569,100,1092
25570,102,1104
25571,96,1098
25572,98,1092
25573,98,1102
25574,98,1098
25575,98,1568
25576,102,1098
25577,100,1098
25578,96,1100
25579,96,1094
25580,100,1096
25581,102,1094
25582,102,1098
25583,100,1092
25584,100,1102
25585,98,1098
25586,98,1094
25587,100,1092
25588,96,1104
25589,98,1098
25590,100,1100
25591,102,1088
25592,100,1102
25593,98,1088
25594,100,1620
25595,98,1098
25596,98,1104
25597,98,1096
25598,100,1092
25599,98,1104
25600,98,1094
25601,100,1090
25602,100,1096
25603,100,1094
25604,96,1092
25605,100,1100
25606,98,1098
25607,100,1098
25608,100,1092
25609,100,1100
25610,100,1102
25611,102,1106
25612,102,1090
25613,98,1626
25614,100,1096
25615,102,1098
25616,100,1092
25617,100,1098
25618,98,1096
25619,100,1098
25620,100,1094
25621,98,1100
25622,98,1094
25623,98,1086
25624,98,1110
25625,96,1104
25626,98,1094
25627,102,1104
25628,98,1096
25629,102,1092
25630,102,1414
25631,100,1100
25632,100,1096
25633,98,1106
25634,98,1092
25635,98,1104
25636,102,1090
25637,100,1098
25638,98,1094
25639,100,1096
25640,100,1098
25641,98,1092
25642,102,1100
25643,98,1092
25644,100,1090
25645,96,1102
25646,98,1102
25647,98,1092
25648,100,1092
25649,100,1654
25650,100,1102
25651,98,1104
25652,100,1094
25653,102,1104
25654,102,1092
25655,98,1104
25656,96,1098
25657,98,1092
25658,100,1100
25659,98,1096
25660,100,1098
25661,102,1104
25662,98,1092
25663,102,1092
25664,98,1098
25665,102,1096
25666,98,1092
25667,100,1094
25668,98,1614
25669,98,1090
25670,100,1092
25671,100,1094
25672,94,1098
25673,100,1092
25674,98,1094
25675,100,1094
25676,98,1090
25677,102,1096
25678,98,1098
25679,102,1098
25680,96,1090
25681,100,1090
25682,100,1098
25683,100,1098
25684,102,1096
25685,100,1098
25686,100,1094
25687,100,1578
25688,100,1108
25689,102,1092
25690,102,1098
25691,98,1098
25692,100,1096
25693,98,1094
25694,100,1096
25695,100,1102
25696,102,1098
25697,98,1102
25698,100,1092
25699,102,1096
25700,98,1100
25701,98,1096
25702,98,1096
25703,100,1106
25704,98,1096
25705,100,1096
25706,100,1092
25707,98,1412
25708,102,1092
25709,100,1092
25710,100,1092
25711,102,1098
25712,98,1098
25713,102,1098
25714,102,1098
25715,100,1098
25716,98,1100
25717,100,1094
25718,96,1096
25719,98,1090
25720,102,1098
25721,100,1104
25722,98,1094
25723,102,1094
25724,98,1098
25725,102,1094
25726,102,1566
25727,100,1096
25728,100,1100
25729,98,1096
25730,98,1102
25731,100,1100
25732,102,1094
25733,100,1100
25734,100,1088
25735,102,1094
25736,98,1098
25737,102,1086
25738,100,1098
25739,100,1102
25740,94,1502
25741,98,1366
25742,98,1096
25743,98,1096
25744,98,1092
25745,96,1092
25746,100,1098
25747,100,1104
25748,100,1100
25749,98,1104
25750,100,1110
25751,100,1086
25752,100,1092
25753,98,1100
25754,100,1092
25755,100,1090
25756,100,1088
25757,100,1098
25758,100,1092
25759,104,1094
25760,100,1616
25761,98,1098
25762,100,1088
25763,98,1092
25764,98,1098
25765,98,1096
25766,100,1092
25767,98,1098
25768,98,1100
25769,98,1098
25770,98,1102
25771,98,1108
25772,100,1092
25773,98,1092
25774,98,1100
25775,96,1102
25776,98,1102
25777,98,1092
25778,96,1100
25779,98,1576
25780,100,1098
25781,96,1092
25782,98,1096
25783,100,1094
25784,100,1094
25785,98,1104
25786,98,1208
25787,100,1092
25788,100,1098
25789,100,1100
25790,98,1092
25791,100,1092
25792,100,1094
25793,98,1094
25794,100,1098
25795,100,1096
25796,100,1096
25797,98,2098
25798,100,1092
25799,98,1094
25800,100,1098
25801,100,1100
25802,100,1086
25803,100,1096
25804,100,1092
25805,98,1090
25806,98,1094
25807,98,1098
25808,98,1096
25809,98,1098
25810,100,1096
25811,98,1098
25812,98,1098
25813,100,1092
25814,98,1094
25815,96,1574
25816,98,1094
25817,100,1110
25818,98,1104
25819,100,1092
25820,98,1100
25821,100,1094
25822,98,1090
25823,98,1086
25824,98,1108
25825,100,1098
25826,98,1092
25827,98,1096
25828,100,1108
25829,100,1092
25830,100,1086
25831,96,1094
25832,100,1098
25833,98,1094
25834,98,1636
25835,100,1098
25836,96,1108
25837,98,1096
25838,102,1104
25839,98,1100
25840,96,1094
25841,100,1092
25842,100,1092
25843,100,1096
25844,98,1088
25845,98,1104
25846,98,1102
25847,100,1090
25848,100,1092
25849,100,1098
25850,98,1092
25851,98,1092
25852,98,1104
25853,100,1586
25854,100,1092
25855,98,1090
25856,104,1098
25857,98,1100
25858,100,1104
25859,98,1096
25860,98,1092
25861,98,1100
25862,98,1090
25863,98,1092
25864,96,1094
25865,98,1098
25866,98,1090
25867,100,1088
25868,100,1094
25869,98,1094
25870,98,1100
25871,102,1094
25872,100,1626
25873,98,1092
25874,100,1106
25875,98,1104
25876,100,1090
25877,98,1094
25878,100,1104
25879,98,1098
25880,98,1088
25881,102,1098
25882,100,1094
25883,100,1092
25884,100,1106
25885,100,1102
25886,98,1098
25887,98,1092
25888,100,1096
25889,100,1106
25890,100,1092
25891,100,1574
25892,98,1102
25893,98,1100
25894,98,1088
25895,100,1096
25896,102,1098
25897,98,1104
25898,100,1092
25899,100,1092
25900,98,1092
25901,100,1098
25902,100,1094
25903,100,1098
25904,98,1094
25905,98,1092
25906,98,1096
25907,98,1094
25908,100,1102
25909,98,1094
25910,100,1602
25911,98,1100
25912,98,1094
25913,96,1098
25914,98,1092
25915,98,1094
25916,100,1100
25917,100,1094
25918,98,1092
25919,100,1094
25920,100,1092
25921,98,1100
25922,100,1102
25923,100,1092
25924,98,1108
25925,98,990
25926,98,1098
25927,100,1088
25928,100,1092
25929,96,1102
25930,98,1518
25931,98,1092
25932,96,1098
25933,98,1092
25934,100,1092
25935,98,1094
25936,96,1102
25937,102,1098
25938,100,1098
25939,98,1108
25940,98,1096
25941,104,1096
25942,98,1098
25943,98,1096
25944,100,1090
25945,100,1092
25946,98,1096
25947,100,1092
25948,98,1106
25949,98,1596
25950,98,1104
25951,98,1092
25952,98,1100
25953,98,1092
25954,98,1094
25955,100,1092
25956,98,1102
25957,98,1098
25958,100,1102
25959,100,1098
25960,98,1102
25961,100,1096
25962,100,1104
25963,100,1092
25964,100,1096
25965,98,1094
25966,100,1102
25967,100,1096
25968,100,1560
25969,98,1094
25970,100,1092
25971,96,1092
25972,100,1092
25973,98,1096
25974,98,1092
25975,96,1104
25976,100,1092
25977,98,1096
25978,98,1104
25979,96,1090
25980,100,1092
25981,98,1102
25982,100,1094
25983,100,1092
25984,100,1098
25985,102,1100
25986,100,1092
25987,98,1562
25988,100,1092
25989,98,1100
25990,98,1098
25991,96,1094
25992,100,1092
25993,98,1096
25994,100,1094
25995,100,1098
25996,100,1104
25997,98,1096
25998,100,1088
25999,100,1094
26000,100,1102
26001,100,1098
26002,98,1100
26003,98,1102
26004,94,1088
26005,98,1094
26006,98,1620
26007,100,1096
26008,100,1090
26009,98,1086
26010,102,1098
26011,98,1098
26012,96,1100
26013,98,1092
26014,102,1102
26015,100,1094
26016,98,1102
26017,102,1098
26018,100,1096
26019,98,1088
26020,98,1094
26021,100,1108
26022,98,1102
26023,100,1092
26024,100,1102
26025,98,1644
26026,96,1096
26027,98,1092
26028,96,1098
26029,100,1098
26030,96,1098
26031,100,1096
26032,98,1100
26033,98,1092
26034,98,1092
26035,102,1098
26036,98,1096
26037,100,1092
26038,98,1090
26039,98,1090
26040,94,1094
26041,100,1096
26042,100,1098
26043,104,1098
26044,98,1602
26045,98,1098
26046,98,1106
26047,100,1090
26048,100,1090
26049,98,1096
26050,98,1094
26051,98,1098
26052,98,1096
26053,102,1098
26054,100,1100
26055,100,1092
26056,96,1096
26057,100,1094
26058,98,1096
26059,100,1090
26060,100,1094
26061,98,1106
26062,98,1098
26063,100,1596
26064,98,1096
26065,98,1104
26066,100,1096
26067,100,1096
26068,98,1094
26069,100,1092
26070,98,1092
26071,100,1092
26072,98,1092
26073,98,1096
26074,96,1096
26075,98,1092
26076,98,1098
26077,98,1092
26078,98,1090
26079,98,1096
26080,98,1092
26081,100,1092
26082,100,1606
26083,98,1094
26084,102,1094
26085,100,1096
26086,98,1106
26087,100,1092
26088,100,1098
26089,96,1094
26090,100,1096
26091,100,1090
26092,96,1096
26093,100,1098
26094,100,1094
26095,100,1092
26096,100,1094
26097,100,1094
26098,98,1094
26099,98,1096
26100,100,1098
26101,100,1644
26102,100,1104
26103,100,1098
26104,104,1098
26105,100,1094
26106,98,1104
26107,98,1104
26108,98,1092
26109,100,1094
26110,100,1098
26111,98,1098
26112,98,1092
26113,100,1096
26114,96,1098
26115,98,1096
26116,98,1092
26117,98,1092
26118,96,1100
26119,98,1092
26120,100,1622
26121,104,1100
26122,98,1098
26123,100,1094
26124,100,1092
26125,104,1098
26126,98,1094
26127,100,1096
26128,104,1100
26129,98,1098
26130,98,1096
26131,102,1092
26132,104,1092
26133,100,1092
26134,102,1092
26135,98,1098
26136,98,1100
26137,100,1092
26138,98,1104
26139,100,1560
26140,100,1098
26141,100,1092
26142,98,1094
26143,98,1098
26144,98,1092
26145,98,1092
26146,98,1096
26147,100,1098
26148,100,1094
26149,98,1104
26150,102,1094
26151,100,1098
26152,98,1092
26153,98,1098
26154,98,1094
26155,98,1094
26156,100,1098
26157,100,1090
26158,100,1626
26159,100,1090
26160,98,1092
26161,98,1098
26162,100,1098
26163,98,1100
26164,100,1100
26165,98,1092
26166,102,1100
26167,98,1088
26168,100,1102
26169,100,1094
26170,98,1104
26171,96,1104
26172,98,1098
26173,100,1098
26174,98,1102
26175,98,1098
26176,98,1098
26177,100,1624
26178,100,1096
26179,104,1094
26180,98,1092
26181,98,1108
26182,104,1108
26183,102,1100
26184,100,1088
26185,100,1100
26186,100,1096
26187,100,1094
26188,98,1092
26189,98,1094
26190,100,1094
26191,98,1088
26192,98,1096
26193,100,1098
26194,98,1096
26195,98,1096
26196,100,1098
26197,98,1416
26198,100,1092
26199,98,1096
26200,100,1108
26201,98,1098
26202,98,1092
26203,100,1098
26204,100,1096
26205,100,1092
26206,104,1092
26207,96,1092
26208,102,1100
26209,100,1090
26210,96,1098
26211,98,1100
26212,96,1094
26213,100,1098
26214,100,1094
26215,98,1098
26216,96,1094
26217,102,1516
26218,98,1096
26219,98,1092
26220,98,1096
26221,98,1094
26222,98,1092
26223,102,1092
26224,98,1098
26225,100,1100
26226,98,1092
26227,98,1094
26228,96,1096
26229,96,1098
26230,98,1088
26231,98,1104
26232,98,1100
26233,100,1094
26234,100,1088
26235,102,1100
26236,98,1584
26237,100,1092
26238,98,1088
26239,102,1098
26240,100,1092
26241,98,1098
26242,98,1108
26243,98,1092
26244,100,1096
26245,98,1094
26246,100,1100
26247,96,1098
26248,100,1096
26249,100,972
26250,98,1098
26251,100,1098
26252,100,1088
26253,98,1096
26254,100,1092
26255,100,1098
26256,98,1626
26257,102,1098
26258,98,1094
26259,100,1094
26260,100,1092
26261,100,1098
26262,98,1100
26263,98,1092
26264,100,1098
26265,100,1104
26266,100,1090
26267,98,1088
26268,96,1096
26269,100,1104
26270,98,1092
26271,102,1100
26272,100,1100
26273,98,1092
26274,100,1098
26275,102,1576
26276,100,1104
26277,98,1096
26278,98,1096
26279,98,1094
26280,98,1084
26281,100,1098
26282,98,1098
26283,102,1092
26284,98,1086
26285,100,1098
26286,100,1094
26287,98,1102
26288,100,1098
26289,100,1098
26290,98,1100
26291,100,1104
26292,100,1092
26293,100,1102
26294,100,1584
26295,100,1092
26296,102,1092
26297,100,1098
26298,96,1090
26299,98,1092
26300,96,1092
26301,100,1098
26302,98,1096
26303,100,1100
26304,98,1092
26305,96,1094
26306,98,1098
26307,98,1098
26308,100,1096
26309,98,1094
26310,100,1098
26311,98,1098
26312,100,1088
26313,98,1584
26314,98,1092
26315,100,1092
26316,98,1098
26317,98,1110
26318,100,1092
26319,100,1094
26320,100,1104
26321,100,1104
26322,98,1094
26323,100,1092
26324,104,1100
26325,100,1104
26326,100,1096
26327,98,1092
26328,100,1094
26329,100,1100
26330,100,1102
26331,100,1092
26332,98,1634
26333,98,1100
26334,98,1090
26335,100,1092
26336,102,1090
26337,98,1098
26338,100,1098
26339,100,1098
26340,100,1092
26341,100,1096
26342,98,1110
26343,100,1094
26344,100,1094
26345,102,1092
26346,100,1100
26347,98,1098
26348,98,1086
26349,98,1092
26350,98,1100
26351,98,1600
26352,100,1090
26353,100,1096
26354,100,1094
26355,100,1092
26356,100,1102
26357,100,1096
26358,98,1092
26359,98,1102
26360,102,1090
26361,100,1100
26362,100,1102
26363,98,1092
26364,98,1096
26365,98,1096
26366,102,1094
26367,102,1094
26368,100,1098
26369,98,1098
26370,98,1596
26371,104,1100
26372,98,1094
26373,98,1096
26374,98,1092
26375,100,1098
26376,100,1100
26377,98,1092
26378,98,1092
26379,100,1102
26380,102,1104
26381,100,1096
26382,98,1108
26383,100,1096
26384,98,1092
26385,100,1092
26386,98,1104
26387,100,1100
26388,102,986
26389,102,1632
26390,100,1096
26391,100,1092
26392,100,1098
26393,100,1096
26394,100,1100
26395,98,1098
26396,100,1106
26397,100,1100
26398,100,1092
26399,100,1092
26400,100,1094
26401,98,1096
26402,100,1096
26403,104,1092
26404,102,1108
26405,100,1090
26406,100,1092
26407,98,1100
26408,98,1578
26409,98,1102
26410,100,1096
26411,98,1098
26412,98,1092
26413,98,1096
26414,98,1104
26415,100,1098
26416,98,1090
26417,100,1092
26418,100,1102
26419,98,1092
26420,96,1092
26421,100,1092
26422,100,1096
26423,98,1088
26424,102,1096
26425,100,1094
26426,100,1098
26427,100,1566
26428,102,1098
26429,100,1098
26430,98,1092
26431,100,1092
26432,100,1098
26433,98,1098
26434,100,1092
26435,98,1098
26436,98,1094
26437,98,1096
26438,98,1096
26439,98,1094
26440,96,1108
26441,100,1102
26442,100,1096
26443,98,1104
26444,98,1096
26445,100,1096
26446,98,1662
26447,98,1100
26448,98,1090
26449,98,1096
26450,98,1094
26451,98,1090
26452,98,1098
26453,98,1096
26454,100,1096
26455,96,1096
26456,98,1094
26457,98,1098
26458,100,1100
26459,100,1092
26460,100,1096
26461,100,1098
26462,100,1104
26463,100,1102
26464,98,1096
26465,100,1608
26466,100,1092
26467,98,1092
26468,98,1092
26469,98,1104
26470,98,1092
26471,100,1098
26472,98,1104
26473,98,1098
26474,100,1104
26475,98,1092
26476,98,1092
26477,98,1092
26478,102,1100
26479,100,1114
26480,100,1090
26481,100,1096
26482,96,1108
26483,100,1100
26484,98,1562
26485,98,1098
26486,98,1098
26487,98,1090
26488,100,1098
26489,104,1098
26490,102,1098
26491,100,1088
26492,96,1092
26493,100,1104
26494,100,1090
26495,100,1088
26496,100,1094
26497,100,1108
26498,100,1102
26499,106,1098
26500,98,1092
26501,98,1096
26502,100,1086
26503,104,1632
26504,98,1098
26505,100,1092
26506,100,1094
26507,96,1096
26508,98,1096
26509,98,1096
26510,98,1098
26511,100,1098
26512,96,1100
26513,98,1092
26514,98,1096
26515,100,1098
26516,100,1102
26517,100,1092
26518,102,1094
26519,98,1092
26520,98,1094
26521,98,1098
26522,96,1592
26523,100,1094
26524,98,1094
26525,100,1100
26526,98,1100
26527,100,1094
26528,100,1094
26529,98,1098
26530,98,1096
26531,102,1094
26532,100,1092
26533,98,1090
26534,98,1086
26535,98,1090
26536,98,1104
26537,98,1096
26538,98,1094
26539,98,1092
26540,98,1604
26541,98,1096
26542,100,1092
26543,98,1098
26544,102,1094
26545,100,1094
26546,100,1096
26547,100,1104
26548,100,1100
26549,98,1098
26550,96,1096
26551,98,1096
26552,98,1098
26553,98,1092
26554,98,1092
26555,96,1096
26556,98,1106
26557,100,1102
26558,100,1096
26559,98,1568
26560,98,1098
26561,98,1102
26562,100,1090
26563,104,1088
26564,100,1094
26565,98,1114
26566,98,1104
26567,100,1096
26568,98,1098
26569,98,1098
26570,100,1094
26571,102,1090
26572,100,1094
26573,96,1044
26574,100,1088
26575,100,1098
26576,100,1100
26577,100,1096
26578,98,1598
26579,96,1102
26580,100,1094
26581,100,1098
26582,102,1096
26583,100,1102
26584,100,1090
26585,98,1108
26586,98,1098
26587,100,1092
26588,102,1092
26589,98,1096
26590,98,1098
26591,102,1090
26592,100,1098
26593,98,1092
26594,102,1094
26595,98,1094
26596,98,1582
26597,100,1098
26598,98,1092
26599,98,1092
26600,98,1094
26601,98,1098
26602,98,1092
26603,98,1088
26604,98,1098
26605,98,1090
26606,98,1094
26607,100,1104
26608,102,1098
26609,98,1094
26610,98,1092
26611,100,1104
26612,98,1098
26613,100,1104
26614,98,1098
26615,100,1568
26616,100,1096
26617,98,1092
26618,102,1098
26619,98,1096
26620,98,1088
26621,100,1092
26622,100,1098
26623,98,1092
26624,102,1090
26625,100,1098
26626,100,1104
26627,102,1096
26628,98,1098
26629,100,1102
26630,100,1096
26631,98,1098
26632,98,1100
26633,98,1096
26634,98,1568
26635,98,1100
26636,100,1096
26637,98,1098
26638,100,1092
26639,102,1088
26640,100,1098
26641,100,1108
26642,98,1098
26643,102,1108
26644,100,1096
26645,96,1100
26646,102,1092
26647,100,1098
26648,100,1096
26649,98,1092
26650,98,1098
26651,102,1100
26652,100,1098
26653,102,1632
26654,98,1096
26655,98,1094
26656,100,1096
26657,98,1096
26658,98,1098
26659,98,1092
26660,98,1092
26661,98,1092
26662,98,1096
26663,100,1096
26664,98,1100
26665,102,1096
26666,92,1100
26667,104,1092
26668,98,1094
26669,100,1098
26670,100,1098
26671,98,1100
26672,102,1104
26673,98,988
26674,98,1080
26675,102,1182
26676,100,990
26677,102,1018
26678,98,1098
26679,98,1096
26680,102,1094
26681,98,1092
26682,102,1098
26683,100,1092
26684,100,1092
26685,102,1088
26686,98,1100
26687,102,1088
26688,100,1096
26689,98,1104
26690,98,1100
26691,100,1044
26692,100,1088
26693,98,1104
26694,100,1098
26695,98,1578
26696,102,1092
26697,100,1092
26698,98,1100
26699,102,1098
26700,98,1100
26701,102,1092
26702,100,1094
26703,98,1098
26704,98,1102
26705,98,1092
26706,96,1092
26707,100,1102
26708,100,1098
26709,98,1092
26710,100,1092
26711,102,1090
26712,100,1102
26713,102,1100
26714,96,1614
26715,98,1098
26716,100,1096
26717,98,1092
26718,100,1096
26719,98,1092
26720,100,1098
26721,100,1098
26722,100,1094
26723,98,1092
26724,100,1092
26725,98,1108
26726,102,1108
26727,98,1094
26728,98,1098
26729,98,1108
26730,98,1096
26731,98,1092
26732,100,1098
26733,100,1582
26734,98,1092
26735,100,1096
26736,98,1098
26737,100,1086
26738,100,1106
26739,98,1092
26740,100,1108
26741,98,1098
26742,104,1092
26743,102,1092
26744,102,1088
26745,96,1106
26746,98,1102
26747,102,1094
26748,100,1098
26749,102,1104
26750,106,1098
26751,102,1106
26752,98,1636
26753,100,1092
26754,98,1100
26755,98,1098
26756,102,1096
26757,98,1090
26758,100,980
26759,98,1096
26760,104,1098
26761,98,1098
26762,98,1098
26763,98,1092
26764,98,1098
26765,100,1104
26766,100,1090
26767,98,1092
26768,100,1104
26769,102,1096
26770,100,1096
26771,100,1096
26772,100,1096
26773,98,1096
26774,100,1098
26775,98,1096
26776,98,1090
26777,98,1416
26778,100,1096
26779,98,1096
26780,98,1104
26781,96,1104
26782,100,1094
26783,98,1094
26784,100,1096
26785,100,1096
26786,100,1090
26787,100,1092
26788,100,1098
26789,98,1102
26790,98,1092
26791,100,1098
26792,98,1096
26793,98,1092
26794,98,1098
26795,100,1102
26796,98,1632
26797,96,1102
26798,100,1096
26799,102,1092
26800,100,1106
26801,100,1098
26802,100,1098
26803,98,1092
26804,98,1092
26805,98,1096
26806,100,1106
26807,100,1092
26808,98,1096
26809,98,1096
26810,98,1094
26811,98,1098
26812,100,1092
26813,102,1092
26814,102,1104
26815,98,1628
26816,100,1092
26817,100,1102
26818,96,1102
26819,98,1098
26820,98,1090
26821,98,1106
26822,98,1092
26823,104,1100
26824,100,1098
26825,98,1096
26826,98,1102
26827,98,1096
26828,100,1098
26829,100,1092
26830,100,1098
26831,98,1092
26832,98,1108
26833,100,1098
26834,100,1590
26835,100,1092
26836,104,1098
26837,98,1100
26838,98,1090
26839,100,1092
26840,102,1104
26841,98,1102
26842,98,1096
26843,100,1092
26844,98,1092
26845,98,1098
26846,98,1096
26847,96,1102
26848,106,1100
26849,100,1094
26850,100,1098
26851,98,1100
26852,98,1088
26853,100,1570
26854,100,1092
26855,100,1098
26856,102,1094
26857,98,1102
26858,98,1092
26859,100,1098
26860,100,1102
26861,98,1092
26862,96,1098
26863,100,1106
26864,98,1092
26865,100,1102
26866,100,1092
26867,100,1090
26868,98,1100
26869,100,1098
26870,100,1092
26871,98,1100
26872,98,1608
26873,100,1094
26874,100,1102
26875,98,1092
26876,98,1094
26877,98,1096
26878,98,1094
26879,100,1102
26880,98,1092
26881,102,1092
26882,98,1104
26883,98,1100
26884,98,1094
26885,100,1092
26886,100,1106
26887,100,1106
26888,98,1094
26889,100,1096
26890,100,1102
26891,102,1564
26892,100,1096
26893,98,1098
26894,100,1096
26895,98,1090
26896,100,1100
26897,100,1096
26898,100,1104
26899,98,1096
26900,98,1092
26901,98,1104
26902,96,1092
26903,98,1098
26904,98,1100
26905,98,1106
26906,100,1100
26907,98,1092
26908,98,1104
26909,102,1098
26910,96,1588
26911,104,1092
26912,100,1094
26913,98,1096
26914,96,1088
26915,98,1102
26916,98,1088
26917,100,1092
26918,98,1092
26919,100,1098
26920,100,1100
26921,98,1098
26922,98,1098
26923,100,1096
26924,100,1092
26925,104,1096
26926,98,1094
26927,98,1094
26928,98,1098
26929,102,1560
26930,100,1092
26931,100,1088
26932,100,1090
26933,100,1100
26934,94,1098
26935,100,1086
26936,100,1092
26937,98,1094
26938,100,1096
26939,98,1098
26940,100,1094
26941,100,1098
26942,98,1090
26943,102,990
26944,102,1094
26945,100,1098
26946,100,1098
26947,100,1092
26948,96,1638
26949,98,1094
26950,100,1098
26951,102,1094
26952,102,1090
26953,100,1096
26954,102,1092
26955,100,1100
26956,98,1092
26957,100,1092
26958,98,1096
26959,100,1104
26960,102,1096
26961,100,1100
26962,98,1102
26963,100,1092
26964,100,1092
26965,98,1098
26966,100,1096
26967,100,1644
26968,100,1092
26969,98,1094
26970,100,1092
26971,100,1098
26972,102,1092
26973,98,1096
26974,98,1096
26975,102,1092
26976,100,1110
26977,100,1098
26978,100,1086
26979,98,1092
26980,100,1092
26981,100,1098
26982,100,1098
26983,98,1098
26984,100,1098
26985,98,1096
26986,98,1566
26987,98,1102
26988,98,1092
26989,98,1094
26990,96,1096
26991,98,1098
26992,98,1094
26993,98,1096
26994,100,1102
26995,100,1096
26996,100,1100
26997,102,1106
26998,98,1092
26999,100,1096
27000,98,1104
27001,102,1102
27002,100,1092
27003,100,1092
27004,98,1100
27005,100,1100
27006,98,1410
27007,104,1092
27008,98,1104
27009,98,1092
27010,98,1086
27011,104,1092
27012,98,1100
27013,96,1094
27014,96,1094
27015,100,1102
27016,98,1098
27017,100,1098
27018,100,1102
27019,100,1102
27020,100,1106
27021,98,1092
27022,98,1098
27023,100,1096
27024,98,1088
27025,98,1584
27026,100,1106
27027,100,1104
27028,100,1090
27029,104,1098
27030,98,1094
27031,98,1098
27032,100,1086
27033,96,1096
27034,98,1096
27035,98,1098
27036,98,1098
27037,98,1098
27038,100,1092
27039,98,1092
27040,98,1104
27041,100,1098
27042,98,1092
27043,100,1096
27044,100,1096
27045,98,1618
27046,98,1098
27047,98,1102
27048,98,1102
27049,100,1092
27050,98,1092
27051,100,1102
27052,98,1096
27053,96,1092
27054,100,1098
27055,98,1096
27056,98,1092
27057,98,1096
27058,100,1098
27059,100,1096
27060,98,1098
27061,98,1098
27062,100,1094
27063,100,1092
27064,100,1586
27065,98,1102
27066,98,1098
27067,100,1094
27068,98,1092
27069,98,1100
27070,100,1092
27071,98,1092
27072,98,1100
27073,100,1102
27074,98,1098
27075,98,1092
27076,98,1106
27077,100,1094
27078,98,1098
27079,98,1096
27080,100,1092
27081,100,1098
27082,98,1044
27083,98,1638
27084,98,1108
27085,100,1094
27086,100,1092
27087,100,1100
27088,100,1100
27089,100,1096
27090,98,1092
27091,100,1088
27092,98,1096
27093,100,1092
27094,100,1100
27095,98,1092
27096,98,1098
27097,98,1090
27098,98,1092
27099,100,1098
27100,98,1098
27101,100,1102
27102,98,1098
27103,100,1558
27104,98,1094
27105,100,1096
27106,100,1104
27107,100,1092
27108,100,1098
27109,102,1098
27110,98,1092
27111,100,1106
27112,100,1088
27113,100,1094
27114,100,1098
27115,100,1104
27116,100,1098
27117,98,1096
27118,100,1096
27119,98,1098
27120,98,1092
27121,100,1094
27122,98,1584
27123,100,1098
27124,98,1098
27125,96,1094
27126,98,1092
27127,96,1096
27128,100,1102
27129,102,1094
27130,98,1092
27131,102,1092
27132,100,1096
27133,100,1100
27134,100,1098
27135,100,1096
27136,100,1094
27137,100,1102
27138,100,1098
27139,98,1096
27140,98,1104
27141,98,1630
27142,98,1086
27143,98,1090
27144,100,1102
27145,98,1098
27146,98,1092
27147,96,1094
27148,98,1100
27149,100,1092
27150,100,1092
27151,98,1098
27152,98,1100
27153,102,1098
27154,98,1098
27155,98,1092
27156,100,1098
27157,98,1092
27158,98,1092
27159,98,1086
27160,100,1594
27161,100,1098
27162,100,1104
27163,98,1090
27164,98,1096
27165,100,1106
27166,100,1098
27167,100,1096
27168,96,1098
27169,98,1098
27170,100,1092
27171,100,1090
27172,104,1102
27173,98,1092
27174,100,1092
27175,100,1094
27176,98,1092
27177,98,1092
27178,102,1086
27179,98,1580
27180,100,1100
27181,98,1100
27182,98,1092
27183,100,1092
27184,96,1104
27185,102,1092
27186,100,1096
27187,98,1096
27188,100,1092
27189,98,1094
27190,98,1096
27191,98,1108
27192,100,1086
27193,100,1104
27194,98,1102
27195,98,1098
27196,100,1092
27197,100,1098
27198,100,1596
27199,98,1102
27200,98,1092
27201,102,1098
27202,98,1094
27203,98,1092
27204,100,1092
27205,98,1098
27206,98,1096
27207,100,1092
27208,100,1104
27209,100,1098
27210,98,1098
27211,98,1092
27212,98,1098
27213,98,1098
27214,98,1092
27215,100,1096
27216,98,1098
27217,100,1646
27218,98,1098
27219,100,1104
27220,98,1108
27221,98,1044
27222,102,1104
27223,98,1098
27224,100,1096
27225,98,1102
27226,98,1098
27227,100,1098
27228,100,1104
27229,100,1100
27230,98,1102
27231,98,1092
27232,100,1092
27233,100,1096
27234,100,1098
27235,100,1094
27236,100,1602
27237,96,1100
27238,98,1092
27239,98,1098
27240,98,1092
27241,100,1100
27242,98,1092
27243,98,1092
27244,100,1104
27245,100,1098
27246,100,1104
27247,98,1102
27248,102,1102
27249,98,1106
27250,100,1098
27251,100,1098
27252,98,1098
27253,102,1092
27254,104,1096
27255,100,1570
27256,98,1092
27257,100,1096
27258,98,1096
27259,96,1092
27260,100,1092
27261,100,1100
27262,100,1102
27263,98,1106
27264,100,1096
27265,98,1096
27266,100,1100
27267,100,1094
27268,98,1104
27269,100,1104
27270,100,1096
27271,102,1092
27272,100,1096
27273,98,1094
27274,100,1586
27275,98,1092
27276,100,1106
27277,100,1100
27278,98,1094
27279,98,1096
27280,102,1100
27281,100,1092
27282,100,1098
27283,100,1114
27284,102,1092
27285,98,1096
27286,98,1098
27287,102,1100
27288,96,1104
27289,98,1102
27290,102,1098
27291,100,1098
27292,98,1086
27293,98,1634
27294,104,1098
27295,98,1094
27296,100,1100
27297,98,1092
27298,96,1106
27299,100,1098
27300,100,1096
27301,98,1094
27302,100,1092
27303,100,1098
27304,100,1096
27305,102,1098
27306,100,1104
27307,98,1092
27308,100,1090
27309,98,1100
27310,100,1096
27311,100,1092
27312,100,1618
27313,98,1094
27314,98,1090
27315,98,1094
27316,98,1094
27317,100,1090
27318,100,1100
27319,98,1096
27320,100,1092
27321,100,1092
27322,98,1108
27323,100,1092
27324,100,1092
27325,100,1092
27326,100,1092
27327,96,1100
27328,98,1088
27329,100,1092
27330,100,1094
27331,96,1650
27332,98,1092
27333,96,1098
27334,100,1096
27335,98,1094
27336,98,1096
27337,100,1108
27338,98,1092
27339,100,1092
27340,98,1098
27341,100,1100
27342,98,1092
27343,98,1092
27344,100,1104
27345,100,1104
27346,96,1098
27347,100,1098
27348,98,1096
27349,98,1108
27350,96,1618
27351,98,1094
27352,100,1096
27353,100,1092
27354,98,1094
27355,100,1102
27356,98,1098
27357,98,1098
27358,104,1098
27359,98,1092
27360,98,1102
27361,96,1096
27362,100,1096
27363,102,1102
27364,100,1098
27365,98,1094
27366,98,1098
27367,96,1092
27368,98,1104
27369,98,1610
27370,96,1102
27371,98,1092
27372,100,1104
27373,98,1094
27374,98,1100
27375,96,1092
27376,100,1094
27377,98,1098
27378,94,1104
27379,98,1102
27380,100,1092
27381,96,1098
27382,98,1088
27383,98,1092
27384,100,1100
27385,100,1098
27386,98,1090
27387,100,1096
27388,100,1598
27389,96,1096
27390,100,1092
27391,96,1108
27392,98,1104
27393,100,1098
27394,102,1094
27395,100,1096
27396,98,1094
27397,98,1098
27398,100,1094
27399,98,1096
27400,98,1092
27401,98,1102
27402,98,1094
27403,98,1090
27404,98,1092
27405,100,1098
27406,100,1098
27407,100,1578
27408,100,1098
27409,98,1110
27410,100,1096
27411,100,1096
27412,98,1096
27413,100,1104
27414,100,1094
27415,98,1098
27416,98,1098
27417,100,1096
27418,100,1098
27419,100,1092
27420,100,1092
27421,98,1096
27422,98,1102
27423,100,1098
27424,98,1092
27425,100,1098
27426,98,1620
27427,100,1090
27428,100,1098
27429,98,1098
27430,100,1092
27431,100,1098
27432,100,1092
27433,98,1104
27434,98,1100
27435,100,1092
27436,98,1104
27437,98,1100
27438,98,1090
27439,98,1092
27440,100,1106
27441,98,1096
27442,100,1100
27443,98,1096
27444,98,1104
27445,104,1646
27446,100,1098
27447,102,1102
27448,98,1102
27449,98,1092
27450,98,1098
27451,96,1102
27452,100,1096
27453,100,1096
27454,100,1098
27455,98,1092
27456,100,1104
27457,100,1100
27458,100,1092
27459,98,1098
27460,96,1100
27461,98,1098
27462,98,1110
27463,98,1092
27464,100,1644
27465,100,1098
27466,98,1096
27467,96,1090
27468,100,1096
27469,98,1094
27470,98,1096
27471,98,1092
27472,100,1094
27473,98,1096
27474,98,1094
27475,100,1088
27476,104,1092
27477,100,1098
27478,98,1088
27479,98,1090
27480,100,1098
27481,98,1092
27482,100,1100
27483,96,1634
27484,98,1096
27485,100,1104
27486,96,1100
27487,98,1098
27488,100,1098
27489,98,1098
27490,98,1104
27491,96,1092
27492,100,1100
27493,100,1098
27494,102,1096
27495,98,1100
27496,98,1098
27497,98,1094
27498,102,1098
27499,100,1098
27500,100,1096
27501,100,1096
27502,98,1572
27503,98,1092
27504,100,1104
27505,100,1100
27506,98,1092
27507,100,1098
27508,98,1098
27509,102,1098
27510,98,1094
27511,100,1098
27512,98,1104
27513,98,1098
27514,98,1092
27515,96,1092
27516,100,1092
27517,96,1098
27518,98,1088
27519,100,1094
27520,100,1096
27521,100,1560
27522,100,1104
27523,96,1100
27524,98,1100
27525,98,1092
27526,100,1100
27527,98,1098
27528,98,1092
27529,104,1092
27530,98,1096
27531,100,1096
27532,100,1090
27533,98,1102
27534,100,1094
27535,98,1088
27536,100,1108
27537,100,1100
27538,98,1100
27539,98,1090
27540,98,1616
27541,98,1100
27542,100,1104
27543,98,1098
27544,100,1104
27545,98,1098
27546,100,1084
27547,100,1092
27548,100,1098
27549,98,1096
27550,100,1092
27551,102,1096
27552,98,1096
27553,100,1102
27554,100,1092
27555,98,1104
27556,100,1094
27557,96,1102
27558,100,1094
27559,100,1582
27560,98,1102
27561,98,1098
27562,100,1100
27563,100,1090
27564,98,1094
27565,100,1098
27566,100,1098
27567,100,1094
27568,100,1100
27569,100,1098
27570,98,1100
27571,100,1088
27572,104,1098
27573,96,1102
27574,100,1092
27575,98,1098
27576,98,1098
27577,102,1102
27578,98,1630
27579,98,1092
27580,100,1096
27581,98,1092
27582,100,1102
27583,98,1100
27584,98,1096
27585,100,1094
27586,98,1096
27587,96,1104
27588,100,1092
27589,100,1098
27590,100,1104
27591,96,1000
27592,96,1104
27593,100,1096
27594,98,1100
27595,98,1102
27596,98,1100
27597,100,1622
27598,98,1094
27599,102,1092
27600,98,1096
27601,98,1098
27602,100,1104
27603,98,1098
27604,102,1098
27605,98,1100
27606,94,1092
27607,100,1092
27608,104,1108
27609,100,1100
27610,98,1094
27611,98,1098
27612,100,1092
27613,98,1622
27614,98,1092
27615,100,1100
27616,98,1098
27617,102,1098
27618,100,1096
27619,98,1106
27620,98,1098
27621,102,1092
27622,100,1092
27623,98,1094
27624,100,1104
27625,98,1104
27626,100,1092
27627,100,1098
27628,102,1094
27629,100,1102
27630,98,1098
27631,102,1098
27632,100,1624
27633,102,1102
27634,102,1098
27635,100,1094
27636,98,1092
27637,98,1100
27638,94,1092
27639,102,1088
27640,102,1096
27641,98,1096
27642,98,1098
27643,102,1092
27644,104,1092
27645,102,1092
27646,94,1092
27647,98,1092
27648,100,1098
27649,96,1094
27650,98,1094
27651,100,1578
27652,100,1098
27653,98,1098
27654,98,1094
27655,100,1098
27656,100,1102
27657,106,1094
27658,96,1092
27659,98,1098
27660,100,1092
27661,100,1098
27662,98,1092
27663,100,1092
27664,98,1098
27665,100,1100
27666,98,1098
27667,102,1088
27668,100,1094
27669,102,1104
27670,102,1588
27671,100,1098
27672,100,1096
27673,100,1098
27674,100,1098
27675,98,1092
27676,102,1094
27677,98,1102
27678,98,1092
27679,100,1098
27680,98,1100
27681,98,1098
27682,102,1098
27683,100,1104
27684,98,1100
27685,100,1090
27686,100,1090
27687,100,1104
27688,102,1092
27689,98,1520
27690,98,1098
27691,102,1104
27692,100,1092
27693,102,1092
27694,102,1108
27695,100,1094
27696,98,1092
27697,100,1092
27698,100,1098
27699,100,1096
27700,98,1094
27701,96,1096
27702,98,1094
27703,102,1100
27704,100,1092
27705,106,1098
27706,102,1098
27707,100,1102
27708,98,1566
27709,100,1098
27710,100,1096
27711,98,1094
27712,98,1096
27713,100,1094
27714,100,1096
27715,102,1090
27716,100,1102
27717,100,1086
27718,102,1090
27719,98,1100
27720,98,1096
27721,98,1098
27722,100,1094
27723,100,1092
27724,98,1092
27725,100,1088
27726,98,1094
27727,98,1584
27728,98,1098
27729,106,1104
27730,98,1096
27731,98,1106
27732,98,1092
27733,100,1104
27734,98,1096
27735,98,1090
27736,100,1092
27737,98,1096
27738,96,1100
27739,98,1096
27740,98,1098
27741,100,1094
27742,102,1098
27743,104,1092
27744,100,1104
27745,96,1110
27746,98,1624
27747,98,1094
27748,100,1096
27749,100,1092
27750,100,1088
27751,102,1108
27752,100,1104
27753,102,1092
27754,102,1094
27755,98,1104
27756,96,1096
27757,100,1092
27758,100,1090
27759,98,1104
27760,98,1094
27761,96,1094
27762,98,1098
27763,98,1092
27764,98,1094
27765,102,1602
27766,102,1096
27767,100,1092
27768,98,1100
27769,98,1104
27770,100,1102
27771,100,1102
27772,102,1088
27773,98,1098
27774,98,1098
27775,98,1092
27776,100,1096
27777,102,1092
27778,100,1092
27779,98,1098
27780,100,1106
27781,100,1092
27782,100,1092
27783,98,1092
27784,102,1260
27785,96,1094
27786,98,1100
27787,100,1100
27788,100,1096
27789,100,1098
27790,98,1104
27791,98,1104
27792,98,1106
27793,100,1092
27794,98,1092
27795,100,1096
27796,102,1098
27797,98,1088
27798,100,1092
27799,100,1092
27800,98,1100
27801,100,1092
27802,98,1096
27803,98,1560
27804,98,1104
27805,100,1092
27806,98,1092
27807,98,1094
27808,100,1092
27809,100,1090
27810,100,1100
27811,98,1090
27812,100,1096
27813,100,1098
27814,100,1094
27815,102,1098
27816,98,1104
27817,100,1098
27818,100,1104
27819,100,1092
27820,98,1104
27821,98,1098
27822,98,1554
27823,98,1094
27824,98,1102
27825,100,1088
27826,100,1092
27827,96,1102
27828,96,1090
27829,100,1092
27830,98,1092
27831,100,1098
27832,98,1100
27833,98,1092
27834,98,1096
27835,100,1098
27836,102,1098
27837,100,1098
27838,98,1092
27839,102,1098
27840,104,1096
27841,100,1570
27842,100,1096
27843,100,1096
27844,100,1090
27845,100,1098
27846,96,1092
27847,98,1096
27848,100,1092
27849,100,1102
27850,98,1088
27851,100,1098
27852,98,1098
27853,98,1094
27854,100,1092
27855,98,1098
27856,98,1092
27857,100,1090
27858,104,1092
27859,100,1104
27860,98,1096
27861,100,1526
27862,100,1106
27863,94,1098
27864,100,1092
27865,100,1098
27866,98,1098
27867,100,1098
27868,100,1104
27869,98,1094
27870,98,1092
27871,100,1098
27872,98,1092
27873,100,1098
27874,100,1100
27875,98,1094
27876,104,1092
27877,100,1100
27878,98,1104
27879,98,1096
27880,100,1638
27881,98,1092
27882,100,1094
27883,98,1096
27884,98,1096
27885,96,1092
27886,98,1108
27887,98,1092
27888,100,1100
27889,100,1104
27890,98,1096
27891,98,1098
27892,98,1096
27893,98,1092
27894,102,1088
27895,100,1100
27896,96,1102
27897,100,1090
27898,98,1104
27899,100,1634
27900,98,1096
27901,98,1092
27902,100,1104
27903,100,1098
27904,100,1088
27905,98,1098
27906,98,1096
27907,96,1098
27908,100,1092
27909,98,1098
27910,98,1088
27911,98,1086
27912,96,1098
27913,98,1096
27914,100,1106
27915,100,1092
27916,100,1094
27917,98,1102
27918,100,1628
27919,96,1094
27920,98,1098
27921,100,1092
27922,100,1098
27923,100,1108
27924,100,1092
27925,98,1088
27926,98,1094
27927,98,1098
27928,100,1090
27929,98,1092
27930,98,1092
27931,100,1092
27932,100,1094
27933,100,1090
27934,96,1098
27935,100,1094
27936,98,1102
27937,98,1608
27938,98,1098
27939,100,1098
27940,98,1102
27941,98,1098
27942,100,1096
27943,102,1092
27944,98,1092
27945,100,1098
27946,100,1108
27947,98,1096
27948,100,1104
27949,100,1092
27950,100,1090
27951,98,1106
27952,104,1094
27953,100,1096
27954,100,1098
27955,100,1096
27956,98,1564
27957,100,1092
27958,104,1102
27959,98,1104
27960,100,1092
27961,98,1090
27962,100,1104
27963,100,1094
27964,98,1098
27965,98,1094
27966,98,1098
27967,98,1094
27968,98,1104
27969,98,1092
27970,98,1104
27971,100,1094
27972,96,1090
27973,98,1098
27974,98,1096
27975,102,1618
27976,100,1092
27977,100,1094
27978,98,1098
27979,94,1092
27980,106,1098
27981,98,1098
27982,98,1102
27983,100,1098
27984,100,1098
27985,98,1096
27986,96,1096
27987,100,1104
27988,98,1096
27989,100,1096
27990,98,1098
27991,100,1098
27992,98,1114
27993,98,1092
27994,100,1568
27995,100,1100
27996,100,1092
27997,100,1086
27998,98,1098
27999,102,1100
28000,98,1096
28001,98,1092
28002,98,1096
28003,102,1092
28004,100,1100
28005,98,1096
28006,100,1102
28007,98,1092
28008,100,1090
28009,98,1098
28010,100,1098
28011,98,1092
28012,98,1094
28013,98,1616
28014,100,1098
28015,100,1094
28016,102,1104
28017,98,1100
28018,98,1092
28019,98,1094
28020,96,1102
28021,98,1096
28022,98,1102
28023,98,1106
28024,100,1094
28025,100,1094
28026,100,1090
28027,98,1098
28028,100,1092
28029,98,1092
28030,100,1102
28031,100,1104
28032,98,1088
28033,100,1418
28034,102,1092
28035,100,1098
28036,100,1084
28037,100,1090
28038,100,1092
28039,102,1098
28040,100,1088
28041,98,1098
28042,100,1100
28043,96,1090
28044,98,1096
28045,100,1094
28046,100,1092
28047,100,1094
28048,98,1096
28049,100,1094
28050,100,1088
28051,98,1092
28052,100,1626
28053,98,1098
28054,98,1092
28055,100,1106
28056,98,1102
28057,100,1098
28058,100,1104
28059,100,1110
28060,98,1092
28061,98,1092
28062,100,1098
28063,98,1102
28064,100,1092
28065,100,1094
28066,98,1094
28067,100,1098
28068,100,1088
28069,98,1098
28070,96,1096
28071,98,1096
28072,100,1514
28073,102,1092
28074,98,1098
28075,98,1096
28076,98,1092
28077,98,1098
28078,100,1092
28079,98,1088
28080,98,1104
28081,98,1098
28082,98,1098
28083,96,1092
28084,98,1096
28085,100,1100
28086,98,1094
28087,102,1096
28088,100,1098
28089,98,1098
28090,98,1098
28091,104,1566
28092,96,1098
28093,100,1094
28094,96,1092
28095,100,1104
28096,96,1094
28097,100,1092
28098,102,1098
28099,98,1102
28100,94,1040
28101,98,1098
28102,100,1096
28103,96,1102
28104,100,1098
28105,98,1102
28106,100,1092
28107,96,1092
28108,100,1090
28109,100,1100
28110,98,1098
28111,98,1514
28112,98,1106
28113,98,1098
28114,98,1094
28115,98,1092
28116,100,1096
28117,100,1096
28118,98,1092
28119,96,1104
28120,100,1098
28121,100,1098
28122,100,1092
28123,100,1098
28124,100,1098
28125,98,1096
28126,106,1104
28127,100,1098
28128,98,1096
28129,98,1104
28130,100,1632
28131,100,1100
28132,100,1092
28133,100,1094
28134,102,1092
28135,98,1102
28136,100,1092
28137,98,1092
28138,98,1094
28139,100,1098
28140,98,1088
28141,98,1100
28142,100,1090
28143,100,1098
28144,98,1088
28145,102,1096
28146,98,1096
28147,100,1092
28148,100,1096
28149,98,1616
28150,98,1098
28151,98,1096
28152,100,1100
28153,100,1098
28154,96,1092
28155,100,1092
28156,100,1094
28157,102,1092
28158,100,1098
28159,100,1098
28160,98,1096
28161,98,1098
28162,98,1090
28163,100,1098
28164,100,1098
28165,100,1096
28166,100,1104
28167,100,1098
28168,98,1566
28169,96,1094
28170,98,1094
28171,102,1098
28172,98,1094
28173,100,1094
28174,100,1104
28175,102,1098
28176,100,1096
28177,100,1094
28178,98,1094
28179,98,1096
28180,100,1092
28181,98,1098
28182,98,1096
28183,100,1098
28184,100,1092
28185,98,1098
28186,98,1094
28187,100,1614
28188,98,1100
28189,92,1094
28190,102,1094
28191,98,1102
28192,100,1104
28193,98,1096
28194,100,1108
28195,98,1108
28196,100,1098
28197,100,1092
28198,98,1104
28199,98,1098
28200,98,1094
28201,100,1100
28202,102,1092
28203,98,1100
28204,96,1092
28205,102,1094
28206,98,1630
28207,98,1098
28208,100,1098
28209,98,1098
28210,100,1102
28211,100,1098
28212,100,1108
28213,100,1092
28214,98,1092
28215,98,1104
28216,100,1098
28217,98,1088
28218,98,1094
28219,96,1094
28220,98,1094
28221,100,1096
28222,98,1094
28223,106,1100
28224,100,1096
28225,98,1596
28226,96,1088
28227,98,1094
28228,100,1096
28229,98,1092
28230,100,1102
28231,100,1100
28232,98,1098
28233,100,1088
28234,98,1106
28235,100,1092
28236,100,1090
28237,98,1098
28238,100,1098
28239,98,1050
28240,98,1096
28241,98,1096
28242,98,1092
28243,98,1092
28244,102,1644
28245,100,1100
28246,100,1098
28247,98,1092
28248,100,1096
28249,98,1104
28250,98,1098
28251,100,1104
28252,100,1094
28253,98,1096
28254,100,1092
28255,102,1102
28256,100,1098
28257,98,1098
28258,98,1098
28259,100,1098
28260,100,1092
28261,98,1090
28262,98,1098
28263,98,1634
28264,100,1102
28265,100,1092
28266,100,1096
28267,100,1094
28268,98,1098
28269,100,1094
28270,98,1104
28271,100,1102
28272,98,1090
28273,100,1104
28274,100,1092
28275,100,1096
28276,100,1098
28277,98,1098
28278,100,1098
28279,100,1096
28280,98,1098
28281,98,1102
28282,98,1636
28283,100,1098
28284,96,1104
28285,102,1096
28286,100,1086
28287,100,1102
28288,100,1098
28289,98,1094
28290,98,1092
28291,104,1096
28292,96,1100
28293,100,1086
28294,98,1090
28295,100,1094
28296,100,1098
28297,98,1096
28298,98,1092
28299,100,1104
28300,100,1098
28301,98,1578
28302,98,1102
28303,98,1096
28304,98,1098
28305,98,1094
28306,98,1098
28307,100,1098
28308,100,1092
28309,98,1098
28310,100,1090
28311,100,1096
28312,100,1098
28313,100,1098
28314,98,1092
28315,100,1088
28316,100,1106
28317,98,1102
28318,98,1086
28319,100,1104
28320,98,1566
28321,100,1092
28322,98,1100
28323,100,1100
28324,98,1098
28325,100,1096
28326,100,1092
28327,100,1094
28328,100,1104
28329,100,1090
28330,98,1092
28331,98,1098
28332,100,1088
28333,100,1090
28334,98,1110
28335,100,1096
28336,98,1096
28337,96,1092
28338,98,1098
28339,98,1560
28340,98,1104
28341,98,1096
28342,98,1092
28343,98,1098
28344,100,1100
28345,100,1098
28346,98,1096
28347,100,1092
28348,98,1086
28349,100,1100
28350,98,1092
28351,100,1098
28352,98,1098
28353,100,1092
28354,98,1104
28355,98,1096
28356,100,1096
28357,98,1094
28358,96,1566
28359,98,1100
28360,100,1096
28361,100,1092
28362,100,1098
28363,100,1098
28364,98,1092
28365,98,1092
28366,102,1100
28367,96,1100
28368,100,1100
28369,100,1092
28370,100,1096
28371,100,1098
28372,100,1098
28373,98,1098
28374,100,1102
28375,100,1094
28376,98,1088
28377,98,1640
28378,100,1104
28379,98,1092
28380,98,1088
28381,98,1096
28382,98,1104
28383,98,1098
28384,100,1092
28385,96,1098
28386,98,1104
28387,100,1096
28388,100,1094
28389,98,1098
28390,98,1098
28391,100,1096
28392,100,1092
28393,100,1098
28394,100,1094
28395,100,1100
28396,100,1100
28397,100,1110
28398,150,1108
28399,148,1154
28400,146,1148
28401,152,1098
28402,102,1102
28403,98,1430
28404,98,1098
28405,100,1098
28406,100,1092
28407,100,1096
28408,102,1092
28409,104,1092
28410,100,1086
28411,100,1094
28412,98,966
28413,98,1096
28414,100,1104
28415,98,1096
28416,98,1092
28417,100,1094
28418,98,1098
28419,98,1094
28420,100,1096
28421,100,1092
28422,100,1096
28423,98,1610
28424,98,1092
28425,100,1092
28426,100,1096
28427,100,1090
28428,98,1104
28429,98,1102
28430,98,1098
28431,98,1094
28432,98,1092
28433,100,1098
28434,98,1092
28435,100,1092
28436,98,1094
28437,98,1098
28438,100,1092
28439,100,1098
28440,102,1100
28441,98,1098
28442,98,1636
28443,100,1098
28444,100,1088
28445,98,1098
28446,100,1092
28447,100,1092
28448,98,1098
28449,98,1106
28450,102,1098
28451,98,1094
28452,98,1092
28453,100,1094
28454,100,1098
28455,98,1098
28456,98,1104
28457,98,1096
28458,98,1110
28459,100,1096
28460,98,1088
28461,102,1608
28462,98,1096
28463,98,1098
28464,98,1098
28465,100,1102
28466,100,1098
28467,100,1092
28468,104,1108
28469,98,1104
28470,102,1092
28471,98,1092
28472,100,1104
28473,98,1092
28474,100,1092
28475,98,1092
28476,100,1106
28477,98,1098
28478,98,1104
28479,98,1110
28480,100,1582
28481,100,1092
28482,100,1098
28483,96,1102
28484,100,1098
28485,98,1092
28486,100,1092
28487,98,1098
28488,98,1098
28489,100,1098
28490,100,1096
28491,98,1096
28492,98,1092
28493,100,1098
28494,102,1098
28495,100,1094
28496,100,1092
28497,100,1100
28498,100,1094
28499,100,1602
28500,98,1102
28501,98,1094
28502,100,1092
28503,100,1098
28504,100,1096
28505,100,1048
28506,96,1098
28507,100,1098
28508,98,1096
28509,98,1092
28510,100,1098
28511,98,1098
28512,98,1094
28513,98,1094
28514,100,1100
28515,100,1092
28516,100,1098
28517,100,1098
28518,98,1634
28519,98,1098
28520,98,1094
28521,100,1094
28522,100,1104
28523,100,1088
28524,98,1098
28525,98,1092
28526,98,1092
28527,100,1098
28528,98,1096
28529,100,1098
28530,100,1100
28531,100,1092
28532,98,1104
28533,100,1100
28534,100,1104
28535,100,1092
28536,100,1102
28537,96,1614
28538,98,1092
28539,100,1092
28540,102,1106
28541,100,1098
28542,98,1100
28543,98,1098
28544,98,1106
28545,100,1098
28546,98,1098
28547,100,1094
28548,100,1098
28549,98,1090
28550,98,1094
28551,98,972
28552,98,1100
28553,100,1098
28554,100,1092
28555,100,1102
28556,100,1092
28557,98,1422
28558,98,1108
28559,100,1096
28560,100,1090
28561,98,1092
28562,98,1092
28563,100,1092
28564,96,1088
28565,100,1098
28566,100,1104
28567,100,1092
28568,100,1096
28569,100,1098
28570,98,1086
28571,102,1088
28572,96,1106
28573,100,1096
28574,100,1092
28575,100,1092
28576,100,1598
28577,100,1098
28578,100,1098
28579,102,1102
28580,100,1096
28581,100,1094
28582,100,1094
28583,100,1102
28584,98,1104
28585,100,1090
28586,100,1096
28587,100,1100
28588,98,1092
28589,104,1098
28590,100,1104
28591,100,1094
28592,100,1098
28593,98,1098
28594,100,1104
28595,98,1584
28596,96,1104
28597,100,1098
28598,100,1096
28599,102,1088
28600,100,1096
28601,98,1094
28602,100,1108
28603,98,1092
28604,100,1096
28605,100,1098
28606,98,1104
28607,98,1092
28608,98,1096
28609,98,1096
28610,100,1100
28611,100,1092
28612,96,1096
28613,98,1098
28614,98,1632
28615,98,1092
28616,100,1092
28617,98,1090
28618,98,1102
28619,98,1104
28620,100,1098
28621,98,1092
28622,98,1092
28623,98,1098
28624,98,1098
28625,98,1094
28626,98,1092
28627,98,1094
28628,98,1096
28629,98,1104
28630,100,1096
28631,98,1092
28632,100,1104
28633,102,1252
28634,100,1096
28635,98,1102
28636,98,1092
28637,98,1096
28638,100,1088
28639,98,1106
28640,100,1096
28641,100,1098
28642,98,1102
28643,106,1092
28644,98,1098
28645,94,1098
28646,98,1096
28647,102,1092
28648,102,1100
28649,98,1100
28650,98,1096
28651,100,1098
28652,96,1582
28653,98,1092
28654,98,1092
28655,98,1104
28656,100,1094
28657,102,1098
28658,100,1098
28659,102,1096
28660,102,1092
28661,98,1098
28662,100,1096
28663,100,1094
28664,100,1102
28665,98,1092
28666,100,1098
28667,98,1106
28668,98,1098
28669,102,1102
28670,98,1094
28671,102,1560
28672,102,1106
28673,100,1096
28674,100,1098
28675,104,1102
28676,98,1094
28677,100,1094
28678,102,1098
28679,96,1092
28680,98,1096
28681,102,1092
28682,98,1092
28683,102,1098
28684,100,1098
28685,98,1100
28686,98,1094
28687,100,1114
28688,98,1112
28689,98,1090
28690,100,1000
28691,100,1614
28692,100,1092
28693,100,1104
28694,100,1100
28695,102,1098
28696,98,1094
28697,98,1092
28698,100,1104
28699,100,1090
28700,104,1092
28701,98,1104
28702,100,1092
28703,100,1092
28704,98,1096
28705,100,1094
28706,100,1096
28707,98,1108
28708,102,1104
28709,102,1104
28710,100,1592
28711,104,1088
28712,96,1102
28713,98,1104
28714,98,1096
28715,98,1088
28716,98,1104
28717,102,1090
28718,100,1094
28719,102,1100
28720,98,1098
28721,98,1106
28722,100,1104
28723,100,1098
28724,100,1096
28725,98,1090
28726,100,1100
28727,100,1092
28728,98,1094
28729,100,1566
28730,100,1104
28731,100,1102
28732,102,1104
28733,98,1098
28734,98,1094
28735,98,1098
28736,96,976
28737,98,1098
28738,102,1092
28739,98,1098
28740,96,1092
28741,102,1104
28742,100,1092
28743,98,1092
28744,102,1096
28745,96,1096
28746,98,1100
28747,96,1098
28748,98,1092
28749,100,1426
28750,98,1094
28751,100,1098
28752,100,1104
28753,102,1092
28754,98,1092
28755,100,1102
28756,98,1092
28757,100,1098
28758,100,1098
28759,100,1102
28760,96,1088
28761,100,1092
28762,102,1100
28763,98,1088
28764,100,1102
28765,100,1092
28766,98,1100
28767,100,1096
28768,100,1626
28769,100,1100
28770,100,1092
28771,98,1088
28772,98,1098
28773,98,1102
28774,102,1094
28775,100,1096
28776,98,1104
28777,100,1094
28778,98,1088
28779,98,1092
28780,98,1096
28781,100,1104
28782,98,1098
28783,98,1096
28784,98,1092
28785,96,1092
28786,102,1092
28787,98,1568
28788,98,1092
28789,98,1092
28790,100,1092
28791,102,1098
28792,102,1098
28793,98,1098
28794,96,1098
28795,100,1092
28796,98,1096
28797,104,1094
28798,98,1098
28799,98,1086
28800,98,1092
28801,102,1096
28802,100,1104
28803,102,1098
28804,102,1108
28805,100,1106
28806,98,1602
28807,98,1096
28808,98,1096
28809,100,1096
28810,100,1098
28811,98,1096
28812,98,1104
28813,100,1104
28814,106,1098
28815,98,1104
28816,100,1094
28817,100,1098
28818,98,1092
28819,100,1098
28820,98,1096
28821,98,1092
28822,98,1090
28823,102,1104
28824,100,1626
28825,98,1094
28826,106,1092
28827,100,1102
28828,100,1096
28829,100,1096
28830,98,1094
28831,100,1092
28832,100,1096
28833,96,1104
28834,100,1098
28835,102,1092
28836,102,1096
28837,98,1096
28838,98,1096
28839,100,1094
28840,100,1098
28841,98,1096
28842,96,1100
28843,98,1590
28844,100,1098
28845,100,1098
28846,100,1098
28847,98,1090
28848,100,1094
28849,100,1098
28850,100,1096
28851,100,1098
28852,100,1094
28853,98,1098
28854,100,1104
28855,100,1096
28856,98,1098
28857,100,1092
28858,98,1098
28859,100,1098
28860,98,1086
28861,98,1092
28862,100,1632
28863,98,1098
28864,102,1102
28865,100,1092
28866,100,1096
28867,100,1092
28868,98,1092
28869,102,1098
28870,98,1092
28871,98,1092
28872,100,1092
28873,100,1114
28874,98,1092
28875,98,1062
28876,100,1098
28877,100,1104
28878,100,1098
28879,100,1098
28880,98,1104
28881,98,1620
28882,98,1088
28883,100,1098
28884,98,1104
28885,94,1092
28886,98,1092
28887,100,1088
28888,98,1104
28889,98,1092
28890,100,1092
28891,100,1102
28892,100,1096
28893,98,1100
28894,100,1098
28895,100,1094
28896,96,1088
28897,100,1092
28898,100,1092
28899,98,1108
28900,98,1566
28901,98,1104
28902,98,1088
28903,98,1090
28904,100,1092
28905,100,1092
28906,100,1096
28907,100,1092
28908,100,1100
28909,98,1102
28910,98,1100
28911,100,1102
28912,98,1092
28913,98,1092
28914,102,1102
28915,102,1094
28916,100,1110
28917,100,1100
28918,98,1096
28919,104,1626
28920,100,1098
28921,98,1004
28922,98,1088
28923,98,1092
28924,98,1090
28925,98,1096
28926,98,1098
28927,96,1096
28928,100,1094
28929,98,1094
28930,100,1092
28931,94,1092
28932,100,1088
28933,98,1100
28934,98,1098
28935,100,1088
28936,100,1092
28937,96,1104
28938,98,1100
28939,100,1544
28940,100,1110
28941,98,1098
28942,100,1092
28943,100,1102
28944,100,1102
28945,100,1106
28946,98,1092
28947,102,1094
28948,96,1096
28949,98,1098
28950,100,1092
28951,98,1096
28952,98,1096
28953,100,1098
28954,104,1088
28955,98,1102
28956,98,1094
28957,100,1096
28958,98,1558
28959,100,1098
28960,98,1104
28961,98,1094
28962,98,1098
28963,98,1102
28964,100,1088
28965,104,1100
28966,98,1108
28967,100,1094
28968,98,1100
28969,98,1102
28970,96,1088
28971,98,1094
28972,100,1104
28973,100,1100
28974,98,1092
28975,102,1088
28976,96,1104
28977,98,1634
28978,98,1092
28979,100,1088
28980,104,1098
28981,98,1104
28982,100,1088
28983,100,1096
28984,98,1094
28985,98,1092
28986,98,1096
28987,98,1096
28988,98,1096
28989,98,1092
28990,100,1098
28991,100,1098
28992,100,1094
28993,102,1104
28994,100,1106
28995,98,1098
28996,98,1554
28997,98,1106
28998,100,1092
28999,98,1098
29000,100,1094
29001,96,1098
29002,98,1100
29003,98,1092
29004,98,1092
29005,102,1100
29006,98,1096
29007,100,1092
29008,100,1096
29009,98,1102
29010,96,1090
29011,100,1098
29012,102,1096
29013,100,1098
29014,100,968
29015,98,1090
29016,100,2272
29017,100,1092
29018,98,1102
29019,98,1100
29020,98,1094
29021,98,1094
29022,100,1096
29023,100,1098
29024,100,1092
29025,98,1094
29026,98,1092
29027,98,1096
29028,96,1092
29029,100,1098
29030,98,1092
29031,100,1098
29032,98,1632
29033,100,1092
29034,98,1094
29035,98,1098
29036,98,1092
29037,102,1094
29038,100,1092
29039,98,1094
29040,98,1090
29041,100,1100
29042,98,1092
29043,98,1090
29044,100,1092
29045,102,1098
29046,98,1086
29047,98,1092
29048,98,1106
29049,100,1094
29050,98,1100
29051,100,1596
29052,100,1098
29053,100,1098
29054,100,1098
29055,100,1104
29056,100,1092
29057,102,1096
29058,98,1092
29059,96,1104
29060,100,1080
29061,100,1092
29062,98,980
29063,98,1050
29064,100,1098
29065,100,1096
29066,98,1098
29067,98,1096
29068,98,1098
29069,100,1094
29070,100,1098
29071,98,1604
29072,100,1104
29073,98,1098
29074,100,1098
29075,98,1092
29076,98,1098
29077,100,1106
29078,100,1106
29079,98,1096
29080,100,1092
29081,100,1098
29082,98,1088
29083,100,1098
29084,100,1092
29085,98,1096
29086,98,1098
29087,98,1092
29088,98,1100
29089,100,1104
29090,102,1594
29091,102,1096
29092,100,1102
29093,100,1094
29094,106,1094
29095,100,1102
29096,98,1094
29097,98,1096
29098,100,1094
29099,100,1090
29100,102,1102
29101,98,1098
29102,98,1108
29103,100,1098
29104,98,1096
29105,100,1100
29106,98,1096
29107,100,1458
29108,100,972
29109,98,920
29110,102,840
29111,102,920
29112,98,902
29113,102,968
29114,100,974
29115,98,978
29116,100,1506
29117,98,972
29118,100,968
29119,98,972
29120,98,976
29121,100,966
29122,100,974
29123,98,972
29124,94,972
29125,98,1492
29126,100,974
29127,100,976
29128,100,966
29129,98,976
29130,100,966
29131,106,970
29132,100,968
29133,98,972
29134,98,1482
29135,100,978
29136,102,988
29137,98,972
29138,100,972
29139,96,974
29140,100,984
29141,100,966
29142,100,962
29143,100,1438
29144,100,968
29145,98,978
29146,98,970
29147,98,974
29148,100,966
29149,98,976
29150,98,980
29151,102,972
29152,100,1484
29153,98,930
29154,98,930
29155,98,968
29156,100,968
29157,98,978
29158,98,976
29159,100,976
29160,98,974
29161,98,1500
29162,98,968
29163,98,970
29164,96,976
29165,96,966
29166,100,966
29167,100,980
29168,98,976
29169,98,970
29170,100,1506
29171,100,974
29172,100,972
29173,100,972
29174,98,972
29175,100,978
29176,100,968
29177,100,970
29178,98,970
29179,98,1428
29180,98,968
29181,96,966
29182,94,968
29183,100,974
29184,98,970
29185,98,968
29186,98,972
29187,98,974
29188,98,1496
29189,100,966
29190,98,978
29191,98,972
29192,100,966
29193,100,970
29194,98,972
29195,100,970
29196,100,972
29197,98,1482
29198,98,970
29199,100,986
29200,104,830
29201,98,980
29202,98,982
29203,100,978
29204,100,984
29205,98,998
29206,98,986
29207,98,1176
29208,100,980
29209,100,984
29210,98,984
29211,100,986
29212,100,984
29213,98,978
29214,100,988
29215,98,990
29216,96,1000
29217,98,996
29218,102,994
29219,100,1006
29220,98,996
29221,100,996
29222,98,996
29223,98,1006
29224,100,1008
29225,102,1000
29226,96,1020
29227,100,1028
29228,100,1026
29229,100,1024
29230,102,1020
29231,102,1020
29232,102,1016
29233,98,1026
29234,100,1018
29235,98,1018
29236,98,1020
29237,98,1030
29238,98,1050
29239,102,1048
29240,100,1044
29241,98,1044
29242,98,1050
29243,98,1044
29244,100,1054
29245,100,1040
29246,100,1056
29247,104,972
29248,98,1054
29249,94,1054
29250,98,1092
29251,100,1094
29252,98,1092
29253,100,1094
29254,96,1100
29255,102,1100
29256,100,1086
29257,104,1098
29258,104,1092
29259,98,1098
29260,100,1098
29261,98,1092
29262,98,1108
29263,100,1096
29264,98,1102
29265,100,1100
29266,100,1626
29267,98,1092
29268,98,1102
29269,100,1096
29270,98,1092
29271,98,1100
29272,98,1100
29273,98,1104
29274,98,1098
29275,100,1092
29276,98,1102
29277,100,1098
29278,102,1098
29279,100,1104
29280,98,1098
29281,98,1092
29282,100,1088
29283,98,1100
29284,100,1096
29285,96,1554
29286,98,1098
29287,100,1092
29288,98,1096
29289,100,1092
29290,100,1096
29291,102,1106
29292,100,1096
29293,100,966
29294,98,1096
29295,98,1096
29296,98,1098
29297,100,1098
29298,98,1104
29299,100,1092
29300,98,1096
29301,98,1100
29302,98,1098
29303,98,1096
29304,100,1094
29305,98,1526
29306,100,1098
29307,98,1102
29308,98,1104
29309,98,1092
29310,98,1098
29311,98,1098
29312,100,1092
29313,100,1094
29314,98,1092
29315,100,1104
29316,98,1092
29317,100,1090
29318,98,1094
29319,100,1098
29320,100,1096
29321,100,1092
29322,100,1102
29323,102,1100
29324,96,1616
29325,98,1094
29326,100,1094
29327,98,1092
29328,98,1092
29329,98,1094
29330,100,1112
29331,98,1098
29332,100,1092
29333,104,1094
29334,100,1092
29335,104,1092
29336,98,1092
29337,98,1098
29338,100,1092
29339,100,1092
29340,100,1098
29341,98,1104
29342,98,1086
29343,96,1098
29344,100,1618
29345,98,1092
29346,100,1094
29347,98,1094
29348,98,1088
29349,98,1098
29350,100,1092
29351,98,1098
29352,96,1092
29353,100,1090
29354,98,1102
29355,100,1098
29356,100,1088
29357,98,1092
29358,100,1102
29359,100,1098
29360,102,1094
29361,96,1108
29362,98,1102
29363,100,1626
29364,98,1092
29365,100,1100
29366,98,1104
29367,100,1088
29368,100,1100
29369,98,1102
29370,100,1096
29371,98,1094
29372,104,1092
29373,98,1100
29374,98,1092
29375,106,1098
29376,100,1096
29377,100,1088
29378,98,1094
29379,100,1098
29380,96,1094
29381,98,1096
29382,104,1576
29383,98,1098
29384,100,1094
29385,98,1092
29386,98,1044
29387,98,1104
29388,100,1098
29389,104,1094
29390,98,1102
29391,98,1096
29392,98,1092
29393,100,1102
29394,100,1100
29395,100,1102
29396,98,1092
29397,100,1096
29398,98,1098
29399,100,1094
29400,98,1092
29401,106,1100
29402,98,1598
29403,102,1092
29404,100,1098
29405,100,1100
29406,100,1096
29407,104,1098
29408,102,1094
29409,100,1098
29410,98,1104
29411,96,1092
29412,100,1096
29413,102,1092
29414,98,1092
29415,100,1102
29416,98,1098
29417,102,1098
29418,98,1102
29419,100,1100
29420,98,1104
29421,98,1596
29422,98,1104
29423,100,1100
29424,100,1086
29425,98,1100
29426,100,1098
29427,102,1094
29428,98,1100
29429,98,1100
29430,100,1098
29431,100,1098
29432,102,948
29433,100,1096
29434,98,1096
29435,102,1098
29436,98,1092
29437,102,1090
29438,98,1094
29439,100,1096
29440,100,1098
29441,98,1608
29442,100,1096
29443,98,1102
29444,100,1104
29445,96,1098
29446,100,1092
29447,100,1100
29448,98,1094
29449,100,1090
29450,100,1102
29451,100,1104
29452,100,1094
29453,100,1090
29454,98,1092
29455,98,1098
29456,96,1102
29457,100,1096
29458,100,1098
29459,100,1098
29460,98,1620
29461,104,1090
29462,98,1094
29463,96,1094
29464,98,1104
29465,100,1098
29466,98,1094
29467,100,1094
29468,100,1094
29469,100,1100
29470,100,1100
29471,98,1096
29472,96,1088
29473,98,1094
29474,100,1092
29475,96,1104
29476,100,1092
29477,98,1092
29478,96,1098
29479,98,1608
29480,100,1096
29481,98,1104
29482,100,1094
29483,100,1098
29484,100,1096
29485,100,1088
29486,98,1092
29487,100,1098
29488,98,1088
29489,96,1092
29490,100,1092
29491,98,1100
29492,100,1092
29493,100,1104
29494,96,1092
29495,98,1108
29496,100,1092
29497,98,1102
29498,100,1610
29499,100,1096
29500,102,1100
29501,98,1104
29502,100,1096
29503,98,1096
29504,100,1098
29505,98,1100
29506,100,1098
29507,100,1092
29508,98,1106
29509,98,1092
29510,98,1102
29511,104,1098
29512,98,1090
29513,98,1100
29514,98,1088
29515,100,1098
29516,96,1108
29517,98,1602
29518,100,1106
29519,98,1098
29520,98,1094
29521,98,1096
29522,98,1100
29523,100,1098
29524,100,1086
29525,100,1092
29526,102,1106
29527,98,1098
29528,102,1088
29529,98,1094
29530,100,1102
29531,98,1092
29532,98,1092
29533,100,1102
29534,98,1094
29535,104,1092
29536,98,1644
29537,102,1110
29538,100,1102
29539,98,1092
29540,98,1092
29541,100,1090
29542,100,1094
29543,98,1110
29544,100,1092
29545,98,1092
29546,100,1092
29547,98,1102
29548,98,1112
29549,100,1096
29550,98,1092
29551,100,1098
29552,98,1098
29553,92,1094
29554,100,1102
29555,96,1638
29556,100,1096
29557,98,1096
29558,102,1096
29559,100,1104
29560,98,1096
29561,98,1102
29562,98,1098
29563,100,1102
29564,96,1090
29565,98,1098
29566,98,1104
29567,96,1096
29568,96,1094
29569,100,1096
29570,100,1094
29571,100,960
29572,98,1098
29573,100,1104
29574,98,1094
29575,98,1428
29576,100,1092
29577,98,1098
29578,98,1098
29579,98,1100
29580,98,1098
29581,100,1098
29582,100,1090
29583,100,1104
29584,96,1096
29585,100,1088
29586,98,1098
29587,100,1104
29588,100,1100
29589,102,1100
29590,96,1094
29591,100,1098
29592,98,1102
29593,100,1092
29594,98,1604
29595,98,1098
29596,98,1092
29597,100,1102
29598,98,1100
29599,98,1096
29600,100,1092
29601,98,1096
29602,98,1102
29603,98,1096
29604,100,1092
29605,96,1100
29606,98,1098
29607,100,1098
29608,98,1098
29609,102,1098
29610,96,1096
29611,102,1094
29612,98,1098
29613,100,1100
29614,100,1420
29615,102,1100
29616,100,1100
29617,98,1076
29618,100,1104
29619,100,1100
29620,100,1104
29621,100,1098
29622,98,1100
29623,98,1108
29624,98,1086
29625,100,1098
29626,98,1094
29627,98,1104
29628,100,1100
29629,102,1098
29630,98,1092
29631,98,1102
29632,102,1098
29633,98,1578
29634,96,1092
29635,98,1090
29636,98,1092
29637,98,1098
29638,100,1104
29639,102,1102
29640,98,1106
29641,98,1102
29642,100,1092
29643,102,1094
29644,98,1098
29645,100,1092
29646,98,1092
29647,98,1098
29648,98,1092
29649,94,1096
29650,98,1098
29651,100,1104
29652,100,1620
29653,98,1094
29654,98,1098
29655,100,1098
29656,96,1094
29657,98,1102
29658,100,1092
29659,98,1108
29660,102,1094
29661,104,1098
29662,102,1094
29663,98,984
29664,94,1090
29665,98,1640
29666,100,1098
29667,100,1096
29668,100,1102
29669,100,1098
29670,100,1100
29671,96,1100
29672,98,1102
29673,100,1092
29674,102,1102
29675,98,1092
29676,96,1094
29677,98,1092
29678,98,1096
29679,98,1092
29680,102,1094
29681,100,1098
29682,98,1102
29683,102,1094
29684,98,1632
29685,102,1094
29686,102,1096
29687,98,1094
29688,100,1098
29689,98,1098
29690,98,1096
29691,100,1096
29692,92,1092
29693,98,1100
29694,102,1096
29695,98,1098
29696,100,1100
29697,106,1094
29698,100,1098
29699,100,1100
29700,96,1104
29701,98,1092
29702,98,1094
29703,100,1566
29704,98,1098
29705,98,1098
29706,100,1096
29707,98,1092
29708,100,1106
29709,102,1098
29710,102,1094
29711,100,1104
29712,100,1104
29713,100,1096
29714,98,1094
29715,100,1104
29716,106,1098
29717,98,1102
29718,98,1092
29719,100,1094
29720,96,1100
29721,102,1094
29722,98,1606
29723,98,1094
29724,100,1098
29725,98,1100
29726,98,1088
29727,100,1098
29728,100,1088
29729,98,1098
29730,98,1100
29731,100,1094
29732,100,1104
29733,100,1092
29734,102,1098
29735,100,1096
29736,98,1096
29737,98,1096
29738,102,1094
29739,98,1092
29740,98,1086
29741,98,1634
29742,98,1096
29743,92,1096
29744,100,1098
29745,98,1096
29746,102,1096
29747,102,1096
29748,98,1100
29749,100,1094
29750,100,1096
29751,98,1104
29752,98,1098
29753,98,1092
29754,100,1098
29755,102,1104
29756,100,1098
29757,102,1096
29758,98,1100
29759,100,1102
29760,100,1564
29761,100,1096
29762,96,1102
29763,98,1096
29764,100,1092
29765,100,1104
29766,100,1102
29767,100,1100
29768,98,1100
29769,98,1102
29770,98,1092
29771,98,1092
29772,100,1094
29773,100,1102
29774,98,1092
29775,98,1104
29776,104,1094
29777,98,1106
29778,98,1092
29779,102,1626
29780,100,1092
29781,98,1094
29782,100,1092
29783,100,1108
29784,100,1092
29785,98,1092
29786,98,1092
29787,102,1098
29788,98,1104
29789,98,1092
29790,100,1094
29791,102,1104
29792,100,1096
29793,100,1104
29794,102,1092
29795,98,1100
29796,100,1096
29797,100,1090
29798,100,1638
29799,100,1102
29800,102,1098
29801,98,1096
29802,100,1044
29803,102,1092
29804,100,1098
29805,102,1092
29806,100,1094
29807,98,1092
29808,98,1094
29809,98,1092
29810,98,1092
29811,100,1092
29812,98,1092
29813,100,1100
29814,98,1092
29815,102,1092
29816,100,1096
29817,102,1620
29818,104,1092
29819,104,1096
29820,100,1100
29821,98,1098
29822,100,1100
29823,98,1104
29824,102,1092
29825,100,1100
29826,98,1092
29827,102,1096
29828,100,1094
29829,98,1092
29830,104,1098
29831,98,1098
29832,98,1188
29833,98,1098
29834,102,1106
29835,100,1098
29836,98,1092
29837,100,1096
29838,98,1100
29839,100,1092
29840,96,1100
29841,104,1092
29842,98,1104
29843,98,1096
29844,98,1096
29845,100,1092
29846,104,1098
29847,98,1100
29848,98,1092
29849,98,1104
29850,98,1092
29851,100,1638
29852,100,1096
29853,100,1106
29854,100,1094
29855,100,1096
29856,100,1094
29857,94,1108
29858,98,1090
29859,100,1100
29860,98,1094
29861,98,1104
29862,98,1096
29863,100,1094
29864,102,1092
29865,98,1094
29866,106,1108
29867,102,1094
29868,98,1096
29869,98,1102
29870,102,1624
29871,96,1092
29872,100,1104
29873,100,1094
29874,100,1098
29875,102,1092
29876,102,1090
29877,98,1096
29878,100,1100
29879,100,1098
29880,100,1092
29881,98,1092
29882,98,1098
29883,100,1096
29884,104,1092
29885,98,1100
29886,98,1098
29887,100,1088
29888,98,1092
29889,98,1582
29890,100,1092
29891,100,1098
29892,98,1092
29893,102,1088
29894,106,1096
29895,98,1094
29896,100,1096
29897,100,1092
29898,98,1098
29899,98,1096
29900,100,1098
29901,98,1096
29902,98,1094
29903,100,1092
29904,100,1096
29905,98,1096
29906,106,1104
29907,100,1098
29908,100,1594
29909,98,1092
29910,100,1092
29911,98,1092
29912,102,1090
29913,98,1098
29914,98,1098
29915,98,1094
29916,98,1100
29917,98,1104
29918,102,1104
29919,100,1090
29920,100,1094
29921,100,1092
29922,98,1086
29923,100,1100
29924,96,1094
29925,100,1560
29926,98,1092
29927,100,1092
29928,104,1096
29929,94,1098
29930,102,1096
29931,100,1100
29932,100,1094
29933,96,1090
29934,100,1094
29935,98,1092
29936,98,1098
29937,100,1092
29938,98,1092
29939,98,1092
29940,104,1088
29941,102,1090
29942,98,1094
29943,98,1096
29944,100,1104
29945,98,1428
29946,100,1098
29947,100,1098
29948,100,1100
29949,98,1104
29950,100,1094
29951,102,1092
29952,98,1100
29953,102,1092
29954,98,1098
29955,98,1094
29956,98,1108
29957,98,1094
29958,98,1088
29959,100,1098
29960,100,1094
29961,100,1088
29962,98,1092
29963,102,1098
29964,100,1092
29965,102,1404
29966,98,1094
29967,98,1106
29968,98,1094
29969,98,1090
29970,104,1094
29971,98,1092
29972,102,1092
29973,100,1086
29974,100,1094
29975,102,1086
29976,100,1094
29977,102,1102
29978,98,1098
29979,100,1104
29980,100,1094
29981,98,1100
29982,100,1098
29983,100,1096
29984,100,1566
29985,100,1098
29986,100,1106
29987,98,1092
29988,100,1100
29989,102,1092
29990,102,1096
29991,98,1100
29992,96,1098
29993,98,1102
29994,98,1088
29995,100,1094
29996,102,1094
29997,100,1098
29998,96,1092
29999,100,1098
30000,100,1094
30001,102,1100
30002,106,1106
30003,100,1568
30004,100,1096
30005,100,1086
30006,100,1100
30007,100,1094
30008,100,1102
30009,98,1094
30010,100,1098
30011,100,1092
30012,102,1098
30013,100,1096
30014,102,1096
30015,98,1104
30016,98,1096
30017,100,1100
30018,98,1098
30019,100,1098
30020,100,1100
30021,100,1088
30022,98,1092
30023,100,1530
30024,98,1094
30025,98,1092
30026,100,1098
30027,100,1100
30028,100,1094
30029,98,1108
30030,98,1092
30031,102,1098
30032,102,1096
30033,98,1094
30034,98,1092
30035,102,1096
30036,100,1098
30037,102,1086
30038,102,1098
30039,100,1100
30040,100,1092
30041,98,1094
30042,98,1640
30043,96,1098
30044,100,1092
30045,100,1096
30046,100,1092
30047,98,1092
30048,98,1102
30049,100,1092
30050,102,1094
30051,98,1098
30052,96,1092
30053,98,1100
30054,94,1092
30055,98,1092
30056,102,1044
30057,100,1094
30058,100,1098
30059,98,1100
30060,98,1092
30061,98,1092
30062,102,1538
30063,100,1098
30064,98,1098
30065,98,1104
30066,98,1090
30067,100,1098
30068,102,1090
30069,100,1092
30070,100,1094
30071,102,1102
30072,98,1092
30073,102,1092
30074,100,1098
30075,98,1092
30076,98,1092
30077,100,1092
30078,102,1098
30079,98,1088
30080,98,1092
30081,98,1638
30082,100,1098
30083,98,1092
30084,100,1106
30085,98,1092
30086,100,1092
30087,100,1104
30088,98,1098
30089,100,1098
30090,96,1106
30091,98,1104
30092,102,1096
30093,98,1104
30094,100,1094
30095,102,1096
30096,98,1098
30097,98,1098
30098,102,1098
30099,100,1094
30100,100,1626
30101,100,1094
30102,100,1096
30103,98,1102
30104,102,1098
30105,98,1104
30106,98,1106
30107,102,1088
30108,100,1094
30109,100,1104
30110,102,1098
30111,96,1094
30112,100,1092
30113,98,1098
30114,98,1100
30115,102,1096
30116,100,1092
30117,104,1090
30118,100,1094
30119,102,1580
30120,96,1096
30121,102,1100
30122,102,1092
30123,98,1092
30124,98,1098
30125,102,1104
30126,100,1092
30127,100,1098
30128,102,1094
30129,100,1092
30130,100,1092
30131,98,1094
30132,100,1098
30133,102,1104
30134,98,1100
30135,100,1102
30136,100,1094
30137,98,1094
30138,100,1564
30139,98,1098
30140,98,1092
30141,98,1098
30142,100,1094
30143,102,1092
30144,98,1092
30145,98,1104
30146,100,1098
30147,100,1104
30148,98,1096
30149,98,1104
30150,102,1094
30151,96,1104
30152,100,1100
30153,104,1098
30154,98,1100
30155,100,1098
30156,98,1100
30157,102,1604
30158,102,1098
30159,98,1094
30160,96,1102
30161,98,1096
30162,98,1092
30163,98,1096
30164,102,1110
30165,98,1102
30166,98,1092
30167,102,1104
30168,98,1092
30169,100,1088
30170,100,1092
30171,98,1104
30172,100,1088
30173,100,1104
30174,102,1110
30175,94,1100
30176,102,1610
30177,98,1094
30178,98,1096
30179,104,1092
30180,98,1098
30181,98,1104
30182,98,1098
30183,100,1100
30184,98,1094
30185,98,1098
30186,102,1092
30187,98,1092
30188,98,1102
30189,98,1094
30190,100,1098
30191,100,1110
30192,98,1098
30193,100,1092
30194,98,1098
30195,98,1592
30196,98,1096
30197,98,1094
30198,100,1092
30199,100,1102
30200,102,1092
30201,100,1098
30202,98,1094
30203,96,1092
30204,98,1098
30205,102,1102
30206,104,1098
30207,98,1098
30208,98,1092
30209,100,1092
30210,98,1098
30211,100,1096
30212,102,1092
30213,100,1098
30214,100,1600
30215,98,1088
30216,100,1092
30217,102,1092
30218,102,1098
30219,98,1102
30220,98,1106
30221,100,1094
30222,100,1092
30223,100,1100
30224,100,1098
30225,98,1090
30226,100,1090
30227,100,1108
30228,100,1102
30229,96,1100
30230,102,1094
30231,98,1100
30232,102,1100
30233,100,1572
30234,100,1098
30235,98,1094
30236,98,1092
30237,98,1092
30238,98,1098
30239,100,1092
30240,98,1092
30241,102,1098
30242,98,1108
30243,100,1098
30244,98,1096
30245,100,1094
30246,100,1094
30247,100,1086
30248,98,1096
30249,98,1104
30250,100,1094
30251,98,1092
30252,98,1094
30253,102,1420
30254,102,1092
30255,96,1094
30256,100,1100
30257,100,1092
30258,96,1098
30259,98,1088
30260,100,1100
30261,98,1092
30262,100,1088
30263,102,1098
30264,100,1092
30265,98,1098
30266,98,1092
30267,100,1100
30268,94,1096
30269,98,1090
30270,98,1098
30271,100,1092
30272,102,1092
30273,100,1536
30274,98,1098
30275,100,1102
30276,100,1098
30277,102,1092
30278,98,1096
30279,100,1090
30280,98,1104
30281,98,1094
30282,98,1092
30283,100,1098
30284,102,1088
30285,100,1096
30286,98,1096
30287,102,1086
30288,102,1098
30289,100,1100
30290,102,1094
30291,100,1106
30292,98,1566
30293,100,1108
30294,100,1090
30295,98,1092
30296,100,1094
30297,100,1104
30298,98,1092
30299,100,1098
30300,98,1094
30301,100,1092
30302,98,1102
30303,98,1100
30304,100,1096
30305,98,1098
30306,100,1098
30307,98,1094
30308,100,1098
30309,98,1102
30310,100,1108
30311,102,1040
30312,100,1380
30313,98,1096
30314,102,1098
30315,98,1104
30316,100,1098
30317,96,1108
30318,100,1092
30319,98,1092
30320,102,1090
30321,100,1094
30322,102,1104
30323,104,1098
30324,100,1094
30325,100,1098
30326,102,1096
30327,100,1098
30328,100,1100
30329,100,1094
30330,98,1096
30331,98,1636
30332,102,1096
30333,100,1102
30334,100,1094
30335,100,1092
30336,98,1096
30337,98,1092
30338,96,1098
30339,102,1098
30340,98,1094
30341,100,1098
30342,100,1098
30343,96,1092
30344,98,1094
30345,98,1108
30346,98,1096
30347,102,1100
30348,98,1092
30349,98,1098
30350,98,1584
30351,100,1096
30352,102,1092
30353,100,1096
30354,100,1092
30355,100,1098
30356,102,1098
30357,98,1096
30358,100,1098
30359,102,1098
30360,100,1096
30361,102,1096
30362,98,1106
30363,102,1096
30364,100,1096
30365,100,1098
30366,102,1092
30367,100,1094
30368,102,1092
30369,98,1620
30370,100,1098
30371,98,1098
30372,102,1098
30373,100,1104
30374,98,1100
30375,100,1098
30376,100,1096
30377,98,1092
30378,100,1096
30379,100,1092
30380,102,1088
30381,100,1094
30382,98,1098
30383,94,1098
30384,100,1096
30385,98,1094
30386,102,1092
30387,98,1094
30388,98,1596
30389,98,1098
30390,100,1104
30391,100,1092
30392,102,1096
30393,102,1098
30394,98,1092
30395,102,1096
30396,98,1098
30397,102,1096
30398,98,1092
30399,98,1100
30400,100,1098
30401,98,1104
30402,100,1096
30403,98,1096
30404,98,1104
30405,104,1104
30406,100,1106
30407,102,1620
30408,98,1092
30409,98,1100
30410,100,1100
30411,98,1092
30412,100,1094
30413,100,1090
30414,98,1102
30415,98,1104
30416,98,1092
30417,100,1092
30418,100,1092
30419,102,1098
30420,98,1102
30421,100,1104
30422,100,1098
30423,98,1098
30424,100,1102
30425,100,1098
30426,102,1560
30427,98,1098
30428,100,1098
30429,100,1090
30430,100,1102
30431,98,1092
30432,98,1098
30433,100,1100
30434,102,1096
30435,98,1100
30436,98,1108
30437,100,1090
30438,100,1100
30439,100,1092
30440,102,1094
30441,98,1090
30442,98,1098
30443,102,1094
30444,98,1094
30445,100,1612
30446,102,1098
30447,106,1092
30448,100,1092
30449,100,1106
30450,100,988
30451,100,1100
30452,102,1102
30453,98,1100
30454,100,1096
30455,100,1088
30456,98,1098
30457,102,1096
30458,102,1098
30459,98,1096
30460,98,1102
30461,100,1098
30462,102,1092
30463,100,1104
30464,100,1632
30465,98,1092
30466,100,1098
30467,104,1098
30468,98,1098
30469,98,1096
30470,102,1098
30471,100,1096
30472,98,1104
30473,100,1096
30474,100,1098
30475,98,1098
30476,102,1086
30477,100,1108
30478,98,1098
30479,100,1092
30480,98,1096
30481,98,1096
30482,100,1100
30483,98,1102
30484,98,1538
30485,100,1104
30486,98,1098
30487,96,1086
30488,102,1092
30489,100,1092
30490,100,1092
30491,98,1092
30492,100,1102
30493,100,1098
30494,102,1094
30495,98,1092
30496,100,1102
30497,98,1106
30498,100,1088
30499,100,1094
30500,102,1094
30501,98,1092
30502,98,1098
30503,100,1602
30504,100,1092
30505,98,1100
30506,102,1094
30507,100,1106
30508,98,1092
30509,98,994
30510,100,1092
30511,100,1018
30512,94,954
30513,100,1094
30514,100,1094
30515,100,1098
30516,100,1092
30517,102,1098
30518,98,1098
30519,100,1104
30520,100,1098
30521,100,1094
30522,100,1094
30523,100,1100
30524,98,1098
30525,98,1620
30526,98,1092
30527,102,1092
30528,100,1094
30529,100,1090
30530,102,1092
30531,100,1102
30532,98,1098
30533,100,1102
30534,98,1102
30535,98,1096
30536,100,1092
30537,100,1092
30538,102,1102
30539,102,1092
30540,98,1092
30541,100,1094
30542,102,1098
30543,98,1106
30544,102,1612
30545,98,1092
30546,98,1104
30547,96,1098
30548,102,1098
30549,98,1102
30550,98,1104
30551,102,1086
30552,98,1094
30553,98,1100
30554,98,1098
30555,98,1100
30556,100,1110
30557,98,1100
30558,94,1088
30559,98,1088
30560,96,1098
30561,96,1096
30562,100,1098
30563,102,1562
30564,100,1102
30565,98,1096
30566,100,1100
30567,100,1098
30568,100,1098
30569,100,1090
30570,104,1088
30571,98,1098
30572,100,1092
30573,100,1102
30574,104,1096
30575,102,1094
30576,100,1094
30577,98,1098
30578,102,1096
30579,100,1096
30580,102,1094
30581,98,1094
30582,94,1632
30583,98,1098
30584,98,1098
30585,96,1092
30586,98,1100
30587,102,1104
30588,98,1106
30589,104,1040
30590,98,1094
30591,100,1098
30592,98,1094
30593,100,1096
30594,100,1098
30595,98,1096
30596,102,1092
30597,98,1086
30598,100,1104
30599,102,1100
30600,100,1098
30601,102,1638
30602,98,1098
30603,100,1102
30604,98,1094
30605,98,1096
30606,98,1098
30607,100,1096
30608,100,1098
30609,100,1092
30610,98,1098
30611,96,1094
30612,100,1094
30613,104,1100
30614,98,1094
30615,98,1096
30616,96,1092
30617,98,1098
30618,98,1092
30619,98,1096
30620,102,1596
30621,98,1102
30622,98,1088
30623,100,1106
30624,100,1096
30625,100,1096
30626,104,1096
30627,100,1096
30628,100,1102
30629,100,1100
30630,100,1090
30631,100,1102
30632,102,1096
30633,98,1096
30634,100,1090
30635,98,1040
30636,102,1102
30637,100,1094
30638,102,1090
30639,98,1614
30640,102,1100
30641,96,1090
30642,104,1102
30643,98,1092
30644,102,1092
30645,100,1088
30646,100,1098
30647,100,1094
30648,98,1098
30649,96,1092
30650,100,1096
30651,100,1102
30652,104,1096
30653,100,1092
30654,98,1092
30655,98,1092
30656,102,1098
30657,98,1092
30658,100,1598
30659,102,1104
30660,98,1098
30661,100,1098
30662,104,1098
30663,100,1108
30664,98,1096
30665,100,1100
30666,98,1094
30667,100,1104
30668,100,1092
30669,100,1088
30670,98,1096
30671,102,1094
30672,100,1098
30673,100,1104
30674,98,1094
30675,98,1092
30676,98,1098
30677,102,1560
30678,100,1094
30679,100,1100
30680,100,1102
30681,98,1086
30682,100,1098
30683,100,1102
30684,100,1098
30685,100,1096
30686,102,1092
30687,100,1088
30688,98,1092
30689,100,1102
30690,100,1092
30691,98,1628
30692,106,1096
30693,100,1094
30694,100,1098
30695,98,1096
30696,98,1102
30697,100,1098
30698,104,1094
30699,98,1098
30700,98,1094
30701,100,1108
30702,98,1092
30703,98,1098
30704,102,1098
30705,100,1092
30706,96,1098
30707,96,1094
30708,98,1096
30709,100,1096
30710,98,1618
30711,98,1098
30712,96,1092
30713,98,1094
30714,98,1092
30715,100,1098
30716,102,1086
30717,96,1090
30718,100,1100
30719,100,1094
30720,98,1092
30721,102,1102
30722,98,1092
30723,100,1104
30724,100,1094
30725,98,1104
30726,100,1092
30727,98,1096
30728,102,1092
30729,100,1632
30730,98,1092
30731,102,1092
30732,100,1094
30733,102,1094
30734,100,1098
30735,98,1098
30736,98,1104
30737,96,1098
30738,98,1092
30739,100,1102
30740,100,1092
30741,100,1092
30742,98,1092
30743,102,1092
30744,100,1092
30745,102,1088
30746,102,1098
30747,96,1096
30748,100,1560
30749,96,1092
30750,98,1108
30751,100,1090
30752,102,1092
30753,100,1096
30754,100,1092
30755,100,1094
30756,102,1106
30757,102,1094
30758,104,1092
30759,100,1102
30760,100,1102
30761,100,1092
30762,98,1086
30763,100,1092
30764,102,1094
30765,98,1092
30766,100,1096
30767,102,1636
30768,100,1094
30769,98,1098
30770,102,1112
30771,100,1108
30772,98,1104
30773,98,1096
30774,100,1042
30775,98,1086
30776,98,1094
30777,98,1094
30778,98,1098
30779,100,1100
30780,98,1094
30781,100,1104
30782,102,1094
30783,98,1098
30784,98,1092
30785,98,1104
30786,102,1638
30787,100,1086
30788,100,1092
30789,98,1092
30790,96,1092
30791,100,1094
30792,98,1096
30793,100,1096
30794,102,1092
30795,98,1096
30796,96,1098
30797,98,1092
30798,98,1092
30799,100,1104
30800,98,1102
30801,98,1094
30802,98,1092
30803,104,1092
30804,100,1098
30805,102,1634
30806,98,1096
30807,100,1094
30808,100,1096
30809,98,1098
30810,102,1088
30811,98,1108
30812,102,1096
30813,100,1098
30814,100,1098
30815,102,1096
30816,98,1098
30817,108,1104
30818,100,1100
30819,102,1096
30820,98,1046
30821,98,1092
30822,100,1092
30823,100,1090
30824,102,1638
30825,98,1092
30826,100,1094
30827,100,1098
30828,102,1098
30829,102,1094
30830,98,1094
30831,96,1096
30832,98,1096
30833,98,1092
30834,98,1104
30835,96,1104
30836,98,1096
30837,98,1096
30838,98,1098
30839,100,1092
30840,100,1092
30841,98,1104
30842,102,1100
30843,98,1568
30844,100,1098
30845,98,1092
30846,98,1096
30847,100,1100
30848,102,1090
30849,98,1098
30850,98,1098
30851,98,1102
30852,100,1092
30853,102,1100
30854,96,1100
30855,100,1092
30856,100,1092
30857,100,1098
30858,98,1092
30859,106,1092
30860,100,1092
30861,100,1092
30862,100,1536
30863,98,1098
30864,100,1110
30865,100,1098
30866,98,1094
30867,98,1098
30868,100,1098
30869,98,1092
30870,100,1102
30871,100,1096
30872,100,1092
30873,100,1092
30874,98,1096
30875,102,1090
30876,100,1092
30877,98,1092
30878,98,1098
30879,98,1092
30880,102,1102
30881,98,1606
30882,98,1096
30883,98,1098
30884,100,1094
30885,100,1098
30886,102,1098
30887,100,1088
30888,106,1100
30889,100,1100
30890,100,1092
30891,100,1092
30892,100,1102
30893,100,1102
30894,98,1092
30895,98,1098
30896,100,1096
30897,98,1098
30898,98,1092
30899,100,1096
30900,96,1558
30901,96,1096
30902,100,1088
30903,102,1104
30904,98,1094
30905,100,1092
30906,100,1094
30907,100,1104
30908,98,1090
30909,98,1088
30910,98,1092
30911,100,1094
30912,98,1094
30913,100,1102
30914,98,1098
30915,100,1098
30916,98,1100
30917,98,1092
30918,98,1102
30919,100,1092
30920,100,1602
30921,98,1100
30922,98,1092
30923,100,1092
30924,102,1098
30925,98,1098
30926,100,1108
30927,98,1094
30928,98,1098
30929,100,1104
30930,100,1094
30931,100,1098
30932,100,1096
30933,100,1098
30934,98,1098
30935,98,1092
30936,102,1092
30937,100,1108
30938,98,1096
30939,98,1578
30940,102,1098
30941,98,1108
30942,100,1094
30943,100,1102
30944,98,1098
30945,100,1100
30946,100,1102
30947,98,1092
30948,96,1096
30949,100,1098
30950,100,1106
30951,98,1096
30952,104,1092
30953,98,1094
30954,100,1096
30955,100,1092
30956,100,1100
30957,100,1096
30958,98,1556
30959,98,1044
30960,104,1102
30961,100,1102
30962,98,1094
30963,98,1090
30964,98,1094
30965,100,1096
30966,96,1096
30967,104,1096
30968,100,1098
30969,100,1098
30970,98,1094
30971,100,1098
30972,100,1092
30973,100,1098
30974,98,1094
30975,98,1098
30976,100,1108
30977,100,1602
30978,102,1094
30979,100,1104
30980,100,1092
30981,100,1092
30982,98,1102
30983,98,1094
30984,100,1094
30985,100,1102
30986,98,1094
30987,98,1092
30988,98,1102
30989,100,1098
30990,98,1098
30991,98,1096
30992,100,1104
30993,100,1098
30994,100,1092
30995,100,1088
30996,98,1630
30997,98,1094
30998,100,1098
30999,100,1092
31000,102,1098
31001,98,1094
31002,100,1096
31003,100,1096
31004,98,1100
31005,100,1050
31006,98,1092
31007,104,1104
31008,100,1092
31009,100,1094
31010,98,1104
31011,98,1092
31012,100,1098
31013,100,1098
31014,102,1096
31015,98,1616
31016,98,1092
31017,98,1096
31018,98,1110
31019,98,1096
31020,100,1092
31021,98,1096
31022,100,1098
31023,100,1098
31024,100,1092
31025,100,1098
31026,98,1106
31027,98,1094
31028,98,1098
31029,98,1102
31030,100,1094
31031,100,1090
31032,100,1100
31033,98,1100
31034,98,1584
31035,98,1096
31036,98,1094
31037,100,1092
31038,100,1098
31039,100,1096
31040,96,1088
31041,100,1092
31042,102,1096
31043,100,1092
31044,100,1092
31045,98,1088
31046,98,1086
31047,100,1096
31048,98,1090
31049,98,1104
31050,98,1104
31051,98,1106
31052,102,1094
31053,100,1602
31054,100,1098
31055,98,1098
31056,100,1094
31057,100,1094
31058,98,1098
31059,100,1084
31060,100,1088
31061,98,1100
31062,100,1090
31063,102,1092
31064,100,1092
31065,98,1094
31066,100,1088
31067,100,1092
31068,98,1098
31069,100,1098
31070,98,1096
31071,102,1104
31072,100,1560
31073,96,1098
31074,102,1098
31075,102,1092
31076,100,1094
31077,100,1092
31078,100,1104
31079,98,1092
31080,98,1092
31081,100,1096
31082,106,1096
31083,100,1108
31084,100,1094
31085,100,1102
31086,98,1096
31087,98,1088
31088,100,1098
31089,102,1100
31090,100,1090
31091,98,1574
31092,98,1092
31093,100,1098
31094,98,1092
31095,100,1098
31096,98,1092
31097,100,1106
31098,98,1094
31099,98,1090
31100,98,1098
31101,100,1102
31102,100,1088
31103,98,1102
31104,100,1094
31105,100,1098
31106,100,1092
31107,96,1108
31108,100,1100
31109,98,1090
31110,100,1632
31111,100,1094
31112,96,1100
31113,98,1092
31114,100,1092
31115,98,1098
31116,100,1094
31117,100,1096
31118,100,1096
31119,98,1096
31120,102,1104
31121,98,1094
31122,100,1108
31123,100,1090
31124,102,1098
31125,98,1098
31126,100,1096
31127,100,1090
31128,98,1088
31129,100,1566
31130,100,1100
31131,98,1088
31132,100,1100
31133,98,1100
31134,100,1100
31135,100,1098
31136,98,1104
31137,100,1100
31138,100,1092
31139,102,1100
31140,98,1094
31141,98,1092
31142,98,1094
31143,98,1098
31144,100,996
31145,98,1092
31146,100,1106
31147,100,1092
31148,102,1628
31149,100,1098
31150,98,1098
31151,100,1092
31152,100,1096
31153,98,1092
31154,98,1100
31155,100,1102
31156,98,1092
31157,100,1094
31158,100,1098
31159,98,1104
31160,100,1092
31161,100,1104
31162,100,1096
31163,98,1092
31164,100,1092
31165,98,1098
31166,100,1100
31167,98,1096
31168,100,1432
31169,100,1104
31170,100,1092
31171,98,1098
31172,100,1096
31173,98,1096
31174,96,1100
31175,98,1096
31176,98,1092
31177,100,1092
31178,98,1098
31179,100,1098
31180,100,1094
31181,98,1092
31182,98,1102
31183,100,1096
31184,100,1090
31185,98,1094
31186,100,1088
31187,100,1102
31188,100,1418
31189,98,1100
31190,100,1098
31191,100,1090
31192,98,1094
31193,100,1100
31194,98,1094
31195,98,1094
31196,100,1100
31197,98,1098
31198,98,1100
31199,98,1092
31200,98,1098
31201,94,1100
31202,100,1090
31203,100,1102
31204,94,1098
31205,98,1092
31206,100,1098
31207,100,1622
31208,100,1108
31209,100,1092
31210,100,1094
31211,100,1108
31212,98,1094
31213,100,1092
31214,100,1094
31215,100,1098
31216,100,1098
31217,98,1098
31218,100,1094
31219,98,1088
31220,100,1096
31221,98,1096
31222,98,1092
31223,98,1092
31224,100,1096
31225,98,1108
31226,98,1632
31227,98,1090
31228,102,1096
31229,98,1094
31230,100,1092
31231,100,1092
31232,98,1096
31233,100,1104
31234,100,1088
31235,98,1092
31236,100,1104
31237,98,1096
31238,98,1090
31239,100,1098
31240,98,1092
31241,100,1094
31242,102,1090
31243,98,1100
31244,100,1092
31245,100,1624
31246,98,1102
31247,100,1098
31248,98,1098
31249,100,1098
31250,100,1106
31251,100,1102
31252,98,1088
31253,100,1098
31254,98,1092
31255,98,1092
31256,98,1098
31257,100,1092
31258,98,1092
31259,98,1090
31260,98,1098
31261,102,1098
31262,100,1104
31263,100,1098
31264,98,1634
31265,98,1098
31266,100,1088
31267,100,1100
31268,100,1094
31269,100,1094
31270,98,1098
31271,98,1100
31272,100,1104
31273,98,1098
31274,96,1098
31275,98,1104
31276,100,1092
31277,100,1090
31278,98,1096
31279,98,1096
31280,98,1098
31281,100,1092
31282,100,1102
31283,96,1616
31284,96,1098
31285,100,1092
31286,100,1102
31287,100,1092
31288,98,1092
31289,98,1108
31290,98,1094
31291,98,1088
31292,100,1100
31293,98,1102
31294,98,1088
31295,100,1096
31296,100,1092
31297,98,1106
31298,100,1092
31299,100,1102
31300,100,1104
31301,98,1094
31302,100,1608
31303,98,1092
31304,98,1096
31305,100,1098
31306,100,1088
31307,100,1100
31308,100,1096
31309,98,1088
31310,98,1104
31311,98,1102
31312,100,1096
31313,96,1092
31314,100,1096
31315,98,1108
31316,102,1092
31317,98,1092
31318,96,1098
31319,98,1092
31320,98,1098
31321,100,1566
31322,98,1098
31323,96,1094
31324,100,1092
31325,100,1096
31326,98,1092
31327,98,1092
31328,100,1092
31329,96,960
31330,100,1094
31331,98,1114
31332,100,1098
31333,100,1106
31334,98,1098
31335,98,1092
31336,98,1110
31337,98,1096
31338,100,1104
31339,98,1094
31340,98,1092
31341,98,1420
31342,96,1098
31343,98,1092
31344,96,1092
31345,98,1094
31346,100,1098
31347,94,1090
31348,100,1094
31349,98,1092
31350,100,1104
31351,98,1104
31352,100,1094
31353,100,1094
31354,98,1094
31355,94,1094
31356,100,1102
31357,98,1100
31358,100,1098
31359,98,1102
31360,100,1648
31361,98,1094
31362,100,1102
31363,96,1094
31364,98,1106
31365,100,1098
31366,98,1106
31367,98,1096
31368,102,1098
31369,98,1094
31370,98,1094
31371,102,1104
31372,100,1098
31373,100,1098
31374,100,1090
31375,98,1096
31376,100,1096
31377,100,1090
31378,98,1100
31379,100,1608
31380,100,1088
31381,100,1098
31382,102,1100
31383,100,1104
31384,100,1096
31385,100,1098
31386,98,1090
31387,100,1100
31388,100,1096
31389,100,1098
31390,98,1108
31391,100,1096
31392,104,1092
31393,98,1104
31394,100,1092
31395,100,1096
31396,100,1094
31397,96,1096
31398,100,1578
31399,100,1100
31400,100,1102
31401,100,1098
31402,98,1098
31403,98,1092
31404,102,1098
31405,100,1104
31406,98,1104
31407,100,1098
31408,102,1092
31409,100,1090
31410,100,1098
31411,100,1092
31412,98,1104
31413,98,1092
31414,98,1098
31415,98,1102
31416,98,1098
31417,100,1634
31418,100,1092
31419,98,1104
31420,100,1096
31421,100,1104
31422,100,1098
31423,98,1098
31424,100,1092
31425,100,1104
31426,98,1106
31427,100,1092
31428,100,1106
31429,98,1100
31430,102,1092
31431,100,1098
31432,100,1096
31433,100,1098
31434,98,1092
31435,98,1562
31436,98,1094
31437,98,1098
31438,100,1096
31439,100,1104
31440,98,1098
31441,98,1092
31442,100,1094
31443,100,1106
31444,98,1094
31445,100,1098
31446,98,1092
31447,98,1092
31448,98,1098
31449,100,1098
31450,100,1104
31451,98,1100
31452,98,1096
31453,98,1102
31454,98,1614
31455,100,1092
31456,98,1092
31457,96,1098
31458,98,1094
31459,98,1098
31460,98,1104
31461,100,1096
31462,100,1092
31463,100,1092
31464,104,1098
31465,100,1100
31466,102,1090
31467,98,1098
31468,98,1048
31469,98,1106
31470,98,1092
31471,98,1094
31472,98,1096
31473,98,1566
31474,98,1096
31475,102,1096
31476,98,1096
31477,100,1092
31478,98,1092
31479,98,1094
31480,100,1098
31481,98,1102
31482,100,1092
31483,96,1096
31484,98,1100
31485,98,1098
31486,100,1104
31487,96,1098
31488,98,1100
31489,98,1098
31490,100,1098
31491,96,1104
31492,100,1596
31493,100,1100
31494,98,1098
31495,98,1096
31496,100,1092
31497,102,1098
31498,100,1092
31499,100,1104
31500,98,1088
31501,98,1094
31502,100,1098
31503,98,1090
31504,100,1098
31505,100,1092
31506,100,1096
31507,98,1092
31508,98,1092
31509,98,1092
31510,100,1096
31511,98,1566
31512,98,1104
31513,100,1098
31514,100,1098
31515,98,1106
31516,100,1098
31517,98,1096
31518,100,1108
31519,100,1094
31520,98,1104
31521,100,1098
31522,98,1104
31523,94,1092
31524,98,1092
31525,96,1098
31526,100,1096
31527,98,1092
31528,100,1104
31529,100,1098
31530,100,1592
31531,98,1088
31532,100,1098
31533,100,1098
31534,100,1088
31535,98,1094
31536,100,1092
31537,98,1100
31538,98,1100
31539,98,1092
31540,98,1106
31541,98,1096
31542,100,1098
31543,98,1100
31544,100,1094
31545,100,1100
31546,98,1108
31547,98,1102
31548,100,1096
31549,100,1098
31550,98,1524
31551,100,1104
31552,100,1090
31553,100,1104
31554,100,1094
31555,100,1098
31556,98,1096
31557,102,1094
31558,100,1090
31559,100,1094
31560,100,1092
31561,100,1100
31562,100,1094
31563,102,1098
31564,100,1100
31565,100,1102
31566,100,1096
31567,96,1096
31568,100,1100
31569,100,1096
31570,100,1520
31571,98,1092
31572,98,1094
31573,100,1096
31574,100,1100
31575,98,1106
31576,100,1086
31577,100,1092
31578,100,1102
31579,100,1092
31580,100,1092
31581,102,1092
31582,98,1098
31583,100,1098
31584,100,1096
31585,100,1094
31586,100,1098
31587,100,1092
31588,100,1092
31589,96,1630
31590,100,1094
31591,98,1092
31592,98,1102
31593,98,1096
31594,100,1104
31595,98,1092
31596,102,1104
31597,100,1098
31598,100,1098
31599,98,1092
31600,100,1094
31601,100,1098
31602,96,1096
31603,96,1096
31604,98,1098
31605,98,1098
31606,98,1096
31607,100,1098
31608,96,1648
31609,98,1098
31610,98,1092
31611,96,1098
31612,100,1092
31613,98,1088
31614,102,1102
31615,100,1096
31616,98,1096
31617,100,1092
31618,102,1092
31619,100,1100
31620,100,1092
31621,100,1110
31622,98,1096
31623,98,1094
31624,98,1092
31625,98,1098
31626,98,1092
31627,100,1552
31628,100,1092
31629,102,1098
31630,100,1094
31631,100,1090
31632,98,1096
31633,100,1100
31634,96,1092
31635,100,1102
31636,98,1094
31637,100,1094
31638,100,1092
31639,98,1098
31640,98,1098
31641,100,1090
31642,96,1094
31643,100,1098
31644,98,1098
31645,100,1092
31646,98,1620
31647,100,1104
31648,98,1092
31649,100,1094
31650,96,1102
31651,100,1102
31652,98,1092
31653,98,1056
31654,100,1098
31655,100,1092
31656,100,1096
31657,98,1102
31658,98,1092
31659,98,1092
31660,100,1092
31661,98,1098
31662,102,1100
31663,98,1094
31664,98,1100
31665,100,1100
31666,98,1536
31667,98,1090
31668,102,1100
31669,96,1092
31670,98,1092
31671,98,1096
31672,98,1096
31673,100,1094
31674,100,1104
31675,100,1098
31676,98,1098
31677,98,1098
31678,100,1096
31679,98,1104
31680,100,1094
31681,100,1092
31682,98,1092
31683,98,1092
31684,100,1086
31685,100,1634
31686,98,1100
31687,98,1098
31688,98,1096
31689,98,1098
31690,98,1098
31691,96,1098
31692,98,1098
31693,100,1096
31694,100,1098
31695,98,1092
31696,98,1094
31697,98,1102
31698,98,1092
31699,92,1100
31700,98,1094
31701,100,1098
31702,98,1104
31703,100,1096
31704,96,1594
31705,100,1098
31706,98,1092
31707,98,1102
31708,100,1106
31709,96,1094
31710,98,1092
31711,98,1096
31712,102,1098
31713,102,1098
31714,104,1100
31715,98,1098
31716,100,1092
31717,98,1102
31718,98,1094
31719,100,1098
31720,102,1094
31721,102,1100
31722,100,1628
31723,98,1100
31724,98,1088
31725,98,1092
31726,98,1092
31727,100,1098
31728,98,1096
31729,98,1108
31730,100,1104
31731,98,1090
31732,100,1098
31733,98,1102
31734,100,1098
31735,100,1094
31736,102,1108
31737,102,1094
31738,100,1092
31739,98,1094
31740,98,1100
31741,98,1614
31742,98,1092
31743,100,1090
31744,98,1090
31745,100,1092
31746,100,1094
31747,96,1102
31748,100,1102
31749,100,1100
31750,100,1104
31751,100,1108
31752,100,1096
31753,100,1092
31754,98,1104
31755,96,1098
31756,98,1094
31757,96,1092
31758,98,1100
31759,96,1102
31760,100,1092
31761,102,1428
31762,100,1096
31763,96,1090
31764,100,1088
31765,98,1104
31766,102,1090
31767,98,1098
31768,98,1096
31769,102,1100
31770,100,1102
31771,100,1092
31772,98,1098
31773,100,1098
31774,98,1096
31775,98,1096
31776,102,1098
31777,98,1092
31778,100,1090
31779,98,1094
31780,102,1580
31781,98,1102
31782,100,1104
31783,100,1100
31784,96,1096
31785,98,1104
31786,98,1102
31787,100,1104
31788,98,1092
31789,98,1098
31790,98,1094
31791,100,1092
31792,100,1098
31793,100,1096
31794,98,1092
31795,98,1090
31796,98,1088
31797,100,1104
31798,98,1096
31799,98,1624
31800,98,1104
31801,100,1096
31802,100,1106
31803,100,1096
31804,98,1096
31805,102,1098
31806,98,1096
31807,100,1094
31808,98,1092
31809,98,1096
31810,98,1096
31811,100,1092
31812,96,1100
31813,102,1094
31814,102,1096
31815,100,1098
31816,98,1098
31817,102,1096
31818,98,1634
31819,100,1098
31820,98,1096
31821,98,1094
31822,98,1096
31823,98,1090
31824,100,1092
31825,100,1098
31826,102,1106
31827,100,1088
31828,100,1090
31829,100,1098
31830,100,1102
31831,98,1096
31832,100,1092
31833,100,1098
31834,96,1096
31835,96,1092
31836,98,1098
31837,100,1654
31838,98,1380
31839,98,1088
31840,98,1096
31841,92,1098
31842,100,1092
31843,100,1102
31844,100,1098
31845,100,1094
31846,98,1108
31847,100,1100
31848,98,1104
31849,102,1092
31850,100,1098
31851,98,1094
31852,100,1104
31853,98,1098
31854,98,1094
31855,100,1614
31856,100,1092
31857,96,1102
31858,100,1106
31859,104,1086
31860,100,1088
31861,98,1102
31862,98,1100
31863,98,1092
31864,98,1092
31865,104,1096
31866,100,1102
31867,100,1094
31868,98,1092
31869,98,1100
31870,100,1098
31871,98,1088
31872,98,1108
31873,98,1098
31874,98,1596
31875,100,1094
31876,98,1108
31877,94,1098
31878,98,1092
31879,98,1106
31880,98,1104
31881,98,1092
31882,102,1092
31883,96,1094
31884,102,1096
31885,98,1100
31886,102,1104
31887,100,1092
31888,100,1096
31889,100,1554
31890,98,1094
31891,98,1110
31892,100,1096
31893,98,1098
31894,100,1096
31895,100,1096
31896,100,1090
31897,102,1098
31898,98,1086
31899,98,1092
31900,100,1092
31901,100,1104
31902,96,1102
31903,98,1092
31904,100,1100
31905,98,1102
31906,98,1104
31907,98,1092
31908,98,1594
31909,102,1096
31910,100,1088
31911,98,1096
31912,98,1098
31913,100,1106
31914,98,1092
31915,98,1096
31916,98,1088
31917,104,1092
31918,98,1096
31919,96,1106
31920,100,1092
31921,100,1096
31922,100,1100
31923,98,1104
31924,98,1096
31925,98,1094
31926,98,1104
31927,100,1606
31928,100,1088
31929,100,1094
31930,100,1092
31931,98,1098
31932,98,1108
31933,100,1098
31934,100,1104
31935,98,1100
31936,104,1092
31937,100,1098
31938,98,1090
31939,98,1094
31940,100,1092
31941,98,1102
31942,100,1092
31943,100,1100
31944,100,1100
31945,100,1098
31946,96,1094
31947,100,1652
31948,98,1096
31949,98,1092
31950,98,1102
31951,100,1094
31952,100,1094
31953,100,1096
31954,100,1104
31955,96,1098
31956,98,1094
31957,98,1092
31958,100,1096
31959,100,1096
31960,98,1090
31961,96,1098
31962,98,1098
31963,100,1098
31964,98,1642
31965,104,1110
31966,100,1088
31967,100,1094
31968,100,1092
31969,98,1100
31970,100,1106
31971,98,1094
31972,98,1096
31973,100,1102
31974,100,1088
31975,100,1088
31976,100,1098
31977,100,1098
31978,98,1102
31979,96,1092
31980,100,1098
31981,100,1098
31982,100,1092
31983,100,1628
31984,100,1106
31985,104,1096
31986,100,1092
31987,100,1094
31988,100,1096
31989,100,1098
31990,100,1098
31991,100,1098
31992,98,1098
31993,100,1094
31994,98,1098
31995,100,1094
31996,100,1098
31997,100,1092
31998,98,1092
31999,98,1100
32000,100,1100
32001,100,1102
32002,100,1588
32003,100,1100
32004,100,1092
32005,98,1100
32006,100,1092
32007,98,1092
32008,100,1098
32009,98,1100
32010,98,1090
32011,100,1092
32012,98,1096
32013,100,1094
32014,98,1092
32015,100,1098
32016,100,1094
32017,100,1098
32018,100,1092
32019,100,1100
32020,100,1096
32021,100,1092
32022,100,1422
32023,100,1092
32024,100,1092
32025,100,1092
32026,100,1102
32027,100,1092
32028,98,1098
32029,104,1098
32030,98,1096
32031,100,1094
32032,100,1098
32033,100,1096
32034,100,1090
32035,98,1086
32036,98,1092
32037,100,1104
32038,100,1102
32039,100,1102
32040,98,1094
32041,98,1620
32042,102,1098
32043,102,1098
32044,100,1096
32045,100,1092
32046,98,1096
32047,100,1100
32048,98,1092
32049,98,1096
32050,98,1094
32051,100,1098
32052,98,1104
32053,100,1092
32054,98,1102
32055,98,1088
32056,100,1098
32057,100,1096
32058,100,1104
32059,100,1098
32060,100,1602
32061,96,1102
32062,100,1100
32063,102,1098
32064,98,1102
32065,98,1092
32066,100,1094
32067,100,1086
32068,98,1092
32069,98,1098
32070,98,1090
32071,100,1092
32072,102,1090
32073,100,1098
32074,102,1092
32075,102,1106
32076,100,1096
32077,100,1098
32078,98,1092
32079,98,1088
32080,96,1514
32081,98,1096
32082,100,1102
32083,104,1094
32084,98,1094
32085,98,1096
32086,100,1100
32087,102,1102
32088,100,1096
32089,100,1092
32090,98,1098
32091,100,1096
32092,96,1100
32093,98,1104
32094,100,1108
32095,100,1092
32096,98,1090
32097,98,1092
32098,100,1088
32099,100,1576
32100,100,1090
32101,98,1100
32102,98,1092
32103,102,1090
32104,100,1102
32105,98,1100
32106,100,1092
32107,96,1094
32108,100,1092
32109,98,1094
32110,100,1094
32111,96,1096
32112,98,1098
32113,98,1094
32114,100,1092
32115,100,1096
32116,98,1096
32117,100,1094
32118,98,1604
32119,100,1098
32120,98,1098
32121,100,1092
32122,100,1108
32123,100,1100
32124,98,1092
32125,98,1096
32126,100,1092
32127,96,1098
32128,98,1092
32129,98,1100
32130,100,1098
32131,98,1098
32132,98,1092
32133,98,1100
32134,98,1092
32135,100,1088
32136,98,1096
32137,98,1582
32138,96,1092
32139,100,1098
32140,100,1098
32141,100,1098
32142,102,1098
32143,100,1092
32144,96,1108
32145,98,1098
32146,102,1094
32147,100,1092
32148,98,1092
32149,98,1106
32150,98,1094
32151,98,1098
32152,100,1102
32153,102,1088
32154,100,1098
32155,100,1102
32156,98,1638
32157,100,1092
32158,98,1104
32159,100,1092
32160,100,1088
32161,98,1092
32162,98,1000
32163,98,1098
32164,98,1096
32165,98,1102
32166,100,1098
32167,96,1098
32168,98,1096
32169,100,1096
32170,100,1096
32171,98,1100
32172,100,1098
32173,98,1096
32174,98,1100
32175,98,1648
32176,100,1098
32177,100,1092
32178,98,1102
32179,100,1086
32180,98,1092
32181,96,1092
32182,100,1088
32183,98,1102
32184,100,1098
32185,100,1098
32186,98,1104
32187,100,1098
32188,98,1092
32189,100,1092
32190,102,1098
32191,96,1098
32192,98,1092
32193,100,1092
32194,100,1626
32195,100,1090
32196,104,1088
32197,100,1102
32198,102,1088
32199,94,1102
32200,100,1096
32201,100,1096
32202,100,1094
32203,100,1092
32204,98,1098
32205,100,1100
32206,100,1084
32207,102,1098
32208,100,1092
32209,100,1092
32210,98,1094
32211,104,1094
32212,100,1098
32213,100,1096
32214,98,1414
32215,98,1098
32216,100,1094
32217,100,1096
32218,100,1094
32219,100,1104
32220,98,1096
32221,100,1104
32222,98,1092
32223,100,1098
32224,100,1092
32225,98,1102
32226,98,1092
32227,102,1098
32228,98,1086
32229,98,1092
32230,100,1094
32231,98,1098
32232,100,1102
32233,100,1596
32234,98,1094
32235,100,1088
32236,98,1102
32237,98,1096
32238,98,1090
32239,100,1102
32240,98,1104
32241,98,1092
32242,98,1092
32243,98,1094
32244,98,1098
32245,100,1092
32246,98,1088
32247,98,1094
32248,98,1096
32249,100,1098
32250,98,1096
32251,98,1092
32252,100,1586
32253,98,1090
32254,98,1092
32255,98,1092
32256,100,1100
32257,98,1092
32258,100,1092
32259,100,1092
32260,100,1094
32261,100,1098
32262,98,1096
32263,98,1094
32264,98,1102
32265,98,1102
32266,98,1098
32267,100,1088
32268,100,1092
32269,98,1092
32270,100,1102
32271,100,1584
32272,98,1102
32273,98,1098
32274,102,1092
32275,98,1094
32276,100,1092
32277,100,1092
32278,98,1092
32279,100,1104
32280,100,1112
32281,100,1096
32282,98,1096
32283,98,1088
32284,98,1104
32285,100,1098
32286,98,1104
32287,100,1092
32288,98,1098
32289,98,1092
32290,100,1626
32291,100,1098
32292,98,1088
32293,100,1092
32294,100,1098
32295,100,1094
32296,100,1088
32297,98,1098
32298,98,1098
32299,102,1096
32300,98,1092
32301,100,1100
32302,98,1098
32303,94,1092
32304,104,1088
32305,98,1104
32306,98,1104
32307,98,1092
32308,98,1102
32309,96,1624
32310,100,1098
32311,100,1100
32312,100,1098
32313,98,1098
32314,98,1104
32315,98,1092
32316,98,1094
32317,96,1098
32318,100,1098
32319,98,1092
32320,98,1096
32321,100,1100
32322,100,1104
32323,98,1090
32324,98,1100
32325,96,1094
32326,102,1042
32327,100,1094
32328,98,1088
32329,100,1578
32330,98,1094
32331,100,1096
32332,96,1098
32333,100,1110
32334,100,1100
32335,100,1094
32336,98,1092
32337,100,1104
32338,100,1094
32339,100,1092
32340,102,1098
32341,100,1096
32342,100,1094
32343,100,1092
32344,100,1098
32345,98,1104
32346,100,1100
32347,100,1092
32348,98,1568
32349,98,1094
32350,102,1092
32351,98,1098
32352,100,1088
32353,100,1098
32354,100,1094
32355,96,1104
32356,98,1094
32357,98,1104
32358,98,1104
32359,98,1092
32360,100,1098
32361,98,1098
32362,100,1090
32363,98,1098
32364,98,1088
32365,100,1098
32366,98,1108
32367,98,1620
32368,96,1092
32369,100,1098
32370,98,1104
32371,102,1088
32372,98,1088
32373,100,1102
32374,100,1090
32375,100,1092
32376,98,1092
32377,100,1100
32378,98,1098
32379,106,1092
32380,98,1100
32381,100,1094
32382,98,1090
32383,100,1092
32384,98,1098
32385,98,1094
32386,98,1564
32387,98,1096
32388,100,1094
32389,100,1096
32390,102,1098
32391,98,1092
32392,100,1088
32393,100,1098
32394,100,1100
32395,100,1088
32396,100,1092
32397,98,1098
32398,102,1098
32399,98,1088
32400,104,1096
32401,96,1098
32402,100,1096
32403,98,1092
32404,98,1094
32405,98,1638
32406,100,1096
32407,100,1088
32408,104,1092
32409,100,1096
32410,100,1096
32411,96,1098
32412,100,1098
32413,100,1100
32414,98,1098
32415,102,1092
32416,100,1090
32417,100,1108
32418,102,1092
32419,100,1104
32420,96,1098
32421,100,1092
32422,98,1106
32423,98,1094
32424,98,1562
32425,100,1098
32426,98,1098
32427,100,1098
32428,98,1100
32429,98,1098
32430,100,1098
32431,100,1098
32432,98,1092
32433,98,1110
32434,96,1098
32435,100,1086
32436,100,1102
32437,100,1098
32438,98,1094
32439,100,1104
32440,98,1102
32441,98,1102
32442,100,1102
32443,98,1622
32444,100,1100
32445,98,1098
32446,98,1102
32447,98,1092
32448,98,1094
32449,98,1092
32450,100,1104
32451,104,1092
32452,98,1098
32453,98,1106
32454,100,1092
32455,100,1094
32456,100,1092
32457,98,1092
32458,96,1096
32459,98,1088
32460,98,1098
32461,98,1092
32462,100,1642
32463,100,1112
32464,100,1092
32465,98,1098
32466,96,1104
32467,100,1090
32468,98,1100
32469,98,1100
32470,100,1098
32471,100,1092
32472,96,1102
32473,100,1102
32474,102,1096
32475,98,1086
32476,100,1098
32477,98,1098
32478,98,1098
32479,98,1094
32480,98,1098
32481,100,1558
32482,100,1098
32483,100,1104
32484,98,1096
32485,100,1098
32486,102,1050
32487,100,1102
32488,100,1102
32489,100,1092
32490,98,1092
32491,100,1104
32492,98,1092
32493,100,1104
32494,96,1092
32495,100,1092
32496,98,1096
32497,98,1094
32498,98,1092
32499,98,1092
32500,102,1604
32501,100,1108
32502,100,1100
32503,100,1094
32504,102,1092
32505,100,1100
32506,102,1092
32507,98,1096
32508,100,1092
32509,100,1092
32510,98,1096
32511,98,1090
32512,98,1092
32513,100,1088
32514,98,1102
32515,98,1098
32516,100,1094
32517,96,1092
32518,100,1090
32519,98,1610
32520,98,1092
32521,104,1096
32522,102,1092
32523,98,1098
32524,98,1092
32525,98,1096
32526,100,1106
32527,98,1096
32528,98,1086
32529,98,1098
32530,98,1102
32531,98,1096
32532,100,1092
32533,100,1092
32534,100,1092
32535,98,1092
32536,100,1098
32537,106,1098
32538,100,1590
32539,100,1090
32540,100,1096
32541,98,1092
32542,98,1088
32543,98,1094
32544,104,1092
32545,100,1098
32546,100,1094
32547,100,1102
32548,98,1110
32549,100,1096
32550,98,1094
32551,102,1096
32552,100,1098
32553,98,1096
32554,100,1092
32555,98,1096
32556,96,1092
32557,98,1596
32558,100,1096
32559,98,1098
32560,100,1098
32561,98,1096
32562,100,1096
32563,100,1100
32564,100,1088
32565,98,1098
32566,98,1088
32567,96,1104
32568,98,1092
32569,104,1104
32570,98,1092
32571,98,1098
32572,98,1100
32573,98,1104
32574,98,1102
32575,98,1098
32576,100,1582
32577,100,1098
32578,98,1098
32579,100,1092
32580,98,1096
32581,98,1102
32582,98,1110
32583,98,1102
32584,100,1102
32585,98,1092
32586,100,1092
32587,100,1092
32588,100,1094
32589,98,1098
32590,100,1092
32591,102,1094
32592,96,1098
32593,100,1092
32594,98,1092
32595,100,1626
32596,98,1088
32597,100,1092
32598,100,1098
32599,100,1100
32600,100,1092
32601,98,1104
32602,98,1104
32603,100,1092
32604,98,1098
32605,98,1096
32606,100,1098
32607,100,1098
32608,96,1098
32609,100,1046
32610,98,1102
32611,102,1092
32612,98,1100
32613,100,1098
32614,100,1584
32615,102,1094
32616,98,1092
32617,100,1098
32618,100,1092
32619,98,1092
32620,100,1098
32621,100,1092
32622,100,1096
32623,100,1098
32624,98,1092
32625,98,986
32626,100,1098
32627,98,1092
32628,98,1092
32629,100,1104
32630,98,1106
32631,98,1092
32632,100,1090
32633,104,1092
32634,98,1438
32635,98,1094
32636,100,1092
32637,100,1102
32638,100,1092
32639,98,1098
32640,100,1092
32641,100,1100
32642,100,1092
32643,98,1100
32644,98,1094
32645,98,1106
32646,98,1098
32647,100,1106
32648,98,1098
32649,96,1098
32650,98,1094
32651,98,1104
32652,100,1106
32653,100,1562
32654,100,1106
32655,98,1098
32656,98,1092
32657,100,1092
32658,102,1102
32659,100,1094
32660,100,1100
32661,98,1092
32662,100,1098
32663,98,1102
32664,100,1100
32665,100,1094
32666,98,1096
32667,102,1092
32668,98,1578
32669,98,1098
32670,98,1096
32671,100,1090
32672,98,1094
32673,98,1102
32674,100,1098
32675,98,1096
32676,98,1098
32677,98,1098
32678,100,1092
32679,100,1090
32680,98,1098
32681,100,1098
32682,102,1098
32683,100,1094
32684,100,1098
32685,102,1102
32686,102,1090
32687,100,1620
32688,100,1096
32689,98,1098
32690,100,1098
32691,100,1094
32692,100,1090
32693,100,1092
32694,100,1094
32695,98,1098
32696,98,1090
32697,100,1104
32698,100,1098
32699,98,1100
32700,98,1092
32701,98,1098
32702,98,1096
32703,102,1092
32704,98,1092
32705,100,1098
32706,98,1632
32707,100,1092
32708,96,1092
32709,98,1100
32710,100,1098
32711,100,1098
32712,100,1094
32713,100,1102
32714,98,1092
32715,98,1098
32716,104,1104
32717,94,1092
32718,100,1106
32719,98,1092
32720,98,1098
32721,100,1088
32722,100,1100
32723,100,1100
32724,100,1098
32725,98,1584
32726,100,1096
32727,100,1098
32728,100,1096
32729,100,1092
32730,100,1104
32731,98,1096
32732,98,1610
32733,102,1092
32734,98,1102
32735,98,1092
32736,100,1092
32737,98,1092
32738,98,1094
32739,100,1092
32740,98,1098
32741,102,1096
32742,102,1096
32743,100,1094
32744,98,1096
32745,98,1094
32746,94,1090
32747,100,1096
32748,100,1102
32749,98,1104
32750,100,1098
32751,100,1626
32752,98,1098
32753,100,1092
32754,102,1092
32755,100,1098
32756,102,1096
32757,100,1092
32758,100,1098
32759,100,1092
32760,100,1092
32761,100,1090
32762,102,1092
32763,102,1098
32764,98,1098
32765,102,1092
32766,102,1096
32767,98,1098
32768,100,1092
32769,96,1096
32770,100,1556
32771,98,1098
32772,102,1092
32773,100,1092
32774,96,1094
32775,102,1092
32776,98,1098
32777,104,1092
32778,102,1092
32779,100,1102
32780,100,1108
32781,100,1094
32782,98,1088
32783,98,1094
32784,106,1098
32785,98,1090
32786,100,1092
32787,102,1104
32788,98,1094
32789,102,1596
32790,98,1096
32791,100,1096
32792,100,1098
32793,98,1090
32794,98,1096
32795,100,1096
32796,102,1094
32797,100,1096
32798,98,1098
32799,100,1100
32800,98,1092
32801,102,1092
32802,100,1102
32803,102,1104
32804,98,1092
32805,98,1094
32806,100,1090
32807,98,1092
32808,100,1598
32809,100,1104
32810,100,1032
32811,100,1096
32812,100,1098
32813,102,1098
32814,98,1104
32815,100,1096
32816,98,1098
32817,98,1096
32818,98,1092
32819,100,1088
32820,102,1092
32821,98,1098
32822,96,1098
32823,102,1098
32824,98,1104
32825,98,1090
32826,96,1098
32827,98,1644
32828,98,1102
32829,100,1102
32830,100,1094
32831,100,1088
32832,98,1092
32833,102,1102
32834,98,1104
32835,98,1092
32836,98,1094
32837,98,1098
32838,100,1094
32839,98,1104
32840,100,1096
32841,100,1104
32842,100,1100
32843,98,1090
32844,102,1092
32845,96,1110
32846,98,1564
32847,98,1090
32848,102,1092
32849,102,1098
32850,102,1096
32851,104,1100
32852,100,1102
32853,98,1098
32854,98,1096
32855,98,1098
32856,98,1092
32857,100,1088
32858,100,1092
32859,98,1104
32860,98,1108
32861,102,1092
32862,100,1102
32863,98,1098
32864,100,1094
32865,100,1626
32866,98,1092
32867,100,1092
32868,98,1088
32869,100,1098
32870,100,1098
32871,100,1090
32872,98,1092
32873,104,1096
32874,102,1098
32875,100,1092
32876,100,1096
32877,100,1098
32878,100,1096
32879,98,1092
32880,102,1094
32881,98,1098
32882,98,1098
32883,102,1092
32884,100,1638
32885,102,1102
32886,98,1100
32887,98,1104
32888,98,1098
32889,98,1092
32890,100,1094
32891,100,1094
32892,98,1098
32893,98,1098
32894,104,1098
32895,102,1098
32896,100,1098
32897,98,1092
32898,102,1098
32899,100,1098
32900,98,1090
32901,98,1104
32902,100,1100
32903,100,1596
32904,102,1098
32905,102,1106
32906,102,1110
32907,102,1098
32908,98,1096
32909,96,1098
32910,102,1100
32911,98,1096
32912,102,1092
32913,100,1096
32914,100,1092
32915,96,1088
32916,98,1092
32917,102,1102
32918,98,1098
32919,98,1092
32920,100,1096
32921,102,1106
32922,100,1636
32923,100,1098
32924,98,1110
32925,98,1098
32926,100,1096
32927,98,1094
32928,100,1104
32929,98,1104
32930,100,1098
32931,100,1098
32932,100,1104
32933,98,1092
32934,98,1088
32935,98,1098
32936,98,1096
32937,98,1096
32938,98,1104
32939,100,1092
32940,100,1100
32941,100,1636
32942,100,1092
32943,98,1092
32944,98,1094
32945,98,1108
32946,100,1096
32947,98,1096
32948,100,1094
32949,98,1100
32950,100,1092
32951,100,1096
32952,100,1088
32953,100,1098
32954,98,1090
32955,100,1098
32956,100,1106
32957,98,1100
32958,98,1094
32959,100,1098
32960,98,1098
32961,100,1512
32962,98,1088
32963,98,1096
32964,100,1096
32965,98,1092
32966,96,1092
32967,98,1096
32968,100,1088
32969,100,1094
32970,98,1092
32971,100,1094
32972,98,1092
32973,98,1104
32974,100,1108
32975,100,1088
32976,98,1100
32977,100,1090
32978,100,1098
32979,100,1092
32980,100,1584
32981,100,1102
32982,100,1090
32983,100,1100
32984,104,1104
32985,98,1100
32986,100,1086
32987,102,1096
32988,100,1108
32989,98,1092
32990,100,1104
32991,106,1096
32992,100,1098
32993,102,1092
32994,100,1094
32995,98,1044
32996,100,1104
32997,100,1092
32998,98,1092
32999,100,1572
33000,100,1092
33001,98,1092
33002,100,1092
33003,100,1088
33004,98,1092
33005,100,1092
33006,98,1098
33007,98,1098
33008,98,1096
33009,98,1100
33010,98,1104
33011,98,1098
33012,98,1098
33013,96,1102
33014,98,1090
33015,100,1088
33016,100,1104
33017,98,1096
33018,98,1570
33019,98,1092
33020,104,1106
33021,102,1098
33022,96,1098
33023,98,1088
33024,100,1094
33025,100,1098
33026,102,1104
33027,100,1104
33028,100,1098
33029,98,1092
33030,100,1094
33031,98,1096
33032,98,1096
33033,102,1098
33034,98,1104
33035,98,1092
33036,98,1098
33037,98,1564
33038,98,1104
33039,98,1092
33040,102,1092
33041,100,1096
33042,98,1092
33043,102,1092
33044,98,1092
33045,100,1098
33046,98,1098
33047,98,1096
33048,100,1090
33049,98,1100
33050,94,1104
33051,98,1098
33052,100,1092
33053,98,1098
33054,100,1092
33055,104,1104
33056,98,1568
33057,98,1094
33058,98,1102
33059,96,1098
33060,98,1098
33061,98,1092
33062,96,1092
33063,98,1104
33064,100,1104
33065,98,1094
33066,98,1092
33067,98,1092
33068,96,1100
33069,104,1096
33070,100,1094
33071,98,1092
33072,98,1086
33073,98,1096
33074,98,1092
33075,98,1554
33076,98,1104
33077,98,1102
33078,100,1092
33079,98,1090
33080,96,1098
33081,100,1094
33082,100,1098
33083,100,1096
33084,98,1106
33085,100,1098
33086,100,1094
33087,100,1086
33088,100,1096
33089,98,1104
33090,98,1098
33091,100,1098
33092,98,1098
33093,100,1098
33094,98,1608
33095,98,1098
33096,100,1098
33097,98,1090
33098,98,1102
33099,100,1100
33100,98,1088
33101,98,1096
33102,100,1100
33103,100,1094
33104,100,1098
33105,104,1092
33106,100,1098
33107,100,1096
33108,98,1104
33109,98,1094
33110,100,1102
33111,100,1094
33112,106,1098
33113,98,1598
33114,98,1098
33115,96,1094
33116,100,1092
33117,96,1090
33118,100,1092
33119,98,1096
33120,100,1104
33121,100,1096
33122,98,1100
33123,100,1092
33124,100,1092
33125,100,1096
33126,100,1092
33127,98,1102
33128,100,1092
33129,98,1098
33130,100,1110
33131,100,1094
33132,100,1582
33133,100,1094
33134,98,1098
33135,100,1102
33136,98,1094
33137,98,1098
33138,100,1092
33139,100,1102
33140,98,1096
33141,100,1094
33142,98,1094
33143,100,1094
33144,100,1100
33145,100,1102
33146,100,1096
33147,98,1092
33148,102,1094
33149,100,1094
33150,98,1094
33151,98,1630
33152,98,1096
33153,100,1100
33154,98,1092
33155,98,1104
33156,98,1100
33157,98,1094
33158,100,1096
33159,98,1092
33160,100,1096
33161,96,1096
33162,98,1096
33163,100,1104
33164,100,1092
33165,98,1098
33166,98,1104
33167,98,1098
33168,98,1096
33169,100,1098
33170,100,1638
33171,98,1096
33172,100,1096
33173,100,1100
33174,98,1096
33175,98,1092
33176,100,1102
33177,100,1098
33178,100,1096
33179,100,1096
33180,98,972
33181,98,1102
33182,98,1098
33183,100,1104
33184,98,1098
33185,102,1098
33186,98,1092
33187,100,1096
33188,98,1106
33189,98,1092
33190,100,1424
33191,98,1098
33192,98,1094
33193,100,1098
33194,100,1092
33195,98,1092
33196,98,1094
33197,96,1096
33198,104,1102
33199,98,1096
33200,100,1100
33201,100,1100
33202,100,1102
33203,98,1102
33204,98,1098
33205,102,1092
33206,98,1098
33207,102,1092
33208,98,1094
33209,98,1620
33210,100,1098
33211,98,1092
33212,104,1092
33213,98,1096
33214,98,1108
33215,98,1088
33216,100,1098
33217,98,1104
33218,98,1092
33219,102,1096
33220,96,1094
33221,98,1096
33222,100,1090
33223,100,1098
33224,98,1094
33225,98,1096
33226,96,1090
33227,98,1094
33228,100,1620
33229,98,1098
33230,96,1104
33231,100,1104
33232,98,1092
33233,100,1094
33234,98,1096
33235,100,1096
33236,102,1100
33237,98,1096
33238,100,1100
33239,98,1098
33240,98,1086
33241,100,1104
33242,98,1096
33243,100,1096
33244,100,1092
33245,98,1094
33246,98,1100
33247,100,1626
33248,98,1106
33249,100,1092
33250,100,1092
33251,98,1096
33252,98,1088
33253,102,1096
33254,98,1098
33255,98,1094
33256,100,1092
33257,96,1092
33258,98,1100
33259,100,1098
33260,98,1096
33261,98,1098
33262,100,1090
33263,98,1096
33264,102,1090
33265,98,1098
33266,102,1618
33267,98,1092
33268,100,1092
33269,98,1094
33270,100,1098
33271,100,1098
33272,100,1090
33273,100,1098
33274,98,1094
33275,100,1098
33276,96,1096
33277,100,1098
33278,98,1110
33279,100,1096
33280,100,1102
33281,100,1104
33282,100,1090
33283,100,1104
33284,100,1092
33285,98,1626
33286,98,1100
33287,100,1096
33288,100,1098
33289,100,1096
33290,100,1100
33291,98,1092
33292,98,1104
33293,100,1096
33294,98,1092
33295,102,1096
33296,98,1090
33297,100,1092
33298,104,1098
33299,98,1102
33300,100,1092
33301,98,1092
33302,100,1096
33303,100,1098
33304,98,1640
33305,100,1100
33306,98,1102
33307,98,1102
33308,100,1086
33309,98,1096
33310,98,1094
33311,98,1088
33312,98,1104
33313,100,1104
33314,98,1092
33315,100,1090
33316,98,1092
33317,100,1094
33318,100,1106
33319,98,1042
33320,100,1104
33321,98,1106
33322,98,1092
33323,98,1096
33324,100,1536
33325,98,1110
33326,102,1136
33327,148,1162
33328,98,1144
33329,156,1144
33330,146,1152
33331,146,1098
33332,98,1408
33333,102,1092
33334,96,1092
33335,98,1092
33336,102,1098
33337,102,1098
33338,102,1100
33339,98,1100
33340,98,1098
33341,100,1094
33342,100,1094
33343,100,1098
33344,100,1096
33345,100,1104
33346,100,1096
33347,98,1098
33348,96,1094
33349,100,1098
33350,100,1098
33351,100,1590
33352,100,1092
33353,98,1100
33354,98,1098
33355,102,1100
33356,98,1096
33357,100,1092
33358,98,1092
33359,100,1098
33360,98,1094
33361,100,1098
33362,102,1088
33363,100,1096
33364,98,1098
33365,98,1098
33366,98,1104
33367,100,1094
33368,100,1098
33369,98,1108
33370,98,1580
33371,100,1092
33372,100,1100
33373,100,1090
33374,98,1094
33375,98,1094
33376,100,1092
33377,98,1104
33378,104,1092
33379,100,1100
33380,98,1106
33381,100,1098
33382,100,1104
33383,98,1094
33384,100,1092
33385,102,1092
33386,100,1088
33387,100,1098
33388,100,1092
33389,98,1630
33390,98,1100
33391,100,1092
33392,98,1114
33393,98,1094
33394,100,1104
33395,98,1092
33396,100,1108
33397,100,1092
33398,102,1104
33399,100,1092
33400,98,1094
33401,98,1098
33402,98,1086
33403,102,1092
33404,98,1098
33405,100,1094
33406,102,1090
33407,98,1104
33408,98,1660
33409,98,1100
33410,98,1094
33411,100,1094
33412,100,1090
33413,102,1088
33414,98,1092
33415,98,1102
33416,100,1090
33417,98,1108
33418,98,1092
33419,102,1098
33420,100,1092
33421,98,1092
33422,102,1100
33423,100,1092
33424,100,1092
33425,98,1088
33426,98,1098
33427,100,1578
33428,96,1098
33429,102,1100
33430,100,1094
33431,102,1094
33432,98,1100
33433,98,1092
33434,98,1098
33435,100,1092
33436,98,1092
33437,100,1116
33438,100,1092
33439,100,1092
33440,98,1092
33441,98,1104
33442,100,1092
33443,100,1096
33444,98,1094
33445,100,1086
33446,98,1614
33447,102,1100
33448,100,1100
33449,100,1098
33450,102,1104
33451,98,1100
33452,102,1086
33453,100,1092
33454,100,1100
33455,100,1100
33456,98,1092
33457,100,1086
33458,96,1094
33459,100,1092
33460,98,1098
33461,100,1094
33462,98,1106
33463,100,1088
33464,98,1092
33465,98,1572
33466,100,1098
33467,100,1096
33468,100,1094
33469,98,1098
33470,98,1090
33471,102,1092
33472,100,1110
33473,100,1094
33474,100,1088
33475,98,1096
33476,98,1104
33477,100,1092
33478,98,1094
33479,100,1100
33480,98,1098
33481,96,1098
33482,102,1104
33483,100,1092
33484,100,1590
33485,100,1098
33486,98,1040
33487,98,1094
33488,98,966
33489,98,1044
33490,102,1104
33491,100,1092
33492,98,1098
33493,100,1100
33494,96,1092
33495,100,1096
33496,98,1094
33497,98,1100
33498,102,1096
33499,98,1092
33500,98,1096
33501,100,1094
33502,98,1088
33503,98,1092
33504,98,1100
33505,100,1424
33506,96,1100
33507,98,1102
33508,98,1102
33509,98,1096
33510,100,1102
33511,98,1096
33512,100,1094
33513,98,1096
33514,98,1088
33515,100,1102
33516,98,1092
33517,100,1096
33518,98,1104
33519,98,1102
33520,102,1092
33521,96,1094
33522,100,1104
33523,100,1100
33524,96,1578
33525,100,1098
33526,100,1098
33527,100,1096
33528,98,1102
33529,100,1104
33530,100,1092
33531,100,1098
33532,98,1108
33533,100,1094
33534,98,1092
33535,98,1096
33536,98,1094
33537,100,1098
33538,100,1096
33539,96,1098
33540,96,1108
33541,98,1090
33542,100,1090
33543,100,1094
33544,100,1548
33545,100,1096
33546,100,1092
33547,98,1104
33548,98,1092
33549,100,1086
33550,98,1092
33551,96,1108
33552,98,1092
33553,100,1092
33554,98,1110
33555,98,1098
33556,98,1104
33557,100,1094
33558,100,1108
33559,100,1094
33560,100,1098
33561,102,1094
33562,94,1096
33563,100,1586
33564,98,1092
33565,98,1098
33566,100,1096
33567,100,1088
33568,104,1100
33569,104,1092
33570,100,1094
33571,98,1096
33572,100,1098
33573,98,1098
33574,100,1088
33575,98,1104
33576,100,1092
33577,98,1098
33578,96,1112
33579,98,1100
33580,102,1100
33581,98,1092
33582,96,1574
33583,98,1108
33584,98,1092
33585,100,996
33586,98,1108
33587,100,1104
33588,98,1092
33589,102,1092
33590,100,1096
33591,98,1098
33592,98,1088
33593,98,1094
33594,100,1088
33595,100,1098
33596,100,1098
33597,98,1098
33598,100,1100
33599,98,1092
33600,100,1092
33601,96,1632
33602,100,1092
33603,104,1090
33604,98,1088
33605,98,1098
33606,100,1092
33607,98,1106
33608,98,1104
33609,102,1092
33610,100,1098
33611,100,1094
33612,98,1096
33613,98,1092
33614,100,1098
33615,98,1096
33616,98,1094
33617,100,1096
33618,100,1094
33619,100,1102
33620,98,1628
33621,98,1096
33622,98,1098
33623,96,1102
33624,98,1096
33625,100,1090
33626,100,1100
33627,100,1096
33628,100,1092
33629,98,1088
33630,100,1104
33631,100,972
33632,100,1092
33633,100,1108
33634,100,1092
33635,98,1092
33636,98,1100
33637,100,1096
33638,98,1098
33639,100,1094
33640,98,1532
33641,98,1102
33642,98,1088
33643,100,1104
33644,100,1098
33645,100,1096
33646,98,1102
33647,104,1096
33648,98,1100
33649,100,1092
33650,100,1104
33651,100,1096
33652,96,1088
33653,104,1092
33654,98,1100
33655,100,1094
33656,100,1092
33657,98,1096
33658,100,1100
33659,98,1600
33660,100,1088
33661,96,1092
33662,98,1098
33663,100,1096
33664,100,1092
33665,100,1090
33666,98,1100
33667,100,1108
33668,98,1088
33669,100,1092
33670,100,1092
33671,98,1098
33672,100,1100
33673,100,1098
33674,100,1092
33675,98,1104
33676,98,1096
33677,100,1098
33678,98,1582
33679,98,1098
33680,100,1094
33681,100,1092
33682,100,1092
33683,100,1098
33684,100,1092
33685,98,1086
33686,100,1096
33687,100,1096
33688,98,1096
33689,98,1094
33690,98,1102
33691,98,1098
33692,100,1092
33693,100,1102
33694,98,1104
33695,96,1092
33696,100,1096
33697,100,1640
33698,100,1108
33699,96,1092
33700,100,1092
33701,98,1096
33702,98,1102
33703,100,1100
33704,102,1096
33705,100,1104
33706,96,1098
33707,98,1092
33708,100,1098
33709,100,1106
33710,100,1098
33711,96,1098
33712,98,1102
33713,98,1092
33714,98,1096
33715,98,1100
33716,98,1628
33717,98,1098
33718,100,1092
33719,98,1098
33720,100,1096
33721,98,1102
33722,104,1098
33723,100,1100
33724,100,1092
33725,98,1098
33726,98,1088
33727,98,1104
33728,100,1102
33729,100,1098
33730,100,1108
33731,100,1094
33732,100,1102
33733,100,1096
33734,98,1098
33735,100,1098
33736,98,1564
33737,96,1094
33738,98,1088
33739,100,1098
33740,102,1094
33741,100,1092
33742,98,1108
33743,100,1094
33744,100,1092
33745,98,1102
33746,98,1088
33747,100,1096
33748,96,1098
33749,98,1094
33750,100,1092
33751,98,1100
33752,100,1104
33753,100,1086
33754,100,1090
33755,102,1096
33756,96,1096
33757,100,1096
33758,98,1096
33759,98,1092
33760,100,1088
33761,100,1108
33762,100,1100
33763,100,1088
33764,98,1098
33765,104,1098
33766,98,1094
33767,98,1098
33768,96,1088
33769,102,1602
33770,98,988
33771,100,1094
33772,100,1098
33773,98,1100
33774,100,1098
33775,100,1096
33776,100,1098
33777,98,1098
33778,96,1102
33779,100,1098
33780,98,1102
33781,98,1094
33782,100,1098
33783,102,1098
33784,100,1098
33785,98,1104
33786,98,1096
33787,98,1096
33788,104,1620
33789,102,1100
33790,102,1098
33791,102,1102
33792,100,1092
33793,100,1104
33794,102,1100
33795,98,1092
33796,98,1104
33797,100,1092
33798,100,1104
33799,96,1092
33800,100,1096
33801,100,1094
33802,100,1092
33803,100,1090
33804,98,1102
33805,102,1092
33806,102,1096
33807,100,1626
33808,98,1098
33809,100,1092
33810,98,1092
33811,100,1100
33812,102,1092
33813,96,1094
33814,100,1092
33815,100,1094
33816,100,1002
33817,98,1096
33818,102,1094
33819,100,1106
33820,98,1102
33821,100,1102
33822,96,1098
33823,98,1092
33824,102,1092
33825,100,1094
33826,100,1632
33827,98,1098
33828,98,1092
33829,96,1094
33830,96,1098
33831,100,1098
33832,98,1098
33833,100,1102
33834,98,1096
33835,100,1104
33836,102,1096
33837,98,1102
33838,100,1092
33839,100,1096
33840,100,1096
33841,104,1096
33842,98,1094
33843,100,1096
33844,100,1096
33845,100,1618
33846,100,1096
33847,100,1088
33848,102,1096
33849,98,1100
33850,100,1092
33851,98,1100
33852,98,1096
33853,102,1102
33854,102,1108
33855,100,1104
33856,100,1096
33857,98,1094
33858,100,1096
33859,98,1096
33860,102,1092
33861,98,1098
33862,98,1100
33863,98,1088
33864,100,1580
33865,98,1098
33866,102,1100
33867,98,1098
33868,98,1098
33869,98,1094
33870,100,1092
33871,100,1092
33872,100,1098
33873,100,1098
33874,100,1098
33875,102,1098
33876,100,1110
33877,102,1096
33878,98,1092
33879,98,1104
33880,100,1100
33881,100,1098
33882,98,1094
33883,100,1620
33884,104,1098
33885,100,1094
33886,100,1104
33887,98,1096
33888,100,1098
33889,100,1104
33890,102,1098
33891,100,1106
33892,98,1098
33893,100,1100
33894,98,1110
33895,98,1100
33896,102,1090
33897,102,1104
33898,100,1102
33899,100,1092
33900,96,1096
33901,98,1110
33902,102,1598
33903,102,1102
33904,100,1104
33905,100,1098
33906,102,1098
33907,100,1104
33908,102,1092
33909,98,1096
33910,100,1098
33911,102,1098
33912,98,1104
33913,102,1088
33914,102,1092
33915,98,1092
33916,102,1094
33917,100,1104
33918,100,1102
33919,102,1098
33920,102,1594
33921,100,1098
33922,98,1094
33923,100,1088
33924,98,1104
33925,102,1092
33926,100,1098
33927,98,1108
33928,98,1098
33929,98,1100
33930,98,1094
33931,98,1094
33932,102,1094
33933,100,1094
33934,100,1098
33935,100,1106
33936,98,1102
33937,98,1092
33938,100,1098
33939,98,1610
33940,98,1108
33941,102,1102
33942,100,1100
33943,98,1092
33944,98,1106
33945,100,1096
33946,102,1096
33947,98,1104
33948,98,1106
33949,100,1104
33950,102,1098
33951,98,1102
33952,100,1098
33953,102,1096
33954,100,1096
33955,102,1122
33956,98,1096
33957,100,1096
33958,98,1566
33959,98,1096
33960,96,1092
33961,102,1094
33962,102,1102
33963,98,1102
33964,100,1096
33965,100,1096
33966,100,1096
33967,100,1098
33968,98,1098
33969,98,1094
33970,98,1102
33971,98,1096
33972,100,1096
33973,100,1100
33974,102,1098
33975,100,1096
33976,98,1096
33977,106,1632
33978,98,1102
33979,100,1096
33980,104,1094
33981,98,1094
33982,98,1096
33983,98,1094
33984,100,1110
33985,98,1094
33986,102,1094
33987,98,1092
33988,100,1100
33989,102,1108
33990,100,1092
33991,102,1108
33992,100,1096
33993,100,1092
33994,98,1098
33995,96,1102
33996,98,1638
33997,98,1090
33998,102,1092
33999,92,1092
34000,98,1088
34001,102,1104
34002,100,1096
34003,102,1092
34004,102,1102
34005,102,1098
34006,96,1098
34007,98,1104
34008,96,1098
34009,98,1090
34010,102,1092
34011,100,1098
34012,100,1096
34013,102,1098
34014,98,1102
34015,98,1614
34016,102,1094
34017,98,1098
34018,98,1096
34019,100,1090
34020,100,1088
34021,98,1090
34022,104,1098
34023,98,1094
34024,98,1098
34025,102,1088
34026,100,1096
34027,104,1104
34028,98,1094
34029,98,1098
34030,98,1100
34031,100,1090
34032,100,1088
34033,98,1098
34034,100,1640
34035,96,1102
34036,100,1096
34037,100,1094
34038,98,1094
34039,102,1092
34040,102,1102
34041,102,1098
34042,100,1094
34043,100,1096
34044,102,1100
34045,98,1094
34046,100,1094
34047,100,1104
34048,96,1100
34049,94,1102
34050,98,1092
34051,102,1092
34052,98,1094
34053,98,1582
34054,98,1098
34055,100,1102
34056,100,1092
34057,100,1092
34058,98,1092
34059,100,1098
34060,96,1096
34061,100,1096
34062,98,1098
34063,102,1090
34064,98,1096
34065,98,1092
34066,100,1100
34067,100,1086
34068,98,1098
34069,100,1098
34070,102,1092
34071,98,1086
34072,98,1098
34073,100,1406
34074,100,1098
34075,102,1098
34076,100,1098
34077,100,1094
34078,98,1092
34079,100,1104
34080,98,1092
34081,98,1096
34082,98,1088
34083,98,1114
34084,100,1104
34085,102,1098
34086,98,1092
34087,102,1092
34088,102,1108
34089,100,1098
34090,100,1104
34091,98,1092
34092,98,1656
34093,98,1092
34094,98,972
34095,100,1096
34096,100,1098
34097,102,1098
34098,102,1098
34099,100,1092
34100,102,1092
34101,96,1098
34102,98,1110
34103,98,1098
34104,98,1098
34105,100,1110
34106,104,1092
34107,98,1092
34108,98,1098
34109,100,1096
34110,98,1100
34111,98,1092
34112,100,1560
34113,98,1096
34114,100,1092
34115,100,1092
34116,98,1096
34117,98,1094
34118,102,1090
34119,100,1096
34120,98,1094
34121,102,1094
34122,100,1098
34123,98,1104
34124,100,1102
34125,98,1098
34126,100,1098
34127,98,1092
34128,100,1090
34129,98,1102
34130,100,1102
34131,100,1622
34132,98,1100
34133,96,1092
34134,98,1098
34135,102,1100
34136,100,1098
34137,98,1106
34138,100,1098
34139,98,1092
34140,98,962
34141,100,1104
34142,98,1098
34143,98,1096
34144,98,1096
34145,102,1092
34146,100,1104
34147,102,1096
34148,104,1100
34149,100,1092
34150,98,1092
34151,100,1524
34152,98,1098
34153,100,1086
34154,102,1088
34155,102,1098
34156,98,1092
34157,100,1088
34158,98,1108
34159,98,1096
34160,104,1096
34161,100,1098
34162,98,1100
34163,100,1096
34164,100,1094
34165,98,1084
34166,98,1094
34167,98,1096
34168,100,1102
34169,102,1092
34170,100,1628
34171,102,1092
34172,98,1102
34173,96,1100
34174,100,1098
34175,98,1102
34176,100,1098
34177,100,1092
34178,102,1094
34179,100,1092
34180,100,1098
34181,98,1108
34182,100,1092
34183,100,1092
34184,106,1098
34185,100,1092
34186,100,1094
34187,100,1094
34188,100,1098
34189,98,1632
34190,102,1092
34191,100,1088
34192,98,1104
34193,102,1092
34194,100,1098
34195,102,1106
34196,102,1104
34197,100,1092
34198,100,1102
34199,100,1096
34200,100,1094
34201,98,1092
34202,102,1096
34203,100,1094
34204,98,1098
34205,102,1098
34206,98,1098
34207,102,1090
34208,98,1562
34209,98,1094
34210,102,1098
34211,100,1090
34212,100,1108
34213,98,1098
34214,102,1092
34215,98,1092
34216,100,1104
34217,102,1094
34218,102,1100
34219,102,1098
34220,98,1104
34221,98,1102
34222,100,1098
34223,98,1102
34224,98,1098
34225,100,1094
34226,108,1094
34227,98,1596
34228,98,1092
34229,98,1104
34230,98,1102
34231,102,1086
34232,100,1100
34233,102,1094
34234,100,1092
34235,98,1092
34236,100,1092
34237,98,1092
34238,102,1102
34239,98,1092
34240,98,1098
34241,98,1102
34242,100,1098
34243,102,1102
34244,98,1100
34245,98,1100
34246,98,1602
34247,98,1096
34248,98,1098
34249,98,1094
34250,100,1100
34251,98,1102
34252,100,1092
34253,102,1098
34254,98,1098
34255,102,1098
34256,100,1106
34257,100,1098
34258,96,1094
34259,98,1098
34260,100,1094
34261,100,1092
34262,100,1098
34263,100,1100
34264,98,1098
34265,102,1564
34266,100,1098
34267,102,1092
34268,98,1088
34269,98,1098
34270,98,1096
34271,98,1092
34272,98,1094
34273,100,1104
34274,102,1088
34275,98,1096
34276,100,1100
34277,100,1102
34278,98,1098
34279,96,1050
34280,104,1104
34281,96,1094
34282,100,1098
34283,98,1098
34284,98,1588
34285,98,1092
34286,98,1098
34287,102,1098
34288,100,1096
34289,100,1092
34290,98,1100
34291,100,1102
34292,102,1098
34293,98,1104
34294,104,1098
34295,102,1098
34296,98,1090
34297,98,1102
34298,102,1092
34299,98,1092
34300,100,1092
34301,102,1098
34302,100,1100
34303,102,1572
34304,100,1098
34305,100,1102
34306,98,1100
34307,98,1098
34308,98,1094
34309,100,1096
34310,98,1108
34311,96,1090
34312,98,1100
34313,102,1104
34314,96,1094
34315,102,1090
34316,102,1100
34317,98,1098
34318,98,1096
34319,98,1100
34320,98,1098
34321,98,1106
34322,102,1582
34323,98,1106
34324,100,1096
34325,98,1102
34326,98,1100
34327,100,1094
34328,98,1094
34329,106,1092
34330,98,1096
34331,100,1102
34332,100,1094
34333,98,1100
34334,96,1092
34335,98,1094
34336,98,1092
34337,98,1106
34338,98,1100
34339,100,1086
34340,102,1098
34341,100,1582
34342,98,1092
34343,100,1092
34344,98,1092
34345,100,1098
34346,100,1096
34347,98,1092
34348,98,1098
34349,100,1094
34350,96,1088
34351,102,1092
34352,102,1096
34353,98,1098
34354,100,1096
34355,100,1094
34356,100,1092
34357,102,1098
34358,100,1092
34359,100,1096
34360,98,1584
34361,98,1104
34362,102,1096
34363,102,1096
34364,98,1098
34365,100,1092
34366,100,1102
34367,98,1100
34368,100,1100
34369,100,1102
34370,102,1094
34371,96,1098
34372,98,1098
34373,98,1098
34374,100,1098
34375,96,1104
34376,104,1104
34377,100,1102
34378,98,1092
34379,98,1590
34380,98,1108
34381,100,1094
34382,100,1090
34383,98,1092
34384,96,1100
34385,102,1096
34386,100,1096
34387,98,1096
34388,102,1098
34389,100,1098
34390,98,1546
34391,102,1094
34392,100,1092
34393,98,1096
34394,102,1092
34395,100,1094
34396,100,1640
34397,98,1094
34398,98,1098
34399,102,1092
34400,98,1098
34401,100,1096
34402,98,1100
34403,100,1096
34404,100,1092
34405,100,1102
34406,102,1100
34407,100,1096
34408,98,1094
34409,96,1094
34410,100,1102
34411,102,1098
34412,98,1100
34413,98,1098
34414,98,1096
34415,98,1596
34416,100,1096
34417,98,1098
34418,102,1094
34419,98,1108
34420,98,1094
34421,100,1092
34422,98,1096
34423,102,1100
34424,102,1094
34425,98,1090
34426,100,1096
34427,98,1098
34428,100,1094
34429,102,1098
34430,98,1094
34431,100,1094
34432,100,1092
34433,102,1092
34434,98,1606
34435,98,1092
34436,100,1098
34437,100,1092
34438,98,1096
34439,94,1090
34440,100,1092
34441,102,1098
34442,102,1088
34443,98,1096
34444,102,1096
34445,100,1110
34446,102,1096
34447,102,1092
34448,102,1100
34449,100,1092
34450,98,1098
34451,100,1098
34452,100,1092
34453,96,1632
34454,106,1102
34455,100,1092
34456,98,1098
34457,100,1092
34458,98,1096
34459,98,1098
34460,102,1092
34461,98,1094
34462,98,1094
34463,100,1098
34464,98,1044
34465,100,1100
34466,100,1100
34467,98,1090
34468,98,1094
34469,102,1088
34470,100,1098
34471,100,1104
34472,100,1642
34473,98,1098
34474,100,1098
34475,100,1088
34476,98,1096
34477,100,1110
34478,102,1098
34479,98,1094
34480,102,1098
34481,98,1098
34482,96,1088
34483,102,1092
34484,98,1094
34485,98,1092
34486,98,1092
34487,100,1110
34488,100,1088
34489,98,1088
34490,98,1104
34491,98,1592
34492,98,1094
34493,98,1104
34494,100,1092
34495,98,1096
34496,104,1100
34497,100,1102
34498,96,1096
34499,98,1100
34500,98,1096
34501,98,1094
34502,102,1104
34503,100,1094
34504,100,1094
34505,100,1098
34506,98,1104
34507,102,1092
34508,102,1094
34509,102,1094
34510,96,1092
34511,98,1590
34512,100,1096
34513,100,1092
34514,104,1092
34515,96,1106
34516,98,1102
34517,98,1096
34518,100,1092
34519,106,1092
34520,102,1104
34521,100,1094
34522,98,1096
34523,98,1092
34524,100,1096
34525,100,1092
34526,102,1094
34527,98,1104
34528,96,1092
34529,102,1100
34530,102,1598
34531,100,1098
34532,102,1092
34533,98,1104
34534,100,1094
34535,100,1094
34536,100,1092
34537,98,1092
34538,98,1104
34539,98,1088
34540,102,1094
34541,102,1094
34542,100,1098
34543,100,1092
34544,100,1092
34545,102,1094
34546,100,1092
34547,98,1092
34548,100,1098
34549,98,1576
34550,98,1092
34551,98,1098
34552,98,1102
34553,102,1092
34554,98,1092
34555,102,1092
34556,100,1098
34557,100,1098
34558,100,1092
34559,100,1092
34560,98,1092
34561,98,1100
34562,104,1106
34563,100,1108
34564,100,1096
34565,98,1092
34566,100,1098
34567,102,1098
34568,102,1630
34569,100,1098
34570,102,1096
34571,98,1104
34572,98,1094
34573,102,1104
34574,98,1088
34575,100,1092
34576,100,1092
34577,102,1104
34578,100,1092
34579,98,1098
34580,102,1100
34581,98,1108
34582,100,1094
34583,100,1100
34584,98,1100
34585,100,1092
34586,102,1088
34587,102,1632
34588,98,1096
34589,102,1092
34590,100,1098
34591,102,1094
34592,98,1100
34593,100,1090
34594,96,1098
34595,98,1092
34596,100,1096
34597,98,1098
34598,102,1096
34599,98,1088
34600,100,1094
34601,104,1094
34602,100,1102
34603,104,1046
34604,102,1096
34605,98,1094
34606,100,1098
34607,98,1400
34608,100,1092
34609,100,1110
34610,98,1092
34611,100,1098
34612,100,1102
34613,102,1094
34614,98,1096
34615,102,1092
34616,106,1096
34617,98,1104
34618,98,1088
34619,98,1092
34620,98,1094
34621,100,1092
34622,100,1088
34623,98,1096
34624,100,1098
34625,100,1088
34626,100,1640
34627,102,1092
34628,102,1098
34629,100,1104
34630,100,1108
34631,98,1094
34632,100,1092
34633,100,1102
34634,102,1092
34635,98,1096
34636,100,1092
34637,106,1104
34638,98,1100
34639,102,1100
34640,98,1092
34641,96,1098
34642,98,1094
34643,100,1092
34644,96,1116
34645,102,1608
34646,98,1090
34647,102,1092
34648,100,1096
34649,96,1086
34650,98,1096
34651,102,1092
34652,98,1096
34653,102,1094
34654,100,1098
34655,98,1092
34656,98,1096
34657,98,1092
34658,98,1090
34659,100,1092
34660,100,1096
34661,102,1098
34662,100,1096
34663,100,1096
34664,100,1644
34665,100,1098
34666,100,1106
34667,98,1092
34668,100,1092
34669,98,1096
34670,102,1098
34671,100,1094
34672,98,1098
34673,98,1096
34674,98,1098
34675,102,1088
34676,98,1094
34677,98,1098
34678,98,1092
34679,100,1102
34680,100,1092
34681,100,1098
34682,100,1092
34683,100,1584
34684,100,1098
34685,102,1098
34686,100,1092
34687,102,1088
34688,102,1102
34689,102,1100
34690,98,1098
34691,100,1098
34692,100,1104
34693,100,1094
34694,102,1092
34695,102,1104
34696,100,1092
34697,102,1102
34698,98,1104
34699,100,1092
34700,102,1096
34701,100,1098
34702,98,1100
34703,98,1410
34704,102,1094
34705,100,1088
34706,98,1092
34707,100,1100
34708,98,1098
34709,98,1092
34710,100,1096
34711,98,1098
34712,104,1096
34713,98,1098
34714,100,1092
34715,100,1098
34716,100,1098
34717,100,1102
34718,98,1094
34719,100,1092
34720,98,1098
34721,102,1092
34722,100,1578
34723,104,1092
34724,102,1098
34725,100,1096
34726,98,1092
34727,98,1098
34728,98,1094
34729,98,1098
34730,100,1094
34731,100,1098
34732,98,1106
34733,102,1102
34734,100,1102
34735,102,1102
34736,98,1096
34737,102,1098
34738,100,1100
34739,98,1088
34740,100,1092
34741,98,1604
34742,102,1102
34743,100,1092
34744,98,1098
34745,102,1094
34746,98,1098
34747,98,1092
34748,102,1098
34749,96,1096
34750,100,1100
34751,100,1094
34752,102,1100
34753,98,1094
34754,102,1092
34755,100,1104
34756,98,1096
34757,100,1094
34758,100,1096
34759,102,1104
34760,98,1596
34761,100,1094
34762,98,1098
34763,100,1090
34764,100,1098
34765,98,1104
34766,98,1096
34767,98,1094
34768,100,1094
34769,102,1096
34770,102,1096
34771,100,1102
34772,98,1092
34773,100,1106
34774,96,1098
34775,100,1098
34776,100,1104
34777,98,1094
34778,100,1092
34779,98,1404
34780,98,1102
34781,100,1096
34782,98,1098
34783,98,1092
34784,100,1098
34785,102,1092
34786,100,1088
34787,100,1098
34788,100,1108
34789,98,1096
34790,100,1096
34791,100,1110
34792,100,1102
34793,98,1092
34794,100,1090
34795,100,1098
34796,102,1096
34797,98,1106
34798,96,1620
34799,102,1102
34800,98,1102
34801,100,1104
34802,98,1092
34803,98,1106
34804,100,1094
34805,100,1088
34806,98,1098
34807,98,1100
34808,98,1094
34809,98,1092
34810,98,1098
34811,96,1102
34812,100,1098
34813,98,1088
34814,98,1092
34815,98,1098
34816,102,1094
34817,98,1622
34818,98,1098
34819,100,1096
34820,100,1096
34821,100,1094
34822,100,1098
34823,102,1100
34824,100,1104
34825,102,1088
34826,98,1096
34827,98,1094
34828,100,1098
34829,100,1092
34830,100,1090
34831,98,1092
34832,102,1088
34833,100,1092
34834,98,1098
34835,100,1044
34836,98,1644
34837,96,1100
34838,100,1098
34839,100,1102
34840,98,1096
34841,98,1092
34842,96,1092
34843,98,1104
34844,102,1104
34845,98,1104
34846,100,1098
34847,98,1086
34848,98,1096
34849,106,1102
34850,100,1098
34851,100,1104
34852,98,1098
34853,102,1094
34854,98,1094
34855,104,1638
34856,100,1100
34857,98,1098
34858,100,1094
34859,98,1098
34860,98,1102
34861,106,1092
34862,98,1094
34863,98,1094
34864,98,1092
34865,98,1092
34866,98,1094
34867,100,1102
34868,100,1092
34869,100,1092
34870,98,1098
34871,102,1098
34872,100,1088
34873,102,1088
34874,102,1578
34875,100,1090
34876,98,1092
34877,100,1100
34878,98,1092
34879,100,1104
34880,102,1092
34881,98,1098
34882,98,1098
34883,98,1094
34884,98,1102
34885,102,1108
34886,102,1092
34887,100,1104
34888,100,1100
34889,98,1106
34890,102,1092
34891,98,1094
34892,100,1094
34893,98,1564
34894,98,1094
34895,104,1102
34896,96,1098
34897,100,1102
34898,98,1092
34899,100,1106
34900,98,1096
34901,98,1104
34902,98,1098
34903,98,1092
34904,102,1094
34905,100,1092
34906,98,1098
34907,102,1092
34908,96,1098
34909,100,1098
34910,98,1100
34911,98,1104
34912,102,1622
34913,100,1094
34914,100,1096
34915,104,1108
34916,102,1092
34917,98,1108
34918,100,1088
34919,102,1094
34920,100,1098
34921,102,1094
34922,102,1088
34923,98,1096
34924,98,1100
34925,98,1094
34926,100,1092
34927,100,1092
34928,104,1092
34929,98,1098
34930,96,1092
34931,102,1638
34932,100,1092
34933,102,1100
34934,100,1094
34935,102,1100
34936,100,1098
34937,100,1096
34938,98,1098
34939,100,1092
34940,98,1098
34941,96,1092
34942,100,1098
34943,98,1094
34944,102,1100
34945,98,1098
34946,104,1098
34947,100,1104
34948,100,1098
34949,100,1104
34950,98,1602
34951,100,1106
34952,102,1104
34953,100,1096
34954,98,1098
34955,98,1092
34956,100,1104
34957,98,1106
34958,100,1092
34959,98,1094
34960,96,1104
34961,100,1090
34962,98,1102
34963,98,1102
34964,98,1632
34965,98,1094
34966,100,1092
34967,98,1100
34968,100,1104
34969,98,1088
34970,100,1098
34971,98,1104
34972,96,1098
34973,98,1036
34974,102,1106
34975,100,1096
34976,94,1096
34977,100,1092
34978,98,1100
34979,98,1090
34980,100,1092
34981,100,1104
34982,100,1092
34983,100,1594
34984,100,1114
34985,100,1096
34986,98,1104
34987,100,1102
34988,98,1096
34989,98,1094
34990,94,1086
34991,100,1098
34992,100,1100
34993,98,1098
34994,96,1098
34995,98,1098
34996,100,1098
34997,98,1092
34998,100,1092
34999,98,1104
35000,100,1092
35001,98,1092
35002,100,1588
35003,100,1102
35004,100,1102
35005,96,1092
35006,100,1098
35007,98,1094
35008,100,1088
35009,96,1104
35010,98,1096
35011,98,1096
35012,98,1088
35013,102,1098
35014,100,1110
35015,98,1094
35016,100,1100
35017,100,1094
35018,100,1092
35019,98,1090
35020,100,1096
35021,100,1612
35022,102,1086
35023,102,1092
35024,100,1096
35025,100,1088
35026,100,1092
35027,100,1106
35028,98,1098
35029,96,1098
35030,102,1096
35031,100,1098
35032,98,1102
35033,100,1098
35034,98,1094
35035,100,1100
35036,98,1092
35037,102,1096
35038,98,1094
35039,96,1100
35040,100,1602
35041,100,1094
35042,98,1092
35043,98,1096
35044,102,1090
35045,98,1098
35046,100,1104
35047,98,1096
35048,100,1770
35049,100,1098
35050,100,1096
35051,98,1092
35052,100,1100
35053,98,1096
35054,100,1092
35055,98,1096
35056,100,1092
35057,98,1560
35058,100,1092
35059,98,1098
35060,98,1096
35061,98,1096
35062,98,1104
35063,100,1098
35064,98,1098
35065,100,1086
35066,100,1102
35067,98,1102
35068,100,1096
35069,100,1092
35070,102,1096
35071,98,1102
35072,100,1100
35073,98,1094
35074,102,1106
35075,100,1098
35076,98,1616
35077,96,1092
35078,100,1098
35079,100,1096
35080,100,1092
35081,98,1100
35082,98,1100
35083,102,1092
35084,100,1106
35085,100,1096
35086,98,1098
35087,100,1092
35088,98,1088
35089,100,1094
35090,100,1094
35091,98,1092
35092,100,1098
35093,98,1098
35094,100,1092
35095,98,1572
35096,100,1092
35097,98,1092
35098,100,1092
35099,98,1100
35100,100,1092
35101,98,1102
35102,98,1100
35103,98,1098
35104,100,1092
35105,100,1094
35106,100,1106
35107,100,1098
35108,96,1102
35109,100,1088
35110,100,1104
35111,94,1098
35112,100,1088
35113,98,1096
35114,100,1564
35115,100,1094
35116,98,1092
35117,98,1102
35118,100,1092
35119,100,1102
35120,98,1090
35121,98,1096
35122,98,1092
35123,100,1104
35124,100,1092
35125,100,1100
35126,98,1094
35127,100,1094
35128,98,1092
35129,100,1096
35130,98,1102
35131,100,1100
35132,98,1098
35133,98,1608
35134,98,1102
35135,100,1098
35136,98,1092
35137,96,1096
35138,100,1100
35139,98,1096
35140,98,1090
35141,100,1092
35142,100,1098
35143,94,1102
35144,98,1092
35145,100,1094
35146,100,1110
35147,100,1104
35148,100,1092
35149,96,1092
35150,100,1100
35151,100,1092
35152,100,1660
35153,100,1092
35154,100,1094
35155,100,1096
35156,100,1096
35157,100,1094
35158,100,988
35159,98,1098
35160,100,1094
35161,100,1102
35162,98,1098
35163,100,1100
35164,98,1100
35165,98,1096
35166,100,1096
35167,100,1098
35168,100,1092
35169,104,1092
35170,100,1096
35171,102,1098
35172,100,1430
35173,100,1098
35174,100,1096
35175,96,1104
35176,98,1092
35177,96,1098
35178,100,1088
35179,100,1104
35180,98,1098
35181,98,1092
35182,96,1096
35183,94,1092
35184,98,1092
35185,96,1098
35186,100,1090
35187,98,1100
35188,98,1090
35189,100,1096
35190,100,1090
35191,100,1582
35192,102,1096
35193,100,1094
35194,100,1092
35195,102,1098
35196,100,1098
35197,94,1100
35198,100,1098
35199,100,1100
35200,100,1108
35201,96,1090
35202,98,1096
35203,100,1102
35204,98,1096
35205,100,1092
35206,98,1096
35207,98,1100
35208,98,1098
35209,98,1092
35210,100,1094
35211,98,1416
35212,98,1094
35213,100,1096
35214,98,1098
35215,98,1092
35216,98,1098
35217,98,1102
35218,98,1104
35219,100,1098
35220,98,1098
35221,100,1100
35222,98,1094
35223,100,1102
35224,100,1098
35225,98,1092
35226,98,1098
35227,98,1100
35228,100,1098
35229,100,1092
35230,98,1626
35231,100,1104
35232,98,1090
35233,98,1092
35234,100,1094
35235,100,1094
35236,102,1094
35237,100,1098
35238,100,1090
35239,98,1096
35240,102,1098
35241,98,1092
35242,98,1104
35243,98,1100
35244,102,1096
35245,104,1094
35246,100,1100
35247,100,1098
35248,98,1094
35249,98,1590
35250,98,1098
35251,100,1040
35252,98,1098
35253,100,1098
35254,98,1096
35255,96,1092
35256,98,1100
35257,98,1096
35258,102,1094
35259,104,1096
35260,100,1102
35261,98,1102
35262,98,1092
35263,98,1092
35264,100,1094
35265,98,1096
35266,100,1094
35267,104,1104
35268,98,1104
35269,102,1524
35270,100,1098
35271,98,1094
35272,100,1098
35273,100,1094
35274,100,1096
35275,100,1092
35276,98,1096
35277,100,1094
35278,100,1102
35279,98,1098
35280,100,1106
35281,98,1094
35282,98,1096
35283,94,1098
35284,100,1098
35285,96,1100
35286,100,1096
35287,100,1100
35288,96,1566
35289,100,1092
35290,98,1100
35291,98,1092
35292,98,1098
35293,98,1094
35294,96,1092
35295,98,1098
35296,98,1096
35297,98,990
35298,98,1090
35299,96,1098
35300,98,1094
35301,100,1090
35302,98,1092
35303,98,1100
35304,98,1096
35305,98,1090
35306,98,1100
35307,100,1098
35308,98,1420
35309,100,1090
35310,98,1104
35311,102,1098
35312,98,1102
35313,106,1098
35314,98,1094
35315,96,1092
35316,100,1098
35317,98,1098
35318,98,1104
35319,100,1096
35320,100,1096
35321,98,1100
35322,98,1098
35323,98,1094
35324,96,1094
35325,100,1100
35326,100,1092
35327,100,1644
35328,100,1104
35329,100,1098
35330,100,1096
35331,98,1098
35332,100,1092
35333,100,1092
35334,96,1092
35335,100,1094
35336,100,1094
35337,98,1092
35338,98,1094
35339,98,1100
35340,98,1088
35341,98,1090
35342,98,1098
35343,100,1102
35344,100,1086
35345,100,1092
35346,98,1104
35347,100,1570
35348,98,1098
35349,98,1100
35350,100,1102
35351,98,1104
35352,100,1092
35353,98,1092
35354,98,1098
35355,100,1092
35356,98,1096
35357,98,1092
35358,98,1102
35359,98,1092
35360,100,1092
35361,100,1092
35362,100,1098
35363,100,1098
35364,104,1090
35365,98,1100
35366,96,1098
35367,98,1568
35368,100,1098
35369,100,1102
35370,100,1100
35371,98,1104
35372,98,1092
35373,100,1098
35374,102,1094
35375,100,1090
35376,98,1098
35377,98,1098
35378,102,1096
35379,100,1092
35380,100,1114
35381,100,1098
35382,98,1100
35383,100,1094
35384,98,1104
35385,98,1110
35386,100,1626
35387,98,1092
35388,96,1092
35389,100,1104
35390,102,1092
35391,102,1098
35392,100,1104
35393,98,1098
35394,98,1092
35395,100,1108
35396,98,1104
35397,100,1102
35398,98,1094
35399,98,1096
35400,98,1096
35401,96,1096
35402,98,1100
35403,100,1098
35404,96,1090
35405,100,1578
35406,100,1092
35407,102,1106
35408,100,1104
35409,100,1096
35410,98,1098
35411,100,1110
35412,98,1096
35413,98,1090
35414,98,1098
35415,98,1088
35416,98,1092
35417,100,1098
35418,100,1092
35419,98,1096
35420,102,1100
35421,100,1096
35422,98,1102
35423,96,1092
35424,100,1620
35425,98,1098
35426,98,1096
35427,100,1098
35428,94,1098
35429,98,1108
35430,98,1100
35431,98,1096
35432,100,1104
35433,100,1092
35434,102,1092
35435,100,1098
35436,98,992
35437,100,1098
35438,102,1098
35439,98,1102
35440,98,1098
35441,98,1092
35442,100,1098
35443,100,1096
35444,98,1596
35445,98,1090
35446,100,1090
35447,96,1096
35448,100,1090
35449,98,1092
35450,94,1088
35451,98,1108
35452,98,1094
35453,100,1102
35454,100,1094
35455,98,1096
35456,100,1094
35457,98,1106
35458,100,1090
35459,98,1092
35460,100,1094
35461,98,1102
35462,98,1088
35463,98,1618
35464,98,1094
35465,100,1090
35466,98,1090
35467,100,1098
35468,100,1092
35469,100,1094
35470,98,1102
35471,98,1098
35472,98,1102
35473,100,1096
35474,100,1100
35475,98,1098
35476,98,1100
35477,98,1098
35478,100,1098
35479,98,1098
35480,102,1096
35481,100,1092
35482,96,1004
35483,100,1376
35484,98,1090
35485,98,1098
35486,94,1092
35487,98,1100
35488,98,1096
35489,98,1092
35490,100,1104
35491,98,1092
35492,100,1092
35493,100,1098
35494,100,1094
35495,104,1102
35496,98,1098
35497,100,1096
35498,100,1092
35499,98,1102
35500,98,1100
35501,100,1092
35502,98,1632
35503,100,1092
35504,100,1090
35505,100,1092
35506,106,1100
35507,98,1100
35508,100,1094
35509,96,1100
35510,100,1092
35511,98,1098
35512,98,1102
35513,98,1098
35514,98,1094
35515,102,1092
35516,100,1088
35517,100,1098
35518,98,1098
35519,98,1096
35520,100,1092
35521,98,1560
35522,100,1098
35523,98,1092
35524,98,1104
35525,100,1100
35526,100,1090
35527,102,1112
35528,98,1104
35529,98,1100
35530,100,1092
35531,98,1096
35532,100,1088
35533,100,1092
35534,96,1110
35535,98,1094
35536,98,1090
35537,98,1092
35538,100,1098
35539,100,1100
35540,102,1600
35541,98,1092
35542,102,1098
35543,100,1092
35544,98,1102
35545,100,1092
35546,102,1096
35547,98,1092
35548,98,1098
35549,98,1096
35550,98,1098
35551,100,1092
35552,98,1092
35553,96,1098
35554,98,1106
35555,100,1092
35556,100,1092
35557,100,1102
35558,98,1102
35559,98,1606
35560,96,1104
35561,94,1098
35562,102,1094
35563,98,1094
35564,98,1094
35565,100,1098
35566,100,1094
35567,98,1098
35568,98,1094
35569,98,1090
35570,100,1106
35571,98,1108
35572,100,1088
35573,96,1094
35574,98,1094
35575,98,990
35576,100,1092
35577,98,1104
35578,100,1094
35579,100,1632
35580,100,1090
35581,98,1088
35582,100,1092
35583,98,1098
35584,96,1098
35585,98,1098
35586,98,1096
35587,98,1096
35588,98,1092
35589,98,1094
35590,98,1092
35591,106,1088
35592,100,1100
35593,98,1092
35594,100,1092
35595,98,1098
35596,98,1090
35597,100,1096
35598,98,1602
35599,100,1098
35600,100,1096
35601,100,1094
35602,100,1094
35603,98,1098
35604,96,1104
35605,98,1092
35606,100,1100
35607,98,1098
35608,100,1100
35609,100,1092
35610,102,1092
35611,96,1098
35612,98,1102
35613,96,1092
35614,98,1090
35615,96,1092
35616,98,1090
35617,104,1576
35618,98,1096
35619,100,1092
35620,98,1104
35621,100,1040
35622,98,1094
35623,98,1092
35624,100,1104
35625,100,1096
35626,98,1090
35627,98,1096
35628,100,1092
35629,100,1098
35630,98,1092
35631,100,1092
35632,98,1096
35633,100,1094
35634,98,1096
35635,98,1102
35636,98,1586
35637,96,1088
35638,100,1098
35639,98,1100
35640,100,1094
35641,100,1088
35642,100,1100
35643,98,1098
35644,98,1096
35645,98,1096
35646,100,1104
35647,100,1096
35648,100,1092
35649,100,1098
35650,100,1096
35651,98,1100
35652,100,1092
35653,98,1100
35654,100,1096
35655,100,1566
35656,104,1098
35657,98,1100
35658,98,1092
35659,98,1094
35660,100,1102
35661,94,1092
35662,100,1092
35663,100,1098
35664,100,1094
35665,100,1092
35666,98,1092
35667,100,1104
35668,98,1096
35669,98,1090
35670,102,1092
35671,98,1094
35672,100,1098
35673,98,1088
35674,100,1604
35675,94,1096
35676,100,1096
35677,98,1092
35678,100,1098
35679,98,1098
35680,98,1094
35681,98,1098
35682,96,1094
35683,100,1094
35684,98,1096
35685,96,1098
35686,98,1098
35687,98,1092
35688,98,1104
35689,98,1098
35690,96,1096
35691,100,1098
35692,100,1104
35693,100,1596
35694,100,1092
35695,96,1096
35696,98,1096
35697,100,1104
35698,98,1102
35699,100,1098
35700,98,1094
35701,98,1090
35702,106,1094
35703,100,1094
35704,100,1092
35705,100,1092
35706,98,1092
35707,98,1098
35708,100,1094
35709,96,1088
35710,98,1098
35711,100,1098
35712,100,1552
35713,100,1092
35714,100,1104
35715,100,1092
35716,100,1104
35717,98,1098
35718,100,1092
35719,100,1096
35720,98,1106
35721,100,1102
35722,98,1108
35723,96,1090
35724,98,1092
35725,100,1096
35726,98,1088
35727,98,1096
35728,100,1098
35729,98,1094
35730,98,1096
35731,98,1102
35732,98,1098
35733,102,1408
35734,102,1102
35735,100,1102
35736,100,1092
35737,100,1096
35738,96,1102
35739,102,1096
35740,98,1100
35741,98,1090
35742,100,1104
35743,100,1092
35744,100,1092
35745,98,1092
35746,98,1100
35747,100,1104
35748,102,1100
35749,102,1106
35750,98,1102
35751,100,1620
35752,98,1104
35753,100,1100
35754,100,1092
35755,100,1096
35756,102,1098
35757,98,1096
35758,100,1096
35759,100,1092
35760,100,1090
35761,92,1092
35762,100,1098
35763,96,1092
35764,98,1094
35765,100,1098
35766,98,1086
35767,100,1094
35768,100,1098
35769,98,1092
35770,100,1590
35771,100,1102
35772,100,1096
35773,100,1092
35774,98,1104
35775,98,1098
35776,96,1092
35777,98,1092
35778,98,1100
35779,100,1092
35780,100,1088
35781,98,1094
35782,98,1098
35783,98,1100
35784,100,1094
35785,98,1098
35786,96,1094
35787,98,1092
35788,98,1108
35789,98,1596
35790,98,1102
35791,98,1096
35792,96,1094
35793,98,1098
35794,100,1086
35795,98,1098
35796,98,1098
35797,98,1096
35798,96,1094
35799,98,1104
35800,100,1098
35801,98,1090
35802,102,1096
35803,98,1092
35804,96,1092
35805,98,1092
35806,98,1014
35807,100,1102
35808,100,1590
35809,100,1088
35810,100,1090
35811,100,1102
35812,94,1088
35813,98,1094
35814,100,1098
35815,98,1092
35816,98,1094
35817,98,1096
35818,100,1096
35819,96,1086
35820,100,1088
35821,100,1096
35822,100,1096
35823,98,1094
35824,98,1096
35825,100,1092
35826,100,1088
35827,96,1568
35828,100,1098
35829,100,1100
35830,98,1086
35831,98,1092
35832,98,1092
35833,98,1100
35834,100,1100
35835,100,1098
35836,98,1094
35837,96,1098
35838,102,1098
35839,98,1100
35840,100,1092
35841,98,1094
35842,102,1098
35843,100,1098
35844,100,1088
35845,98,1098
35846,98,1588
35847,98,1098
35848,96,1096
35849,98,1092
35850,100,1098
35851,100,1092
35852,96,1094
35853,98,1098
35854,98,1102
35855,100,1092
35856,98,1098
35857,100,1094
35858,100,1092
35859,100,1092
35860,98,1098
35861,98,1098
35862,100,1096
35863,96,1090
35864,98,1096
35865,98,1604
35866,98,1092
35867,98,1094
35868,98,1098
35869,102,1094
35870,98,1098
35871,100,1112
35872,100,1098
35873,98,1092
35874,100,1100
35875,98,1092
35876,96,1090
35877,98,1092
35878,102,1098
35879,98,1098
35880,98,1098
35881,100,1092
35882,100,1096
35883,102,1096
35884,98,1578
35885,98,1098
35886,100,1092
35887,98,1104
35888,96,1090
35889,98,1106
35890,102,1092
35891,98,1092
35892,100,1096
35893,98,1098
35894,102,1090
35895,100,1090
35896,100,1094
35897,98,1098
35898,98,1098
35899,100,1090
35900,98,1092
35901,100,1094
35902,100,1088
35903,98,1616
35904,98,1100
35905,100,1092
35906,98,1092
35907,104,1098
35908,100,1090
35909,98,1090
35910,100,1092
35911,100,1098
35912,100,1098
35913,100,1092
35914,98,1098
35915,100,1104
35916,100,1096
35917,100,1098
35918,96,1100
35919,98,1092
35920,100,1094
35921,100,1100
35922,100,1590
35923,100,1086
35924,100,1094
35925,100,1094
35926,96,1100
35927,98,1088
35928,100,1096
35929,100,1108
35930,98,1092
35931,98,1092
35932,98,1104
35933,100,1098
35934,98,1096
35935,98,1100
35936,100,1104
35937,100,1104
35938,98,1098
35939,100,1106
35940,98,1098
35941,100,1596
35942,98,1100
35943,98,1096
35944,98,1090
35945,98,1094
35946,98,1104
35947,100,1096
35948,98,1098
35949,96,1100
35950,98,1104
35951,100,1104
35952,100,1096
35953,98,1102
35954,98,1094
35955,100,1094
35956,100,1098
35957,98,1106
35958,94,1098
35959,98,1086
35960,98,1632
35961,100,1102
35962,98,1096
35963,98,1104
35964,96,1092
35965,100,1096
35966,98,1092
35967,104,1098
35968,96,1094
35969,98,1100
35970,98,1096
35971,98,1104
35972,100,1098
35973,100,1102
35974,100,1092
35975,100,1104
35976,98,1098
35977,98,1510
35978,102,1098
35979,100,1108
35980,102,1094
35981,98,1096
35982,100,986
35983,98,1110
35984,98,1096
35985,98,1098
35986,100,1104
35987,100,1092
35988,100,1094
35989,102,1102
35990,98,1092
35991,100,1040
35992,100,1092
35993,98,1092
35994,102,1090
35995,100,1096
35996,102,1088
35997,100,1562
35998,102,1094
35999,102,1092
36000,100,1114
36001,104,1094
36002,100,1092
36003,98,1104
36004,98,1094
36005,96,1094
36006,100,1096
36007,100,1098
36008,102,1096
36009,98,1094
36010,102,1094
36011,96,1096
36012,98,1096
36013,98,1094
36014,100,1094
36015,100,1094
36016,98,1572
36017,100,1092
36018,98,1098
36019,98,1106
36020,102,1096
36021,100,1096
36022,100,1096
36023,102,1096
36024,98,1098
36025,102,1094
36026,100,1092
36027,98,1088
36028,98,1102
36029,98,1098
36030,98,1092
36031,100,1096
36032,102,1096
36033,96,1098
36034,102,1100
36035,98,1590
36036,98,1098
36037,100,1092
36038,98,1096
36039,100,1088
36040,98,1096
36041,102,1092
36042,98,1094
36043,98,1102
36044,100,1098
36045,100,1096
36046,104,1092
36047,102,1098
36048,100,1092
36049,102,1106
36050,98,1094
36051,100,1098
36052,98,1096
36053,100,1098
36054,98,1620
36055,98,1100
36056,102,1098
36057,100,1100
36058,96,1094
36059,98,1092
36060,98,1104
36061,102,1100
36062,100,1094
36063,98,1092
36064,98,1092
36065,102,1098
36066,98,1096
36067,96,1092
36068,102,1092
36069,94,1100
36070,102,1098
36071,102,1098
36072,98,1098
36073,98,1610
36074,100,1100
36075,98,1096
36076,98,1088
36077,98,1094
36078,100,1098
36079,100,1098
36080,98,1098
36081,100,1096
36082,100,1098
36083,98,1092
36084,98,1098
36085,98,1092
36086,98,1092
36087,100,1098
36088,100,1100
36089,98,1098
36090,100,1094
36091,100,1092
36092,102,1620
36093,100,1100
36094,100,1092
36095,98,1098
36096,100,1102
36097,98,1102
36098,100,1100
36099,100,1088
36100,98,1094
36101,100,1104
36102,98,1092
36103,98,1094
36104,102,1098
36105,100,1092
36106,100,1090
36107,100,1102
36108,98,1110
36109,98,1098
36110,98,1104
36111,98,1610
36112,100,1092
36113,102,1098
36114,102,1092
36115,100,1098
36116,102,1090
36117,100,1102
36118,98,1096
36119,102,1098
36120,100,1092
36121,98,1096
36122,98,1092
36123,98,1092
36124,100,1092
36125,102,1096
36126,100,1092
36127,100,1096
36128,102,1104
36129,100,1098
36130,102,1648
36131,102,1094
36132,100,1100
36133,98,1092
36134,100,1090
36135,98,1092
36136,98,1092
36137,98,1104
36138,104,1088
36139,98,1096
36140,102,1090
36141,98,1098
36142,96,1104
36143,102,1110
36144,98,1092
36145,100,1092
36146,98,1094
36147,100,1102
36148,98,1094
36149,98,1560
36150,100,1098
36151,98,1098
36152,98,1096
36153,100,1094
36154,102,1108
36155,102,1108
36156,98,1092
36157,98,1098
36158,98,1096
36159,98,1090
36160,98,1092
36161,102,1094
36162,98,1088
36163,100,1090
36164,102,1100
36165,98,1098
36166,98,1092
36167,102,1098
36168,100,1622
36169,98,1092
36170,98,1094
36171,98,1096
36172,98,1098
36173,98,1092
36174,100,1104
36175,100,1098
36176,100,1108
36177,98,1102
36178,100,1098
36179,98,1098
36180,98,1092
36181,100,1092
36182,98,1098
36183,98,1098
36184,98,1092
36185,102,1096
36186,98,1098
36187,100,1628
36188,102,1092
36189,98,1094
36190,102,1090
36191,102,1090
36192,98,1092
36193,98,1106
36194,98,1098
36195,100,1092
36196,100,1102
36197,102,1102
36198,100,1104
36199,98,1096
36200,100,1092
36201,98,1094
36202,102,1086
36203,102,1096
36204,100,1098
36205,96,1102
36206,100,1622
36207,98,1096
36208,98,1098
36209,98,1094
36210,100,1098
36211,96,1096
36212,96,1092
36213,98,1094
36214,98,1092
36215,102,1098
36216,98,1094
36217,100,1098
36218,102,1100
36219,102,1104
36220,98,1098
36221,100,1092
36222,98,1096
36223,102,1104
36224,106,1098
36225,100,1654
36226,102,1104
36227,102,1088
36228,100,1092
36229,100,1096
36230,98,1092
36231,98,1090
36232,100,1098
36233,102,1098
36234,100,1094
36235,100,1098
36236,100,1102
36237,100,1106
36238,102,1098
36239,100,1094
36240,98,1098
36241,98,1090
36242,98,1100
36243,98,1094
36244,98,1628
36245,102,1088
36246,100,1094
36247,100,1098
36248,104,1088
36249,102,1098
36250,102,1092
36251,98,1098
36252,100,1104
36253,102,1098
36254,104,1102
36255,100,1096
36256,98,1092
36257,102,1096
36258,98,1096
36259,98,1094
36260,102,1094
36261,98,1098
36262,102,1088
36263,102,1572
36264,98,1096
36265,98,1100
36266,98,1086
36267,96,1092
36268,98,1106
36269,102,1102
36270,96,1090
36271,98,1098
36272,102,1092
36273,98,1098
36274,100,1102
36275,100,1104
36276,98,1104
36277,98,1092
36278,98,1092
36279,98,1106
36280,100,1090
36281,102,1090
36282,98,1636
36283,98,1094
36284,102,1088
36285,98,1090
36286,104,1094
36287,102,1098
36288,100,1104
36289,98,1098
36290,100,1098
36291,100,1090
36292,100,1090
36293,98,1094
36294,98,1094
36295,100,1092
36296,100,1096
36297,100,1102
36298,102,1100
36299,96,1102
36300,100,1108
36301,100,1614
36302,98,1092
36303,98,1098
36304,100,1100
36305,102,1096
36306,98,1096
36307,98,1100
36308,102,1094
36309,100,1092
36310,102,1094
36311,102,1100
36312,100,1106
36313,98,1092
36314,102,1108
36315,98,978
36316,100,1090
36317,102,1098
36318,100,1098
36319,100,1100
36320,108,1562
36321,100,1096
36322,100,1108
36323,102,1098
36324,98,1090
36325,98,1094
36326,100,1098
36327,100,1092
36328,104,1096
36329,102,1092
36330,98,1102
36331,100,1096
36332,98,1096
36333,96,1096
36334,98,1094
36335,98,1098
36336,102,1098
36337,100,1096
36338,100,1092
36339,100,1608
36340,100,1096
36341,98,1088
36342,100,1098
36343,100,1098
36344,96,1098
36345,98,1098
36346,102,1098
36347,102,1096
36348,100,1092
36349,98,1092
36350,98,1100
36351,98,1094
36352,100,1092
36353,100,1092
36354,98,1092
36355,100,1098
36356,102,1102
36357,98,1092
36358,100,1578
36359,100,1094
36360,100,1100
36361,100,1098
36362,98,1092
36363,98,1092
36364,98,1102
36365,104,1100
36366,100,1090
36367,104,1098
36368,98,1098
36369,100,1096
36370,102,1092
36371,102,1096
36372,100,1092
36373,100,1096
36374,98,1094
36375,100,1092
36376,102,1094
36377,98,1094
36378,96,1096
36379,98,1538
36380,102,1098
36381,102,1092
36382,102,1096
36383,102,1098
36384,100,1094
36385,100,1092
36386,98,1098
36387,102,1094
36388,98,1098
36389,100,1096
36390,102,1098
36391,98,1098
36392,102,1088
36393,100,1096
36394,98,1092
36395,102,1098
36396,100,1104
36397,100,1096
36398,96,1600
36399,98,1092
36400,96,1096
36401,102,1100
36402,100,1100
36403,100,1098
36404,98,1102
36405,100,1094
36406,102,1096
36407,102,1094
36408,98,1104
36409,100,1094
36410,98,1088
36411,98,1100
36412,100,1092
36413,104,1094
36414,98,1098
36415,100,1098
36416,102,1092
36417,100,1620
36418,100,1094
36419,102,1098
36420,98,1092
36421,100,1098
36422,98,1100
36423,98,1098
36424,98,1100
36425,96,1094
36426,100,1098
36427,100,1100
36428,98,1096
36429,98,1094
36430,106,1092
36431,102,1094
36432,98,1096
36433,102,1098
36434,100,1098
36435,98,1092
36436,100,1622
36437,98,1092
36438,102,1098
36439,100,1092
36440,100,1102
36441,100,1094
36442,102,1092
36443,96,1096
36444,98,1098
36445,98,1094
36446,104,1104
36447,98,1098
36448,100,1106
36449,102,1096
36450,98,1100
36451,100,1096
36452,98,1104
36453,100,1092
36454,100,1056
36455,102,1558
36456,100,1092
36457,98,1094
36458,98,1094
36459,100,1096
36460,100,1094
36461,98,1096
36462,100,1098
36463,100,1094
36464,100,1088
36465,98,1096
36466,98,1086
36467,102,1098
36468,98,1102
36469,100,1092
36470,100,1098
36471,100,1098
36472,100,1098
36473,98,1092
36474,98,1592
36475,100,1100
36476,102,1098
36477,100,1094
36478,102,1104
36479,102,1094
36480,100,1098
36481,100,1098
36482,98,1092
36483,100,1104
36484,98,1098
36485,100,1088
36486,104,1096
36487,98,1088
36488,96,1098
36489,102,1098
36490,100,1098
36491,98,1560
36492,100,1092
36493,98,1098
36494,98,1110
36495,98,1092
36496,100,1100
36497,100,1094
36498,98,1090
36499,100,1090
36500,102,1104
36501,98,1108
36502,106,1094
36503,100,1094
36504,98,1098
36505,100,1096
36506,96,1086
36507,100,1098
36508,98,1102
36509,98,1094
36510,100,1572
36511,100,1092
36512,100,1096
36513,102,1094
36514,98,1104
36515,100,1094
36516,102,1098
36517,102,1092
36518,100,1100
36519,100,1092
36520,98,1096
36521,100,1090
36522,96,1092
36523,102,1096
36524,98,1102
36525,98,1104
36526,100,1100
36527,100,1098
36528,98,1094
36529,100,1618
36530,96,1104
36531,98,1098
36532,102,1094
36533,100,1096
36534,100,1088
36535,98,1104
36536,100,1098
36537,100,1098
36538,102,1096
36539,100,1098
36540,98,1106
36541,102,1094
36542,98,1098
36543,98,1098
36544,98,1100
36545,102,1098
36546,98,1088
36547,102,1096
36548,100,1616
36549,100,1094
36550,102,1092
36551,100,1098
36552,98,1094
36553,102,1096
36554,98,1104
36555,98,1102
36556,100,1092
36557,100,1098
36558,98,1096
36559,98,1090
36560,98,1098
36561,98,1096
36562,106,1104
36563,100,1092
36564,98,1096
36565,100,1092
36566,100,1092
36567,96,1606
36568,100,1098
36569,100,1096
36570,98,1092
36571,100,1092
36572,98,1104
36573,98,1104
36574,98,1100
36575,98,1100
36576,98,1098
36577,100,1092
36578,100,1104
36579,102,1102
36580,96,1092
36581,98,1098
36582,100,1100
36583,102,1096
36584,98,1100
36585,100,1094
36586,102,1552
36587,96,1098
36588,100,1088
36589,102,1098
36590,100,1098
36591,98,1098
36592,100,1108
36593,98,1094
36594,98,1094
36595,102,1092
36596,98,1096
36597,98,1100
36598,98,1096
36599,100,1094
36600,102,1092
36601,100,1098
36602,98,1096
36603,98,1098
36604,100,1098
36605,100,1608
36606,100,1092
36607,100,1096
36608,100,1092
36609,100,1098
36610,100,1090
36611,98,1096
36612,102,1092
36613,98,1092
36614,102,1094
36615,100,1098
36616,100,1092
36617,98,1092
36618,100,1098
36619,102,1098
36620,100,1098
36621,100,1094
36622,98,1096
36623,100,1098
36624,100,1614
36625,102,1096
36626,98,1104
36627,98,1098
36628,98,1092
36629,98,1098
36630,98,1102
36631,98,1092
36632,102,1090
36633,98,1096
36634,104,1104
36635,102,1096
36636,102,1098
36637,98,1098
36638,100,1100
36639,100,1098
36640,98,1100
36641,98,1104
36642,100,1098
36643,102,1594
36644,100,1098
36645,98,1096
36646,98,1106
36647,96,1098
36648,100,1104
36649,102,1104
36650,100,1100
36651,98,1098
36652,98,1092
36653,100,1092
36654,100,1096
36655,98,1098
36656,98,1090
36657,100,1098
36658,98,1088
36659,100,1096
36660,102,1088
36661,100,1096
36662,100,1566
36663,96,1094
36664,96,1092
36665,98,1096
36666,94,1092
36667,100,1092
36668,100,1092
36669,100,1094
36670,98,1094
36671,100,1096
36672,102,1092
36673,100,1104
36674,100,1100
36675,100,1098
36676,98,1094
36677,98,1096
36678,102,1104
36679,98,1092
36680,98,1094
36681,100,1572
36682,104,1098
36683,98,1096
36684,100,1104
36685,98,1094
36686,98,1100
36687,94,1098
36688,98,1086
36689,100,1098
36690,98,1094
36691,98,1090
36692,100,1104
36693,96,1098
36694,102,1096
36695,100,1092
36696,102,1098
36697,98,1094
36698,100,1104
36699,100,1092
36700,100,1576
36701,100,1098
36702,98,1092
36703,100,1104
36704,98,1096
36705,94,1092
36706,102,1096
36707,100,1094
36708,102,1102
36709,100,1104
36710,100,1094
36711,98,1098
36712,100,1100
36713,100,1092
36714,100,1088
36715,100,1098
36716,100,1092
36717,98,1092
36718,102,1104
36719,98,1592
36720,100,1090
36721,102,1098
36722,98,1104
36723,98,1092
36724,96,1092
36725,100,1096
36726,100,1096
36727,104,1092
36728,102,1100
36729,100,1102
36730,102,1098
36731,98,1094
36732,102,1044
36733,102,1098
36734,100,1096
36735,98,1098
36736,102,1098
36737,100,1096
36738,100,1634
36739,100,1088
36740,98,1102
36741,98,1098
36742,100,1088
36743,98,1098
36744,100,1098
36745,102,1098
36746,102,1096
36747,98,1098
36748,98,1092
36749,102,1088
36750,98,1106
36751,102,1098
36752,98,1088
36753,100,1098
36754,98,1102
36755,100,1094
36756,102,1086
36757,102,1638
36758,100,1090
36759,100,1096
36760,98,1098
36761,98,1094
36762,98,1104
36763,100,1094
36764,98,1090
36765,98,1098
36766,102,1090
36767,98,1098
36768,100,1098
36769,102,1098
36770,98,1090
36771,100,1092
36772,100,1098
36773,98,1112
36774,98,1090
36775,102,1090
36776,96,1650
36777,98,1096
36778,100,1048
36779,100,1094
36780,96,1098
36781,98,1092
36782,100,1092
36783,100,1096
36784,98,1102
36785,100,1102
36786,98,1098
36787,100,1096
36788,98,1102
36789,100,1098
36790,98,1096
36791,100,1102
36792,102,1090
36793,98,1094
36794,100,1092
36795,98,1096
36796,98,1394
36797,98,1102
36798,96,1092
36799,102,1092
36800,96,1088
36801,98,1106
36802,100,1096
36803,100,1092
36804,104,1098
36805,102,1100
36806,98,1100
36807,98,1090
36808,100,1098
36809,100,1096
36810,98,1092
36811,108,1094
36812,98,1092
36813,98,1092
36814,102,1092
36815,98,1628
36816,100,1092
36817,102,1092
36818,104,1098
36819,100,1098
36820,100,1092
36821,100,1090
36822,100,1092
36823,102,1104
36824,100,1094
36825,100,1100
36826,98,1098
36827,102,1096
36828,102,1102
36829,106,1104
36830,100,1100
36831,100,1094
36832,100,1098
36833,100,1090
36834,100,1096
36835,98,1100
36836,98,1094
36837,102,1098
36838,98,1096
36839,98,1092
36840,100,1592
36841,100,1104
36842,98,1092
36843,96,1106
36844,100,1104
36845,100,1102
36846,98,1088
36847,100,1110
36848,100,1098
36849,100,1092
36850,98,1096
36851,102,1094
36852,100,1092
36853,100,1096
36854,98,1102
36855,96,1096
36856,98,1088
36857,100,1092
36858,102,1102
36859,100,1644
36860,100,1092
36861,102,1092
36862,100,1104
36863,102,1090
36864,100,1102
36865,98,1098
36866,100,1098
36867,98,1098
36868,98,1094
36869,96,1092
36870,102,1102
36871,98,1100
36872,98,1098
36873,102,1092
36874,100,1108
36875,108,1094
36876,102,1108
36877,100,1092
36878,98,1634
36879,98,1102
36880,98,1098
36881,98,1100
36882,102,1088
36883,98,1098
36884,98,1098
36885,102,1092
36886,98,1100
36887,102,1092
36888,100,1098
36889,100,1094
36890,100,1098
36891,100,1102
36892,100,1098
36893,98,1098
36894,98,1104
36895,100,1092
36896,96,1092
36897,100,1626
36898,98,1098
36899,100,1098
36900,98,1092
36901,100,1098
36902,100,1096
36903,100,1086
36904,98,1098
36905,98,1094
36906,100,1098
36907,98,1098
36908,98,1096
36909,102,1100
36910,98,1096
36911,102,1108
36912,102,1092
36913,96,1092
36914,100,1094
36915,98,1100
36916,98,1644
36917,96,1094
36918,102,1098
36919,100,1104
36920,100,1104
36921,102,1104
36922,102,1098
36923,102,1104
36924,102,1102
36925,98,1100
36926,98,1098
36927,98,1100
36928,98,1086
36929,100,1092
36930,102,1094
36931,96,1092
36932,100,1092
36933,102,1104
36934,100,1098
36935,100,1572
36936,102,1100
36937,100,1096
36938,100,1098
36939,98,1102
36940,100,1096
36941,100,1100
36942,98,1092
36943,98,1092
36944,100,1098
36945,102,1098
36946,98,1088
36947,98,1092
36948,102,1098
36949,100,1102
36950,98,1098
36951,96,1092
36952,102,1098
36953,100,1092
36954,104,1636
36955,98,1098
36956,98,1102
36957,98,1102
36958,98,1100
36959,102,1092
36960,102,1092
36961,98,1092
36962,98,1104
36963,100,1090
36964,100,1090
36965,98,1100
36966,100,1100
36967,98,1092
36968,98,1098
36969,102,1096
36970,98,1096
36971,98,1092
36972,100,1098
36973,100,1582
36974,96,1098
36975,100,1090
36976,98,1092
36977,100,1088
36978,102,1098
36979,100,1098
36980,100,1094
36981,102,1092
36982,98,1094
36983,102,1108
36984,100,1096
36985,100,1090
36986,100,1096
36987,102,1096
36988,100,1100
36989,100,1104
36990,108,1096
36991,98,1098
36992,100,1584
36993,100,1094
36994,98,1102
36995,102,1088
36996,100,1098
36997,100,1104
36998,100,1098
36999,100,1094
37000,98,1092
37001,100,1096
37002,98,1096
37003,100,1102
37004,100,1092
37005,100,1094
37006,100,1092
37007,100,1104
37008,98,1626
37009,100,1096
37010,100,1088
37011,100,1094
37012,98,1104
37013,100,1088
37014,98,1096
37015,108,1098
37016,100,1098
37017,102,1098
37018,102,1104
37019,98,1100
37020,102,1092
37021,98,1100
37022,98,1092
37023,100,1096
37024,102,1086
37025,98,1092
37026,98,1100
37027,102,1632
37028,98,1092
37029,102,1104
37030,102,1098
37031,98,1106
37032,98,1098
37033,96,1102
37034,100,1092
37035,98,1098
37036,100,1094
37037,100,1110
37038,98,1100
37039,98,1088
37040,104,1102
37041,102,1092
37042,102,1100
37043,98,1104
37044,98,1094
37045,100,1094
37046,98,1638
37047,100,1104
37048,102,1098
37049,96,1100
37050,100,1102
37051,104,1098
37052,102,1098
37053,102,1094
37054,102,1092
37055,98,1100
37056,98,1104
37057,100,1086
37058,98,1094
37059,98,1090
37060,102,1098
37061,100,1092
37062,98,1098
37063,102,1094
37064,100,1094
37065,102,1610
37066,98,1100
37067,98,1092
37068,98,1094
37069,100,1094
37070,98,1098
37071,98,1090
37072,96,1094
37073,100,1098
37074,98,1096
37075,100,1102
37076,98,1096
37077,102,1092
37078,102,1090
37079,102,1098
37080,100,1098
37081,100,1100
37082,100,1092
37083,100,1104
37084,102,1092
37085,102,1380
37086,100,1094
37087,102,1100
37088,100,1098
37089,108,1086
37090,98,1092
37091,98,1094
37092,100,1092
37093,98,1102
37094,98,1092
37095,98,1098
37096,100,1098
37097,98,1092
37098,100,1098
37099,102,1088
37100,100,1092
37101,100,1088
37102,102,1104
37103,96,1092
37104,100,1606
37105,100,1104
37106,98,1106
37107,98,1094
37108,98,1102
37109,100,1102
37110,98,1096
37111,102,1098
37112,98,1094
37113,96,1088
37114,102,1098
37115,96,1094
37116,100,1098
37117,98,1086
37118,98,1092
37119,100,1098
37120,102,1096
37121,102,1088
37122,100,1094
37123,102,1566
37124,98,1092
37125,104,1100
37126,102,1098
37127,98,1106
37128,100,1092
37129,100,1108
37130,100,1094
37131,98,1098
37132,102,1090
37133,100,1092
37134,102,1098
37135,98,1094
37136,98,1092
37137,98,1104
37138,102,1096
37139,100,1092
37140,98,1098
37141,98,1096
37142,102,1580
37143,98,1102
37144,98,1092
37145,100,1092
37146,100,1086
37147,100,1092
37148,98,1044
37149,98,1090
37150,102,1104
37151,100,1108
37152,100,1096
37153,100,1104
37154,100,1088
37155,98,1092
37156,98,1092
37157,100,1102
37158,100,1100
37159,100,1104
37160,96,1096
37161,102,1622
37162,100,1104
37163,100,1102
37164,100,1098
37165,98,1088
37166,102,1104
37167,98,1098
37168,100,1092
37169,96,1096
37170,98,1092
37171,102,1096
37172,100,1092
37173,102,1098
37174,100,1104
37175,98,1092
37176,100,1092
37177,100,1108
37178,98,1086
37179,98,1096
37180,100,1632
37181,98,1098
37182,100,1104
37183,100,1092
37184,94,1098
37185,102,1094
37186,100,1098
37187,98,1094
37188,100,1100
37189,100,1100
37190,100,1094
37191,98,1096
37192,102,1096
37193,98,1096
37194,98,1098
37195,100,1102
37196,96,1104
37197,102,1090
37198,102,1102
37199,100,1564
37200,100,1094
37201,98,1098
37202,98,1102
37203,100,1102
37204,100,1088
37205,100,1096
37206,98,1098
37207,102,1088
37208,98,1092
37209,98,1106
37210,100,1104
37211,96,1100
37212,100,1098
37213,94,1092
37214,98,1086
37215,98,1092
37216,96,1094
37217,100,1100
37218,100,1576
37219,102,1096
37220,98,1092
37221,98,1096
37222,100,1096
37223,100,1098
37224,98,1092
37225,96,1092
37226,100,1098
37227,98,1102
37228,96,1098
37229,96,1096
37230,98,1098
37231,100,1096
37232,100,1098
37233,98,1092
37234,102,1096
37235,98,1094
37236,100,1094
37237,98,1636
37238,100,1100
37239,98,1092
37240,106,1096
37241,100,1098
37242,100,1094
37243,102,1098
37244,98,1098
37245,102,1106
37246,100,1092
37247,96,1098
37248,98,1104
37249,100,1094
37250,100,1104
37251,98,1092
37252,100,1092
37253,98,1098
37254,100,1096
37255,102,1108
37256,100,1632
37257,98,1096
37258,100,1092
37259,96,1092
37260,98,1094
37261,100,1094
37262,100,1092
37263,100,1096
37264,102,1098
37265,98,1098
37266,98,1098
37267,102,1094
37268,98,1106
37269,100,1090
37270,100,1096
37271,100,1098
37272,96,1096
37273,100,1094
37274,100,1094
37275,98,1642
37276,100,1096
37277,98,1094
37278,94,1098
37279,98,1104
37280,98,1094
37281,98,1094
37282,100,1094
37283,98,1098
37284,100,1098
37285,98,1090
37286,98,1092
37287,100,956
37288,102,1094
37289,98,1096
37290,98,1098
37291,102,1092
37292,100,1110
37293,100,1104
37294,102,1094
37295,98,1524
37296,98,1092
37297,100,1096
37298,100,1098
37299,100,1108
37300,102,1092
37301,98,1094
37302,98,1098
37303,98,1098
37304,100,1092
37305,98,1094
37306,102,1098
37307,100,1098
37308,100,1098
37309,98,1092
37310,100,1090
37311,98,1092
37312,102,1104
37313,100,1096
37314,98,1612
37315,104,1102
37316,100,1096
37317,98,1098
37318,102,1104
37319,100,1108
37320,98,1102
37321,98,1094
37322,98,1090
37323,98,1094
37324,100,1104
37325,100,1092
37326,100,1098
37327,102,1096
37328,98,1096
37329,102,1094
37330,100,1098
37331,98,1094
37332,98,1094
37333,98,1532
37334,100,1088
37335,98,1092
37336,102,1092
37337,98,1106
37338,100,1092
37339,98,1092
37340,96,1106
37341,100,1096
37342,102,1098
37343,98,1092
37344,98,1098
37345,100,1100
37346,100,1092
37347,98,1092
37348,100,1098
37349,100,1094
37350,102,1098
37351,102,1092
37352,98,1618
37353,100,1092
37354,102,1094
37355,100,1104
37356,98,1098
37357,102,1086
37358,98,1098
37359,98,1096
37360,102,1092
37361,98,1104
37362,102,1096
37363,102,1098
37364,98,1092
37365,100,1102
37366,100,1096
37367,100,1096
37368,100,1094
37369,106,1098
37370,100,1096
37371,98,1578
37372,102,1092
37373,100,1098
37374,98,1094
37375,98,1092
37376,98,1096
37377,100,1092
37378,102,1090
37379,98,1100
37380,102,1108
37381,100,1094
37382,98,1092
37383,102,1102
37384,102,1110
37385,98,1092
37386,98,1092
37387,102,1094
37388,98,1098
37389,98,1092
37390,98,1614
37391,98,1106
37392,98,1092
37393,98,1098
37394,98,1096
37395,100,1102
37396,102,1086
37397,98,1098
37398,100,1106
37399,98,1104
37400,100,1092
37401,98,1106
37402,100,1112
37403,100,1104
37404,100,1092
37405,98,1102
37406,98,1096
37407,98,1098
37408,98,1098
37409,96,1636
37410,98,1096
37411,102,1098
37412,100,1094
37413,100,1090
37414,102,1092
37415,98,1104
37416,98,1102
37417,100,1102
37418,100,1092
37419,98,1098
37420,104,1096
37421,98,1092
37422,100,1098
37423,98,1094
37424,94,1092
37425,98,1086
37426,98,1102
37427,98,1108
37428,100,1638
37429,100,1106
37430,98,1098
37431,98,1096
37432,102,1092
37433,96,1096
37434,98,1096
37435,98,1092
37436,100,1094
37437,100,1090
37438,102,1104
37439,98,1104
37440,96,1094
37441,100,1092
37442,98,1096
37443,98,1092
37444,96,1098
37445,98,1090
37446,98,1096
37447,98,1600
37448,96,1098
37449,100,1092
37450,100,1092
37451,100,1098
37452,98,1098
37453,100,1086
37454,100,1092
37455,98,1092
37456,104,1094
37457,98,1094
37458,100,1104
37459,102,1092
37460,98,1098
37461,98,1094
37462,102,1094
37463,100,1092
37464,100,1096
37465,98,1100
37466,100,1092
37467,98,1390
37468,102,1094
37469,98,1098
37470,100,1092
37471,100,1104
37472,98,994
37473,102,1096
37474,102,1094
37475,96,1104
37476,98,1092
37477,100,1094
37478,100,1088
37479,100,1092
37480,104,1092
37481,100,1096
37482,98,1094
37483,100,1104
37484,98,1098
37485,102,1094
37486,98,1104
37487,98,1584
37488,98,1102
37489,100,1106
37490,98,1096
37491,100,1098
37492,104,1092
37493,98,1092
37494,98,1094
37495,100,1096
37496,100,1092
37497,102,1110
37498,102,1096
37499,100,1094
37500,98,1092
37501,100,1094
37502,98,1096
37503,100,1104
37504,100,1092
37505,96,1092
37506,100,1566
37507,100,1100
37508,100,1104
37509,102,1094
37510,100,1096
37511,98,1104
37512,98,1108
37513,100,1092
37514,98,1086
37515,98,1092
37516,102,1090
37517,98,1092
37518,100,1108
37519,104,1096
37520,100,1092
37521,100,1104
37522,98,1092
37523,100,1108
37524,98,1100
37525,100,1630
37526,100,1094
37527,98,1094
37528,98,1100
37529,98,1094
37530,98,1094
37531,100,1104
37532,98,1088
37533,102,1092
37534,102,1102
37535,100,1092
37536,98,1096
37537,100,1096
37538,98,1098
37539,100,1090
37540,102,1092
37541,100,1102
37542,100,1098
37543,102,1088
37544,100,1590
37545,98,1094
37546,98,1098
37547,100,1092
37548,100,1098
37549,98,1104
37550,98,1088
37551,100,1094
37552,102,1092
37553,102,1096
37554,98,1092
37555,102,1094
37556,98,1104
37557,100,1092
37558,100,1102
37559,102,1104
37560,98,1092
37561,100,1092
37562,102,1088
37563,100,1624
37564,102,1092
37565,98,1098
37566,98,1098
37567,102,1096
37568,100,1096
37569,100,1102
37570,98,1102
37571,100,1106
37572,98,1098
37573,98,1100
37574,100,1092
37575,98,1092
37576,102,1098
37577,98,1102
37578,100,1092
37579,102,1100
37580,98,1100
37581,102,1098
37582,102,1572
37583,104,1094
37584,100,1094
37585,98,1098
37586,98,1094
37587,96,1102
37588,98,1098
37589,98,1092
37590,100,1106
37591,102,1098
37592,100,1094
37593,102,1090
37594,100,1096
37595,98,1106
37596,102,1090
37597,98,1092
37598,96,1096
37599,100,1092
37600,102,1084
37601,96,1634
37602,100,1102
37603,96,1098
37604,98,1092
37605,102,1088
37606,102,1092
37607,98,1092
37608,100,1094
37609,100,1094
37610,100,1088
37611,98,1104
37612,96,1094
37613,98,1092
37614,98,1092
37615,98,1096
37616,98,1092
37617,104,1104
37618,102,1098
37619,104,1106
37620,100,2630
37621,102,1088
37622,98,1088
37623,98,1092
37624,100,1088
37625,98,1094
37626,98,1106
37627,100,1094
37628,100,1094
37629,102,1092
37630,100,1100
37631,100,1094
37632,100,1098
37633,98,1092
37634,100,1104
37635,100,1090
37636,98,1092
37637,100,1530
37638,100,1098
37639,98,1092
37640,98,1098
37641,102,1092
37642,102,1098
37643,98,1098
37644,100,1092
37645,102,1098
37646,100,1092
37647,98,1096
37648,100,1094
37649,98,1098
37650,98,1092
37651,98,1092
37652,100,1100
37653,96,1096
37654,102,1092
37655,98,1098
37656,98,1618
37657,98,1086
37658,100,1094
37659,100,1108
37660,100,1094
37661,98,1092
37662,100,1098
37663,102,1092
37664,98,1094
37665,102,1090
37666,102,1100
37667,100,1094
37668,100,1092
37669,102,1096
37670,98,1098
37671,100,1104
37672,108,1096
37673,98,1092
37674,100,1098
37675,96,1572
37676,98,1102
37677,102,1094
37678,98,1098
37679,98,1096
37680,98,1098
37681,100,990
37682,100,1038
37683,98,1096
37684,98,1306
37685,100,1094
37686,100,1090
37687,102,1094
37688,98,1104
37689,100,1092
37690,102,1098
37691,98,1104
37692,98,1092
37693,100,1096
37694,100,1088
37695,100,1644
37696,102,1092
37697,98,1102
37698,100,1098
37699,100,1098
37700,98,1098
37701,102,1090
37702,104,1098
37703,98,1094
37704,100,1094
37705,100,1100
37706,100,1100
37707,98,1100
37708,100,1094
37709,98,1092
37710,98,1096
37711,102,1090
37712,98,1096
37713,98,1094
37714,102,1566
37715,100,1092
37716,104,1100
37717,98,1096
37718,100,1092
37719,100,1106
37720,98,1096
37721,98,1086
37722,100,1096
37723,98,1098
37724,98,1100
37725,100,1102
37726,102,1098
37727,100,1098
37728,100,1092
37729,98,1100
37730,100,1094
37731,100,1092
37732,98,1096
37733,98,1568
37734,98,1098
37735,100,1098
37736,98,1092
37737,102,1096
37738,102,1098
37739,100,1100
37740,98,1098
37741,98,1096
37742,102,1094
37743,100,1094
37744,102,1092
37745,100,1098
37746,96,1100
37747,102,1092
37748,104,1632
37749,98,1092
37750,100,1092
37751,100,1098
37752,102,1104
37753,100,1104
37754,100,1098
37755,98,1106
37756,98,1096
37757,98,1098
37758,98,1092
37759,106,1098
37760,96,1096
37761,100,1098
37762,100,1094
37763,100,1096
37764,96,1098
37765,98,1102
37766,98,1096
37767,100,1642
37768,100,1086
37769,98,1092
37770,100,1098
37771,102,1090
37772,98,1096
37773,102,1104
37774,102,1112
37775,100,1096
37776,98,1110
37777,98,1100
37778,102,1092
37779,98,1104
37780,102,1098
37781,98,1092
37782,98,1096
37783,102,1092
37784,100,1098
37785,98,1094
37786,102,1572
37787,100,1104
37788,100,1092
37789,100,1094
37790,102,1094
37791,102,1092
37792,100,1100
37793,100,1092
37794,98,1104
37795,102,1092
37796,98,1100
37797,102,1092
37798,102,1098
37799,100,1100
37800,100,1094
37801,98,1100
37802,98,1094
37803,102,1098
37804,102,1086
37805,98,1592
37806,100,1096
37807,100,1094
37808,98,1092
37809,102,1096
37810,102,1098
37811,100,1096
37812,98,1104
37813,98,1088
37814,100,1092
37815,98,1092
37816,100,1106
37817,98,1096
37818,98,1092
37819,102,1100
37820,100,1096
37821,96,1088
37822,100,1106
37823,104,1094
37824,98,1594
37825,100,1102
37826,100,1096
37827,98,1100
37828,102,1092
37829,98,1092
37830,98,1100
37831,100,1094
37832,100,1100
37833,100,1094
37834,106,1102
37835,100,1098
37836,98,1090
37837,100,1096
37838,98,1104
37839,98,1104
37840,102,1096
37841,100,1092
37842,98,1098
37843,102,1568
37844,100,1094
37845,102,1104
37846,98,1098
37847,98,1094
37848,98,1098
37849,100,1094
37850,100,1092
37851,98,1100
37852,100,1092
37853,98,1098
37854,100,1092
37855,98,1102
37856,100,1098
37857,96,1098
37858,100,1088
37859,96,1098
37860,100,1096
37861,98,1098
37862,100,1094
37863,100,1094
37864,98,1096
37865,96,1380
37866,98,1090
37867,100,1096
37868,98,1092
37869,98,1098
37870,100,1098
37871,102,1096
37872,100,1094
37873,100,1096
37874,102,1104
37875,98,1092
37876,100,1098
37877,98,1094
37878,100,1096
37879,100,1092
37880,100,1088
37881,98,1098
37882,100,1092
37883,104,1092
37884,98,1600
37885,102,1098
37886,102,1094
37887,100,1100
37888,104,1096
37889,100,1094
37890,102,1088
37891,98,1102
37892,100,1098
37893,100,1098
37894,100,1098
37895,98,1102
37896,100,1098
37897,98,1106
37898,100,1096
37899,98,1098
37900,96,1094
37901,94,1102
37902,102,1094
37903,98,1632
37904,98,1094
37905,96,1094
37906,98,1098
37907,100,1096
37908,98,1100
37909,98,1098
37910,96,1098
37911,100,1102
37912,104,1096
37913,96,1100
37914,98,1096
37915,98,1098
37916,100,1092
37917,102,1094
37918,96,1094
37919,102,1092
37920,100,1102
37921,98,1098
37922,102,1624
37923,98,1098
37924,100,1106
37925,100,1094
37926,98,1088
37927,100,1096
37928,102,1096
37929,100,1104
37930,100,1100
37931,102,1092
37932,100,1098
37933,98,1104
37934,100,1096
37935,100,1098
37936,98,1114
37937,98,1092
37938,100,1096
37939,98,1108
37940,102,1092
37941,100,1568
37942,98,1100
37943,102,1088
37944,100,1098
37945,106,1110
37946,102,1096
37947,100,1102
37948,100,1094
37949,100,1102
37950,100,1100
37951,100,1094
37952,102,1092
37953,96,1098
37954,100,1098
37955,106,1102
37956,100,1108
37957,100,1094
37958,102,1092
37959,98,1092
37960,102,1588
37961,100,1100
37962,98,1098
37963,100,1098
37964,102,1092
37965,98,1088
37966,98,1092
37967,98,1098
37968,100,1092
37969,102,1096
37970,100,1096
37971,98,1098
37972,98,1092
37973,100,1104
37974,100,1094
37975,100,1096
37976,100,1098
37977,100,1100
37978,100,1098
37979,98,1096
37980,98,1548
37981,102,1106
37982,102,1098
37983,94,1092
37984,102,1096
37985,98,1092
37986,100,996
37987,98,1100
37988,102,1108
37989,100,1098
37990,94,1096
37991,102,1088
37992,98,1096
37993,98,1096
37994,98,1092
37995,98,1092
37996,98,1104
37997,98,1106
37998,100,1100
37999,98,1638
38000,100,1092
38001,98,1102
38002,98,1092
38003,102,1098
38004,98,1102
38005,98,1092
38006,102,1100
38007,102,1098
38008,100,1104
38009,100,1092
38010,100,1104
38011,98,1090
38012,102,1092
38013,100,1092
38014,98,1098
38015,100,1098
38016,100,1094
38017,102,1094
38018,100,1566
38019,100,1108
38020,98,1096
38021,98,1092
38022,96,1104
38023,100,1092
38024,102,1106
38025,102,1096
38026,98,1092
38027,98,974
38028,98,1100
38029,98,1096
38030,98,1098
38031,98,1100
38032,98,1098
38033,98,1096
38034,98,1098
38035,98,1098
38036,98,1530
38037,98,1092
38038,98,1104
38039,100,1108
38040,98,1096
38041,100,1094
38042,98,1104
38043,98,1096
38044,100,1100
38045,98,1100
38046,100,1102
38047,96,1098
38048,98,1098
38049,100,1104
38050,98,1100
38051,98,1090
38052,96,1102
38053,98,1102
38054,98,1096
38055,100,1576
38056,98,1110
38057,100,1098
38058,100,1096
38059,98,1096
38060,100,1104
38061,98,1096
38062,100,1092
38063,98,1096
38064,98,1106
38065,100,1100
38066,100,1096
38067,100,1096
38068,98,1094
38069,100,1092
38070,102,1098
38071,100,1100
38072,98,1096
38073,100,1096
38074,100,1592
38075,96,1092
38076,94,1096
38077,98,1094
38078,98,1098
38079,102,1106
38080,98,1108
38081,102,1098
38082,100,1094
38083,100,1092
38084,98,1094
38085,98,1104
38086,98,1098
38087,100,1092
38088,100,1096
38089,98,1096
38090,98,1096
38091,96,1092
38092,98,1110
38093,98,1626
38094,100,1092
38095,100,1094
38096,98,1112
38097,98,1096
38098,98,1094
38099,98,1102
38100,100,1100
38101,96,1094
38102,98,1100
38103,100,1098
38104,100,1088
38105,98,1094
38106,104,1094
38107,100,1092
38108,100,1098
38109,104,1104
38110,98,1098
38111,100,1104
38112,98,1638
38113,98,1104
38114,98,1108
38115,98,1092
38116,98,1104
38117,102,1090
38118,100,1092
38119,98,1092
38120,98,1098
38121,100,1094
38122,98,1092
38123,100,1094
38124,98,1100
38125,98,1108
38126,98,1092
38127,98,1096
38128,100,1094
38129,100,1096
38130,98,1092
38131,98,1088
38132,98,1528
38133,98,1092
38134,104,1108
38135,98,1098
38136,100,1092
38137,96,1096
38138,98,1098
38139,100,1100
38140,100,1092
38141,100,1096
38142,98,1108
38143,100,1092
38144,96,1098
38145,100,1098
38146,100,1096
38147,98,1092
38148,98,1092
38149,98,1094
38150,100,1094
38151,98,1612
38152,100,1100
38153,100,1098
38154,98,1094
38155,98,1092
38156,104,1104
38157,98,1098
38158,100,1088
38159,100,1092
38160,98,1092
38161,100,1100
38162,98,1098
38163,98,1102
38164,100,1098
38165,96,1092
38166,100,1038
38167,98,1090
38168,98,1104
38169,98,1088
38170,98,1626
38171,98,1104
38172,98,1090
38173,100,1104
38174,100,1104
38175,98,1096
38176,98,1096
38177,98,1096
38178,98,1102
38179,98,1092
38180,100,1096
38181,98,1098
38182,98,1092
38183,98,1104
38184,100,1100
38185,100,1098
38186,100,1100
38187,98,1086
38188,98,1096
38189,96,1638
38190,98,1092
38191,100,1092
38192,102,1096
38193,100,1098
38194,98,1090
38195,100,1100
38196,98,1092
38197,100,1096
38198,100,1096
38199,100,1104
38200,98,1098
38201,100,1098
38202,98,1098
38203,100,1098
38204,100,1092
38205,100,1090
38206,100,1092
38207,98,1104
38208,98,1614
38209,96,1090
38210,104,1090
38211,92,1096
38212,100,1096
38213,98,1012
38214,102,1010
38215,100,1094
38216,98,1098
38217,98,1092
38218,98,1092
38219,100,1094
38220,100,1092
38221,100,1100
38222,98,1092
38223,100,1088
38224,98,1106
38225,100,1102
38226,102,1584
38227,100,1092
38228,98,1102
38229,98,1102
38230,100,1098
38231,100,1098
38232,98,1102
38233,98,1098
38234,100,1096
38235,142,1140
38236,150,1134
38237,150,1104
38238,98,1146
38239,148,1146
38240,150,1694
38241,98,1092
38242,100,1092
38243,100,1098
38244,98,1096
38245,98,1098
38246,102,1090
38247,100,1100
38248,98,1092
38249,96,1098
38250,98,1102
38251,98,1096
38252,98,1092
38253,98,1086
38254,100,1098
38255,98,1104
38256,98,1092
38257,100,1104
38258,98,1096
38259,100,1524
38260,96,1098
38261,102,1102
38262,100,1098
38263,102,1098
38264,98,1098
38265,98,1100
38266,98,1092
38267,100,1092
38268,98,1092
38269,98,1094
38270,98,1092
38271,98,1096
38272,98,1106
38273,98,1096
38274,98,1092
38275,100,1092
38276,100,1094
38277,98,1094
38278,98,1578
38279,98,1098
38280,100,1092
38281,98,1086
38282,102,1088
38283,100,1106
38284,100,1098
38285,98,1092
38286,96,1092
38287,98,1098
38288,100,1098
38289,96,1100
38290,100,1108
38291,98,1098
38292,98,1092
38293,98,1100
38294,100,1100
38295,104,1100
38296,100,1092
38297,100,1568
38298,100,1098
38299,100,1104
38300,102,1100
38301,100,1094
38302,98,1086
38303,100,1098
38304,100,1098
38305,98,1092
38306,100,1086
38307,100,1098
38308,100,1098
38309,98,1088
38310,98,1098
38311,98,1096
38312,96,1096
38313,98,1092
38314,98,1092
38315,98,1100
38316,100,1572
38317,98,1096
38318,96,1096
38319,100,1098
38320,96,1096
38321,98,1096
38322,100,1100
38323,102,1096
38324,100,1104
38325,98,1106
38326,98,1092
38327,100,1092
38328,98,1100
38329,100,1092
38330,100,1088
38331,100,1102
38332,96,1092
38333,100,1108
38334,100,1092
38335,100,1532
38336,96,1096
38337,100,1094
38338,98,990
38339,98,1094
38340,98,1102
38341,102,1100
38342,100,1086
38343,100,1098
38344,100,1094
38345,100,1094
38346,100,1094
38347,100,1102
38348,100,1098
38349,96,1088
38350,96,1094
38351,98,1100
38352,98,1094
38353,98,1092
38354,98,1644
38355,98,1094
38356,98,1096
38357,98,1102
38358,98,1094
38359,100,1098
38360,100,1096
38361,100,1092
38362,94,1104
38363,98,1092
38364,100,1092
38365,100,1098
38366,98,1098
38367,96,1092
38368,98,1096
38369,100,1096
38370,98,1104
38371,98,1092
38372,98,1102
38373,96,1102
38374,100,1416
38375,98,1094
38376,98,1098
38377,98,1094
38378,100,1090
38379,98,1098
38380,100,1092
38381,98,1098
38382,100,1092
38383,98,1100
38384,98,1100
38385,98,1094
38386,100,1096
38387,98,1092
38388,100,1090
38389,98,1104
38390,98,1098
38391,98,1098
38392,100,1096
38393,98,1634
38394,98,1092
38395,96,1092
38396,98,1104
38397,98,1098
38398,100,1094
38399,98,1098
38400,102,1098
38401,98,1098
38402,100,1090
38403,100,1094
38404,96,1094
38405,98,1104
38406,100,1090
38407,96,1100
38408,98,1098
38409,98,1094
38410,100,1092
38411,100,1098
38412,98,1560
38413,100,1086
38414,98,1090
38415,104,1094
38416,98,1092
38417,98,1096
38418,100,1098
38419,98,1098
38420,100,1092
38421,104,1092
38422,100,1096
38423,100,1094
38424,100,1088
38425,96,1092
38426,100,1098
38427,98,1098
38428,98,1092
38429,100,1104
38430,100,1108
38431,98,1090
38432,98,1430
38433,100,1096
38434,100,1092
38435,100,1092
38436,102,1092
38437,100,1096
38438,100,1094
38439,98,1104
38440,98,1110
38441,98,1092
38442,100,1088
38443,96,1092
38444,98,1106
38445,100,1098
38446,98,1092
38447,98,1096
38448,98,1094
38449,98,1096
38450,98,1090
38451,100,1650
38452,100,1092
38453,100,1088
38454,102,1098
38455,100,1098
38456,100,1088
38457,100,1098
38458,98,1100
38459,98,1098
38460,100,1086
38461,98,1096
38462,98,1094
38463,98,1092
38464,98,1098
38465,100,1092
38466,100,1094
38467,98,1092
38468,100,1102
38469,104,1106
38470,98,1098
38471,100,1414
38472,100,1102
38473,102,1096
38474,98,1094
38475,98,1098
38476,100,1102
38477,100,1038
38478,98,1092
38479,96,1092
38480,98,1102
38481,100,1094
38482,100,1096
38483,100,1096
38484,100,1096
38485,96,1086
38486,98,1098
38487,100,1094
38488,100,1102
38489,98,1098
38490,102,1656
38491,100,1098
38492,102,1094
38493,98,1096
38494,98,1094
38495,100,1098
38496,100,1098
38497,102,1098
38498,98,1098
38499,100,1098
38500,98,1092
38501,98,1106
38502,98,1100
38503,98,1098
38504,100,1104
38505,98,1108
38506,98,1098
38507,100,1094
38508,102,1098
38509,92,1628
38510,98,1098
38511,100,1102
38512,100,1094
38513,100,1088
38514,100,1104
38515,102,1096
38516,100,1092
38517,100,1094
38518,100,1104
38519,98,1100
38520,98,1098
38521,104,1092
38522,100,1098
38523,100,1098
38524,98,1096
38525,100,1098
38526,100,1096
38527,100,1100
38528,100,1588
38529,100,1096
38530,100,1092
38531,98,1092
38532,100,1104
38533,98,1096
38534,100,1094
38535,98,1098
38536,98,1098
38537,102,1098
38538,98,1092
38539,104,1110
38540,98,1092
38541,96,1092
38542,100,1104
38543,96,1096
38544,100,1096
38545,100,1098
38546,100,1098
38547,100,1572
38548,98,1094
38549,98,1092
38550,100,1094
38551,98,1108
38552,100,1092
38553,100,1088
38554,98,1104
38555,98,1090
38556,98,1098
38557,98,1092
38558,98,1100
38559,100,1092
38560,100,1098
38561,102,1096
38562,98,1098
38563,96,1090
38564,98,1092
38565,98,1094
38566,100,1602
38567,100,1088
38568,104,1094
38569,98,1102
38570,98,1096
38571,96,1094
38572,98,1090
38573,100,1098
38574,98,1092
38575,98,1094
38576,98,1102
38577,100,1090
38578,98,1086
38579,100,1096
38580,98,1094
38581,100,1092
38582,104,1094
38583,100,1094
38584,98,1104
38585,100,1568
38586,100,1094
38587,102,1094
38588,96,1092
38589,100,1092
38590,100,1096
38591,100,1102
38592,100,1104
38593,104,1098
38594,100,1092
38595,100,1094
38596,98,1100
38597,98,1096
38598,98,1094
38599,98,1098
38600,98,1094
38601,100,1098
38602,100,1102
38603,98,1092
38604,100,1628
38605,100,1096
38606,100,1092
38607,98,1092
38608,98,1092
38609,98,1096
38610,100,1092
38611,98,1098
38612,96,1092
38613,100,1092
38614,100,1098
38615,98,1096
38616,98,974
38617,102,1096
38618,98,1088
38619,100,1098
38620,100,1100
38621,100,1094
38622,100,1098
38623,98,1096
38624,100,1550
38625,100,1096
38626,100,1104
38627,100,1098
38628,96,1090
38629,98,1094
38630,100,1096
38631,98,1090
38632,100,1096
38633,100,1102
38634,100,1096
38635,100,1102
38636,98,1102
38637,100,1100
38638,100,1092
38639,100,1092
38640,98,1100
38641,98,1094
38642,100,1090
38643,102,1598
38644,98,1098
38645,96,1092
38646,100,1094
38647,98,1104
38648,98,1098
38649,98,1088
38650,98,1108
38651,100,1098
38652,98,1094
38653,102,1108
38654,98,1098
38655,100,1100
38656,100,1104
38657,100,1088
38658,100,1098
38659,100,1096
38660,100,1102
38661,100,1098
38662,100,1228
38663,100,1242
38664,100,1090
38665,98,1094
38666,100,1092
38667,100,1088
38668,104,1096
38669,98,1094
38670,98,1100
38671,100,1090
38672,100,1094
38673,100,1100
38674,98,1096
38675,98,1102
38676,98,1104
38677,98,1090
38678,98,1086
38679,98,1102
38680,98,1102
38681,98,1090
38682,100,1606
38683,102,1108
38684,100,1098
38685,98,1094
38686,98,1092
38687,104,1098
38688,100,1100
38689,100,1088
38690,100,1092
38691,98,1106
38692,98,1098
38693,98,1098
38694,100,1108
38695,100,1098
38696,98,1092
38697,98,1102
38698,100,1094
38699,98,1092
38700,100,1092
38701,98,1586
38702,98,1090
38703,100,1098
38704,100,1102
38705,98,1092
38706,102,1100
38707,100,1094
38708,98,1096
38709,100,1098
38710,98,1088
38711,98,1102
38712,100,1092
38713,98,1098
38714,100,1094
38715,96,1096
38716,100,1094
38717,98,1092
38718,100,1092
38719,98,1098
38720,98,1626
38721,104,1094
38722,98,1092
38723,98,1100
38724,98,1090
38725,100,1098
38726,98,1098
38727,98,1094
38728,94,1094
38729,96,1096
38730,100,1098
38731,98,1098
38732,100,1098
38733,102,1098
38734,102,1094
38735,98,1094
38736,98,1094
38737,98,1108
38738,98,1104
38739,98,1614
38740,100,1096
38741,98,1096
38742,98,1088
38743,98,1110
38744,96,1092
38745,100,1092
38746,100,1098
38747,98,1098
38748,98,1098
38749,100,1092
38750,96,1094
38751,100,1100
38752,98,1092
38753,100,1092
38754,98,1100
38755,98,1104
38756,98,1102
38757,98,1096
38758,100,1638
38759,100,1096
38760,100,1100
38761,100,1092
38762,96,1100
38763,98,1096
38764,98,1092
38765,100,1096
38766,98,1094
38767,100,1094
38768,98,1106
38769,98,1096
38770,100,1092
38771,98,1104
38772,98,1102
38773,100,1092
38774,100,1100
38775,104,1098
38776,98,1102
38777,98,1620
38778,96,1098
38779,98,1100
38780,100,1098
38781,100,1092
38782,100,1100
38783,98,1102
38784,98,1088
38785,98,1092
38786,100,1102
38787,102,1098
38788,94,1096
38789,100,1100
38790,100,1092
38791,100,1104
38792,100,1092
38793,98,1104
38794,100,1092
38795,98,1096
38796,98,1620
38797,100,1098
38798,98,1104
38799,98,1098
38800,98,1092
38801,98,992
38802,100,1104
38803,100,1092
38804,100,1098
38805,100,1088
38806,98,1100
38807,98,1098
38808,100,1098
38809,98,1096
38810,98,1094
38811,100,1098
38812,98,1094
38813,100,1092
38814,100,1092
38815,102,1098
38816,100,1538
38817,98,1086
38818,98,1098
38819,100,1094
38820,100,1094
38821,100,1094
38822,100,1098
38823,98,1098
38824,94,1104
38825,98,1092
38826,98,1098
38827,100,1098
38828,98,1094
38829,100,1098
38830,96,1104
38831,102,1092
38832,98,1092
38833,100,1098
38834,100,1098
38835,100,1614
38836,98,1094
38837,100,1092
38838,100,1100
38839,100,1092
38840,100,1102
38841,100,1094
38842,98,1094
38843,100,1092
38844,100,1092
38845,98,1092
38846,100,1092
38847,98,1098
38848,98,1094
38849,102,1092
38850,98,1090
38851,100,1102
38852,98,1098
38853,104,1092
38854,98,1584
38855,100,1098
38856,100,1088
38857,100,1104
38858,98,1098
38859,98,1100
38860,100,1088
38861,98,1092
38862,98,1104
38863,100,1098
38864,98,1102
38865,100,1098
38866,98,1098
38867,98,1088
38868,100,1098
38869,104,1098
38870,100,1092
38871,98,1092
38872,100,1102
38873,100,1098
38874,100,1092
38875,100,1092
38876,102,1098
38877,98,1096
38878,100,1092
38879,96,1092
38880,100,1096
38881,100,1086
38882,98,1092
38883,102,1098
38884,100,1098
38885,96,1616
38886,98,1098
38887,104,1094
38888,102,1096
38889,98,1098
38890,100,1098
38891,96,1094
38892,98,1096
38893,100,1092
38894,102,1098
38895,98,1100
38896,98,1092
38897,102,1096
38898,100,1106
38899,102,1094
38900,102,1092
38901,100,1110
38902,100,1096
38903,100,1088
38904,100,1560
38905,100,1094
38906,102,1092
38907,98,1094
38908,100,1100
38909,98,1110
38910,98,1092
38911,100,1104
38912,100,1096
38913,98,1096
38914,100,1094
38915,98,1092
38916,98,1092
38917,98,1088
38918,102,1092
38919,98,1094
38920,98,1096
38921,98,1104
38922,96,1096
38923,102,1634
38924,98,1090
38925,98,1088
38926,98,1094
38927,100,1098
38928,98,1096
38929,96,1092
38930,102,1092
38931,98,1102
38932,96,1092
38933,102,1094
38934,98,1102
38935,100,1100
38936,98,1106
38937,98,1104
38938,98,1098
38939,98,1100
38940,98,1092
38941,100,1096
38942,98,1632
38943,98,1094
38944,98,1096
38945,102,1098
38946,98,1096
38947,100,1104
38948,102,1104
38949,98,1092
38950,96,1098
38951,100,1098
38952,100,1094
38953,98,1098
38954,102,1094
38955,98,1110
38956,100,1094
38957,100,1098
38958,98,1100
38959,102,1092
38960,98,1092
38961,100,1614
38962,98,1096
38963,98,1096
38964,100,1092
38965,98,1100
38966,102,1094
38967,100,1088
38968,100,1094
38969,100,1096
38970,98,1098
38971,102,1092
38972,98,1098
38973,98,1108
38974,96,1092
38975,100,1094
38976,106,1104
38977,100,1092
38978,102,1096
38979,102,1108
38980,98,1622
38981,100,1098
38982,98,1098
38983,102,1092
38984,100,1100
38985,98,1088
38986,98,992
38987,100,1104
38988,100,1092
38989,96,1092
38990,102,1098
38991,100,1092
38992,98,1094
38993,98,1096
38994,96,1094
38995,100,1092
38996,100,1092
38997,98,1104
38998,100,1096
38999,100,1088
39000,100,1416
39001,98,1098
39002,102,1096
39003,100,1100
39004,98,1094
39005,100,1104
39006,100,1092
39007,102,1092
39008,102,1096
39009,100,1096
39010,102,1104
39011,98,1092
39012,100,1094
39013,98,1096
39014,100,1096
39015,100,1096
39016,100,1094
39017,100,1090
39018,100,1092
39019,98,1568
39020,98,1102
39021,100,1098
39022,100,1108
39023,100,1096
39024,100,1092
39025,100,1086
39026,100,1094
39027,100,1100
39028,100,1096
39029,102,1096
39030,100,1104
39031,100,1088
39032,100,1092
39033,100,1106
39034,100,1092
39035,100,1092
39036,98,1106
39037,100,1096
39038,100,1572
39039,100,1092
39040,100,1090
39041,102,1096
39042,96,1096
39043,100,1092
39044,102,1096
39045,98,1104
39046,100,1096
39047,98,1106
39048,104,1110
39049,102,1092
39050,102,1090
39051,96,1098
39052,98,1098
39053,100,1550
39054,102,1104
39055,100,1100
39056,104,1096
39057,98,1086
39058,98,1096
39059,100,1106
39060,98,1090
39061,100,1094
39062,100,1092
39063,102,1096
39064,98,1088
39065,98,1098
39066,100,1100
39067,98,1092
39068,98,1090
39069,100,1102
39070,98,1094
39071,94,1090
39072,98,1602
39073,98,1092
39074,94,1098
39075,98,1092
39076,100,1092
39077,100,1100
39078,98,1098
39079,100,1104
39080,100,1100
39081,96,1098
39082,100,1102
39083,98,1098
39084,100,1100
39085,98,1092
39086,100,1090
39087,98,1094
39088,98,1094
39089,98,1092
39090,98,1096
39091,100,1628
39092,98,1098
39093,100,1090
39094,100,1098
39095,100,1096
39096,100,1088
39097,98,1092
39098,102,1100
39099,100,1098
39100,98,1096
39101,98,1104
39102,98,1104
39103,94,1104
39104,98,1092
39105,100,1100
39106,100,1098
39107,100,1098
39108,100,1098
39109,96,1100
39110,98,1620
39111,100,1096
39112,98,1088
39113,98,1098
39114,100,1096
39115,96,1102
39116,100,1092
39117,98,1102
39118,96,1094
39119,98,1098
39120,100,1096
39121,102,1094
39122,100,1090
39123,98,1102
39124,98,1092
39125,100,1086
39126,98,1092
39127,98,1102
39128,102,1094
39129,98,1636
39130,100,1104
39131,98,1100
39132,100,1092
39133,100,1098
39134,98,1092
39135,100,1098
39136,98,1104
39137,98,1092
39138,98,1092
39139,98,1092
39140,98,1098
39141,100,1098
39142,98,1090
39143,96,1098
39144,98,1092
39145,100,1102
39146,100,1104
39147,100,1098
39148,98,1642
39149,98,1100
39150,98,1098
39151,100,1106
39152,100,1094
39153,100,1094
39154,98,1096
39155,100,1104
39156,98,1092
39157,100,1092
39158,100,1104
39159,98,1102
39160,98,1092
39161,98,1088
39162,98,1106
39163,98,1102
39164,98,1092
39165,100,1088
39166,100,1094
39167,100,1560
39168,98,1088
39169,98,1092
39170,100,1092
39171,98,1060
39172,100,1104
39173,98,1096
39174,100,1094
39175,104,1092
39176,102,1102
39177,98,1094
39178,98,1088
39179,100,1092
39180,98,1092
39181,100,1098
39182,100,1092
39183,98,1104
39184,98,1096
39185,100,1092
39186,100,1620
39187,100,1096
39188,100,1098
39189,98,1090
39190,100,1100
39191,98,1098
39192,100,1092
39193,98,1092
39194,100,1098
39195,96,1094
39196,100,1094
39197,100,1092
39198,100,1104
39199,98,1098
39200,98,1092
39201,100,1094
39202,98,1104
39203,104,1096
39204,102,1094
39205,98,1658
39206,98,1098
39207,98,1100
39208,98,1100
39209,100,1106
39210,98,1092
39211,100,1092
39212,100,1094
39213,100,1092
39214,98,1100
39215,98,1094
39216,100,1096
39217,100,1092
39218,98,1092
39219,100,1096
39220,100,1098
39221,100,1092
39222,100,1092
39223,100,1096
39224,100,1630
39225,98,1096
39226,100,1102
39227,98,1100
39228,100,1092
39229,98,1096
39230,98,1098
39231,100,1094
39232,98,1092
39233,98,1094
39234,100,1094
39235,100,1094
39236,98,1092
39237,98,1098
39238,98,1092
39239,98,1094
39240,104,1100
39241,98,1100
39242,98,1098
39243,98,1596
39244,102,1098
39245,98,1096
39246,100,1094
39247,98,1092
39248,100,1110
39249,98,1092
39250,100,1086
39251,98,1104
39252,98,1104
39253,100,1096
39254,102,1098
39255,104,1098
39256,98,1098
39257,98,1096
39258,98,1100
39259,100,1096
39260,98,1094
39261,96,1088
39262,98,1614
39263,102,1096
39264,98,1094
39265,98,1096
39266,98,1100
39267,100,1094
39268,100,1098
39269,100,1098
39270,98,1098
39271,100,1098
39272,98,1094
39273,100,1096
39274,100,1092
39275,98,1098
39276,98,1104
39277,100,1098
39278,98,1094
39279,98,1092
39280,98,1092
39281,100,1580
39282,98,1094
39283,100,1094
39284,98,1094
39285,98,1098
39286,98,1092
39287,98,1104
39288,100,1092
39289,98,1096
39290,100,1092
39291,100,1096
39292,94,1092
39293,100,1098
39294,100,1106
39295,100,1094
39296,98,1096
39297,98,1090
39298,98,1096
39299,98,1100
39300,100,1642
39301,100,1088
39302,98,1098
39303,100,1094
39304,100,1094
39305,104,1094
39306,100,1102
39307,98,1090
39308,98,1100
39309,100,1098
39310,100,1090
39311,98,1094
39312,100,1086
39313,100,1096
39314,98,1098
39315,100,1092
39316,100,1098
39317,100,1096
39318,98,1092
39319,100,1622
39320,98,1098
39321,98,1104
39322,100,1090
39323,98,1104
39324,102,1096
39325,98,1102
39326,100,1092
39327,100,1104
39328,100,1096
39329,100,1092
39330,98,1098
39331,98,1098
39332,98,1092
39333,102,1094
39334,104,1110
39335,96,1102
39336,98,1092
39337,100,1094
39338,98,1628
39339,102,1096
39340,98,1098
39341,100,1102
39342,100,1098
39343,100,1096
39344,98,1098
39345,100,1100
39346,98,1096
39347,98,1092
39348,102,1098
39349,102,1096
39350,100,1094
39351,98,1096
39352,100,1094
39353,100,1092
39354,100,1092
39355,100,1092
39356,98,1098
39357,100,1610
39358,102,1092
39359,100,1098
39360,100,1104
39361,98,1094
39362,98,1106
39363,100,1100
39364,100,1098
39365,100,1096
39366,98,1104
39367,96,1098
39368,100,1092
39369,104,1096
39370,104,1094
39371,96,1092
39372,98,1094
39373,98,1098
39374,98,1110
39375,98,1092
39376,102,1566
39377,100,1098
39378,100,1100
39379,98,1098
39380,98,1090
39381,98,1102
39382,98,1104
39383,98,1096
39384,100,1100
39385,98,1088
39386,98,1088
39387,98,1096
39388,100,1100
39389,98,1096
39390,98,1098
39391,100,1098
39392,98,1104
39393,98,1094
39394,100,1104
39395,98,1622
39396,96,1098
39397,100,1092
39398,100,1094
39399,98,1096
39400,100,1090
39401,100,1106
39402,96,1098
39403,100,1098
39404,106,1092
39405,100,1100
39406,96,1100
39407,98,1096
39408,102,1098
39409,98,1098
39410,100,1092
39411,100,1092
39412,100,1096
39413,100,1092
39414,100,1636
39415,98,1096
39416,98,1096
39417,100,1096
39418,98,1098
39419,100,1096
39420,100,1102
39421,98,1094
39422,98,1090
39423,98,1098
39424,100,1098
39425,100,1086
39426,100,1096
39427,102,1094
39428,98,1098
39429,98,1098
39430,100,1094
39431,100,1092
39432,98,1094
39433,98,1648
39434,98,1094
39435,100,1098
39436,98,1094
39437,98,1098
39438,100,1094
39439,100,1100
39440,96,1094
39441,98,1098
39442,98,1100
39443,102,1096
39444,98,1092
39445,98,1104
39446,98,1096
39447,98,1098
39448,98,1092
39449,98,1094
39450,100,1098
39451,96,1098
39452,98,1094
39453,98,1526
39454,98,1102
39455,100,1098
39456,98,1092
39457,98,1104
39458,98,1092
39459,98,1092
39460,98,1102
39461,102,1092
39462,100,1090
39463,100,1106
39464,102,1092
39465,100,1088
39466,100,1102
39467,98,1092
39468,100,1092
39469,98,1098
39470,100,1104
39471,100,1092
39472,100,1576
39473,100,1102
39474,100,1100
39475,98,1098
39476,100,1094
39477,102,1100
39478,98,1100
39479,100,1088
39480,98,1096
39481,98,1092
39482,100,1094
39483,98,1096
39484,98,1094
39485,98,1094
39486,100,1094
39487,98,1106
39488,98,1104
39489,98,1098
39490,104,1092
39491,98,1606
39492,98,1092
39493,98,1088
39494,100,1098
39495,100,960
39496,100,1090
39497,100,1088
39498,100,1102
39499,100,1098
39500,98,1092
39501,100,1104
39502,98,1104
39503,98,1098
39504,100,1092
39505,98,1098
39506,98,1096
39507,98,1098
39508,98,1100
39509,98,1102
39510,100,1098
39511,98,1436
39512,96,1106
39513,96,1096
39514,98,1096
39515,98,1094
39516,98,1094
39517,100,1088
39518,100,1090
39519,100,1094
39520,100,1098
39521,98,1094
39522,98,1098
39523,98,1094
39524,98,1098
39525,100,1094
39526,98,1092
39527,98,1098
39528,100,1102
39529,100,1096
39530,100,1572
39531,100,1100
39532,98,1092
39533,98,1090
39534,100,1094
39535,98,1092
39536,98,1094
39537,100,1092
39538,98,1096
39539,98,1098
39540,100,1092
39541,100,1100
39542,98,1098
39543,98,1094
39544,100,1094
39545,100,1094
39546,100,1100
39547,100,1092
39548,98,1092
39549,98,1088
39550,98,1542
39551,98,1098
39552,98,1098
39553,98,1098
39554,104,1092
39555,102,1094
39556,98,1094
39557,96,1092
39558,98,1098
39559,100,1094
39560,100,1094
39561,102,1092
39562,98,1104
39563,100,1102
39564,98,1094
39565,104,1092
39566,100,1096
39567,96,1098
39568,98,1098
39569,98,1566
39570,98,1092
39571,98,1098
39572,98,1100
39573,102,1104
39574,98,1094
39575,100,1092
39576,98,1100
39577,98,1094
39578,98,1094
39579,98,1092
39580,100,1100
39581,100,1098
39582,98,1092
39583,98,1102
39584,98,1106
39585,100,1094
39586,96,1098
39587,102,1092
39588,100,1410
39589,100,1092
39590,100,1094
39591,98,1098
39592,100,1100
39593,98,1098
39594,100,1098
39595,98,1098
39596,100,1092
39597,102,1096
39598,98,1104
39599,98,1104
39600,100,1092
39601,100,1096
39602,102,1102
39603,96,1096
39604,98,1092
39605,100,1112
39606,98,1100
39607,98,1600
39608,100,1100
39609,100,1098
39610,96,1090
39611,98,1104
39612,104,1104
39613,98,1092
39614,98,1088
39615,100,1096
39616,102,1094
39617,100,1094
39618,96,1092
39619,100,1094
39620,98,1092
39621,98,1092
39622,100,1098
39623,100,1108
39624,100,1096
39625,100,1088
39626,98,1632
39627,100,1104
39628,98,1104
39629,100,1092
39630,98,1100
39631,98,1096
39632,98,1098
39633,98,1092
39634,102,1100
39635,100,1102
39636,98,1102
39637,98,1094
39638,98,1092
39639,98,1096
39640,100,1094
39641,98,1096
39642,98,1096
39643,98,1100
39644,98,1088
39645,100,1616
39646,100,1088
39647,100,1098
39648,100,1100
39649,100,1092
39650,98,1088
39651,98,1094
39652,98,1104
39653,100,1094
39654,98,1096
39655,98,1096
39656,102,1100
39657,98,1094
39658,98,1094
39659,98,1094
39660,100,1092
39661,98,1090
39662,100,1098
39663,98,1100
39664,100,1602
39665,100,1102
39666,100,1098
39667,98,1102
39668,98,1092
39669,100,1092
39670,98,1094
39671,100,1104
39672,100,1092
39673,100,1110
39674,100,1098
39675,100,1088
39676,98,1086
39677,100,1104
39678,100,1102
39679,98,1096
39680,98,988
39681,98,1558
39682,96,998
39683,98,1616
39684,100,960
39685,102,1090
39686,98,1092
39687,100,1100
39688,100,1092
39689,100,1096
39690,98,1096
39691,96,1096
39692,100,1100
39693,100,1092
39694,98,1104
39695,100,1102
39696,98,1096
39697,100,1098
39698,100,1098
39699,96,1106
39700,100,1104
39701,100,1098
39702,100,1092
39703,94,1602
39704,98,1102
39705,98,1098
39706,100,1098
39707,100,1094
39708,100,1092
39709,104,1100
39710,98,1092
39711,100,1102
39712,98,1092
39713,98,1098
39714,100,1096
39715,98,1110
39716,100,1098
39717,96,1104
39718,98,1098
39719,100,1096
39720,100,1094
39721,98,1094
39722,100,1650
39723,98,1098
39724,98,1102
39725,96,1092
39726,102,1096
39727,98,1098
39728,102,1102
39729,100,1092
39730,98,1102
39731,100,1100
39732,104,1098
39733,100,1094
39734,100,1098
39735,98,1096
39736,98,1092
39737,100,1088
39738,100,1094
39739,98,1100
39740,100,1086
39741,100,1634
39742,98,1094
39743,100,1092
39744,98,1104
39745,98,1104
39746,100,1098
39747,100,1102
39748,98,1094
39749,98,1092
39750,98,1092
39751,98,1094
39752,100,1106
39753,98,1088
39754,100,1096
39755,100,1096
39756,98,1098
39757,100,1090
39758,100,1106
39759,98,1094
39760,100,1610
39761,98,1092
39762,100,1094
39763,100,1098
39764,100,1094
39765,100,1108
39766,100,1096
39767,98,1102
39768,96,1090
39769,98,1094
39770,100,1092
39771,98,1098
39772,106,1098
39773,100,1098
39774,100,1092
39775,100,1092
39776,98,1090
39777,96,1098
39778,96,1096
39779,100,1584
39780,98,1092
39781,98,1100
39782,100,1092
39783,100,1100
39784,98,1104
39785,98,1106
39786,100,1096
39787,100,1100
39788,100,1098
39789,98,1092
39790,98,1098
39791,98,1108
39792,98,1106
39793,98,1096
39794,106,1098
39795,100,1110
39796,98,1100
39797,98,1092
39798,98,1644
39799,98,1104
39800,98,1094
39801,98,1092
39802,100,1092
39803,98,1098
39804,98,1100
39805,100,1094
39806,100,1104
39807,100,1092
39808,96,1098
39809,100,1098
39810,100,1088
39811,98,1096
39812,98,1110
39813,100,1094
39814,102,1096
39815,100,1092
39816,100,1096
39817,100,1576
39818,102,1096
39819,100,990
39820,100,1092
39821,98,1098
39822,100,1100
39823,98,1098
39824,98,1108
39825,100,1088
39826,100,1092
39827,98,1104
39828,98,1098
39829,100,1092
39830,100,1098
39831,102,1092
39832,98,1098
39833,98,1096
39834,98,1098
39835,98,1092
39836,100,1628
39837,98,1098
39838,100,1100
39839,94,1096
39840,96,1104
39841,98,1092
39842,100,1098
39843,98,1094
39844,100,1100
39845,98,1092
39846,100,1102
39847,100,1098
39848,98,1096
39849,98,1102
39850,98,1092
39851,98,1098
39852,98,1098
39853,98,1104
39854,100,1088
39855,98,1574
39856,98,1102
39857,100,1090
39858,96,1098
39859,100,1098
39860,100,1092
39861,102,1092
39862,98,1100
39863,98,1098
39864,100,1092
39865,100,1094
39866,98,1092
39867,98,1098
39868,98,1094
39869,102,1098
39870,98,1098
39871,100,1098
39872,100,1090
39873,98,1102
39874,100,1598
39875,98,1096
39876,100,1098
39877,100,1100
39878,100,1094
39879,98,1092
39880,104,1102
39881,98,1094
39882,100,1096
39883,98,1104
39884,98,1094
39885,100,1098
39886,98,1092
39887,98,1098
39888,100,1102
39889,98,1094
39890,98,1092
39891,98,1092
39892,100,1100
39893,96,1614
39894,100,1092
39895,100,1098
39896,98,1092
39897,102,1092
39898,100,1096
39899,98,1098
39900,100,1098
39901,98,1102
39902,100,1102
39903,100,1094
39904,98,1554
39905,98,1104
39906,98,1118
39907,96,1100
39908,98,1104
39909,100,1100
39910,100,1094
39911,100,1094
39912,100,1092
39913,96,1094
39914,96,1098
39915,98,1090
39916,100,1100
39917,100,1092
39918,98,1098
39919,98,1088
39920,98,1094
39921,98,1096
39922,102,1092
39923,100,1642
39924,98,1098
39925,102,1092
39926,98,1092
39927,102,1098
39928,100,1100
39929,96,1098
39930,100,1104
39931,100,1090
39932,106,1094
39933,100,1104
39934,102,1092
39935,100,1096
39936,98,1090
39937,98,1102
39938,100,1098
39939,100,1094
39940,108,1088
39941,96,1104
39942,100,1638
39943,98,1098
39944,100,1092
39945,98,1098
39946,102,1094
39947,100,1094
39948,98,1096
39949,100,1098
39950,100,1096
39951,102,1096
39952,102,1098
39953,100,1108
39954,100,1094
39955,98,1096
39956,100,1098
39957,100,1088
39958,98,1086
39959,98,1096
39960,102,1098
39961,98,1626
39962,98,1092
39963,102,1098
39964,98,1092
39965,100,1094
39966,100,1094
39967,98,1098
39968,98,1090
39969,98,1086
39970,98,1100
39971,98,1104
39972,98,1094
39973,102,1094
39974,100,1104
39975,98,1100
39976,102,1090
39977,100,1102
39978,98,1098
39979,98,1090
39980,98,1614
39981,100,1094
39982,102,1096
39983,98,1096
39984,100,1092
39985,102,1096
39986,100,1092
39987,102,1100
39988,102,1096
39989,100,1104
39990,98,1092
39991,100,1110
39992,100,1094
39993,102,1096
39994,102,1094
39995,98,1092
39996,100,1098
39997,102,1092
39998,100,1098
39999,102,1610
40000,98,1098
40001,98,1108
40002,100,1094
40003,98,1094
40004,100,976
40005,98,1104
40006,102,1096
40007,98,1092
40008,98,1096
40009,106,1094
40010,100,1096
40011,98,1098
40012,102,1104
40013,96,1104
40014,98,1096
40015,100,1092
40016,98,1092
40017,98,1098
40018,100,1104
40019,98,1422
40020,96,1098
40021,102,1094
40022,98,1098
40023,100,1092
40024,102,1094
40025,100,1104
40026,100,1092
40027,96,1098
40028,98,1094
40029,96,1092
40030,102,1094
40031,100,1108
40032,98,1098
40033,102,1100
40034,98,1110
40035,100,1098
40036,98,1092
40037,100,1092
40038,98,1612
40039,102,1092
40040,98,1090
40041,98,1092
40042,98,1100
40043,100,1092
40044,100,1096
40045,102,1098
40046,100,1090
40047,98,1098
40048,100,1094
40049,98,1104
40050,98,1098
40051,98,1092
40052,98,1100
40053,92,1104
40054,102,1100
40055,98,1100
40056,102,1098
40057,102,1608
40058,100,1092
40059,102,1096
40060,100,1102
40061,98,1088
40062,98,1092
40063,102,1098
40064,100,1104
40065,100,1096
40066,100,1098
40067,98,1088
40068,98,1094
40069,102,1086
40070,98,1096
40071,98,1098
40072,98,1098
40073,98,1586
40074,98,1100
40075,102,1096
40076,98,1092
40077,98,1098
40078,98,1098
40079,98,1096
40080,98,1092
40081,100,1102
40082,98,1094
40083,98,1098
40084,98,1094
40085,98,1104
40086,102,1096
40087,100,1094
40088,100,1102
40089,100,1100
40090,94,1096
40091,100,1098
40092,102,1626
40093,100,1098
40094,96,1092
40095,98,1098
40096,100,1104
40097,96,1096
40098,100,1104
40099,100,1096
40100,96,1094
40101,96,1090
40102,98,1098
40103,100,1098
40104,100,1088
40105,100,1092
40106,98,1092
40107,100,1100
40108,98,1092
40109,98,1092
40110,104,1092
40111,98,1580
40112,100,1086
40113,96,1098
40114,100,1094
40115,100,1092
40116,100,1090
40117,100,1098
40118,98,1098
40119,100,1092
40120,98,1096
40121,100,1096
40122,100,1096
40123,98,1090
40124,98,1106
40125,98,1092
40126,100,1088
40127,100,1094
40128,100,1094
40129,102,1092
40130,100,1606
40131,100,1098
40132,98,1098
40133,98,1098
40134,100,1094
40135,100,1100
40136,98,1104
40137,98,1092
40138,98,1096
40139,100,1096
40140,100,1100
40141,98,1104
40142,102,1102
40143,96,1098
40144,100,1090
40145,100,1092
40146,100,1096
40147,96,1096
40148,96,1098
40149,98,1614
40150,96,1092
40151,100,1098
40152,100,1092
40153,98,1106
40154,100,1092
40155,100,1092
40156,98,1098
40157,100,1100
40158,102,1088
40159,102,1092
40160,100,1096
40161,100,1096
40162,100,1106
40163,100,1098
40164,102,1098
40165,98,1092
40166,100,1098
40167,98,1094
40168,98,1606
40169,100,1092
40170,98,1096
40171,100,1098
40172,96,1104
40173,98,1098
40174,98,1106
40175,100,1104
40176,100,1092
40177,98,1092
40178,98,1094
40179,100,1094
40180,100,1104
40181,100,1092
40182,102,1092
40183,100,1096
40184,98,1094
40185,102,1110
40186,98,1098
40187,98,1588
40188,98,1092
40189,98,1414
40190,100,1092
40191,98,1098
40192,100,1098
40193,100,1102
40194,98,1092
40195,100,1100
40196,102,1094
40197,98,1098
40198,100,1092
40199,98,1092
40200,98,1092
40201,98,1094
40202,100,1086
40203,98,1102
40204,100,1102
40205,100,1624
40206,98,1110
40207,100,1092
40208,98,1096
40209,100,1092
40210,100,1098
40211,98,1098
40212,100,1096
40213,100,1104
40214,100,1106
40215,92,1094
40216,98,1106
40217,98,1094
40218,100,1098
40219,96,1092
40220,98,1094
40221,98,1100
40222,100,1094
40223,100,1098
40224,98,1648
40225,98,1094
40226,100,1098
40227,98,1092
40228,100,1090
40229,98,1092
40230,102,1098
40231,104,1102
40232,98,1094
40233,100,1098
40234,98,1100
40235,98,1102
40236,98,1100
40237,98,1092
40238,96,1092
40239,102,1100
40240,100,1098
40241,98,1092
40242,98,1092
40243,98,1608
40244,100,1098
40245,98,1092
40246,100,1098
40247,98,1094
40248,98,1104
40249,100,1102
40250,98,1096
40251,100,1098
40252,98,1104
40253,98,1098
40254,100,1092
40255,100,1100
40256,98,1104
40257,100,1094
40258,100,1106
40259,98,1096
40260,98,1096
40261,98,1094
40262,100,1638
40263,100,1108
40264,98,1104
40265,100,1096
40266,100,1104
40267,100,1104
40268,98,1096
40269,98,1098
40270,100,1106
40271,98,1100
40272,100,1104
40273,100,1086
40274,98,1092
40275,98,1098
40276,96,1092
40277,98,1092
40278,100,1098
40279,98,1092
40280,98,1092
40281,98,1632
40282,98,1096
40283,98,1096
40284,98,1098
40285,102,1104
40286,102,1094
40287,100,1096
40288,98,1108
40289,98,1094
40290,100,1094
40291,100,1094
40292,98,1106
40293,98,1098
40294,102,1086
40295,98,1106
40296,96,1100
40297,100,1096
40298,100,1094
40299,98,1098
40300,98,1096
40301,98,1514
40302,104,1092
40303,102,1102
40304,98,1092
40305,98,1092
40306,102,1104
40307,100,1104
40308,98,1092
40309,98,1090
40310,100,1116
40311,100,1098
40312,98,1092
40313,100,1094
40314,98,1092
40315,100,1106
40316,100,1098
40317,98,1098
40318,102,1090
40319,98,1088
40320,96,1614
40321,100,1100
40322,100,1092
40323,98,1100
40324,102,1100
40325,98,1098
40326,100,1092
40327,100,1094
40328,98,1042
40329,100,1096
40330,100,1092
40331,100,1094
40332,98,1096
40333,98,1098
40334,100,1100
40335,104,1094
40336,98,1098
40337,96,1098
40338,98,1102
40339,98,1644
40340,100,1100
40341,98,1098
40342,98,1096
40343,98,1092
40344,98,1098
40345,98,1096
40346,98,1098
40347,96,1094
40348,98,1098
40349,98,1102
40350,100,1094
40351,98,1100
40352,98,1102
40353,100,1094
40354,100,1090
40355,96,1092
40356,100,1098
40357,98,1104
40358,96,1632
40359,98,1094
40360,100,1110
40361,98,1098
40362,98,1092
40363,98,1092
40364,100,1098
40365,100,1098
40366,100,1092
40367,98,1106
40368,98,1092
40369,100,1098
40370,98,1094
40371,100,1102
40372,100,1094
40373,100,1096
40374,98,1092
40375,98,1098
40376,98,1100
40377,98,1578
40378,98,1096
40379,100,1102
40380,100,1096
40381,98,1094
40382,96,1092
40383,100,1092
40384,98,1088
40385,98,1094
40386,98,1094
40387,98,1094
40388,102,1096
40389,100,1098
40390,100,1090
40391,98,1098
40392,100,1094
40393,98,1104
40394,100,1098
40395,102,1094
40396,100,1572
40397,100,1094
40398,100,1092
40399,100,1098
40400,100,1108
40401,98,1090
40402,98,1092
40403,96,1100
40404,100,1096
40405,100,1092
40406,96,1098
40407,100,1098
40408,100,1086
40409,98,1092
40410,104,1096
40411,102,1096
40412,96,1108
40413,96,1096
40414,100,1102
40415,100,1560
40416,100,1104
40417,98,1098
40418,102,1098
40419,100,1094
40420,104,1102
40421,100,1102
40422,98,1092
40423,98,1098
40424,98,1102
40425,100,1102
40426,98,1102
40427,100,1100
40428,100,1092
40429,102,1092
40430,102,1096
40431,98,1096
40432,100,1098
40433,98,1098
40434,98,1650
40435,100,1102
40436,96,1098
40437,98,1098
40438,102,1098
40439,100,1100
40440,96,1092
40441,100,1092
40442,96,1098
40443,100,1100
40444,100,1100
40445,98,1088
40446,98,1096
40447,98,1098
40448,100,1098
40449,98,1094
40450,100,1102
40451,98,1092
40452,98,1098
40453,96,1574
40454,98,1108
40455,96,1092
40456,100,1100
40457,98,1104
40458,100,1102
40459,98,1094
40460,100,1092
40461,100,1104
40462,100,1096
40463,98,1094
40464,100,1104
40465,98,1090
40466,100,1092
40467,98,1044
40468,98,1094
40469,98,1088
40470,104,1096
40471,98,1096
40472,100,1656
40473,98,1096
40474,98,1094
40475,98,1094
40476,100,1098
40477,100,1104
40478,98,1094
40479,98,1098
40480,96,1092
40481,98,1094
40482,100,1092
40483,100,1092
40484,98,1102
40485,98,1098
40486,98,1090
40487,96,1092
40488,100,1098
40489,98,1092
40490,100,1094
40491,98,1652
40492,98,1102
40493,100,1092
40494,100,1092
40495,104,1098
40496,100,1100
40497,100,1098
40498,98,1096
40499,100,1098
40500,100,1094
40501,98,1096
40502,100,1092
40503,98,1104
40504,98,1100
40505,98,1092
40506,100,1094
40507,100,1098
40508,98,1092
40509,98,1090
40510,98,1628
40511,100,1098
40512,102,1096
40513,100,1396
40514,100,1116
40515,100,1096
40516,98,1094
40517,100,1096
40518,98,1098
40519,100,1096
40520,98,1104
40521,100,1096
40522,100,1092
40523,102,1098
40524,100,1092
40525,100,1106
40526,100,1090
40527,100,1092
40528,102,1098
40529,98,1626
40530,100,1104
40531,98,1098
40532,98,1100
40533,100,1096
40534,98,1096
40535,98,1102
40536,100,1092
40537,100,1092
40538,98,1096
40539,98,1096
40540,100,1098
40541,100,1092
40542,96,1102
40543,98,1098
40544,98,1098
40545,100,1098
40546,100,1106
40547,98,1092
40548,98,1612
40549,102,1098
40550,100,1092
40551,102,1092
40552,98,1100
40553,98,1094
40554,96,1104
40555,100,1096
40556,98,1096
40557,98,1098
40558,100,1092
40559,100,1092
40560,100,1100
40561,98,1104
40562,100,1104
40563,100,1094
40564,98,1102
40565,100,1096
40566,100,1094
40567,104,1638
40568,98,1092
40569,98,1088
40570,98,1102
40571,100,1100
40572,98,1092
40573,98,1086
40574,100,1100
40575,96,1096
40576,100,1090
40577,98,1092
40578,98,1098
40579,96,1096
40580,100,1092
40581,96,1096
40582,100,1092
40583,100,1104
40584,100,1104
40585,100,1098
40586,102,1584
40587,98,1090
40588,100,1096
40589,98,1092
40590,102,1104
40591,100,1092
40592,100,1094
40593,102,1098
40594,100,1092
40595,100,1098
40596,98,1098
40597,100,1088
40598,98,1554
40599,98,1096
40600,100,1100
40601,98,1100
40602,98,1092
40603,98,1610
40604,100,1094
40605,100,1092
40606,100,1106
40607,100,1092
40608,100,1094
40609,98,1092
40610,100,1098
40611,98,1094
40612,100,1090
40613,100,1100
40614,100,1096
40615,100,1092
40616,98,1098
40617,100,1098
40618,98,1104
40619,100,1098
40620,100,1094
40621,98,1108
40622,102,1626
40623,98,1096
40624,104,1092
40625,98,1102
40626,100,1094
40627,98,1092
40628,98,1102
40629,100,1090
40630,98,1098
40631,100,1094
40632,98,1092
40633,100,1092
40634,98,1092
40635,100,1096
40636,100,1102
40637,100,1092
40638,104,1092
40639,96,1098
40640,98,1098
40641,100,1098
40642,98,1410
40643,98,1092
40644,100,1098
40645,104,1098
40646,100,1102
40647,98,1096
40648,100,1092
40649,100,1104
40650,100,1102
40651,100,1098
40652,98,1054
40653,100,1098
40654,98,1098
40655,98,1096
40656,98,1088
40657,98,1100
40658,98,1094
40659,102,1096
40660,96,1094
40661,98,1632
40662,100,1088
40663,100,1104
40664,98,1098
40665,100,1098
40666,98,1090
40667,98,1098
40668,100,1092
40669,94,1088
40670,98,1088
40671,96,1098
40672,100,1096
40673,98,1092
40674,100,1098
40675,98,1098
40676,100,1092
40677,100,1094
40678,100,1094
40679,98,1106
40680,100,1632
40681,98,1094
40682,98,1108
40683,98,1098
40684,100,1088
40685,98,1098
40686,100,1096
40687,100,1096
40688,100,1096
40689,100,1094
40690,98,1104
40691,100,1098
40692,98,1092
40693,98,1098
40694,100,1092
40695,100,1092
40696,102,1102
40697,98,1106
40698,98,1092
40699,96,1638
40700,98,1108
40701,98,1090
40702,100,1092
40703,98,1098
40704,100,1100
40705,100,1090
40706,98,1100
40707,98,1098
40708,100,1098
40709,96,1092
40710,98,1096
40711,96,1094
40712,98,1092
40713,100,1092
40714,100,1098
40715,100,1094
40716,98,1092
40717,98,1098
40718,98,1094
40719,100,1424
40720,100,1092
40721,98,1102
40722,98,1098
40723,100,1096
40724,98,1106
40725,98,1106
40726,98,1092
40727,98,1094
40728,104,1090
40729,98,1092
40730,98,1098
40731,98,1096
40732,98,1096
40733,102,1098
40734,100,1098
40735,100,1098
40736,100,1092
40737,100,1088
40738,100,1622
40739,100,1092
40740,98,1094
40741,98,1094
40742,98,1094
40743,96,1096
40744,100,1098
40745,100,1094
40746,98,1098
40747,98,1092
40748,100,1092
40749,100,1098
40750,98,1092
40751,98,1098
40752,98,1092
40753,96,1092
40754,98,1094
40755,100,1092
40756,100,1098
40757,102,1596
40758,98,1104
40759,102,1092
40760,100,1098
40761,98,1110
40762,98,1092
40763,100,1092
40764,98,1096
40765,98,1098
40766,100,1092
40767,100,1094
40768,98,1092
40769,102,1098
40770,98,1100
40771,100,1104
40772,100,1092
40773,98,1092
40774,98,1096
40775,98,1104
40776,98,1602
40777,100,1096
40778,100,1104
40779,100,1098
40780,100,1092
40781,98,1094
40782,102,1098
40783,98,1102
40784,100,1098
40785,98,1098
40786,98,1100
40787,98,1094
40788,100,1100
40789,100,1096
40790,100,1104
40791,100,1092
40792,98,1090
40793,100,1088
40794,100,1096
40795,98,1614
40796,100,1096
40797,100,1094
40798,98,1098
40799,98,1094
40800,102,1100
40801,98,1096
40802,100,1092
40803,98,1100
40804,98,1096
40805,100,1092
40806,100,1092
40807,98,1096
40808,100,1090
40809,98,1098
40810,100,1102
40811,96,1098
40812,98,1090
40813,98,1098
40814,98,1618
40815,98,1098
40816,98,1098
40817,100,1096
40818,100,1110
40819,100,1084
40820,98,1096
40821,104,1104
40822,100,1090
40823,100,1092
40824,104,1092
40825,100,1092
40826,100,1090
40827,100,1094
40828,98,1106
40829,100,1094
40830,100,1098
40831,100,1102
40832,100,1106
40833,98,1588
40834,96,1088
40835,98,1098
40836,96,1096
40837,102,1060
40838,98,1092
40839,96,1100
40840,98,1092
40841,98,1090
40842,96,1098
40843,100,1098
40844,100,1104
40845,100,1098
40846,98,1104
40847,98,1094
40848,96,1098
40849,96,1096
40850,100,1098
40851,96,1094
40852,102,1090
40853,98,1520
40854,100,1098
40855,98,1092
40856,102,1100
40857,96,1098
40858,96,1108
40859,98,1094
40860,100,1098
40861,100,1096
40862,100,1088
40863,100,1098
40864,98,1104
40865,98,1092
40866,100,1104
40867,98,1090
40868,100,1098
40869,100,1092
40870,98,1098
40871,98,1096
40872,98,1590
40873,98,1094
40874,102,1092
40875,100,1094
40876,98,1092
40877,98,1098
40878,96,1094
40879,100,1098
40880,100,1098
40881,98,1092
40882,100,1096
40883,96,1094
40884,100,1096
40885,100,1102
40886,102,1096
40887,100,1092
40888,100,1098
40889,100,1098
40890,96,1104
40891,98,1620
40892,100,1104
40893,100,1106
40894,100,1092
40895,98,1098
40896,100,1094
40897,100,1092
40898,98,1096
40899,100,1110
40900,98,1098
40901,98,1092
40902,100,1100
40903,102,1098
40904,98,1098
40905,98,1098
40906,100,1096
40907,100,1092
40908,98,1092
40909,98,1094
40910,98,1622
40911,98,1098
40912,100,1106
40913,100,1098
40914,100,1096
40915,100,1092
40916,100,1102
40917,98,1088
40918,98,1102
40919,100,1098
40920,98,1092
40921,98,1098
40922,102,1098
40923,100,1088
40924,100,1098
40925,98,1104
40926,98,1096
40927,96,1092
40928,98,1560
40929,100,1098
40930,98,1098
40931,96,1090
40932,100,1098
40933,100,1104
40934,98,1086
40935,98,1094
40936,98,1100
40937,102,1040
40938,102,1102
40939,96,1092
40940,100,1104
40941,100,1092
40942,98,1092
40943,96,1106
40944,102,1098
40945,98,1100
40946,100,1094
40947,100,1606
40948,100,1094
40949,98,1102
40950,98,1092
40951,98,1106
40952,98,1094
40953,98,1092
40954,98,1098
40955,98,1092
40956,100,1098
40957,100,1098
40958,98,1098
40959,102,1092
40960,100,1100
40961,102,1100
40962,100,1104
40963,98,1096
40964,100,1102
40965,100,1092
40966,98,1626
40967,100,1096
40968,100,1104
40969,102,1098
40970,100,1096
40971,106,1092
40972,100,1098
40973,102,1092
40974,98,1096
40975,98,1104
40976,98,1108
40977,98,1092
40978,100,1104
40979,98,1108
40980,102,1088
40981,100,1092
40982,100,1098
40983,102,1104
40984,98,1096
40985,102,1524
40986,98,1094
40987,100,1094
40988,100,1096
40989,98,1096
40990,98,1098
40991,100,1096
40992,100,1098
40993,98,1096
40994,98,1094
40995,102,1096
40996,96,1096
40997,98,1094
40998,98,1092
40999,100,1106
41000,98,1094
41001,98,1094
41002,100,1092
41003,100,1094
41004,102,1608
41005,98,1092
41006,98,1098
41007,102,1092
41008,100,1098
41009,102,1098
41010,102,1094
41011,98,1098
41012,100,1096
41013,98,1102
41014,100,1094
41015,96,1098
41016,100,1090
41017,98,1102
41018,100,1094
41019,98,1098
41020,98,1094
41021,102,1090
41022,98,994
41023,100,1094
41024,104,1526
41025,102,1104
41026,100,1094
41027,98,1086
41028,100,1092
41029,98,1098
41030,100,1092
41031,98,1094
41032,100,1092
41033,100,1098
41034,100,1098
41035,100,1098
41036,98,1098
41037,98,1104
41038,98,1092
41039,100,1116
41040,102,1102
41041,98,1102
41042,100,1104
41043,102,1624
41044,98,1094
41045,100,1088
41046,102,1110
41047,100,1098
41048,100,1092
41049,100,1094
41050,98,1098
41051,100,1100
41052,102,1088
41053,98,1092
41054,98,1108
41055,98,1108
41056,100,1098
41057,102,1102
41058,102,1098
41059,100,1092
41060,98,1094
41061,100,1092
41062,100,1656
41063,98,1094
41064,102,1092
41065,100,1100
41066,98,1092
41067,100,1106
41068,96,1102
41069,98,1104
41070,102,1090
41071,100,1098
41072,98,1098
41073,98,1092
41074,98,1092
41075,100,1098
41076,98,1098
41077,100,1098
41078,104,1100
41079,100,1102
41080,98,1092
41081,98,1614
41082,98,1100
41083,98,1092
41084,100,1094
41085,98,1094
41086,98,1098
41087,100,1088
41088,102,1090
41089,100,1098
41090,100,1098
41091,102,1100
41092,98,1098
41093,100,1094
41094,98,1092
41095,98,1100
41096,98,1104
41097,98,1640
41098,98,1104
41099,100,1098
41100,98,1106
41101,100,1102
41102,96,1098
41103,104,1094
41104,100,1092
41105,100,1102
41106,98,1092
41107,100,1098
41108,100,1092
41109,100,1104
41110,98,1106
41111,96,1108
41112,98,1092
41113,100,1092
41114,100,1092
41115,100,1100
41116,100,1582
41117,100,1092
41118,100,1104
41119,100,1094
41120,100,1090
41121,98,1092
41122,98,1094
41123,100,1098
41124,98,1098
41125,100,1098
41126,96,1096
41127,98,1096
41128,98,1098
41129,98,1098
41130,100,1100
41131,100,1092
41132,100,1096
41133,100,1104
41134,100,1092
41135,98,1626
41136,98,1100
41137,98,1092
41138,102,1096
41139,98,1098
41140,100,1092
41141,98,1094
41142,100,1092
41143,100,1098
41144,100,1096
41145,98,1092
41146,102,1100
41147,100,1096
41148,92,1094
41149,98,1092
41150,98,1098
41151,98,1094
41152,100,1092
41153,98,1092
41154,100,1626
41155,100,1096
41156,100,1090
41157,98,1098
41158,98,1096
41159,100,1092
41160,98,1098
41161,98,1052
41162,102,1092
41163,98,1102
41164,102,1098
41165,100,1100
41166,100,1100
41167,98,1096
41168,100,1098
41169,100,1102
41170,98,1096
41171,100,1094
41172,100,1100
41173,98,1640
41174,100,1102
41175,98,1098
41176,100,1104
41177,96,1098
41178,102,1098
41179,98,1094
41180,100,1096
41181,98,1092
41182,100,1094
41183,98,1096
41184,98,1094
41185,100,1090
41186,98,1094
41187,100,1100
41188,98,1092
41189,100,1094
41190,98,1092
41191,100,1092
41192,98,1614
41193,98,1098
41194,100,1094
41195,98,1088
41196,100,1098
41197,100,1096
41198,100,1090
41199,100,1096
41200,100,1098
41201,100,1106
41202,98,1092
41203,98,1092
41204,98,1096
41205,98,1100
41206,100,1098
41207,100,1094
41208,96,1110
41209,100,1092
41210,98,1092
41211,100,1562
41212,98,1094
41213,98,1094
41214,100,1102
41215,98,1104
41216,96,1092
41217,98,1094
41218,100,1092
41219,98,1096
41220,102,1092
41221,100,1090
41222,98,1098
41223,100,1104
41224,100,1094
41225,100,1106
41226,98,1096
41227,100,1098
41228,102,1092
41229,98,1098
41230,98,1578
41231,98,1098
41232,100,1108
41233,98,1102
41234,98,1086
41235,100,1092
41236,98,1104
41237,100,1092
41238,98,1092
41239,100,1104
41240,100,1102
41241,100,1098
41242,98,1098
41243,96,1096
41244,100,1094
41245,98,1100
41246,98,1098
41247,96,1098
41248,98,1094
41249,98,1590
41250,98,1102
41251,98,1098
41252,98,1104
41253,98,1094
41254,98,1106
41255,100,1094
41256,100,1100
41257,100,1098
41258,98,1102
41259,98,1098
41260,100,1098
41261,98,1098
41262,100,1092
41263,100,1104
41264,102,1098
41265,98,1094
41266,98,1090
41267,100,1088
41268,98,1578
41269,100,1092
41270,98,1104
41271,102,1100
41272,96,1092
41273,100,1098
41274,100,1098
41275,98,1098
41276,96,1098
41277,98,1098
41278,98,1098
41279,100,1094
41280,100,1104
41281,98,1096
41282,98,1092
41283,100,1106
41284,98,1088
41285,98,1096
41286,100,1100
41287,98,1616
41288,98,1102
41289,98,1090
41290,100,1096
41291,98,1096
41292,100,1102
41293,98,1094
41294,96,1098
41295,98,1092
41296,100,1088
41297,98,1100
41298,98,1094
41299,98,1092
41300,100,1098
41301,98,1092
41302,100,1096
41303,102,1098
41304,100,1088
41305,100,1092
41306,98,1642
41307,98,1098
41308,96,1092
41309,98,1100
41310,100,1088
41311,98,1094
41312,100,1092
41313,98,1096
41314,98,1092
41315,100,1108
41316,98,1094
41317,104,1092
41318,100,1110
41319,100,1098
41320,98,1094
41321,98,1098
41322,102,1098
41323,100,1092
41324,98,1102
41325,98,1632
41326,98,1096
41327,100,1094
41328,98,1098
41329,100,1092
41330,100,1092
41331,98,1102
41332,98,1092
41333,100,1096
41334,100,1098
41335,102,1092
41336,98,1092
41337,96,1092
41338,100,1090
41339,96,1106
41340,100,1104
41341,94,1092
41342,100,1098
41343,98,1092
41344,102,1572
41345,100,1090
41346,98,1104
41347,100,1102
41348,102,1096
41349,100,1096
41350,100,1092
41351,98,1098
41352,98,1088
41353,98,1092
41354,98,1108
41355,98,1098
41356,100,1092
41357,98,1090
41358,102,1096
41359,98,1098
41360,100,1104
41361,104,1094
41362,100,1088
41363,100,1560
41364,100,1096
41365,96,1102
41366,100,1094
41367,100,1094
41368,96,1104
41369,98,1102
41370,100,1092
41371,100,1098
41372,98,1094
41373,100,1094
41374,98,1096
41375,98,1094
41376,100,1098
41377,98,1092
41378,100,1096
41379,100,1100
41380,96,1104
41381,98,1092
41382,98,1580
41383,98,1092
41384,100,1102
41385,100,1092
41386,98,1092
41387,96,1094
41388,100,1088
41389,98,1098
41390,98,1096
41391,98,1098
41392,100,1104
41393,96,1096
41394,98,1102
41395,98,1096
41396,98,1104
41397,100,1098
41398,98,1096
41399,98,1098
41400,98,1092
41401,98,1572
41402,100,1092
41403,100,1094
41404,100,1104
41405,100,1098
41406,98,1088
41407,100,1104
41408,100,1096
41409,100,1098
41410,98,1096
41411,100,1098
41412,96,1092
41413,100,1098
41414,98,1096
41415,100,1098
41416,98,1100
41417,100,1092
41418,96,1092
41419,98,1098
41420,100,1626
41421,98,1096
41422,98,1096
41423,98,1108
41424,100,1098
41425,100,1098
41426,100,1100
41427,98,1100
41428,100,1096
41429,102,1098
41430,102,1092
41431,100,1092
41432,100,1096
41433,98,1096
41434,100,1094
41435,98,1092
41436,98,1092
41437,96,1098
41438,100,1092
41439,100,1576
41440,98,1094
41441,102,1094
41442,98,1088
41443,100,1096
41444,100,1088
41445,98,1092
41446,98,1102
41447,98,1100
41448,100,1098
41449,100,1098
41450,100,1092
41451,98,1096
41452,100,1088
41453,100,1098
41454,100,1098
41455,98,1100
41456,102,1088
41457,100,1096
41458,98,1618
41459,98,1098
41460,98,1096
41461,96,1094
41462,100,1092
41463,100,1092
41464,102,1094
41465,98,1100
41466,100,1088
41467,100,1094
41468,98,1102
41469,100,1096
41470,100,1096
41471,100,1092
41472,100,1094
41473,100,1104
41474,98,1090
41475,100,1098
41476,100,1090
41477,100,1586
41478,104,1088
41479,102,1102
41480,96,1096
41481,100,1092
41482,98,1092
41483,98,1106
41484,100,1102
41485,100,1044
41486,98,1098
41487,100,1098
41488,100,1104
41489,98,1094
41490,98,1098
41491,100,1098
41492,102,1098
41493,98,1098
41494,100,1090
41495,98,1096
41496,98,1620
41497,100,1098
41498,100,1104
41499,98,1090
41500,100,1104
41501,102,1092
41502,98,1094
41503,100,1098
41504,100,1100
41505,100,1094
41506,96,1092
41507,98,1098
41508,100,1098
41509,98,1096
41510,98,1096
41511,100,1100
41512,100,1096
41513,100,1094
41514,98,1100
41515,98,1652
41516,100,1100
41517,100,1090
41518,100,1100
41519,100,1096
41520,98,1102
41521,100,1092
41522,98,1104
41523,100,1104
41524,96,1086
41525,100,1088
41526,100,1094
41527,98,1092
41528,98,1098
41529,98,1096
41530,98,1094
41531,100,1092
41532,100,1094
41533,98,1094
41534,100,1644
41535,98,1092
41536,98,1096
41537,98,1092
41538,98,1102
41539,98,1104
41540,98,1106
41541,96,1096
41542,100,1098
41543,100,1100
41544,98,1110
41545,100,1092
41546,98,1092
41547,100,1098
41548,98,1094
41549,98,1090
41550,100,1092
41551,100,1102
41552,100,1094
41553,100,1650
41554,98,1092
41555,98,1104
41556,98,1096
41557,100,1096
41558,102,1094
41559,96,1094
41560,98,1098
41561,100,1102
41562,98,1106
41563,98,1094
41564,100,1094
41565,100,1098
41566,100,1104
41567,100,1096
41568,98,1094
41569,100,1104
41570,102,1088
41571,98,1096
41572,98,1578
41573,98,1096
41574,98,1098
41575,98,1100
41576,100,1090
41577,100,1094
41578,100,1096
41579,100,1094
41580,100,1094
41581,100,1094
41582,98,1098
41583,98,1094
41584,100,1094
41585,100,1090
41586,98,1092
41587,100,1098
41588,100,1096
41589,98,1092
41590,100,1096
41591,98,1584
41592,100,1088
41593,100,1102
41594,100,1102
41595,98,1092
41596,104,1094
41597,100,1094
41598,100,1096
41599,98,1096
41600,98,1104
41601,100,1098
41602,100,1098
41603,98,1096
41604,100,1098
41605,100,1102
41606,98,1098
41607,100,1094
41608,100,1098
41609,98,1098
41610,98,1614
41611,98,1100
41612,98,1098
41613,100,1092
41614,102,1092
41615,100,1102
41616,100,1096
41617,100,1096
41618,100,1092
41619,100,1104
41620,98,1088
41621,102,1098
41622,100,1106
41623,98,1092
41624,98,1088
41625,100,1090
41626,100,1094
41627,98,1096
41628,106,1104
41629,100,1614
41630,100,1104
41631,98,1090
41632,96,1096
41633,98,1098
41634,94,1090
41635,98,1094
41636,104,1096
41637,100,1096
41638,98,1098
41639,102,1094
41640,100,1096
41641,100,1092
41642,100,1096
41643,98,1098
41644,102,1094
41645,98,1092
41646,98,1098
41647,98,1100
41648,98,1574
41649,98,1098
41650,104,1096
41651,98,1096
41652,96,1092
41653,98,1088
41654,98,1100
41655,98,1104
41656,100,1102
41657,100,1098
41658,100,1104
41659,100,1098
41660,98,1090
41661,98,1090
41662,100,1102
41663,98,1092
41664,100,1104
41665,98,1102
41666,98,1090
41667,98,1560
41668,100,1098
41669,96,1104
41670,98,1084
41671,100,1098
41672,100,1096
41673,98,1104
41674,98,1088
41675,104,1094
41676,98,1092
41677,98,1096
41678,100,1088
41679,100,1096
41680,98,1104
41681,100,1092
41682,98,1104
41683,98,1100
41684,100,1092
41685,98,1086
41686,100,1612
41687,100,1096
41688,100,1094
41689,98,1090
41690,100,1102
41691,100,1098
41692,100,1098
41693,96,1092
41694,100,1098
41695,98,1092
41696,98,1098
41697,96,1092
41698,100,1094
41699,100,1094
41700,104,1104
41701,98,1100
41702,98,1100
41703,100,1094
41704,96,1092
41705,100,1606
41706,98,1098
41707,96,1098
41708,100,1090
41709,98,1098
41710,100,1090
41711,98,1098
41712,100,1098
41713,98,1098
41714,100,1090
41715,98,1098
41716,98,1098
41717,98,1086
41718,98,1098
41719,96,1098
41720,98,1094
41721,100,1096
41722,100,1098
41723,100,1094
41724,100,1608
41725,98,1090
41726,100,1098
41727,100,1096
41728,98,1108
41729,98,1094
41730,98,1092
41731,100,1092
41732,100,1092
41733,98,1098
41734,100,1092
41735,100,1100
41736,98,1094
41737,98,1092
41738,100,1088
41739,98,1092
41740,98,1096
41741,98,1098
41742,98,1092
41743,98,1610
41744,98,1092
41745,98,1092
41746,98,1098
41747,100,1102
41748,100,1096
41749,98,1086
41750,98,1098
41751,102,1100
41752,98,1098
41753,104,1092
41754,102,1092
41755,100,1102
41756,98,1094
41757,100,1102
41758,98,1104
41759,100,1096
41760,98,1092
41761,102,1094
41762,100,1572
41763,98,1130
41764,98,1108
41765,100,1098
41766,98,1088
41767,96,1098
41768,100,1092
41769,100,1096
41770,100,1098
41771,102,1096
41772,100,1092
41773,98,1098
41774,98,1092
41775,100,1098
41776,98,1098
41777,98,1094
41778,98,1096
41779,98,1096
41780,98,1092
41781,96,1092
41782,98,1422
41783,98,1098
41784,96,1088
41785,98,1092
41786,98,1092
41787,98,1094
41788,96,1084
41789,102,1096
41790,100,1094
41791,100,1094
41792,98,1098
41793,100,1092
41794,100,1096
41795,98,1096
41796,100,1104
41797,100,1098
41798,98,1108
41799,98,1092
41800,104,1096
41801,98,1580
41802,100,1092
41803,100,1094
41804,100,1092
41805,98,1096
41806,98,1094
41807,102,1102
41808,96,1096
41809,100,1092
41810,98,1094
41811,98,1094
41812,98,1098
41813,100,1092
41814,98,1102
41815,104,978
41816,98,972
41817,100,1092
41818,98,1062
41819,100,1098
41820,94,1092
41821,98,1096
41822,100,1634
41823,98,1104
41824,100,1092
41825,100,1100
41826,98,1104
41827,98,1098
41828,98,1090
41829,98,1106
41830,104,1108
41831,100,1092
41832,98,1106
41833,96,1092
41834,100,1094
41835,100,1094
41836,100,1098
41837,100,1094
41838,98,1098
41839,98,1098
41840,102,1098
41841,98,1588
41842,100,1092
41843,104,1092
41844,100,1096
41845,100,1100
41846,98,1102
41847,100,1106
41848,100,1098
41849,100,1088
41850,98,1092
41851,96,1104
41852,100,1092
41853,100,1092
41854,100,1104
41855,100,1098
41856,100,1092
41857,98,1096
41858,100,1098
41859,100,1094
41860,100,1616
41861,98,1102
41862,98,1094
41863,100,1098
41864,98,1092
41865,98,1104
41866,100,1092
41867,100,1092
41868,98,1086
41869,100,1092
41870,100,1090
41871,100,1094
41872,100,1096
41873,100,1090
41874,100,1090
41875,100,1094
41876,98,1098
41877,100,1098
41878,98,1092
41879,98,1634
41880,98,1088
41881,94,1088
41882,100,1092
41883,98,1108
41884,100,1090
41885,100,1088
41886,98,1098
41887,98,1100
41888,98,1096
41889,100,1094
41890,98,1098
41891,100,1094
41892,98,1102
41893,100,1098
41894,100,1098
41895,100,1108
41896,98,1092
41897,98,1098
41898,100,1614
41899,100,1094
41900,98,1098
41901,98,1092
41902,98,1094
41903,104,1096
41904,98,1100
41905,100,1098
41906,98,1086
41907,100,1096
41908,98,1098
41909,98,1096
41910,98,1090
41911,98,1102
41912,98,1104
41913,96,1092
41914,100,1098
41915,100,1096
41916,100,1092
41917,98,1644
41918,102,1106
41919,98,1104
41920,100,1096
41921,98,1092
41922,98,1098
41923,98,1094
41924,98,1092
41925,102,1092
41926,98,1102
41927,100,1094
41928,100,1092
41929,104,1094
41930,96,1102
41931,100,1098
41932,98,1096
41933,98,1098
41934,98,1096
41935,98,1102
41936,100,1102
41937,98,1414
41938,100,1098
41939,98,1092
41940,100,1094
41941,100,1100
41942,102,1090
41943,100,1092
41944,100,1096
41945,100,1096
41946,98,1602
41947,100,1096
41948,98,1098
41949,100,1090
41950,100,1098
41951,100,1098
41952,100,1088
41953,98,1098
41954,98,1090
41955,98,1090
41956,102,1106
41957,98,1100
41958,100,1094
41959,100,1094
41960,100,1092
41961,98,1092
41962,100,1100
41963,102,1090
41964,102,1102
41965,98,1634
41966,100,1104
41967,102,1088
41968,98,1092
41969,98,1098
41970,102,1092
41971,100,1090
41972,98,1094
41973,100,1098
41974,98,1096
41975,102,1098
41976,98,1100
41977,94,1094
41978,98,1090
41979,98,1104
41980,100,1092
41981,100,1096
41982,102,1094
41983,100,1092
41984,98,1566
41985,96,1092
41986,102,1098
41987,100,1108
41988,100,1092
41989,100,1096
41990,98,1098
41991,98,1098
41992,100,1096
41993,98,1108
41994,102,1102
41995,98,1092
41996,100,1098
41997,100,1092
41998,98,1098
41999,102,1094
42000,104,1092
42001,100,1104
42002,100,1098
42003,94,1604
42004,98,1088
42005,100,1092
42006,100,1104
42007,100,1094
42008,100,1102
42009,100,1100
42010,100,1092
42011,108,1090
42012,100,1096
42013,100,1100
42014,100,1092
42015,104,1098
42016,98,1104
42017,98,1098
42018,102,1096
42019,98,1096
42020,98,1100
42021,98,1092
42022,98,1618
42023,102,1094
42024,102,1098
42025,98,1092
42026,98,1108
42027,98,1098
42028,98,1088
42029,104,1098
42030,96,1098
42031,98,1094
42032,100,1092
42033,98,1110
42034,98,1110
42035,102,1092
42036,100,1100
42037,98,1098
42038,98,1100
42039,100,1092
42040,98,1090
42041,98,1596
42042,102,1088
42043,100,1092
42044,100,1102
42045,98,1096
42046,100,1092
42047,102,1088
42048,98,1098
42049,98,1094
42050,100,1098
42051,100,1094
42052,98,1094
42053,100,1094
42054,102,1088
42055,100,1098
42056,100,1098
42057,98,1092
42058,100,1098
42059,102,1096
42060,102,1608
42061,98,1108
42062,100,1104
42063,100,1104
42064,96,1102
42065,98,1094
42066,102,1096
42067,98,1100
42068,98,1098
42069,100,1094
42070,98,1100
42071,98,1096
42072,98,1096
42073,98,1104
42074,98,1106
42075,98,1098
42076,98,1094
42077,98,1094
42078,100,1094
42079,100,1620
42080,100,1100
42081,98,1096
42082,98,1098
42083,102,1102
42084,102,1096
42085,98,1092
42086,98,1092
42087,104,1090
42088,100,1098
42089,100,1108
42090,102,1094
42091,98,1106
42092,98,1104
42093,102,1092
42094,100,1102
42095,102,1096
42096,98,1092
42097,102,1098
42098,102,1094
42099,96,1568
42100,100,1098
42101,98,1092
42102,100,1098
42103,98,1100
42104,100,1096
42105,102,1098
42106,102,1098
42107,100,1092
42108,100,1096
42109,100,1094
42110,100,1092
42111,98,1100
42112,100,1100
42113,100,1096
42114,102,1092
42115,98,1108
42116,102,1102
42117,100,1104
42118,98,1622
42119,102,1104
42120,102,1092
42121,100,1096
42122,100,1096
42123,98,1098
42124,98,1096
42125,96,1096
42126,100,1100
42127,98,1092
42128,98,1092
42129,102,1100
42130,100,1096
42131,100,1104
42132,98,1094
42133,98,1098
42134,98,1096
42135,92,1102
42136,102,1092
42137,98,1572
42138,100,1096
42139,98,1086
42140,100,1098
42141,100,1094
42142,96,1092
42143,100,1092
42144,98,1094
42145,98,1108
42146,98,1092
42147,100,1088
42148,100,1102
42149,100,1104
42150,98,1092
42151,98,1098
42152,98,1094
42153,100,1092
42154,98,1096
42155,98,1102
42156,100,1608
42157,100,1092
42158,100,1092
42159,98,1092
42160,100,1098
42161,98,1088
42162,100,1100
42163,96,1092
42164,98,1092
42165,98,1104
42166,100,1098
42167,100,1098
42168,98,1100
42169,100,1098
42170,102,1102
42171,100,1092
42172,96,1098
42173,98,1092
42174,98,1094
42175,98,1612
42176,98,1098
42177,100,1104
42178,100,1094
42179,100,1092
42180,100,1104
42181,96,1092
42182,98,1096
42183,100,1108
42184,96,1098
42185,100,1096
42186,98,1096
42187,98,1110
42188,98,1104
42189,102,1100
42190,100,1092
42191,98,1100
42192,98,1096
42193,100,1102
42194,96,1620
42195,100,1098
42196,98,1094
42197,98,1102
42198,98,1096
42199,98,1092
42200,100,1092
42201,100,1094
42202,100,1096
42203,100,1090
42204,98,1096
42205,98,1096
42206,98,1100
42207,98,1094
42208,100,1092
42209,98,1094
42210,100,1096
42211,98,1100
42212,98,1098
42213,100,1610
42214,100,1094
42215,100,1100
42216,98,1102
42217,100,1092
42218,100,1104
42219,100,1096
42220,100,1102
42221,98,1088
42222,100,1092
42223,98,1108
42224,100,1094
42225,98,1102
42226,98,1094
42227,100,1092
42228,100,1092
42229,98,1102
42230,100,1098
42231,94,1094
42232,100,1088
42233,100,1424
42234,100,1098
42235,102,1092
42236,98,1092
42237,100,1102
42238,100,1108
42239,98,1092
42240,100,1094
42241,98,1098
42242,100,1092
42243,100,1092
42244,98,1100
42245,98,1096
42246,98,1088
42247,100,1100
42248,98,1102
42249,98,1092
42250,98,1096
42251,98,1092
42252,98,1610
42253,98,1098
42254,100,1094
42255,100,1098
42256,98,1098
42257,98,1092
42258,100,1104
42259,100,1094
42260,98,1094
42261,100,1104
42262,100,1098
42263,96,1092
42264,100,1090
42265,100,1108
42266,100,1096
42267,100,1096
42268,96,1096
42269,98,1104
42270,98,1102
42271,100,1570
42272,98,1098
42273,100,1094
42274,100,1098
42275,100,1092
42276,98,1094
42277,100,1104
42278,102,1096
42279,98,1098
42280,100,1096
42281,98,1096
42282,98,1092
42283,100,1104
42284,100,1098
42285,98,1092
42286,96,1096
42287,100,1096
42288,100,1098
42289,98,1098
42290,100,1624
42291,100,1098
42292,100,1096
42293,100,1092
42294,100,1096
42295,100,1098
42296,98,1098
42297,100,1094
42298,98,1098
42299,100,1094
42300,98,1096
42301,98,1092
42302,100,1098
42303,100,1092
42304,96,1100
42305,98,1098
42306,98,1096
42307,100,1090
42308,104,1098
42309,98,1580
42310,100,1092
42311,100,1098
42312,102,1100
42313,98,1094
42314,100,1088
42315,100,1098
42316,100,1098
42317,100,1098
42318,100,1090
42319,98,1094
42320,100,1092
42321,102,1090
42322,98,1098
42323,100,1104
42324,98,1096
42325,98,1098
42326,100,1098
42327,96,1094
42328,98,1572
42329,100,1092
42330,102,1102
42331,98,1096
42332,98,1094
42333,102,1092
42334,100,1104
42335,98,1098
42336,100,1092
42337,100,1102
42338,98,1098
42339,98,1090
42340,102,1098
42341,98,1098
42342,98,1096
42343,98,1094
42344,104,1098
42345,100,1092
42346,98,1092
42347,98,1630
42348,96,1100
42349,98,1092
42350,98,1096
42351,100,1092
42352,100,1104
42353,100,1094
42354,100,1098
42355,98,1096
42356,100,1104
42357,100,1098
42358,100,1098
42359,98,1092
42360,100,1092
42361,100,1098
42362,100,1098
42363,100,1100
42364,100,1092
42365,100,1106
42366,98,1632
42367,100,1098
42368,102,1098
42369,98,1102
42370,98,1102
42371,100,1100
42372,100,1088
42373,100,1096
42374,100,1098
42375,98,1098
42376,98,1098
42377,98,1102
42378,98,1092
42379,96,1098
42380,98,1098
42381,98,1090
42382,100,1100
42383,98,1108
42384,96,1100
42385,98,1650
42386,100,1098
42387,98,1096
42388,100,1102
42389,98,1094
42390,104,1094
42391,100,1094
42392,98,1096
42393,98,1104
42394,104,1098
42395,98,1092
42396,100,1092
42397,98,1094
42398,98,1096
42399,94,1098
42400,100,1090
42401,100,1092
42402,98,1096
42403,100,1108
42404,98,1626
42405,100,1098
42406,100,1100
42407,98,1104
42408,100,1098
42409,100,1092
42410,100,1094
42411,98,1100
42412,100,1092
42413,96,1104
42414,100,1098
42415,100,1092
42416,100,1096
42417,100,1092
42418,98,1088
42419,100,1092
42420,100,1098
42421,100,1102
42422,100,1094
42423,100,1610
42424,102,1098
42425,100,1106
42426,100,1100
42427,98,1092
42428,94,1096
42429,100,1092
42430,100,1102
42431,100,1086
42432,100,1092
42433,100,1098
42434,98,1102
42435,100,1098
42436,98,1098
42437,102,1100
42438,96,1094
42439,100,1092
42440,100,1092
42441,100,1098
42442,96,1584
42443,98,1096
42444,98,1110
42445,100,1096
42446,98,1096
42447,98,1094
42448,98,1094
42449,98,1094
42450,102,1094
42451,96,1104
42452,98,1098
42453,98,1088
42454,98,1094
42455,98,1096
42456,98,1100
42457,102,1104
42458,100,1096
42459,100,1092
42460,98,1094
42461,98,1098
42462,100,1554
42463,100,1098
42464,96,1092
42465,100,1100
42466,100,1108
42467,100,1092
42468,98,1104
42469,98,1102
42470,98,1094
42471,100,1092
42472,98,1104
42473,104,1098
42474,100,1100
42475,98,1092
42476,98,1094
42477,98,1098
42478,98,1094
42479,98,1092
42480,98,1110
42481,100,1546
42482,98,1092
42483,98,1096
42484,100,1098
42485,100,1088
42486,98,1090
42487,100,1110
42488,100,1098
42489,100,1102
42490,98,1092
42491,100,1102
42492,98,1092
42493,100,1092
42494,102,1094
42495,100,1096
42496,98,1098
42497,100,1094
42498,104,1100
42499,98,1102
42500,98,1626
42501,100,1108
42502,100,1100
42503,100,1098
42504,98,1092
42505,98,1098
42506,98,1094
42507,98,1098
42508,100,1098
42509,98,1100
42510,100,1098
42511,98,1088
42512,100,1094
42513,98,1108
42514,98,1090
42515,98,1110
42516,100,1094
42517,100,1096
42518,98,1096
42519,100,1626
42520,100,1092
42521,100,1090
42522,100,1094
42523,98,1100
42524,100,1098
42525,98,1092
42526,102,1092
42527,100,1092
42528,96,1098
42529,98,1102
42530,98,1096
42531,100,1104
42532,100,1098
42533,96,1096
42534,98,1100
42535,98,1100
42536,98,1092
42537,98,1096
42538,100,1572
42539,98,1096
42540,98,1098
42541,98,1100
42542,96,1092
42543,100,1092
42544,100,1110
42545,96,1104
42546,100,1098
42547,98,1096
42548,98,1102
42549,100,1102
42550,100,1092
42551,100,1092
42552,100,1094
42553,100,1096
42554,100,1102
42555,98,1092
42556,98,1094
42557,96,1540
42558,98,1094
42559,98,1092
42560,100,1098
42561,100,1088
42562,98,1094
42563,100,1098
42564,100,1096
42565,100,1094
42566,98,1100
42567,100,1094
42568,100,1092
42569,100,1096
42570,100,1104
42571,100,1096
42572,100,1092
42573,98,1102
42574,100,1098
42575,98,1096
42576,98,1562
42577,98,1098
42578,98,1098
42579,98,1092
42580,98,1098
42581,96,1098
42582,98,1094
42583,100,1098
42584,100,1094
42585,100,1090
42586,100,1098
42587,100,1092
42588,100,1106
42589,100,1090
42590,96,1092
42591,98,1092
42592,100,1096
42593,100,1104
42594,98,1098
42595,100,1660
42596,100,1096
42597,96,1092
42598,100,1094
42599,100,1098
42600,100,1100
42601,98,1094
42602,100,1102
42603,100,1092
42604,98,1094
42605,98,1096
42606,100,1100
42607,98,1088
42608,102,1098
42609,100,1096
42610,100,1104
42611,98,1094
42612,98,1092
42613,98,1108
42614,96,1584
42615,98,1094
42616,102,1102
42617,100,1088
42618,100,1092
42619,100,1100
42620,98,1098
42621,100,1094
42622,98,1098
42623,98,1094
42624,98,1098
42625,100,1094
42626,100,1098
42627,98,1106
42628,100,1098
42629,98,1098
42630,100,1096
42631,100,1100
42632,100,1096
42633,98,1088
42634,100,1100
42635,100,1092
42636,98,1096
42637,98,1098
42638,98,1098
42639,94,1088
42640,98,1104
42641,100,1098
42642,98,982
42643,100,1088
42644,100,1096
42645,100,1092
42646,100,1098
42647,98,1098
42648,98,1098
42649,98,1102
42650,100,1088
42651,98,1572
42652,100,1100
42653,98,1092
42654,98,1098
42655,98,1094
42656,100,1094
42657,98,1102
42658,100,1092
42659,100,1094
42660,98,1092
42661,100,1098
42662,100,1098
42663,100,1092
42664,100,1098
42665,98,1098
42666,98,1094
42667,100,1096
42668,100,1098
42669,98,1098
42670,100,1600
42671,98,1092
42672,98,1104
42673,106,1096
42674,98,1094
42675,102,1102
42676,102,1096
42677,98,1094
42678,100,1092
42679,98,1088
42680,100,1094
42681,98,1092
42682,98,1098
42683,100,1104
42684,100,1096
42685,98,1096
42686,100,1098
42687,98,1096
42688,98,968
42689,98,1640
42690,98,1094
42691,100,1098
42692,96,1098
42693,98,1088
42694,100,1108
42695,98,1096
42696,100,1092
42697,98,1100
42698,100,1094
42699,98,1102
42700,100,1094
42701,100,1098
42702,98,1102
42703,100,1092
42704,100,1104
42705,98,1098
42706,100,1098
42707,100,1092
42708,100,1638
42709,98,1092
42710,98,1110
42711,100,1090
42712,100,1094
42713,98,1106
42714,100,1100
42715,96,1092
42716,100,1094
42717,98,1104
42718,98,1098
42719,100,1100
42720,98,1092
42721,100,1098
42722,100,1088
42723,100,1104
42724,100,1098
42725,98,1088
42726,98,1094
42727,100,1634
42728,100,1098
42729,98,1092
42730,96,1094
42731,98,1092
42732,100,1094
42733,100,1092
42734,100,1098
42735,98,1092
42736,100,1098
42737,98,1088
42738,100,1100
42739,98,1092
42740,98,1092
42741,100,1098
42742,102,1098
42743,100,1098
42744,98,1102
42745,98,1094
42746,98,1594
42747,98,1094
42748,96,1098
42749,100,1096
42750,100,1094
42751,96,1098
42752,100,1094
42753,100,1098
42754,100,1094
42755,100,1108
42756,100,1092
42757,100,1088
42758,98,1092
42759,98,1106
42760,98,1098
42761,98,1092
42762,100,1102
42763,98,1100
42764,100,1104
42765,100,1578
42766,100,1100
42767,98,1092
42768,98,1092
42769,98,1094
42770,98,1102
42771,100,1104
42772,100,1088
42773,104,1100
42774,100,1102
42775,98,1092
42776,98,1094
42777,98,1098
42778,98,1094
42779,98,1090
42780,104,1098
42781,98,1110
42782,98,1092
42783,98,1552
42784,100,1104
42785,102,1094
42786,98,1092
42787,100,1092
42788,98,1102
42789,98,1092
42790,98,1094
42791,102,1096
42792,100,1098
42793,98,1098
42794,98,1096
42795,98,1092
42796,98,1100
42797,100,1090
42798,102,1098
42799,100,1100
42800,98,1092
42801,100,1098
42802,98,1600
42803,98,1094
42804,98,1094
42805,98,1108
42806,100,1098
42807,98,1104
42808,98,1108
42809,100,1100
42810,98,1098
42811,98,1094
42812,100,1102
42813,100,1104
42814,100,1094
42815,102,1098
42816,98,1100
42817,98,1092
42818,98,1104
42819,102,1098
42820,98,1104
42821,98,1592
42822,100,1092
42823,104,1096
42824,98,1100
42825,98,1092
42826,100,1096
42827,98,992
42828,100,1106
42829,100,1092
42830,100,1092
42831,98,1096
42832,100,1092
42833,98,1104
42834,102,1098
42835,100,1090
42836,100,1092
42837,98,1092
42838,98,1102
42839,98,1096
42840,100,1092
42841,98,1410
42842,98,1098
42843,100,1104
42844,98,1098
42845,98,1098
42846,100,1098
42847,98,1102
42848,98,1098
42849,100,1092
42850,98,1088
42851,98,1098
42852,100,1098
42853,98,1098
42854,98,1108
42855,100,1096
42856,98,1100
42857,100,1092
42858,100,1094
42859,98,1102
42860,100,1572
42861,100,1094
42862,100,1092
42863,100,1094
42864,98,1092
42865,100,1100
42866,98,1098
42867,96,1100
42868,98,1092
42869,98,1100
42870,98,1098
42871,98,1092
42872,100,1488
42873,100,1096
42874,100,1098
42875,100,1094
42876,98,1094
42877,96,1102
42878,100,1520
42879,98,1092
42880,98,1092
42881,98,1092
42882,98,1098
42883,100,1094
42884,102,1102
42885,100,1098
42886,100,1092
42887,102,1092
42888,100,1100
42889,98,1102
42890,100,1096
42891,98,1092
42892,98,1100
42893,100,1092
42894,98,1094
42895,100,1100
42896,100,1098
42897,98,1642
42898,104,1100
42899,98,1102
42900,102,1096
42901,100,1090
42902,96,1098
42903,98,1092
42904,98,1100
42905,100,1092
42906,100,1098
42907,102,1096
42908,98,1102
42909,98,1096
42910,98,1094
42911,102,1104
42912,100,1096
42913,100,1104
42914,98,1094
42915,100,1100
42916,100,1600
42917,98,1094
42918,104,1092
42919,96,1092
42920,100,1098
42921,98,1088
42922,98,1100
42923,96,1096
42924,98,1098
42925,100,1102
42926,98,1094
42927,100,1104
42928,100,1094
42929,98,1092
42930,98,1092
42931,100,1090
42932,100,1098
42933,96,1090
42934,98,1100
42935,100,1636
42936,98,1096
42937,100,1092
42938,98,1096
42939,100,1098
42940,98,1094
42941,100,1098
42942,98,1092
42943,100,1102
42944,100,1104
42945,100,1092
42946,98,1098
42947,100,1092
42948,100,1098
42949,102,1094
42950,98,1094
42951,100,1102
42952,100,1094
42953,100,1092
42954,98,1620
42955,96,1100
42956,102,1104
42957,100,1090
42958,100,1094
42959,100,1098
42960,100,1092
42961,98,1092
42962,100,1104
42963,98,1096
42964,98,1094
42965,100,1092
42966,98,1096
42967,96,1094
42968,100,1094
42969,98,1098
42970,100,1088
42971,100,1644
42972,100,1090
42973,98,1092
42974,100,1104
42975,100,1098
42976,100,1088
42977,98,1102
42978,100,1098
42979,98,1090
42980,100,1106
42981,100,1098
42982,100,1092
42983,98,1092
42984,100,1098
42985,100,1092
42986,100,1100
42987,98,1094
42988,94,1102
42989,98,1100
42990,98,1620
42991,100,1096
42992,100,1092
42993,102,1098
42994,102,1090
42995,98,1104
42996,98,1096
42997,100,1092
42998,100,1100
42999,98,1100
43000,98,1100
43001,100,1092
43002,102,1092
43003,100,1098
43004,100,1100
43005,100,1094
43006,98,1098
43007,98,1098
43008,98,1098
43009,100,1612
43010,98,1096
43011,98,1096
43012,100,1038
43013,100,1104
43014,94,1104
43015,100,1088
43016,100,1098
43017,98,1102
43018,98,1092
43019,98,1094
43020,100,1088
43021,100,1100
43022,98,1098
43023,98,1104
43024,98,1094
43025,96,1096
43026,96,1102
43027,98,1092
43028,98,1608
43029,98,1090
43030,98,1106
43031,98,1096
43032,98,1092
43033,98,1104
43034,100,1094
43035,100,1100
43036,102,1100
43037,96,1092
43038,98,1100
43039,98,1102
43040,98,1088
43041,100,1098
43042,100,1108
43043,100,1092
43044,98,1102
43045,96,1102
43046,100,1088
43047,100,1620
43048,98,1102
43049,100,1094
43050,96,1104
43051,100,1090
43052,100,1100
43053,98,1104
43054,100,1088
43055,98,1088
43056,100,1098
43057,98,1102
43058,100,1098
43059,98,1088
43060,100,1092
43061,100,1096
43062,100,1094
43063,98,1102
43064,100,1102
43065,104,1090
43066,98,1614
43067,100,1100
43068,100,1086
43069,98,1092
43070,100,1100
43071,100,1092
43072,98,1088
43073,104,1104
43074,98,1104
43075,94,1098
43076,100,1098
43077,100,1096
43078,96,1098
43079,98,1086
43080,98,1092
43081,96,1092
43082,98,1098
43083,98,1094
43084,100,1098
43085,98,1590
43086,98,1100
43087,96,1098
43088,100,1096
43089,100,1094
43090,98,1100
43091,98,1098
43092,100,1092
43093,100,1088
43094,100,1092
43095,98,1104
43096,100,1090
43097,98,1088
43098,98,1102
43099,100,1100
43100,98,1092
43101,98,1096
43102,100,1098
43103,100,1088
43104,100,1602
43105,104,1094
43106,100,1100
43107,100,1098
43108,100,1094
43109,100,1094
43110,100,1094
43111,100,1092
43112,98,1092
43113,100,1102
43114,102,1096
43115,100,1090
43116,98,1094
43117,98,1098
43118,100,1100
43119,100,1092
43120,98,1092
43121,98,1104
43122,98,1094
43123,100,1624
43124,100,1098
43125,100,1114
43126,96,1098
43127,98,1098
43128,100,1094
43129,98,1096
43130,100,1098
43131,100,1096
43132,98,1100
43133,98,1092
43134,98,1096
43135,100,1098
43136,100,1092
43137,100,1106
43138,100,1098
43139,98,1092
43140,100,1094
43141,100,1092
43142,98,1596
43143,98,1090
43144,100,1092
43145,102,1096
43146,100,1094
43147,100,1096
43148,100,1096
43149,102,1100
43150,102,1102
43151,100,1092
43152,98,1092
43153,98,1102
43154,98,1094
43155,100,1150
43156,146,1098
43157,100,1150
43158,148,1094
43159,98,1110
43160,100,1132
43161,150,1092
43162,98,1094
43163,104,1092
43164,100,1098
43165,98,1104
43166,100,1098
43167,98,1104
43168,100,1094
43169,100,1100
43170,98,1104
43171,98,1088
43172,100,1098
43173,100,1098
43174,102,1096
43175,100,1094
43176,98,1102
43177,100,1566
43178,98,1104
43179,100,1094
43180,100,1094
43181,96,1100
43182,98,1100
43183,100,1102
43184,98,1104
43185,98,1096
43186,100,1092
43187,98,1094
43188,102,1094
43189,102,1092
43190,100,1092
43191,104,1094
43192,100,1094
43193,96,1090
43194,98,1094
43195,96,1100
43196,100,1578
43197,102,1104
43198,102,1102
43199,98,1096
43200,98,1092
43201,102,1096
43202,100,1098
43203,98,1098
43204,102,1096
43205,102,1092
43206,100,1098
43207,100,1096
43208,98,1094
43209,98,1098
43210,100,1092
43211,98,1098
43212,98,1100
43213,94,1104
43214,100,1088
43215,100,984
43216,100,1584
43217,100,1038
43218,100,986
43219,98,1104
43220,100,1098
43221,100,1096
43222,96,1096
43223,98,1104
43224,98,1094
43225,102,1092
43226,98,1098
43227,102,1092
43228,100,1098
43229,96,1104
43230,98,1094
43231,98,1098
43232,102,1092
43233,102,1038
43234,102,1104
43235,100,1098
43236,104,1590
43237,106,1098
43238,100,1106
43239,98,1090
43240,98,1092
43241,98,1096
43242,96,1092
43243,98,1092
43244,100,1096
43245,100,1098
43246,102,1090
43247,98,1090
43248,98,1098
43249,102,1104
43250,100,1092
43251,98,1096
43252,102,1100
43253,96,1104
43254,98,1104
43255,98,1612
43256,98,1096
43257,100,1098
43258,98,1092
43259,102,1100
43260,100,1092
43261,98,1094
43262,100,1096
43263,98,1092
43264,102,1092
43265,98,1098
43266,100,1104
43267,98,1094
43268,98,1086
43269,100,1104
43270,102,1104
43271,98,1094
43272,102,1092
43273,98,1100
43274,98,1638
43275,100,1096
43276,100,1094
43277,98,1106
43278,98,1096
43279,100,1050
43280,100,1096
43281,100,1100
43282,100,1096
43283,104,1098
43284,102,1098
43285,100,1096
43286,98,1096
43287,104,1102
43288,102,1096
43289,98,1092
43290,100,1092
43291,100,1096
43292,98,1096
43293,98,1596
43294,102,1098
43295,100,1092
43296,100,1092
43297,102,1094
43298,98,1104
43299,98,1104
43300,102,1102
43301,100,1094
43302,100,1102
43303,100,1092
43304,102,1092
43305,100,1090
43306,102,1092
43307,100,1092
43308,98,1098
43309,100,1092
43310,98,1094
43311,98,1088
43312,98,1624
43313,100,1098
43314,98,1110
43315,100,1092
43316,100,1098
43317,100,1098
43318,102,1086
43319,100,1096
43320,102,1092
43321,100,1088
43322,100,1098
43323,98,1092
43324,98,1098
43325,98,1102
43326,98,1098
43327,98,1092
43328,98,1092
43329,98,1098
43330,102,1092
43331,100,1570
43332,98,1096
43333,102,1104
43334,98,1104
43335,102,1096
43336,102,1096
43337,98,1098
43338,98,1094
43339,98,1104
43340,102,1092
43341,98,1092
43342,98,1096
43343,100,1092
43344,100,1104
43345,100,1094
43346,98,1098
43347,98,1096
43348,98,1098
43349,96,1098
43350,100,1578
43351,98,1104
43352,98,1092
43353,100,1094
43354,102,1094
43355,98,1094
43356,100,1098
43357,100,1092
43358,100,1104
43359,98,1098
43360,98,1092
43361,100,1098
43362,98,1092
43363,100,1092
43364,100,1098
43365,98,1104
43366,104,1098
43367,98,1092
43368,100,1098
43369,98,1612
43370,100,1100
43371,104,1100
43372,102,1094
43373,98,1098
43374,100,1106
43375,98,1092
43376,100,1096
43377,98,1092
43378,102,1092
43379,100,1092
43380,98,1100
43381,100,1098
43382,100,1092
43383,100,1092
43384,102,1098
43385,98,1098
43386,100,1092
43387,100,1094
43388,100,1586
43389,100,1092
43390,98,1098
43391,98,1096
43392,98,1094
43393,102,1094
43394,106,1102
43395,100,1092
43396,100,1106
43397,100,1092
43398,100,1104
43399,98,1098
43400,100,1098
43401,98,1090
43402,104,1098
43403,98,1102
43404,98,1098
43405,102,1098
43406,98,1102
43407,98,1556
43408,98,1096
43409,98,1104
43410,98,1098
43411,98,1090
43412,98,1098
43413,96,1098
43414,102,1098
43415,100,1092
43416,98,1104
43417,102,1094
43418,98,1040
43419,100,1104
43420,102,1106
43421,90,1092
43422,98,1094
43423,98,1090
43424,98,1104
43425,100,1098
43426,102,1580
43427,100,1094
43428,98,1092
43429,100,1092
43430,100,1098
43431,100,1094
43432,100,1104
43433,100,1104
43434,96,1104
43435,98,1092
43436,98,1092
43437,100,1098
43438,100,1102
43439,100,1098
43440,98,1096
43441,102,1098
43442,100,1092
43443,98,1104
43444,102,1094
43445,100,1582
43446,100,1098
43447,100,1104
43448,98,1098
43449,100,1104
43450,98,1096
43451,104,1108
43452,102,1100
43453,98,1100
43454,98,1090
43455,102,1098
43456,98,1094
43457,98,1100
43458,98,1096
43459,100,1108
43460,100,1096
43461,98,1088
43462,98,1104
43463,100,1086
43464,98,978
43465,98,1378
43466,100,1098
43467,98,1108
43468,102,1094
43469,100,1098
43470,100,1098
43471,100,1092
43472,96,1092
43473,104,1096
43474,102,1092
43475,100,1100
43476,102,1094
43477,102,1100
43478,98,1104
43479,102,1098
43480,100,1098
43481,100,1104
43482,98,1096
43483,98,1088
43484,100,1604
43485,98,1100
43486,102,1092
43487,98,1106
43488,96,1092
43489,102,1102
43490,100,1092
43491,100,1098
43492,96,1092
43493,98,1098
43494,98,1098
43495,98,1102
43496,98,1094
43497,100,1090
43498,98,1092
43499,98,1102
43500,100,1102
43501,106,1088
43502,100,1098
43503,102,1642
43504,102,1098
43505,100,1108
43506,98,1098
43507,102,1092
43508,100,1098
43509,98,1092
43510,98,1092
43511,100,1092
43512,102,1094
43513,100,1092
43514,100,1098
43515,102,1096
43516,106,1096
43517,100,1092
43518,102,1094
43519,100,1096
43520,98,1100
43521,98,1092
43522,98,1620
43523,98,1102
43524,102,1094
43525,100,1096
43526,98,1098
43527,100,1102
43528,100,1092
43529,100,1094
43530,100,1098
43531,102,1104
43532,98,1096
43533,100,1098
43534,102,1092
43535,98,1092
43536,100,1092
43537,102,1104
43538,98,1096
43539,98,1092
43540,102,1094
43541,98,1574
43542,100,1098
43543,100,1092
43544,100,1100
43545,98,1102
43546,98,1092
43547,96,1090
43548,98,1102
43549,98,1098
43550,98,1092
43551,100,1096
43552,102,1094
43553,98,1090
43554,98,1098
43555,98,1094
43556,98,1088
43557,100,1098
43558,100,1098
43559,98,1092
43560,100,1098
43561,100,1576
43562,98,1096
43563,102,1100
43564,98,1096
43565,98,1096
43566,98,1098
43567,98,1092
43568,100,1110
43569,100,1098
43570,100,1102
43571,98,1088
43572,98,1094
43573,100,1108
43574,98,1102
43575,96,1096
43576,102,1096
43577,98,1104
43578,100,1092
43579,100,1100
43580,98,1610
43581,100,1096
43582,102,1090
43583,98,1090
43584,98,1094
43585,102,1088
43586,100,1104
43587,102,1096
43588,102,1098
43589,98,1094
43590,102,1096
43591,98,1100
43592,98,1092
43593,100,1088
43594,102,1088
43595,96,1104
43596,100,1094
43597,102,1104
43598,100,1096
43599,102,1634
43600,102,1094
43601,100,1092
43602,98,1100
43603,98,1044
43604,100,1100
43605,100,1096
43606,102,1092
43607,100,1104
43608,100,1092
43609,102,1094
43610,100,1098
43611,98,1104
43612,100,1098
43613,100,1094
43614,100,1102
43615,102,1092
43616,98,1094
43617,98,1100
43618,98,1622
43619,100,1100
43620,96,1094
43621,102,1100
43622,98,1096
43623,98,1104
43624,102,1096
43625,98,1088
43626,96,1102
43627,100,1094
43628,98,1092
43629,98,1092
43630,100,1096
43631,98,1098
43632,102,1098
43633,102,1098
43634,98,1104
43635,102,1098
43636,104,1098
43637,98,1634
43638,100,1094
43639,100,1092
43640,98,1096
43641,100,1098
43642,102,1098
43643,100,1100
43644,100,1094
43645,100,1092
43646,96,1094
43647,100,1096
43648,102,1102
43649,98,1108
43650,100,1096
43651,102,1098
43652,104,1096
43653,100,1088
43654,102,1086
43655,98,1094
43656,98,1600
43657,98,1104
43658,98,1092
43659,102,1100
43660,100,1094
43661,100,1096
43662,100,1102
43663,98,1098
43664,98,1094
43665,96,1106
43666,102,1104
43667,98,1098
43668,98,1092
43669,102,1098
43670,98,1100
43671,98,1090
43672,102,1092
43673,100,1092
43674,98,1092
43675,98,1612
43676,100,1094
43677,98,1104
43678,98,1094
43679,100,1086
43680,96,1098
43681,98,1092
43682,96,1094
43683,102,1098
43684,102,1098
43685,100,1094
43686,100,1098
43687,98,1098
43688,100,1096
43689,100,1088
43690,98,1098
43691,98,1102
43692,98,1104
43693,100,1092
43694,102,1584
43695,100,1100
43696,100,1092
43697,100,1094
43698,98,1102
43699,100,1100
43700,100,1098
43701,100,1098
43702,102,1098
43703,102,1100
43704,96,1106
43705,102,1088
43706,100,1096
43707,96,1098
43708,102,1092
43709,100,1100
43710,100,1094
43711,96,1100
43712,100,1098
43713,98,1644
43714,102,1098
43715,98,1102
43716,98,1108
43717,104,1092
43718,100,1094
43719,102,1092
43720,96,1094
43721,98,1096
43722,102,1094
43723,98,1096
43724,100,1100
43725,98,1104
43726,100,1094
43727,98,1110
43728,98,1098
43729,100,1090
43730,100,1096
43731,102,1096
43732,98,1582
43733,98,1090
43734,98,1098
43735,98,1096
43736,100,1086
43737,98,1100
43738,102,1094
43739,98,1088
43740,100,1092
43741,102,1092
43742,98,1106
43743,100,1086
43744,98,1094
43745,100,1098
43746,98,1094
43747,100,1104
43748,100,1092
43749,100,1092
43750,102,1088
43751,98,1596
43752,100,1098
43753,96,1094
43754,98,1090
43755,98,1096
43756,102,1098
43757,100,1092
43758,98,1098
43759,100,1096
43760,98,1102
43761,100,1090
43762,108,1092
43763,100,1106
43764,100,1094
43765,100,1092
43766,100,1098
43767,98,1094
43768,102,1090
43769,98,1102
43770,100,1560
43771,98,1092
43772,98,1092
43773,98,1096
43774,102,1090
43775,100,1090
43776,98,1092
43777,102,1096
43778,100,1092
43779,102,1100
43780,102,1098
43781,98,1096
43782,100,1090
43783,100,1090
43784,98,1092
43785,100,1092
43786,102,1092
43787,98,1096
43788,98,1102
43789,98,1632
43790,98,1094
43791,100,1096
43792,102,1102
43793,98,1092
43794,102,1098
43795,98,1098
43796,98,1092
43797,98,1092
43798,102,1098
43799,102,1108
43800,100,1092
43801,100,1102
43802,100,1100
43803,102,1098
43804,98,1092
43805,100,1098
43806,100,1098
43807,98,1088
43808,100,1598
43809,98,1098
43810,102,1096
43811,98,1098
43812,100,1098
43813,102,1100
43814,94,1092
43815,102,1100
43816,108,1098
43817,100,1110
43818,100,1092
43819,96,1092
43820,100,1092
43821,102,1096
43822,100,1102
43823,98,1098
43824,100,1092
43825,102,1092
43826,98,1104
43827,102,1614
43828,102,1094
43829,98,1104
43830,98,1098
43831,100,1094
43832,98,1088
43833,98,1098
43834,96,1094
43835,100,1094
43836,100,1092
43837,102,1096
43838,100,1106
43839,98,1092
43840,100,1092
43841,100,1110
43842,100,1096
43843,96,1094
43844,98,1106
43845,106,1096
43846,96,1578
43847,98,1100
43848,102,1102
43849,102,1092
43850,100,1090
43851,96,1096
43852,98,1110
43853,98,1098
43854,100,1098
43855,98,1092
43856,100,1102
43857,96,1088
43858,102,1092
43859,100,1094
43860,98,1096
43861,100,1086
43862,98,1094
43863,102,1096
43864,102,1092
43865,98,1626
43866,98,1110
43867,100,1098
43868,98,1088
43869,100,1096
43870,102,1098
43871,98,1092
43872,98,1098
43873,102,1094
43874,100,1100
43875,98,1100
43876,102,1098
43877,98,1110
43878,100,1098
43879,98,1102
43880,98,1104
43881,100,1096
43882,96,1090
43883,96,1094
43884,98,1586
43885,102,1096
43886,100,1098
43887,98,1096
43888,98,1102
43889,98,1102
43890,100,1096
43891,100,1092
43892,98,1092
43893,100,1102
43894,100,1110
43895,98,1094
43896,98,1098
43897,102,1102
43898,98,1100
43899,100,1098
43900,102,1104
43901,100,1098
43902,98,1098
43903,98,1622
43904,100,1098
43905,98,1092
43906,102,1092
43907,98,1090
43908,96,1092
43909,102,1100
43910,98,1096
43911,108,1092
43912,102,1098
43913,98,1102
43914,98,1092
43915,100,1104
43916,100,1098
43917,102,1096
43918,100,1094
43919,98,1088
43920,98,1102
43921,98,1094
43922,98,1626
43923,102,1094
43924,100,1096
43925,98,1098
43926,100,1092
43927,104,1050
43928,100,1098
43929,98,1088
43930,106,1092
43931,100,1110
43932,98,1102
43933,100,1100
43934,100,1098
43935,102,1098
43936,102,1090
43937,100,1092
43938,100,1104
43939,100,1098
43940,98,1092
43941,100,1092
43942,98,1530
43943,98,1092
43944,100,1094
43945,100,1092
43946,96,1098
43947,102,1098
43948,102,1098
43949,100,1102
43950,100,1098
43951,100,1092
43952,98,1098
43953,100,1098
43954,100,1092
43955,96,1106
43956,100,1104
43957,96,1092
43958,98,1096
43959,98,1102
43960,102,1096
43961,98,1528
43962,100,1100
43963,100,1100
43964,100,1096
43965,100,1098
43966,102,1088
43967,100,1096
43968,98,1096
43969,100,1094
43970,100,1094
43971,102,1094
43972,100,1094
43973,100,1094
43974,100,1098
43975,100,1100
43976,98,1092
43977,98,1098
43978,100,1098
43979,98,1092
43980,98,1596
43981,102,1096
43982,100,1092
43983,100,1100
43984,98,1104
43985,98,1098
43986,100,1092
43987,102,1104
43988,98,1098
43989,98,1108
43990,100,1098
43991,96,1092
43992,96,1090
43993,100,1040
43994,104,1092
43995,100,1094
43996,100,1094
43997,100,1092
43998,102,1102
43999,100,1098
44000,98,1098
44001,98,1098
44002,100,1096
44003,100,1092
44004,100,1092
44005,98,1098
44006,100,1102
44007,102,1096
44008,98,1096
44009,98,1094
44010,102,1096
44011,102,1090
44012,98,1610
44013,100,1098
44014,100,1094
44015,100,1090
44016,100,1102
44017,96,1098
44018,100,1092
44019,98,1094
44020,102,1098
44021,100,1102
44022,98,1092
44023,102,1100
44024,100,1104
44025,98,1092
44026,102,1102
44027,100,1094
44028,98,1098
44029,100,1094
44030,102,1104
44031,102,1640
44032,98,1098
44033,98,1106
44034,98,1104
44035,102,1104
44036,96,1096
44037,98,1096
44038,100,1098
44039,102,1086
44040,96,1094
44041,100,1108
44042,100,1092
44043,102,1106
44044,100,1092
44045,98,1098
44046,98,1104
44047,102,1096
44048,100,1096
44049,100,1098
44050,98,1546
44051,98,1098
44052,100,1098
44053,98,1096
44054,100,1096
44055,102,1098
44056,100,1106
44057,100,1092
44058,100,1098
44059,102,1096
44060,98,1094
44061,98,1092
44062,100,1092
44063,100,1104
44064,100,1092
44065,98,1100
44066,100,1092
44067,98,1102
44068,100,1092
44069,98,1594
44070,98,1092
44071,98,1096
44072,100,1092
44073,98,1092
44074,98,1098
44075,102,1092
44076,98,1096
44077,100,1092
44078,96,1098
44079,102,1088
44080,100,1104
44081,98,1108
44082,94,1102
44083,100,1104
44084,100,1094
44085,98,1094
44086,100,1096
44087,98,1098
44088,100,1606
44089,98,1090
44090,98,1098
44091,102,1098
44092,98,1098
44093,100,1094
44094,98,1094
44095,102,1096
44096,98,1104
44097,98,1088
44098,98,1096
44099,98,1106
44100,102,1098
44101,100,1092
44102,98,1104
44103,102,1092
44104,100,1096
44105,100,1100
44106,104,1100
44107,102,1602
44108,98,1098
44109,98,1094
44110,100,1100
44111,98,1104
44112,98,1038
44113,100,1038
44114,96,1012
44115,102,1004
44116,98,1008
44117,98,1012
44118,94,1012
44119,98,1008
44120,98,1014
44121,98,1020
44122,100,1008
44123,96,1006
44124,96,1014
44125,100,1008
44126,100,1012
44127,98,1010
44128,98,1014
44129,102,1002
44130,98,1014
44131,98,1008
44132,100,1000
44133,102,1012
44134,98,1014
44135,100,1020
44136,100,1010
44137,104,1012
44138,100,1014
44139,102,1018
44140,100,1008
44141,98,1010
44142,98,1008
44143,98,1012
44144,100,1008
44145,102,1008
44146,100,1018
44147,98,1010
44148,102,1004
44149,102,1018
44150,100,1000
44151,100,1012
44152,98,1014
44153,96,1008
44154,100,1018
44155,98,1008
44156,96,1014
44157,100,1008
44158,100,1006
44159,98,1020
44160,98,1008
44161,102,1122
44162,102,1536
44163,100,1428
44164,100,1330
44165,102,1492
44166,100,1442
44167,100,1344
44168,100,1002
44169,100,1014
44170,104,1016
44171,100,1012
44172,98,1012
44173,98,1010
44174,100,1008
44175,98,1012
44176,100,1002
44177,100,1014
44178,100,1024
44179,100,1016
44180,98,1004
44181,100,1012
44182,98,1004
44183,100,1012
44184,104,1014
44185,102,1008
44186,100,1012
44187,100,1014
44188,96,1004
44189,100,1016
44190,98,1012
44191,100,1012
44192,102,1002
44193,100,1012
44194,100,1014
44195,100,1014
44196,100,1016
44197,98,1008
44198,102,1018
44199,100,1014
44200,100,1010
44201,98,1002
44202,102,1010
44203,100,1006
44204,98,1010
44205,98,1016
44206,98,1032
44207,100,1022
44208,98,1030
44209,102,1034
44210,100,1038
44211,98,1038
44212,98,1044
44213,98,1032
44214,102,1032
44215,100,1042
44216,102,1032
44217,98,1032
44218,100,1070
44219,98,1070
44220,98,1058
44221,100,1058
44222,98,1066
44223,98,1078
44224,98,1076
44225,100,1074
44226,102,1072
44227,100,1062
44228,102,1066
44229,102,1064
44230,98,1102
44231,102,1094
44232,98,1092
44233,98,1098
44234,100,1104
44235,100,1098
44236,102,1104
44237,98,1096
44238,100,1096
44239,100,1092
44240,104,1092
44241,98,1094
44242,100,1096
44243,102,1096
44244,98,1098
44245,102,1092
44246,102,1558
44247,100,1098
44248,98,1098
44249,100,1092
44250,100,1102
44251,98,1096
44252,100,1098
44253,100,1088
44254,100,1098
44255,102,1094
44256,98,1092
44257,100,1098
44258,102,1102
44259,96,1096
44260,100,1094
44261,100,1094
44262,98,1098
44263,98,1092
44264,104,1092
44265,102,1590
44266,98,1100
44267,100,1094
44268,98,1102
44269,104,1098
44270,102,1092
44271,98,1092
44272,100,1098
44273,100,1098
44274,98,1102
44275,98,1104
44276,98,1092
44277,100,1092
44278,98,1090
44279,102,1104
44280,100,1094
44281,98,1104
44282,102,1096
44283,96,1094
44284,98,1638
44285,98,1102
44286,100,1102
44287,100,1104
44288,98,1088
44289,100,1092
44290,100,1096
44291,100,1108
44292,98,1096
44293,100,1094
44294,98,1098
44295,100,1092
44296,102,1104
44297,106,1098
44298,100,1104
44299,98,1092
44300,98,1096
44301,102,1092
44302,98,1626
44303,102,1092
44304,100,1096
44305,102,1098
44306,98,1100
44307,100,1092
44308,98,1102
44309,102,1096
44310,98,1104
44311,98,1092
44312,104,1092
44313,92,1098
44314,98,1094
44315,102,1096
44316,100,1098
44317,98,1104
44318,102,1092
44319,98,1102
44320,100,1092
44321,100,1584
44322,98,1094
44323,98,1104
44324,102,1088
44325,98,1098
44326,104,1098
44327,98,1092
44328,102,1098
44329,102,1096
44330,100,1098
44331,100,1098
44332,98,1102
44333,100,1108
44334,100,1094
44335,100,1092
44336,100,1092
44337,100,1098
44338,102,1096
44339,100,1090
44340,100,1102
44341,100,1416
44342,102,1102
44343,98,1102
44344,98,990
44345,98,1092
44346,98,1080
44347,100,1100
44348,100,1098
44349,98,1098
44350,98,1092
44351,102,1104
44352,100,1108
44353,102,1096
44354,96,1096
44355,102,1094
44356,100,1094
44357,98,1100
44358,100,1092
44359,102,1102
44360,102,1626
44361,100,1092
44362,104,1098
44363,102,1104
44364,102,1092
44365,102,1104
44366,102,1094
44367,100,1098
44368,100,1100
44369,100,1094
44370,98,1098
44371,100,1088
44372,102,1098
44373,98,1096
44374,98,1098
44375,100,1096
44376,98,1094
44377,98,1102
44378,98,1098
44379,98,1592
44380,98,1096
44381,102,1096
44382,100,1092
44383,98,1104
44384,102,1102
44385,96,1098
44386,100,1106
44387,98,1092
44388,92,1098
44389,102,1092
44390,100,1092
44391,102,1098
44392,100,1100
44393,98,1098
44394,100,990
44395,100,1104
44396,100,1090
44397,100,1100
44398,98,1096
44399,98,1550
44400,100,1094
44401,102,1098
44402,98,1102
44403,98,1092
44404,100,1098
44405,98,1092
44406,100,1090
44407,98,1098
44408,100,1102
44409,100,1092
44410,100,1102
44411,102,1098
44412,100,1102
44413,100,1106
44414,102,1096
44415,100,1098
44416,100,1102
44417,98,1092
44418,100,1622
44419,102,1104
44420,102,1092
44421,98,1098
44422,98,1098
44423,102,1092
44424,98,1106
44425,102,1096
44426,98,1096
44427,98,1094
44428,98,1096
44429,98,1096
44430,100,1094
44431,98,1098
44432,102,1092
44433,102,1104
44434,100,1098
44435,102,1090
44436,98,1114
44437,100,1618
44438,98,1096
44439,100,1098
44440,100,1102
44441,98,1102
44442,100,1088
44443,100,1096
44444,100,1092
44445,100,1102
44446,100,1092
44447,102,1104
44448,100,1102
44449,100,1092
44450,102,1092
44451,100,1094
44452,100,1104
44453,98,1092
44454,96,1094
44455,100,1098
44456,104,1630
44457,98,1100
44458,100,1092
44459,102,1098
44460,96,1094
44461,102,1104
44462,102,1098
44463,100,1104
44464,98,1092
44465,98,1096
44466,102,1098
44467,96,1094
44468,98,1092
44469,98,1104
44470,98,1098
44471,98,1100
44472,100,1094
44473,102,1102
44474,100,1096
44475,98,1562
44476,98,1096
44477,98,1096
44478,98,1086
44479,98,1092
44480,102,1100
44481,100,1092
44482,98,1090
44483,102,1092
44484,100,1100
44485,102,1090
44486,98,1102
44487,100,1098
44488,98,1094
44489,98,1096
44490,100,1098
44491,100,1100
44492,98,1100
44493,98,1098
44494,100,1624
44495,102,1098
44496,102,1100
44497,100,1096
44498,98,1108
44499,100,1088
44500,100,1092
44501,98,1100
44502,98,1094
44503,96,1104
44504,102,1092
44505,98,1108
44506,100,1092
44507,102,1090
44508,98,1098
44509,102,1098
44510,102,1092
44511,100,1098
44512,98,1102
44513,98,1560
44514,98,1092
44515,98,1102
44516,102,1102
44517,98,1092
44518,100,1096
44519,98,1100
44520,98,1098
44521,98,1092
44522,100,1098
44523,98,1094
44524,100,1104
44525,98,1092
44526,102,1092
44527,98,1104
44528,100,1096
44529,102,1092
44530,100,1098
44531,100,1092
44532,100,1566
44533,100,1094
44534,98,1092
44535,98,1092
44536,98,1092
44537,100,1108
44538,100,1092
44539,100,1100
44540,102,1092
44541,100,1096
44542,98,1092
44543,98,1098
44544,96,1098
44545,102,1100
44546,98,1092
44547,98,1102
44548,100,1098
44549,100,1096
44550,98,1098
44551,98,1638
44552,100,1098
44553,100,1092
44554,98,1096
44555,100,1106
44556,98,1100
44557,102,1086
44558,102,1098
44559,98,1104
44560,98,1098
44561,100,1086
44562,98,1100
44563,96,1096
44564,98,1092
44565,102,1092
44566,100,1098
44567,98,1104
44568,100,1098
44569,102,1096
44570,98,1596
44571,100,1102
44572,100,1096
44573,100,1094
44574,98,1092
44575,104,1092
44576,100,1098
44577,98,1088
44578,100,1110
44579,98,1092
44580,100,1096
44581,98,1092
44582,98,1092
44583,98,1098
44584,98,1094
44585,98,1098
44586,96,1090
44587,98,1098
44588,100,1104
44589,98,1096
44590,98,1542
44591,108,1096
44592,96,1092
44593,102,1100
44594,102,1098
44595,98,1092
44596,98,1092
44597,98,1102
44598,98,1098
44599,98,1088
44600,102,1092
44601,100,1104
44602,100,1104
44603,104,1098
44604,98,1092
44605,100,1108
44606,100,1098
44607,98,1094
44608,100,1624
44609,96,1094
44610,100,1092
44611,98,1096
44612,108,1104
44613,100,1094
44614,100,1090
44615,102,1092
44616,98,1100
44617,102,1100
44618,100,1092
44619,98,1098
44620,98,1092
44621,100,1092
44622,98,1094
44623,98,1110
44624,102,1092
44625,100,1088
44626,98,1098
44627,98,1578
44628,100,1096
44629,100,1092
44630,102,1094
44631,100,1116
44632,98,1098
44633,100,1098
44634,98,1098
44635,100,1098
44636,102,1104
44637,100,1092
44638,98,1096
44639,98,1098
44640,98,1102
44641,102,1104
44642,102,1092
44643,98,1102
44644,98,1092
44645,100,1092
44646,98,1590
44647,98,1102
44648,100,1104
44649,98,1096
44650,98,1088
44651,98,1088
44652,94,1094
44653,102,1094
44654,100,1096
44655,102,1098
44656,96,1098
44657,100,1104
44658,98,1090
44659,100,1100
44660,102,1090
44661,102,1102
44662,98,1094
44663,100,1092
44664,98,1102
44665,98,1560
44666,102,1104
44667,100,1096
44668,100,1096
44669,100,1094
44670,102,1092
44671,98,1094
44672,98,1092
44673,96,1094
44674,100,1098
44675,100,1092
44676,100,1096
44677,98,1100
44678,102,1104
44679,100,1098
44680,100,1112
44681,98,1098
44682,100,1092
44683,100,1100
44684,100,1596
44685,100,1098
44686,100,1098
44687,108,1098
44688,98,1098
44689,104,1088
44690,100,1098
44691,96,1098
44692,100,1098
44693,100,1090
44694,100,1088
44695,102,1106
44696,102,1096
44697,98,1092
44698,98,1094
44699,96,1094
44700,96,1098
44701,100,1096
44702,100,1098
44703,98,1572
44704,102,1098
44705,98,1104
44706,98,1092
44707,100,1090
44708,100,1092
44709,98,1098
44710,100,1100
44711,100,1092
44712,100,1098
44713,102,1092
44714,102,972
44715,98,1094
44716,98,1098
44717,100,1098
44718,102,1090
44719,98,1088
44720,102,1092
44721,98,1100
44722,98,1098
44723,102,1586
44724,98,1094
44725,102,1094
44726,98,1094
44727,100,1094
44728,98,1096
44729,100,1100
44730,98,1096
44731,98,1096
44732,98,1092
44733,100,1096
44734,100,1098
44735,100,1090
44736,100,1094
44737,98,1086
44738,100,1098
44739,98,1088
44740,98,1094
44741,100,1098
44742,100,1600
44743,98,1104
44744,102,1114
44745,100,1094
44746,98,1092
44747,102,1100
44748,96,1092
44749,102,1096
44750,100,1092
44751,100,1094
44752,98,1098
44753,98,1094
44754,100,1090
44755,98,1092
44756,102,1092
44757,102,1092
44758,98,1094
44759,100,1098
44760,98,1094
44761,102,1620
44762,100,1102
44763,98,1104
44764,98,1090
44765,100,1102
44766,98,1098
44767,100,1086
44768,102,1092
44769,100,1096
44770,98,1098
44771,102,1104
44772,100,1092
44773,102,1092
44774,102,1100
44775,100,1108
44776,98,1098
44777,98,1094
44778,100,1086
44779,100,1094
44780,102,1610
44781,96,1096
44782,98,1096
44783,100,1096
44784,98,1104
44785,100,1090
44786,102,1098
44787,104,1110
44788,98,1102
44789,100,1092
44790,100,1092
44791,98,1096
44792,98,1094
44793,102,1098
44794,100,1104
44795,98,1088
44796,100,1094
44797,98,1100
44798,98,1094
44799,100,1598
44800,100,1092
44801,96,1092
44802,100,1098
44803,100,1102
44804,102,1108
44805,100,1098
44806,102,1096
44807,100,1098
44808,100,1104
44809,102,1092
44810,94,1094
44811,98,1102
44812,98,1098
44813,100,1094
44814,98,1092
44815,98,1104
44816,100,1098
44817,98,1096
44818,98,1650
44819,102,1108
44820,100,1106
44821,102,1098
44822,98,1098
44823,98,1100
44824,98,1098
44825,96,1096
44826,98,1098
44827,100,1098
44828,98,1092
44829,98,1092
44830,98,1098
44831,100,1098
44832,98,1096
44833,104,1100
44834,98,1092
44835,100,1098
44836,98,1098
44837,98,1626
44838,100,1088
44839,96,1088
44840,98,1092
44841,102,1092
44842,100,1096
44843,100,1096
44844,102,1100
44845,102,1104
44846,100,1092
44847,100,1104
44848,100,1098
44849,100,1098
44850,100,1094
44851,98,1092
44852,102,1098
44853,92,1044
44854,98,1092
44855,102,1104
44856,100,1656
44857,100,1100
44858,102,1092
44859,100,1102
44860,100,1100
44861,98,1104
44862,98,1096
44863,100,1100
44864,102,1100
44865,100,1088
44866,102,1094
44867,102,1094
44868,98,1098
44869,100,1100
44870,102,1098
44871,98,1092
44872,98,1094
44873,98,1100
44874,100,1102
44875,100,1586
44876,98,1094
44877,98,1098
44878,100,1092
44879,102,1090
44880,100,1098
44881,100,1090
44882,98,1096
44883,100,1104
44884,104,1102
44885,98,1100
44886,98,1094
44887,100,1098
44888,98,1094
44889,100,1086
44890,98,1092
44891,102,1098
44892,98,1094
44893,102,1104
44894,102,1652
44895,98,1106
44896,100,1114
44897,98,1096
44898,98,1096
44899,100,1096
44900,100,1092
44901,98,1108
44902,98,1100
44903,102,1098
44904,96,1104
44905,100,1094
44906,98,1094
44907,100,1098
44908,102,1098
44909,98,1094
44910,94,1090
44911,100,1098
44912,102,1098
44913,100,1604
44914,98,1094
44915,98,1094
44916,100,1102
44917,98,1094
44918,100,1104
44919,100,1098
44920,98,1098
44921,100,1090
44922,100,1098
44923,100,1100
44924,98,1104
44925,100,1098
44926,98,1094
44927,102,1092
44928,98,1098
44929,98,1090
44930,100,1102
44931,98,1110
44932,98,1626
44933,98,1092
44934,98,1100
44935,100,1090
44936,102,1096
44937,100,1094
44938,100,1094
44939,102,1088
44940,98,1092
44941,102,1110
44942,100,1096
44943,98,1096
44944,98,1102
44945,98,1096
44946,98,1092
44947,100,1092
44948,102,1092
44949,98,1094
44950,98,1092
44951,98,1578
44952,98,1096
44953,102,1104
44954,102,1102
44955,100,1098
44956,98,1094
44957,100,1092
44958,100,1098
44959,98,1108
44960,98,1088
44961,98,1092
44962,98,1094
44963,102,1092
44964,98,1098
44965,102,1092
44966,102,1094
44967,100,1094
44968,98,1090
44969,100,1098
44970,100,1616
44971,100,1104
44972,102,1090
44973,96,1094
44974,98,1098
44975,98,1094
44976,96,1094
44977,102,1098
44978,102,1098
44979,98,1102
44980,100,1096
44981,100,1104
44982,98,1090
44983,100,1098
44984,102,1092
44985,100,1092
44986,100,1098
44987,100,1098
44988,100,1094
44989,102,1568
44990,104,1092
44991,100,1098
44992,100,1044
44993,100,1090
44994,104,1102
44995,98,1092
44996,102,1092
44997,98,1102
44998,100,1094
44999,98,1104
45000,98,1094
45001,102,1098
45002,102,1096
45003,98,1100
45004,98,1098
45005,98,1098
45006,100,1092
45007,100,1090
45008,102,1644
45009,100,1098
45010,98,1092
45011,102,1092
45012,98,1096
45013,100,1092
45014,102,1094
45015,100,1098
45016,98,1102
45017,104,1094
45018,100,1094
45019,102,1096
45020,98,1648
45021,96,1102
45022,100,1096
45023,100,1104
45024,100,1102
45025,100,1108
45026,100,1094
45027,100,1100
45028,100,1098
45029,100,1100
45030,100,1096
45031,102,1098
45032,98,1094
45033,98,1106
45034,100,1094
45035,102,1104
45036,96,1090
45037,100,1092
45038,98,1002
45039,100,1634
45040,98,1098
45041,98,1104
45042,100,1098
45043,100,1094
45044,100,1092
45045,98,1104
45046,98,1094
45047,104,1094
45048,98,1102
45049,100,1096
45050,100,1094
45051,100,1096
45052,98,1094
45053,100,1096
45054,102,1092
45055,100,1090
45056,102,1098
45057,102,1092
45058,100,1596
45059,100,1092
45060,98,1102
45061,98,1092
45062,96,1098
45063,100,1100
45064,100,1090
45065,98,1090
45066,102,1096
45067,100,1092
45068,102,1096
45069,102,1092
45070,100,1100
45071,100,1108
45072,100,1092
45073,98,1096
45074,98,1104
45075,98,1102
45076,98,1096
45077,100,1632
45078,96,1096
45079,98,1086
45080,98,1092
45081,102,1096
45082,98,1096
45083,102,1098
45084,104,1110
45085,100,1098
45086,98,1092
45087,100,1092
45088,98,1102
45089,100,1094
45090,98,1094
45091,98,1094
45092,98,1096
45093,100,1096
45094,98,1098
45095,100,1094
45096,100,1572
45097,100,1096
45098,98,1092
45099,98,1092
45100,100,1098
45101,100,1092
45102,102,1098
45103,98,1096
45104,100,1098
45105,98,1104
45106,100,1098
45107,100,1092
45108,102,1098
45109,100,1102
45110,100,1098
45111,100,1092
45112,96,1096
45113,100,1096
45114,100,1092
45115,100,1612
45116,98,1094
45117,94,1094
45118,100,1100
45119,100,1098
45120,102,1096
45121,100,1098
45122,98,1092
45123,98,1094
45124,100,1096
45125,100,1098
45126,104,1094
45127,100,1104
45128,98,1098
45129,102,1092
45130,98,1098
45131,98,1098
45132,100,1090
45133,98,1104
45134,100,1638
45135,100,1092
45136,98,1100
45137,102,1100
45138,104,1098
45139,98,1098
45140,98,1098
45141,100,1098
45142,100,1098
45143,102,1094
45144,100,1092
45145,106,1110
45146,94,1092
45147,98,1098
45148,98,1102
45149,100,1088
45150,102,1092
45151,100,1102
45152,100,1102
45153,102,1630
45154,98,1094
45155,104,1092
45156,100,1098
45157,100,1092
45158,98,1096
45159,98,1110
45160,98,1098
45161,98,1096
45162,98,1098
45163,98,1098
45164,98,1098
45165,98,1104
45166,98,1098
45167,102,1092
45168,98,1098
45169,100,1104
45170,98,1098
45171,102,1104
45172,98,1578
45173,100,1096
45174,102,1092
45175,100,1100
45176,96,1096
45177,98,1096
45178,98,1092
45179,102,1086
45180,102,1094
45181,98,1102
45182,96,1092
45183,98,1106
45184,98,1096
45185,98,1102
45186,102,1086
45187,104,1094
45188,96,1092
45189,102,1098
45190,98,1092
45191,102,1620
45192,102,1104
45193,96,1096
45194,100,1098
45195,100,1098
45196,102,1104
45197,102,1098
45198,100,1092
45199,100,1092
45200,100,1098
45201,98,1088
45202,102,1090
45203,102,1098
45204,100,1102
45205,98,1098
45206,98,1568
45207,102,1092
45208,100,1086
45209,100,1094
45210,100,1096
45211,98,1098
45212,100,1100
45213,100,1102
45214,100,1094
45215,98,1098
45216,100,1104
45217,98,1094
45218,100,1094
45219,102,1094
45220,98,1094
45221,98,1104
45222,94,1090
45223,100,1038
45224,100,1094
45225,100,1602
45226,100,1092
45227,98,1098
45228,100,1104
45229,98,1104
45230,100,1094
45231,98,1098
45232,96,1096
45233,100,1092
45234,102,1104
45235,100,1104
45236,98,1096
45237,98,1092
45238,98,1092
45239,98,1094
45240,98,1098
45241,100,1094
45242,98,1092
45243,98,1094
45244,100,1590
45245,98,1092
45246,98,1098
45247,98,1094
45248,102,1096
45249,98,1098
45250,98,1098
45251,96,1104
45252,100,1092
45253,98,1100
45254,100,1092
45255,98,1094
45256,98,1100
45257,98,1092
45258,100,1086
45259,100,1100
45260,96,1098
45261,98,1098
45262,100,1096
45263,98,1572
45264,102,1098
45265,100,1102
45266,102,1096
45267,100,1104
45268,102,1108
45269,98,1092
45270,100,1094
45271,100,1094
45272,98,1102
45273,98,1092
45274,98,1096
45275,98,1094
45276,100,1104
45277,100,1098
45278,100,1104
45279,100,1098
45280,96,1088
45281,98,1104
45282,100,1592
45283,100,1108
45284,98,1098
45285,98,1094
45286,98,1096
45287,98,1098
45288,102,1102
45289,100,1094
45290,100,1096
45291,98,1098
45292,98,1096
45293,100,1096
45294,100,1098
45295,98,1098
45296,98,1098
45297,100,1086
45298,100,1090
45299,98,1100
45300,98,1092
45301,98,1564
45302,100,1096
45303,100,1104
45304,94,1104
45305,100,1100
45306,100,1100
45307,100,1092
45308,98,1094
45309,100,1092
45310,98,1098
45311,98,1098
45312,100,1094
45313,102,1102
45314,100,1092
45315,100,1100
45316,100,1098
45317,98,1096
45318,100,1092
45319,98,1098
45320,98,1616
45321,100,1092
45322,98,1090
45323,98,1098
45324,100,1098
45325,96,1092
45326,100,1090
45327,102,1098
45328,100,1094
45329,100,1096
45330,98,1092
45331,102,1100
45332,98,1094
45333,100,1092
45334,100,1092
45335,98,1100
45336,100,1104
45337,98,1096
45338,100,1098
45339,100,1636
45340,98,1098
45341,98,1092
45342,100,1098
45343,94,1098
45344,98,1098
45345,98,1098
45346,96,1104
45347,100,1092
45348,100,1092
45349,100,1096
45350,100,1092
45351,98,1094
45352,98,1098
45353,102,1100
45354,98,1088
45355,98,1102
45356,98,1098
45357,98,1094
45358,98,1614
45359,102,1092
45360,100,1096
45361,98,1098
45362,98,1092
45363,98,1098
45364,98,1094
45365,100,1100
45366,98,1092
45367,98,1108
45368,98,1092
45369,100,1092
45370,100,1100
45371,100,1096
45372,100,1104
45373,98,1092
45374,98,1094
45375,98,1092
45376,100,1092
45377,98,1586
45378,100,1100
45379,100,1092
45380,98,1094
45381,104,1104
45382,100,1100
45383,100,1092
45384,98,1096
45385,100,1092
45386,98,1098
45387,98,1088
45388,98,1092
45389,100,1094
45390,100,1102
45391,98,1102
45392,100,1092
45393,100,1098
45394,98,1094
45395,98,1092
45396,102,1624
45397,98,1094
45398,98,1094
45399,102,1098
45400,98,1098
45401,100,1090
45402,98,1100
45403,98,1104
45404,98,1086
45405,98,1100
45406,100,1098
45407,100,1098
45408,100,1104
45409,100,1092
45410,98,1092
45411,94,1104
45412,100,1092
45413,100,1092
45414,100,1092
45415,98,1606
45416,98,1096
45417,98,1092
45418,98,1098
45419,100,1092
45420,98,1092
45421,98,1098
45422,100,1102
45423,100,1092
45424,100,1098
45425,100,1088
45426,100,1102
45427,100,1098
45428,92,1092
45429,100,1098
45430,96,1088
45431,98,1104
45432,100,1094
45433,96,1096
45434,98,1616
45435,100,1098
45436,100,1098
45437,100,1096
45438,98,1098
45439,98,1098
45440,98,1096
45441,100,1092
45442,100,1092
45443,98,1098
45444,100,1094
45445,98,1098
45446,104,1096
45447,102,1104
45448,98,1108
45449,100,1098
45450,100,1098
45451,100,1094
45452,98,1096
45453,100,1632
45454,100,1100
45455,100,1088
45456,100,1100
45457,98,1096
45458,98,1090
45459,100,1094
45460,100,1106
45461,98,1100
45462,98,1092
45463,98,1096
45464,100,1094
45465,98,1098
45466,100,1102
45467,98,1098
45468,98,1094
45469,98,1086
45470,98,1098
45471,100,1098
45472,98,1632
45473,100,1092
45474,100,1098
45475,100,1098
45476,100,1090
45477,100,1096
45478,102,1096
45479,98,1092
45480,100,1092
45481,98,1092
45482,100,1088
45483,98,1090
45484,100,1096
45485,96,1098
45486,100,1092
45487,98,1096
45488,98,1102
45489,100,1096
45490,100,1092
45491,96,1636
45492,98,1094
45493,98,1096
45494,98,1104
45495,98,1098
45496,98,1094
45497,98,1092
45498,100,1088
45499,102,1098
45500,100,1098
45501,100,1092
45502,98,1110
45503,100,1094
45504,100,1108
45505,100,1088
45506,100,1096
45507,100,1100
45508,100,1100
45509,100,1088
45510,102,1094
45511,98,1524
45512,98,1096
45513,98,1092
45514,98,1102
45515,100,1098
45516,100,1096
45517,98,1098
45518,98,1104
45519,98,1092
45520,98,1088
45521,100,1098
45522,100,1096
45523,98,1096
45524,100,1100
45525,98,1096
45526,98,1102
45527,102,1104
45528,100,1094
45529,96,1092
45530,98,1620
45531,100,1098
45532,98,1110
45533,102,1098
45534,98,1102
45535,98,1096
45536,102,1098
45537,100,1092
45538,98,1092
45539,102,1096
45540,100,1104
45541,98,1096
45542,98,1098
45543,100,1098
45544,100,1092
45545,102,1092
45546,100,1092
45547,98,1050
45548,100,1102
45549,98,1614
45550,100,1100
45551,96,1098
45552,98,1104
45553,96,1096
45554,100,1090
45555,102,1094
45556,96,1096
45557,96,1098
45558,100,1094
45559,98,1098
45560,98,1094
45561,102,1098
45562,100,1098
45563,100,1104
45564,100,1098
45565,100,1094
45566,98,1098
45567,104,1098
45568,98,1576
45569,100,1090
45570,100,1096
45571,100,1096
45572,100,1092
45573,98,1098
45574,98,1102
45575,100,1096
45576,104,1092
45577,98,1096
45578,98,1098
45579,102,1096
45580,98,1098
45581,100,1090
45582,100,1092
45583,98,1098
45584,98,1088
45585,98,1096
45586,102,1092
45587,100,1090
45588,100,1538
45589,98,1098
45590,100,1090
45591,98,1092
45592,100,1098
45593,100,1090
45594,98,1092
45595,98,1100
45596,100,1100
45597,100,1098
45598,102,1088
45599,98,1100
45600,100,1096
45601,100,1092
45602,100,1092
45603,98,1098
45604,100,1092
45605,100,1088
45606,100,1098
45607,98,1580
45608,100,1104
45609,100,1092
45610,98,1098
45611,100,1102
45612,98,1088
45613,96,1098
45614,96,1106
45615,98,1100
45616,100,1096
45617,100,1098
45618,100,1098
45619,98,1092
45620,100,1102
45621,96,1100
45622,100,1096
45623,98,1094
45624,100,1094
45625,100,1096
45626,96,1564
45627,100,1092
45628,98,1102
45629,100,1092
45630,98,1092
45631,98,1096
45632,100,1098
45633,100,1092
45634,100,1100
45635,100,1094
45636,100,1104
45637,100,1092
45638,100,1098
45639,100,1094
45640,94,1098
45641,106,1096
45642,100,1094
45643,100,1104
45644,98,1088
45645,98,1626
45646,100,1094
45647,100,1096
45648,100,1102
45649,98,1104
45650,100,1104
45651,98,1088
45652,98,1104
45653,98,1098
45654,100,1098
45655,98,1092
45656,98,1094
45657,98,1098
45658,100,1086
45659,100,1096
45660,98,1092
45661,100,1092
45662,98,1102
45663,98,1098
45664,98,1562
45665,100,1092
45666,100,1090
45667,98,1098
45668,98,1098
45669,100,1092
45670,100,1100
45671,98,1104
45672,96,1108
45673,100,1098
45674,100,1104
45675,100,1098
45676,100,1096
45677,102,1088
45678,98,1092
45679,100,1094
45680,98,1096
45681,100,1098
45682,98,1092
45683,98,1586
45684,98,1094
45685,96,1104
45686,100,1088
45687,100,1098
45688,100,1096
45689,98,1098
45690,100,1092
45691,104,1092
45692,100,1098
45693,96,1098
45694,98,1092
45695,100,1100
45696,100,1106
45697,98,1098
45698,98,1098
45699,100,1098
45700,98,1092
45701,100,1086
45702,100,1614
45703,98,1094
45704,98,1096
45705,96,1094
45706,98,1092
45707,98,1096
45708,100,1086
45709,100,1092
45710,100,1098
45711,100,1106
45712,102,1088
45713,98,1092
45714,100,1094
45715,100,1098
45716,100,1098
45717,98,1104
45718,98,1092
45719,98,1092
45720,102,1092
45721,100,1632
45722,98,1098
45723,96,1094
45724,100,1094
45725,98,1102
45726,98,1092
45727,98,1096
45728,98,1098
45729,100,1092
45730,98,1092
45731,100,1094
45732,100,990
45733,98,1092
45734,98,1092
45735,96,1104
45736,96,1104
45737,100,1086
45738,100,1094
45739,98,1092
45740,100,1096
45741,100,1608
45742,96,1092
45743,96,1094
45744,98,1100
45745,104,1092
45746,98,1096
45747,100,1090
45748,100,1088
45749,98,1092
45750,98,1102
45751,98,1100
45752,100,1094
45753,100,1106
45754,98,1108
45755,100,1092
45756,98,1104
45757,100,1098
45758,98,1096
45759,98,1098
45760,100,1594
45761,100,1092
45762,100,1098
45763,100,1092
45764,100,1102
45765,98,1092
45766,100,1094
45767,100,1096
45768,98,1102
45769,104,1096
45770,102,1098
45771,98,1096
45772,98,1102
45773,98,1102
45774,98,1092
45775,100,1098
45776,100,1104
45777,100,1092
45778,100,1100
45779,100,1648
45780,98,1096
45781,100,1094
45782,100,1096
45783,94,1098
45784,100,1096
45785,100,1096
45786,98,1094
45787,96,1100
45788,102,1092
45789,102,1092
45790,98,1098
45791,98,1098
45792,98,1092
45793,104,1098
45794,100,1086
45795,98,1098
45796,98,1100
45797,100,1092
45798,98,1608
45799,96,1100
45800,100,1098
45801,98,1092
45802,100,1100
45803,98,1100
45804,100,1102
45805,98,1108
45806,98,1098
45807,98,1098
45808,98,1086
45809,98,1092
45810,98,1098
45811,102,1110
45812,104,1086
45813,98,1096
45814,98,1092
45815,102,1092
45816,106,1098
45817,100,1598
45818,100,1102
45819,100,1096
45820,98,1092
45821,98,1098
45822,98,1094
45823,100,1096
45824,102,1096
45825,100,1088
45826,102,1092
45827,96,1098
45828,98,1098
45829,100,1098
45830,96,1092
45831,96,1098
45832,100,1110
45833,98,1094
45834,100,1110
45835,100,1092
45836,100,1654
45837,98,1104
45838,100,1096
45839,98,1098
45840,100,1096
45841,98,1098
45842,98,1092
45843,98,1092
45844,98,966
45845,100,1048
45846,98,994
45847,98,1104
45848,100,1090
45849,100,1094
45850,98,1092
45851,100,1094
45852,98,1088
45853,100,1100
45854,98,1092
45855,98,1102
45856,100,1634
45857,100,1098
45858,100,1098
45859,100,1096
45860,100,1094
45861,94,1094
45862,98,1098
45863,98,1098
45864,98,1098
45865,98,1096
45866,98,1096
45867,98,1098
45868,100,1092
45869,100,1092
45870,100,1098
45871,100,1050
45872,100,1092
45873,100,1090
45874,100,1104
45875,100,1660
45876,100,1106
45877,98,1096
45878,98,1100
45879,100,1094
45880,100,1094
45881,98,1092
45882,98,1092
45883,100,1098
45884,100,1098
45885,100,1092
45886,98,1088
45887,98,1104
45888,98,1098
45889,100,1100
45890,98,1094
45891,96,1096
45892,98,1094
45893,100,1096
45894,100,1634
45895,100,1098
45896,98,1094
45897,102,1098
45898,100,1092
45899,98,1094
45900,98,1092
45901,98,1092
45902,98,1098
45903,100,1104
45904,98,1098
45905,102,1098
45906,104,1092
45907,100,1098
45908,98,1092
45909,100,1102
45910,100,1110
45911,98,1092
45912,98,1096
45913,98,1628
45914,100,1106
45915,100,1094
45916,100,1100
45917,98,1100
45918,102,1092
45919,100,1092
45920,98,1094
45921,98,1094
45922,96,1096
45923,98,1098
45924,100,1100
45925,98,1098
45926,100,1098
45927,98,1098
45928,100,1098
45929,98,1098
45930,98,1088
45931,100,1096
45932,100,1578
45933,100,1088
45934,98,1102
45935,98,1098
45936,100,1100
45937,100,1090
45938,98,1100
45939,100,1100
45940,96,1098
45941,98,1100
45942,98,1092
45943,102,1092
45944,100,1094
45945,102,1094
45946,98,1096
45947,100,1092
45948,98,1092
45949,98,1096
45950,100,1098
45951,100,1586
45952,98,1102
45953,100,1096
45954,98,1092
45955,98,1100
45956,98,1090
45957,100,1096
45958,98,1088
45959,98,1096
45960,96,1100
45961,98,1094
45962,98,1094
45963,98,1092
45964,98,1092
45965,100,1088
45966,100,1104
45967,98,1102
45968,98,1096
45969,96,1096
45970,98,1652
45971,100,1102
45972,98,1090
45973,102,1092
45974,100,1102
45975,96,1098
45976,98,1096
45977,98,1094
45978,98,1098
45979,98,1098
45980,100,1094
45981,96,1092
45982,100,1096
45983,100,1092
45984,102,1094
45985,98,1098
45986,100,1100
45987,100,1092
45988,98,1098
45989,98,1596
45990,96,1090
45991,96,1098
45992,104,1096
45993,98,1106
45994,98,1096
45995,98,1094
45996,100,1098
45997,98,1094
45998,98,1092
45999,100,1094
46000,100,1092
46001,100,1094
46002,98,1098
46003,100,1098
46004,100,1098
46005,98,1094
46006,100,1100
46007,96,1100
46008,98,1634
46009,100,1092
46010,100,1048
46011,98,1092
46012,100,1098
46013,98,1098
46014,100,1096
46015,98,1098
46016,100,1086
46017,98,1094
46018,98,1104
46019,96,1088
46020,100,1104
46021,100,1096
46022,98,1092
46023,102,1098
46024,98,1092
46025,96,1094
46026,100,1094
46027,100,1624
46028,98,1108
46029,100,1092
46030,100,1086
46031,102,1092
46032,98,1098
46033,100,1100
46034,98,1098
46035,98,1094
46036,98,1092
46037,100,1098
46038,100,1094
46039,100,1098
46040,102,1092
46041,96,1560
46042,102,1098
46043,100,1104
46044,102,1090
46045,98,1092
46046,96,1096
46047,98,1100
46048,98,1096
46049,98,1098
46050,98,1098
46051,100,1092
46052,100,1094
46053,102,1092
46054,100,1098
46055,98,1096
46056,98,1124
46057,100,1102
46058,98,1102
46059,98,1092
46060,98,1572
46061,100,1104
46062,100,1100
46063,100,1088
46064,100,1092
46065,100,1098
46066,98,1090
46067,98,1088
46068,100,1092
46069,100,1092
46070,100,1098
46071,98,1104
46072,98,1094
46073,100,1092
46074,102,1096
46075,98,1092
46076,100,1092
46077,98,1098
46078,98,1100
46079,100,1586
46080,100,1096
46081,96,1098
46082,100,1100
46083,100,1098
46084,98,1096
46085,100,1098
46086,96,1098
46087,98,1096
46088,100,1098
46089,100,1098
46090,98,1106
46091,98,1092
46092,100,1092
46093,98,1102
46094,98,1092
46095,100,1096
46096,100,1094
46097,100,1104
46098,100,1578
46099,100,1100
46100,98,1108
46101,98,1092
46102,98,1098
46103,102,1092
46104,100,1106
46105,100,1092
46106,100,1088
46107,98,1094
46108,100,1100
46109,100,1098
46110,98,1104
46111,98,1096
46112,98,1086
46113,98,1098
46114,98,1094
46115,98,1098
46116,98,1100
46117,98,1604
46118,98,1098
46119,98,1092
46120,100,1098
46121,98,1094
46122,100,1092
46123,100,1088
46124,98,1100
46125,100,1104
46126,98,1088
46127,100,1094
46128,102,1102
46129,100,1098
46130,98,1092
46131,100,1092
46132,100,1096
46133,102,1092
46134,98,1092
46135,100,1098
46136,98,1628
46137,98,1096
46138,98,1098
46139,100,1096
46140,98,1098
46141,98,1084
46142,96,1098
46143,98,1088
46144,96,1098
46145,100,1092
46146,98,1092
46147,100,1108
46148,96,1090
46149,98,1098
46150,98,1098
46151,102,1096
46152,102,1086
46153,98,1096
46154,98,1100
46155,98,1630
46156,98,1102
46157,100,1118
46158,96,1092
46159,98,1092
46160,98,1100
46161,100,1098
46162,98,1090
46163,100,1092
46164,98,1102
46165,96,1102
46166,100,1094
46167,100,1096
46168,98,1098
46169,98,1092
46170,98,1092
46171,100,1092
46172,98,1098
46173,100,1104
46174,100,1616
46175,98,1098
46176,98,1088
46177,98,1092
46178,98,1094
46179,98,1100
46180,98,1100
46181,98,1092
46182,98,1092
46183,98,1096
46184,100,1092
46185,100,1094
46186,100,1096
46187,100,1092
46188,98,1088
46189,98,1098
46190,96,1094
46191,100,1088
46192,100,1090
46193,102,1638
46194,98,1094
46195,100,1096
46196,98,1102
46197,98,1098
46198,100,1092
46199,98,1092
46200,100,1104
46201,100,1098
46202,98,1098
46203,98,1096
46204,100,1092
46205,98,1094
46206,98,1098
46207,100,1096
46208,98,1100
46209,98,1106
46210,96,1096
46211,100,1092
46212,98,1628
46213,98,1098
46214,100,1092
46215,100,1092
46216,100,1096
46217,98,1088
46218,100,1102
46219,100,1094
46220,100,1092
46221,100,1096
46222,102,1088
46223,102,1098
46224,98,1098
46225,102,1094
46226,100,1098
46227,100,1092
46228,98,1102
46229,100,1094
46230,94,1098
46231,100,1620
46232,100,1092
46233,100,1092
46234,100,1090
46235,100,1096
46236,100,1104
46237,98,1096
46238,98,1092
46239,98,1098
46240,100,1114
46241,100,980
46242,98,1110
46243,102,1102
46244,98,1092
46245,100,1098
46246,102,1096
46247,100,1094
46248,100,1098
46249,102,1092
46250,100,1098
46251,98,1426
46252,96,1094
46253,96,1098
46254,98,1098
46255,98,1102
46256,98,1104
46257,98,1100
46258,98,1108
46259,100,1090
46260,100,1100
46261,100,1092
46262,100,1102
46263,98,1098
46264,100,1098
46265,98,1104
46266,98,1092
46267,96,1094
46268,98,1098
46269,100,1090
46270,100,1554
46271,100,1096
46272,98,1102
46273,100,1094
46274,96,1092
46275,100,1098
46276,98,1092
46277,98,1094
46278,104,1094
46279,100,1110
46280,98,1092
46281,100,1098
46282,100,1090
46283,100,1098
46284,100,1100
46285,100,1096
46286,98,1104
46287,100,1092
46288,98,1100
46289,100,1638
46290,100,1092
46291,100,1088
46292,102,1092
46293,100,1092
46294,100,1094
46295,100,1096
46296,98,1096
46297,100,1094
46298,100,1094
46299,100,1090
46300,98,1104
46301,98,1100
46302,100,1098
46303,100,1096
46304,98,1104
46305,102,1092
46306,98,1100
46307,100,1098
46308,100,1656
46309,102,1098
46310,98,1090
46311,100,1102
46312,100,1092
46313,100,1092
46314,96,1096
46315,100,1104
46316,98,1092
46317,106,1092
46318,96,1094
46319,98,1096
46320,98,1098
46321,100,1100
46322,98,1104
46323,98,1092
46324,98,1088
46325,98,1092
46326,100,1092
46327,98,1572
46328,98,1104
46329,100,1094
46330,98,1096
46331,100,1092
46332,100,1092
46333,100,1092
46334,100,1108
46335,100,1094
46336,98,1100
46337,98,1102
46338,100,1098
46339,100,1096
46340,100,1100
46341,100,1092
46342,100,1094
46343,98,1096
46344,98,1094
46345,96,1092
46346,100,1638
46347,100,1098
46348,100,1098
46349,98,1096
46350,100,1098
46351,100,1098
46352,98,1098
46353,98,1096
46354,100,1094
46355,98,1094
46356,98,1096
46357,100,1092
46358,98,1096
46359,96,1096
46360,98,1094
46361,100,1092
46362,100,1092
46363,98,1092
46364,100,1102
46365,100,1524
46366,100,1092
46367,100,1104
46368,98,1104
46369,100,1104
46370,98,1092
46371,100,1092
46372,98,1094
46373,98,1092
46374,98,1092
46375,100,1098
46376,98,1092
46377,100,1092
46378,100,1092
46379,98,1098
46380,98,974
46381,100,1092
46382,100,1100
46383,100,1098
46384,100,1096
46385,100,1614
46386,100,1092
46387,100,1096
46388,100,1104
46389,100,1096
46390,100,1104
46391,98,1092
46392,98,1092
46393,100,1094
46394,98,1104
46395,100,1098
46396,100,1094
46397,98,1094
46398,98,1104
46399,98,1094
46400,104,1104
46401,100,1098
46402,100,1092
46403,102,1092
46404,100,1604
46405,98,1096
46406,100,1088
46407,96,1098
46408,96,1102
46409,100,1100
46410,100,1104
46411,98,1094
46412,98,1104
46413,102,1088
46414,100,1090
46415,100,1100
46416,100,1092
46417,98,1092
46418,100,1096
46419,96,1094
46420,100,1098
46421,104,1096
46422,100,1092
46423,98,1580
46424,96,1102
46425,98,1092
46426,100,1098
46427,102,1092
46428,98,1104
46429,98,1104
46430,94,1092
46431,98,1100
46432,100,1100
46433,98,1098
46434,100,1092
46435,100,1100
46436,98,1102
46437,98,1096
46438,100,1096
46439,100,1098
46440,100,1098
46441,100,1096
46442,96,1560
46443,100,1100
46444,100,1092
46445,100,1092
46446,98,1102
46447,100,1098
46448,98,1096
46449,100,1096
46450,100,1094
46451,98,1102
46452,98,1096
46453,96,1092
46454,98,1092
46455,100,1092
46456,102,1090
46457,98,1104
46458,100,1110
46459,102,1100
46460,98,1092
46461,100,1638
46462,98,1102
46463,100,1096
46464,102,1098
46465,98,1102
46466,100,1104
46467,102,1098
46468,100,1092
46469,100,1044
46470,98,1026
46471,100,1098
46472,98,1100
46473,100,1096
46474,100,1094
46475,98,1102
46476,98,1098
46477,98,1094
46478,100,1092
46479,96,1096
46480,100,1090
46481,98,1088
46482,100,1524
46483,98,1100
46484,100,1092
46485,100,1096
46486,100,1092
46487,98,1098
46488,98,1086
46489,100,1092
46490,100,1098
46491,98,1096
46492,98,1104
46493,100,1098
46494,96,1102
46495,98,1094
46496,98,1092
46497,100,1094
46498,100,1098
46499,98,1096
46500,100,1096
46501,98,1576
46502,98,1086
46503,102,1092
46504,100,1098
46505,100,1092
46506,98,1092
46507,100,1098
46508,98,1094
46509,100,1092
46510,98,1102
46511,98,1096
46512,100,1092
46513,100,1092
46514,102,1102
46515,100,1108
46516,100,1104
46517,100,1094
46518,100,1098
46519,100,1034
46520,92,1596
46521,98,1110
46522,100,1096
46523,98,1092
46524,100,1090
46525,98,1092
46526,100,1096
46527,94,1094
46528,100,1108
46529,100,1098
46530,100,1104
46531,100,1092
46532,100,1098
46533,98,1094
46534,100,1094
46535,98,1098
46536,100,1102
46537,100,1098
46538,100,1102
46539,104,1652
46540,98,1092
46541,100,1098
46542,98,1092
46543,98,1096
46544,100,1094
46545,98,1094
46546,98,1100
46547,98,1098
46548,98,1098
46549,100,1088
46550,100,1092
46551,100,1104
46552,98,1102
46553,98,1092
46554,100,1098
46555,96,1098
46556,98,1104
46557,100,1098
46558,98,1618
46559,98,1092
46560,100,1098
46561,100,1106
46562,98,1094
46563,98,1092
46564,98,1104
46565,98,998
46566,98,1092
46567,98,1098
46568,100,1108
46569,98,1098
46570,98,1092
46571,98,1096
46572,96,1092
46573,98,1088
46574,100,1092
46575,102,1096
46576,96,1100
46577,100,1638
46578,98,1092
46579,100,1096
46580,98,1106
46581,98,1088
46582,98,1096
46583,100,1098
46584,100,1104
46585,100,1098
46586,98,1090
46587,98,1092
46588,100,1088
46589,98,1088
46590,98,1100
46591,98,1102
46592,100,1092
46593,98,1092
46594,100,1090
46595,100,1092
46596,100,1584
46597,100,1098
46598,100,1098
46599,100,1088
46600,100,1092
46601,100,1092
46602,98,1084
46603,98,1092
46604,102,1096
46605,96,1090
46606,96,1096
46607,98,1100
46608,100,1096
46609,96,1092
46610,98,1092
46611,100,1098
46612,98,1096
46613,98,1092
46614,98,1092
46615,98,1648
46616,98,1092
46617,100,1094
46618,98,1096
46619,100,1104
46620,98,1088
46621,98,1104
46622,104,1096
46623,100,1098
46624,100,1092
46625,98,1102
46626,98,1098
46627,98,1092
46628,96,1104
46629,100,1092
46630,98,1102
46631,100,1094
46632,98,1100
46633,100,1098
46634,98,1610
46635,96,1094
46636,98,1092
46637,98,1106
46638,98,1096
46639,100,1094
46640,100,1096
46641,100,1094
46642,102,1094
46643,98,1098
46644,100,1098
46645,102,1094
46646,100,1092
46647,98,1102
46648,100,1100
46649,100,1094
46650,106,1100
46651,100,1098
46652,100,1092
46653,100,1578
46654,98,1098
46655,98,1096
46656,100,1086
46657,98,1094
46658,96,1104
46659,100,1094
46660,98,1088
46661,98,1096
46662,98,1094
46663,98,1096
46664,98,1104
46665,98,1096
46666,98,1098
46667,100,1096
46668,98,1094
46669,98,1094
46670,100,1096
46671,100,1098
46672,98,1638
46673,98,1098
46674,98,1100
46675,100,1098
46676,98,1092
46677,100,1098
46678,98,1102
46679,100,1098
46680,100,1090
46681,100,1092
46682,96,1098
46683,100,1098
46684,100,1090
46685,98,1092
46686,98,1106
46687,102,1104
46688,96,1094
46689,102,1100
46690,98,1096
46691,98,1632
46692,100,1102
46693,100,1100
46694,98,1106
46695,102,1092
46696,98,1098
46697,98,1104
46698,100,1086
46699,98,1094
46700,100,1098
46701,98,1100
46702,98,1088
46703,98,1092
46704,102,1040
46705,98,1092
46706,98,1096
46707,100,1108
46708,100,1092
46709,100,1090
46710,98,1612
46711,100,1098
46712,100,1100
46713,104,1098
46714,100,1092
46715,98,1098
46716,98,1092
46717,98,1090
46718,100,1096
46719,98,1102
46720,98,1096
46721,98,1096
46722,100,1094
46723,100,1106
46724,98,1092
46725,100,1094
46726,98,1098
46727,98,1094
46728,100,1098
46729,96,1630
46730,102,1094
46731,100,1094
46732,100,1098
46733,100,1098
46734,98,1088
46735,100,1102
46736,100,1102
46737,98,1092
46738,98,1086
46739,100,1094
46740,96,1098
46741,100,1092
46742,106,1092
46743,100,1100
46744,102,1094
46745,98,1092
46746,100,1102
46747,100,1096
46748,102,1094
46749,100,1536
46750,100,1098
46751,98,1098
46752,98,1086
46753,100,1092
46754,100,1108
46755,98,1104
46756,98,1090
46757,98,1098
46758,100,1098
46759,100,1094
46760,100,1092
46761,100,1098
46762,98,1104
46763,100,1092
46764,100,1092
46765,98,1098
46766,100,1098
46767,98,1094
46768,100,1628
46769,98,1096
46770,98,1098
46771,98,1098
46772,100,1104
46773,96,1092
46774,98,1102
46775,96,1098
46776,100,1098
46777,100,1094
46778,98,1090
46779,100,1104
46780,100,1092
46781,98,1094
46782,98,1098
46783,100,1094
46784,100,1088
46785,100,1088
46786,98,1098
46787,98,1626
46788,98,1098
46789,98,1092
46790,100,1096
46791,98,1102
46792,98,1088
46793,100,1096
46794,102,1096
46795,98,1092
46796,98,1094
46797,100,1104
46798,100,1092
46799,98,1092
46800,98,1088
46801,98,1100
46802,96,1094
46803,100,1098
46804,100,1092
46805,98,1092
46806,100,1616
46807,100,1092
46808,100,1092
46809,98,1102
46810,100,1104
46811,100,1096
46812,96,1110
46813,98,1092
46814,100,1096
46815,98,1104
46816,98,1084
46817,100,1090
46818,100,1104
46819,100,1102
46820,98,1098
46821,100,1094
46822,100,1100
46823,102,1094
46824,98,1090
46825,98,1558
46826,98,1102
46827,98,1096
46828,102,1088
46829,100,1092
46830,96,1090
46831,98,1098
46832,96,1094
46833,98,1096
46834,102,1086
46835,96,1094
46836,98,1096
46837,100,1098
46838,100,1092
46839,98,1096
46840,100,1096
46841,94,1094
46842,100,1098
46843,98,1094
46844,100,1598
46845,98,1092
46846,102,1092
46847,100,1104
46848,98,1100
46849,96,1088
46850,98,1092
46851,100,1104
46852,98,1092
46853,100,1096
46854,100,1092
46855,100,1104
46856,98,1096
46857,100,1098
46858,100,1104
46859,100,1088
46860,100,1088
46861,96,1100
46862,98,1104
46863,98,1554
46864,96,1092
46865,98,1094
46866,100,1098
46867,98,1092
46868,98,1098
46869,98,1100
46870,98,1096
46871,100,1092
46872,98,1092
46873,98,1088
46874,98,1098
46875,104,1098
46876,102,1094
46877,98,1098
46878,100,1098
46879,100,1098
46880,100,1094
46881,98,1092
46882,100,1574
46883,98,1102
46884,100,1096
46885,98,1090
46886,98,1096
46887,100,1100
46888,100,1094
46889,98,1010
46890,100,1092
46891,98,1104
46892,98,1102
46893,104,1098
46894,102,1100
46895,98,1092
46896,98,1092
46897,98,1104
46898,100,1104
46899,104,1094
46900,100,1096
46901,98,1092
46902,98,1548
46903,100,1100
46904,98,1104
46905,100,1088
46906,100,1088
46907,100,1102
46908,100,1100
46909,100,1098
46910,98,1088
46911,98,1094
46912,100,1098
46913,100,1092
46914,102,1094
46915,98,1100
46916,96,1092
46917,100,1090
46918,100,1088
46919,98,1094
46920,100,1104
46921,100,1596
46922,98,1098
46923,94,1096
46924,98,1104
46925,98,1100
46926,98,1106
46927,98,1098
46928,98,1098
46929,100,1104
46930,98,1104
46931,98,1092
46932,100,1108
46933,100,1104
46934,100,1106
46935,98,1098
46936,98,1096
46937,98,1094
46938,98,1102
46939,98,1098
46940,98,1568
46941,98,1090
46942,100,1104
46943,100,1098
46944,100,1102
46945,100,1092
46946,100,1096
46947,100,1098
46948,100,1092
46949,100,1096
46950,100,1094
46951,100,1100
46952,98,1092
46953,106,1094
46954,100,1102
46955,98,1098
46956,98,1092
46957,98,1096
46958,98,1094
46959,98,1638
46960,100,1092
46961,98,1092
46962,100,1110
46963,98,1092
46964,98,1094
46965,100,1100
46966,98,1104
46967,96,1096
46968,100,1098
46969,98,1100
46970,100,1098
46971,98,1098
46972,100,1096
46973,98,1098
46974,100,1092
46975,98,1096
46976,100,1102
46977,100,1098
46978,100,1636
46979,100,1102
46980,100,1098
46981,98,1094
46982,98,1102
46983,98,1102
46984,98,1092
46985,98,1098
46986,98,1108
46987,98,1104
46988,98,1092
46989,98,1096
46990,98,1096
46991,98,1092
46992,100,1092
46993,100,1104
46994,96,1096
46995,100,1106
46996,98,1100
46997,96,1102
46998,98,1626
46999,98,1094
47000,98,1096
47001,100,1094
47002,100,1096
47003,98,1094
47004,100,1094
47005,100,1094
47006,100,1096
47007,98,1096
47008,100,1094
47009,98,1100
47010,102,1100
47011,98,1094
47012,98,1090
47013,102,1094
47014,100,1088
47015,100,1100
47016,100,1092
47017,98,1578
47018,100,1108
47019,98,1094
47020,98,1106
47021,100,1092
47022,98,1094
47023,98,1096
47024,96,1100
47025,100,1092
47026,98,1096
47027,98,1096
47028,98,1092
47029,98,1102
47030,100,1094
47031,98,1098
47032,98,1096
47033,98,1098
47034,98,1100
47035,98,1098
47036,98,1628
47037,100,1098
47038,100,1092
47039,102,1098
47040,100,1104
47041,100,1098
47042,98,1092
47043,100,1102
47044,102,1098
47045,100,1092
47046,100,1096
47047,96,1104
47048,100,1098
47049,98,1102
47050,100,1102
47051,100,1098
47052,100,1104
47053,98,1100
47054,98,1098
47055,100,1574
47056,98,1094
47057,100,1096
47058,100,1092
47059,100,1094
47060,100,1088
47061,100,1090
47062,100,1098
47063,98,1108
47064,98,1092
47065,98,1106
47066,102,1092
47067,98,1092
47068,102,1092
47069,102,1104
47070,100,1094
47071,102,1582
47072,98,1098
47073,100,1098
47074,98,974
47075,100,1100
47076,98,1104
47077,100,1098
47078,100,1092
47079,98,1092
47080,98,1094
47081,100,1098
47082,98,1092
47083,100,1092
47084,100,1092
47085,98,1096
47086,100,1102
47087,98,1102
47088,102,1098
47089,96,1094
47090,100,1642
47091,98,1092
47092,98,1104
47093,100,1096
47094,100,1096
47095,100,1098
47096,98,1092
47097,98,1098
47098,98,1096
47099,100,1098
47100,100,1090
47101,100,1098
47102,98,1100
47103,100,1090
47104,98,1110
47105,106,1106
47106,98,1094
47107,96,1092
47108,102,1100
47109,98,1598
47110,100,1098
47111,98,1098
47112,98,1094
47113,102,1096
47114,98,1092
47115,98,1094
47116,100,1094
47117,102,1094
47118,98,1098
47119,100,1092
47120,98,1096
47121,98,1100
47122,98,1102
47123,100,1098
47124,98,1094
47125,98,1092
47126,98,1098
47127,98,1096
47128,100,1092
47129,98,1426
47130,100,1108
47131,100,1092
47132,102,1096
47133,98,1096
47134,96,1092
47135,100,1094
47136,100,1096
47137,98,1096
47138,100,1088
47139,100,1092
47140,100,1100
47141,98,1092
47142,96,1098
47143,98,1098
47144,98,1098
47145,98,1098
47146,100,1092
47147,100,1092
47148,98,1620
47149,98,1092
47150,98,1108
47151,100,1096
47152,98,1096
47153,100,1094
47154,100,1092
47155,98,1092
47156,98,1104
47157,96,1096
47158,98,1098
47159,100,1094
47160,100,1096
47161,100,1094
47162,98,1094
47163,100,1092
47164,100,1096
47165,100,1092
47166,98,1092
47167,102,1090
47168,100,1536
47169,98,1094
47170,100,1098
47171,98,1094
47172,98,1080
47173,98,1304
47174,98,1098
47175,98,1092
47176,100,1102
47177,98,1098
47178,102,1088
47179,98,1102
47180,96,1098
47181,98,1100
47182,98,1092
47183,100,1098
47184,96,1108
47185,102,1098
47186,100,1098
47187,100,1530
47188,96,1092
47189,100,1092
47190,98,1108
47191,100,1098
47192,98,1106
47193,98,1098
47194,100,1092
47195,102,1096
47196,100,1104
47197,98,1098
47198,100,1096
47199,98,1092
47200,98,1086
47201,98,1100
47202,100,1096
47203,100,1086
47204,100,1100
47205,98,1096
47206,96,1574
47207,98,1098
47208,98,1094
47209,98,1092
47210,92,1092
47211,100,1094
47212,98,1094
47213,96,1452
47214,98,1102
47215,100,1098
47216,100,1092
47217,100,1102
47218,98,1092
47219,100,1092
47220,98,1100
47221,100,1094
47222,98,1092
47223,100,1098
47224,100,1562
47225,98,1098
47226,98,1092
47227,100,1096
47228,98,1096
47229,98,1098
47230,100,1110
47231,100,1094
47232,98,1102
47233,98,1094
47234,98,1092
47235,96,1094
47236,98,1092
47237,100,1098
47238,98,1092
47239,98,1088
47240,98,1100
47241,100,1090
47242,98,1612
47243,98,1092
47244,102,1098
47245,100,1102
47246,98,1100
47247,98,1098
47248,100,1096
47249,98,1100
47250,100,1106
47251,98,1100
47252,98,1098
47253,98,1092
47254,100,1098
47255,102,1104
47256,100,1092
47257,100,1098
47258,102,1100
47259,98,1094
47260,100,1098
47261,98,1590
47262,98,1108
47263,100,1098
47264,98,1090
47265,100,1092
47266,100,1094
47267,100,1094
47268,100,1098
47269,98,1098
47270,96,1092
47271,98,1104
47272,102,1088
47273,98,1092
47274,100,1092
47275,102,1094
47276,98,1098
47277,98,1100
47278,98,1092
47279,98,1100
47280,96,1638
47281,96,1092
47282,100,1086
47283,102,1094
47284,98,1092
47285,98,1096
47286,98,1092
47287,98,1100
47288,102,1092
47289,100,1098
47290,104,1094
47291,100,1104
47292,98,1098
47293,98,1092
47294,98,1098
47295,100,1092
47296,98,1096
47297,100,1092
47298,98,1104
47299,98,1626
47300,98,1090
47301,98,1108
47302,98,1104
47303,98,1098
47304,102,1094
47305,98,1102
47306,100,1092
47307,98,1096
47308,98,1102
47309,98,1104
47310,98,1090
47311,98,1108
47312,98,1104
47313,102,1098
47314,98,1092
47315,100,1098
47316,100,1092
47317,100,1088
47318,98,1626
47319,100,1096
47320,100,1106
47321,100,1088
47322,98,1104
47323,100,1100
47324,100,1098
47325,100,1092
47326,98,1102
47327,100,1098
47328,102,1092
47329,100,1098
47330,100,1092
47331,98,1104
47332,98,1092
47333,98,1090
47334,100,1092
47335,98,1102
47336,98,1090
47337,102,1610
47338,100,1098
47339,98,1094
47340,98,1098
47341,98,1092
47342,100,1104
47343,100,1102
47344,98,1102
47345,100,1094
47346,96,1100
47347,96,1094
47348,98,1098
47349,102,1092
47350,98,1088
47351,98,1102
47352,98,1094
47353,94,1094
47354,100,1096
47355,102,1104
47356,100,1096
47357,100,1586
47358,98,1092
47359,100,1102
47360,98,1100
47361,98,1098
47362,100,1108
47363,98,1092
47364,98,1092
47365,98,1096
47366,100,1102
47367,100,1096
47368,102,1104
47369,100,1104
47370,98,1092
47371,100,1094
47372,104,1102
47373,100,1104
47374,100,1092
47375,100,1096
47376,100,1576
47377,98,1096
47378,102,1092
47379,98,1098
47380,100,1098
47381,98,1090
47382,98,1094
47383,98,1106
47384,100,1092
47385,100,1092
47386,98,1092
47387,98,1098
47388,98,1100
47389,100,1094
47390,100,1096
47391,98,1098
47392,100,1092
47393,98,1098
47394,98,1104
47395,100,1564
47396,100,1082
47397,98,1094
47398,96,994
47399,98,1094
47400,102,1102
47401,100,1098
47402,100,1096
47403,98,1094
47404,100,1098
47405,98,1092
47406,98,1096
47407,100,1092
47408,100,1088
47409,100,1090
47410,100,1634
47411,100,1092
47412,98,1104
47413,98,1098
47414,100,1092
47415,98,1096
47416,100,1098
47417,100,1094
47418,98,1098
47419,96,1102
47420,100,1096
47421,100,1098
47422,98,1094
47423,100,1094
47424,98,1094
47425,100,1098
47426,100,1096
47427,96,1104
47428,100,1094
47429,100,1638
47430,98,1104
47431,96,1094
47432,98,1092
47433,102,1100
47434,100,1090
47435,98,1092
47436,100,1098
47437,100,1094
47438,98,1098
47439,100,1096
47440,102,1096
47441,98,1102
47442,102,1096
47443,98,1086
47444,102,1104
47445,100,1094
47446,100,1088
47447,98,1098
47448,100,1634
47449,98,1098
47450,100,1098
47451,100,1098
47452,98,1104
47453,100,1086
47454,98,1098
47455,100,1104
47456,98,1092
47457,98,1094
47458,98,1092
47459,98,1096
47460,102,1088
47461,100,1092
47462,100,1098
47463,98,1108
47464,100,1092
47465,100,1094
47466,102,1092
47467,98,1596
47468,100,1094
47469,100,1096
47470,100,1098
47471,98,1092
47472,100,1098
47473,98,1100
47474,98,1102
47475,98,1096
47476,100,1096
47477,98,1104
47478,100,1094
47479,100,1092
47480,100,1102
47481,98,1092
47482,100,1096
47483,98,1106
47484,100,1096
47485,100,1100
47486,98,1566
47487,98,1098
47488,96,1088
47489,102,1086
47490,98,1094
47491,100,1100
47492,98,1100
47493,100,1096
47494,98,1092
47495,98,1092
47496,98,1092
47497,96,1094
47498,98,1096
47499,98,1100
47500,98,1092
47501,98,1094
47502,100,1094
47503,100,1098
47504,100,1106
47505,100,1606
47506,100,1094
47507,98,1104
47508,98,1092
47509,100,1100
47510,98,1100
47511,100,1092
47512,98,1098
47513,100,1102
47514,98,1092
47515,98,1096
47516,100,1098
47517,96,1092
47518,98,1096
47519,98,1104
47520,100,1108
47521,100,1094
47522,96,1092
47523,98,1094
47524,98,1596
47525,100,1094
47526,98,1092
47527,100,1092
47528,100,1096
47529,100,1092
47530,100,1096
47531,98,1102
47532,100,1098
47533,100,1094
47534,98,1098
47535,98,1098
47536,100,1090
47537,98,1098
47538,100,1094
47539,98,1098
47540,98,1094
47541,100,1100
47542,100,1104
47543,98,1092
47544,98,1518
47545,98,1092
47546,100,1106
47547,100,1092
47548,98,1098
47549,98,1098
47550,100,1092
47551,102,1096
47552,98,1096
47553,100,1088
47554,98,1098
47555,100,1098
47556,98,1098
47557,100,1096
47558,100,1094
47559,96,1098
47560,98,1094
47561,100,1094
47562,98,1092
47563,100,1596
47564,100,1096
47565,98,1088
47566,98,1102
47567,100,1098
47568,100,1088
47569,100,1104
47570,100,1092
47571,100,1092
47572,100,1098
47573,96,1098
47574,100,1096
47575,106,1098
47576,100,1106
47577,98,1100
47578,98,1092
47579,100,1096
47580,98,1102
47581,100,1098
47582,100,1626
47583,98,1108
47584,98,1104
47585,98,1088
47586,98,1088
47587,98,1092
47588,98,1088
47589,102,1092
47590,100,1102
47591,100,1096
47592,98,1096
47593,98,1096
47594,98,1104
47595,96,1092
47596,100,1104
47597,100,1094
47598,100,1100
47599,98,1102
47600,98,1092
47601,102,1578
47602,98,1094
47603,98,1098
47604,98,1092
47605,98,1096
47606,100,1092
47607,100,1098
47608,102,1096
47609,100,1092
47610,94,1090
47611,98,1098
47612,98,1094
47613,98,1090
47614,98,1102
47615,100,1098
47616,100,1096
47617,100,1098
47618,98,1092
47619,98,1098
47620,100,1648
47621,98,1092
47622,100,1104
47623,98,1096
47624,98,1098
47625,100,1096
47626,98,1092
47627,98,1098
47628,100,1092
47629,100,1088
47630,100,1100
47631,98,1092
47632,98,1098
47633,98,1088
47634,100,1104
47635,98,1092
47636,98,1102
47637,100,1096
47638,98,1098
47639,98,1568
47640,100,1098
47641,98,1104
47642,100,1098
47643,100,1098
47644,100,1104
47645,100,1104
47646,100,1086
47647,98,1096
47648,98,1956
47649,100,1098
47650,98,1104
47651,100,1092
47652,98,1092
47653,98,1094
47654,100,1634
47655,100,1096
47656,100,1096
47657,98,1104
47658,100,1096
47659,100,1102
47660,100,1094
47661,98,1088
47662,100,1102
47663,100,1094
47664,102,1086
47665,100,1098
47666,98,1104
47667,100,1092
47668,100,1098
47669,98,1104
47670,100,1098
47671,102,1092
47672,98,1096
47673,100,1614
47674,100,1096
47675,100,1094
47676,100,1054
47677,98,1092
47678,100,1096
47679,98,1096
47680,100,1096
47681,94,1102
47682,98,1090
47683,100,1094
47684,102,1096
47685,98,1090
47686,98,1092
47687,100,1102
47688,98,1092
47689,98,1102
47690,100,1090
47691,100,1100
47692,100,1098
47693,100,1628
47694,100,1090
47695,98,1098
47696,100,1100
47697,98,1096
47698,102,1098
47699,98,1094
47700,100,1100
47701,100,1092
47702,100,1100
47703,100,1096
47704,98,1098
47705,100,1098
47706,100,1104
47707,100,1092
47708,98,1094
47709,98,1104
47710,98,1102
47711,100,1096
47712,98,1568
47713,98,1096
47714,96,1098
47715,96,1098
47716,100,1094
47717,100,1094
47718,98,1092
47719,98,1094
47720,98,1092
47721,102,1092
47722,98,1048
47723,98,1098
47724,98,1090
47725,100,1090
47726,98,1098
47727,98,1098
47728,98,1096
47729,100,1092
47730,98,1104
47731,98,1596
47732,100,1086
47733,100,1092
47734,100,1104
47735,98,1102
47736,98,1096
47737,100,1102
47738,94,1098
47739,100,1092
47740,100,1098
47741,98,1098
47742,100,1094
47743,98,1096
47744,98,1104
47745,98,1098
47746,100,1100
47747,100,1098
47748,100,1098
47749,96,1098
47750,98,1638
47751,96,1096
47752,100,1094
47753,102,1096
47754,100,1096
47755,98,1100
47756,100,1096
47757,100,1094
47758,98,1102
47759,100,1104
47760,98,1090
47761,96,1104
47762,100,1114
47763,102,1100
47764,100,1104
47765,104,1094
47766,98,1098
47767,98,1092
47768,98,1098
47769,98,1544
47770,98,1096
47771,100,1092
47772,98,1104
47773,98,1098
47774,100,1092
47775,102,1098
47776,100,1098
47777,98,1102
47778,100,1092
47779,98,1092
47780,100,1104
47781,98,1092
47782,98,1094
47783,98,1096
47784,98,1100
47785,100,1096
47786,100,1100
47787,102,1092
47788,102,1578
47789,98,1092
47790,100,1104
47791,100,1098
47792,100,1092
47793,98,1092
47794,100,1092
47795,100,1098
47796,98,1092
47797,100,1098
47798,100,1096
47799,94,1098
47800,102,1102
47801,100,1092
47802,96,1108
47803,100,1092
47804,100,1094
47805,100,1096
47806,98,1094
47807,102,1560
47808,98,1096
47809,100,1104
47810,98,1104
47811,98,1092
47812,98,1098
47813,98,1094
47814,102,1086
47815,102,1098
47816,100,1094
47817,94,1098
47818,98,1086
47819,98,1098
47820,100,1100
47821,98,1090
47822,100,1092
47823,102,1104
47824,98,1104
47825,100,1096
47826,100,1606
47827,98,1098
47828,100,1098
47829,104,1094
47830,98,1092
47831,100,1104
47832,104,1088
47833,98,1092
47834,100,1104
47835,100,1092
47836,98,1088
47837,100,1100
47838,98,1098
47839,100,1096
47840,98,1102
47841,102,1092
47842,100,1096
47843,100,1094
47844,100,1106
47845,98,1654
47846,100,1090
47847,98,1098
47848,100,1092
47849,98,1102
47850,98,1096
47851,100,1098
47852,100,1098
47853,100,1098
47854,100,1092
47855,98,1094
47856,98,1100
47857,98,1088
47858,100,1100
47859,98,1100
47860,100,1092
47861,100,1048
47862,98,1106
47863,98,1102
47864,100,1096
47865,100,1542
47866,100,1092
47867,98,1098
47868,100,1094
47869,100,1102
47870,100,1096
47871,98,1096
47872,100,1102
47873,100,1094
47874,100,1092
47875,100,1092
47876,102,1098
47877,98,1092
47878,98,1100
47879,98,1094
47880,98,1094
47881,98,1094
47882,100,1098
47883,100,1100
47884,98,1644
47885,100,1088
47886,98,1100
47887,98,1096
47888,100,1094
47889,100,1092
47890,100,1098
47891,100,1096
47892,100,1106
47893,98,1096
47894,98,1100
47895,98,1098
47896,100,1104
47897,104,1096
47898,98,1098
47899,98,1092
47900,98,1090
47901,100,1094
47902,100,1096
47903,98,1604
47904,96,1096
47905,98,1098
47906,98,1096
47907,100,1080
47908,100,1092
47909,98,1098
47910,100,1096
47911,98,1098
47912,98,1100
47913,100,1102
47914,100,1092
47915,100,1094
47916,98,1098
47917,100,1092
47918,98,1088
47919,100,1098
47920,100,1098
47921,98,1088
47922,100,1586
47923,100,1098
47924,98,1102
47925,98,1094
47926,98,1098
47927,98,1098
47928,98,1096
47929,98,1090
47930,100,1094
47931,98,1110
47932,98,1094
47933,100,1092
47934,96,1102
47935,98,1094
47936,98,1092
47937,100,1096
47938,100,1098
47939,98,1098
47940,100,1098
47941,100,1644
47942,98,1094
47943,100,1092
47944,102,1092
47945,98,1100
47946,100,1098
47947,102,1092
47948,96,1098
47949,100,1092
47950,100,1100
47951,98,1098
47952,98,1094
47953,98,1092
47954,98,1092
47955,102,1098
47956,98,1094
47957,98,1088
47958,98,1096
47959,100,1096
47960,98,1612
47961,100,1096
47962,98,1104
47963,98,1102
47964,96,1094
47965,102,1088
47966,100,1094
47967,100,1096
47968,96,1096
47969,98,1092
47970,98,1104
47971,100,1096
47972,98,1104
47973,100,1102
47974,98,1092
47975,100,1092
47976,100,1102
47977,98,1098
47978,100,1100
47979,98,1580
47980,100,1098
47981,100,1098
47982,100,1100
47983,98,1092
47984,98,1092
47985,98,1100
47986,98,1104
47987,98,1092
47988,100,1096
47989,96,1090
47990,100,1100
47991,100,1098
47992,100,1098
47993,100,1096
47994,100,1098
47995,100,1098
47996,98,1090
47997,98,1092
47998,98,1598
47999,98,1096
48000,100,1032
48001,98,1094
48002,98,1100
48003,102,1092
48004,98,1096
48005,98,1094
48006,100,1100
48007,100,1088
48008,98,1090
48009,102,1102
48010,96,1096
48011,100,1092
48012,104,1098
48013,100,1096
48014,98,1086
48015,98,1098
48016,98,1094
48017,100,1088
48018,106,1100
48019,100,1520
48020,98,1094
48021,100,1092
48022,100,1092
48023,100,1100
48024,100,1094
48025,98,1096
48026,98,1104
48027,96,1098
48028,100,1094
48029,98,1092
48030,100,1098
48031,100,1106
48032,98,1092
48033,100,1098
48034,98,1092
48035,96,1094
48036,98,1104
48037,98,1096
48038,98,1590
48039,100,1092
48040,100,1096
48041,100,1092
48042,98,1104
48043,100,1092
48044,104,1100
48045,100,1098
48046,100,1092
48047,100,1102
48048,98,1098
48049,100,1092
48050,102,1092
48051,100,1096
48052,100,1094
48053,100,1098
48054,96,1090
48055,104,1098
48056,100,1098
48057,98,1092
48058,100,1524
48059,98,1102
48060,100,1096
48061,100,1086
48062,100,1096
48063,100,1098
48064,98,1100
48065,100,1092
48066,100,1096
48067,100,1096
48068,100,1096
48069,104,1092
48070,98,1096
48071,100,1104
48072,98,1094
48073,98,1094
48074,100,1096
48075,100,1094
48076,98,1104
48077,102,1134
48078,150,1134
48079,102,1152
48080,98,1150
48081,150,1100
48082,150,1136
48083,104,1096
48084,98,1092
48085,98,1104
48086,100,1096
48087,98,1100
48088,100,1092
48089,98,1098
48090,100,1096
48091,100,1098
48092,100,1098
48093,100,1098
48094,98,1098
48095,100,1092
48096,98,1102
48097,102,1642
48098,98,1094
48099,102,1092
48100,98,1098
48101,100,1106
48102,100,1104
48103,100,1092
48104,100,1094
48105,102,1098
48106,100,1102
48107,100,1092
48108,98,1094
48109,98,1098
48110,98,1098
48111,104,1098
48112,102,1098
48113,100,1092
48114,102,1102
48115,98,1094
48116,98,1626
48117,100,1098
48118,98,1096
48119,100,1100
48120,98,1102
48121,102,1088
48122,96,1090
48123,96,1096
48124,100,1092
48125,100,1096
48126,100,1104
48127,96,1098
48128,98,1096
48129,98,1102
48130,102,1104
48131,100,1098
48132,98,1092
48133,100,1094
48134,98,1108
48135,100,1564
48136,98,1094
48137,98,1098
48138,100,1104
48139,104,1092
48140,98,1096
48141,100,1100
48142,102,1104
48143,98,1096
48144,98,1098
48145,100,1100
48146,100,1092
48147,100,1098
48148,100,1096
48149,100,1094
48150,98,1092
48151,100,1094
48152,100,1100
48153,100,1098
48154,100,1638
48155,98,1100
48156,98,1092
48157,96,1104
48158,100,1104
48159,100,1102
48160,100,1102
48161,106,1094
48162,98,1102
48163,100,1094
48164,98,1092
48165,104,1088
48166,98,1102
48167,100,1092
48168,100,1090
48169,100,1104
48170,100,1112
48171,98,1092
48172,100,1106
48173,100,1608
48174,100,1088
48175,98,1098
48176,100,1110
48177,100,1090
48178,98,1092
48179,100,1096
48180,100,1102
48181,98,1094
48182,100,1098
48183,98,1104
48184,98,1092
48185,100,1096
48186,102,1102
48187,96,1098
48188,100,1096
48189,100,1096
48190,96,1092
48191,100,1094
48192,100,1628
48193,100,1106
48194,100,1104
48195,96,1094
48196,102,1098
48197,100,1094
48198,102,1096
48199,98,1098
48200,98,1094
48201,98,1096
48202,98,1104
48203,98,1096
48204,98,1092
48205,98,1098
48206,98,1110
48207,100,1094
48208,98,1106
48209,98,1096
48210,98,1094
48211,98,1620
48212,102,1098
48213,98,1098
48214,98,1098
48215,98,1114
48216,100,1094
48217,94,1092
48218,98,1096
48219,98,1102
48220,98,1088
48221,100,1098
48222,102,1092
48223,98,1100
48224,96,1100
48225,100,1092
48226,100,1106
48227,94,1092
48228,98,1098
48229,100,1100
48230,98,1564
48231,98,1094
48232,100,1102
48233,96,1102
48234,100,1098
48235,98,1096
48236,98,1098
48237,98,1098
48238,100,1098
48239,98,1098
48240,98,1094
48241,100,1098
48242,98,1092
48243,98,1092
48244,98,1094
48245,100,1096
48246,100,1098
48247,98,1098
48248,98,1098
48249,100,1578
48250,98,1096
48251,100,1098
48252,102,1092
48253,98,1094
48254,104,1092
48255,100,1108
48256,96,1104
48257,100,1092
48258,98,1092
48259,98,1092
48260,98,1092
48261,98,1088
48262,98,1098
48263,98,1098
48264,104,1092
48265,100,1010
48266,100,1256
48267,100,1092
48268,98,1100
48269,100,1094
48270,98,1102
48271,98,1096
48272,100,1096
48273,104,1094
48274,100,1090
48275,100,1090
48276,100,1104
48277,100,1090
48278,100,1088
48279,98,1096
48280,100,1102
48281,98,1092
48282,98,1090
48283,100,1096
48284,98,1094
48285,100,1594
48286,98,1098
48287,96,1102
48288,98,1110
48289,100,1100
48290,100,1094
48291,98,1104
48292,102,1104
48293,100,1092
48294,100,1106
48295,100,1092
48296,100,1088
48297,100,1092
48298,98,1096
48299,98,1096
48300,98,1096
48301,100,1104
48302,100,1098
48303,100,1102
48304,100,1638
48305,100,1098
48306,98,1098
48307,98,1092
48308,96,1102
48309,102,1098
48310,98,1100
48311,100,1098
48312,102,1092
48313,98,1098
48314,98,1086
48315,98,1098
48316,100,1098
48317,98,1086
48318,98,1092
48319,100,1104
48320,100,1094
48321,100,1086
48322,98,1098
48323,98,1632
48324,100,1096
48325,98,1088
48326,98,1094
48327,98,1098
48328,100,1090
48329,98,1096
48330,98,1098
48331,98,1098
48332,100,1092
48333,104,1088
48334,98,1100
48335,100,1090
48336,98,1092
48337,98,1104
48338,100,1094
48339,98,1092
48340,104,1102
48341,100,1098
48342,100,1584
48343,100,1092
48344,100,1098
48345,98,1104
48346,100,1096
48347,98,1092
48348,100,1096
48349,98,1100
48350,100,1104
48351,100,1098
48352,100,1098
48353,100,1092
48354,98,1092
48355,98,1098
48356,98,1092
48357,98,1094
48358,104,1094
48359,100,1098
48360,98,1102
48361,96,1586
48362,98,1102
48363,100,1092
48364,98,1098
48365,100,1088
48366,98,1098
48367,100,1102
48368,102,1092
48369,100,1096
48370,100,1092
48371,100,1092
48372,98,1092
48373,100,1104
48374,98,1098
48375,98,1098
48376,98,1104
48377,100,1092
48378,100,1090
48379,102,1092
48380,100,1614
48381,100,1094
48382,100,1100
48383,98,1098
48384,98,1102
48385,100,1098
48386,100,1098
48387,98,1098
48388,100,1092
48389,98,1092
48390,98,1098
48391,98,1102
48392,100,1088
48393,98,1098
48394,98,1094
48395,98,1104
48396,100,1102
48397,98,1094
48398,98,1098
48399,100,1564
48400,98,1086
48401,98,1094
48402,100,1100
48403,98,1096
48404,98,1044
48405,96,1098
48406,100,1096
48407,100,1096
48408,98,1098
48409,98,1100
48410,96,1096
48411,98,1098
48412,100,1114
48413,100,1100
48414,100,1096
48415,98,1096
48416,98,1100
48417,100,1088
48418,98,1624
48419,96,1094
48420,100,1092
48421,98,1100
48422,96,1098
48423,100,1106
48424,98,1096
48425,98,1108
48426,98,1094
48427,98,1110
48428,98,1094
48429,100,1094
48430,98,1096
48431,98,1098
48432,102,1094
48433,102,1096
48434,98,1092
48435,102,1098
48436,100,1094
48437,98,1624
48438,98,1090
48439,100,1096
48440,98,1096
48441,98,1098
48442,100,1096
48443,98,1102
48444,98,1094
48445,98,1100
48446,96,1092
48447,96,1102
48448,100,1098
48449,98,1092
48450,102,1094
48451,98,1098
48452,100,1098
48453,100,1096
48454,102,1094
48455,100,1102
48456,98,1560
48457,98,1094
48458,98,1092
48459,98,1100
48460,98,1096
48461,100,1096
48462,98,1106
48463,98,1098
48464,98,1094
48465,100,1092
48466,98,1098
48467,98,1098
48468,98,1088
48469,98,1098
48470,98,1098
48471,98,1092
48472,98,1096
48473,98,1092
48474,102,1092
48475,98,1632
48476,100,1094
48477,98,1104
48478,100,1096
48479,104,1096
48480,98,1100
48481,96,1104
48482,98,1092
48483,100,1096
48484,98,1108
48485,98,1094
48486,98,1102
48487,100,1098
48488,98,1092
48489,100,1092
48490,98,1094
48491,100,1098
48492,92,1098
48493,100,1090
48494,100,1582
48495,100,1102
48496,98,1102
48497,100,1104
48498,100,1102
48499,98,1096
48500,100,1098
48501,98,1094
48502,100,1094
48503,102,1098
48504,100,1094
48505,98,1096
48506,96,1104
48507,98,1090
48508,102,1098
48509,96,1094
48510,98,1106
48511,98,1098
48512,100,1092
48513,98,1628
48514,100,1086
48515,100,1094
48516,100,1092
48517,100,1092
48518,100,1092
48519,100,1098
48520,98,1106
48521,98,1094
48522,100,1098
48523,98,1100
48524,100,1096
48525,100,1092
48526,104,1096
48527,100,1100
48528,98,1104
48529,98,1094
48530,100,1096
48531,98,1100
48532,96,1596
48533,100,1094
48534,98,1096
48535,100,1092
48536,100,1088
48537,98,1098
48538,98,1098
48539,100,1092
48540,98,1104
48541,98,1102
48542,100,1092
48543,104,1080
48544,98,1092
48545,100,1096
48546,98,1092
48547,98,1098
48548,98,1092
48549,98,1098
48550,98,1092
48551,102,1642
48552,100,1092
48553,98,1092
48554,100,1106
48555,100,1100
48556,98,1092
48557,100,1102
48558,98,1098
48559,100,1098
48560,100,1096
48561,98,1092
48562,100,1092
48563,100,1098
48564,100,1102
48565,98,1094
48566,98,1102
48567,100,1096
48568,98,1092
48569,98,1094
48570,100,1610
48571,98,1098
48572,100,1100
48573,98,1098
48574,102,1100
48575,98,1094
48576,98,1098
48577,98,1096
48578,100,1094
48579,96,1092
48580,98,1088
48581,100,1098
48582,102,1086
48583,98,1098
48584,98,1094
48585,98,1092
48586,100,1104
48587,100,1096
48588,98,1042
48589,98,1100
48590,102,1578
48591,100,1104
48592,98,1104
48593,100,1088
48594,98,1088
48595,100,1108
48596,100,1086
48597,100,1098
48598,100,1108
48599,98,1098
48600,100,1098
48601,98,1098
48602,98,1092
48603,98,1094
48604,98,1098
48605,100,1102
48606,98,1092
48607,102,1098
48608,98,1098
48609,100,1626
48610,100,1092
48611,98,1098
48612,100,1092
48613,100,1110
48614,100,1088
48615,98,1098
48616,98,1092
48617,100,1090
48618,100,1088
48619,98,1094
48620,100,1100
48621,100,1098
48622,98,1096
48623,98,1100
48624,100,1096
48625,98,1108
48626,98,1102
48627,100,1102
48628,98,1608
48629,100,1092
48630,98,1092
48631,94,1104
48632,100,1096
48633,96,1098
48634,100,1098
48635,98,1104
48636,96,1090
48637,100,1098
48638,100,1112
48639,98,1096
48640,98,1098
48641,102,1102
48642,100,1098
48643,98,1098
48644,100,1092
48645,100,1098
48646,100,1090
48647,98,1638
48648,98,1102
48649,98,1092
48650,98,1092
48651,100,1092
48652,100,1104
48653,98,1096
48654,100,1098
48655,98,1100
48656,98,1094
48657,98,1098
48658,100,1100
48659,98,1098
48660,102,1092
48661,100,1098
48662,100,1092
48663,98,1100
48664,100,1098
48665,98,1098
48666,100,1572
48667,100,1100
48668,106,1092
48669,98,1098
48670,96,1096
48671,98,1100
48672,98,1096
48673,102,1092
48674,100,1104
48675,100,1092
48676,100,1106
48677,100,1098
48678,100,1098
48679,100,1104
48680,98,1092
48681,100,1092
48682,102,1092
48683,98,1098
48684,96,1108
48685,98,1092
48686,102,1630
48687,100,1104
48688,100,1094
48689,98,1092
48690,100,1108
48691,100,1098
48692,100,1092
48693,100,1098
48694,96,1092
48695,100,1098
48696,100,1104
48697,100,1092
48698,100,1104
48699,98,1098
48700,100,1094
48701,102,1094
48702,98,1106
48703,98,1098
48704,98,1098
48705,98,1626
48706,98,1100
48707,100,1094
48708,100,1096
48709,98,1094
48710,98,1094
48711,98,1092
48712,100,1092
48713,100,1098
48714,98,1098
48715,98,1096
48716,100,1092
48717,100,1092
48718,98,1090
48719,100,1096
48720,100,1100
48721,100,1108
48722,98,1094
48723,98,1094
48724,98,1620
48725,98,1098
48726,98,1104
48727,100,1098
48728,98,1132
48729,100,1090
48730,100,1098
48731,98,1108
48732,98,1104
48733,98,1092
48734,98,1098
48735,100,1100
48736,98,1104
48737,100,1098
48738,98,1094
48739,96,1104
48740,104,1092
48741,100,1098
48742,98,1094
48743,100,1602
48744,104,1102
48745,100,1100
48746,100,1092
48747,104,1092
48748,98,1102
48749,98,1104
48750,100,1096
48751,100,1098
48752,100,1102
48753,100,1096
48754,98,1092
48755,98,1098
48756,100,1102
48757,102,1096
48758,98,1096
48759,100,1098
48760,100,1094
48761,100,1096
48762,98,1626
48763,98,1098
48764,100,1092
48765,100,1098
48766,98,1092
48767,98,1096
48768,98,1098
48769,98,1094
48770,100,1098
48771,98,1094
48772,98,1094
48773,100,1092
48774,100,1098
48775,98,1092
48776,98,1104
48777,98,1104
48778,98,1086
48779,98,1104
48780,96,1096
48781,98,1626
48782,100,1104
48783,98,1104
48784,98,1092
48785,98,1094
48786,98,1098
48787,100,1094
48788,96,1100
48789,100,1092
48790,100,1096
48791,98,1102
48792,100,1100
48793,98,1096
48794,98,1102
48795,98,1094
48796,100,1096
48797,102,1090
48798,100,1098
48799,100,1096
48800,98,1622
48801,100,1092
48802,98,1098
48803,98,1098
48804,98,1084
48805,100,1092
48806,98,1108
48807,100,1092
48808,100,1104
48809,100,1102
48810,98,1088
48811,98,1096
48812,98,1092
48813,100,1092
48814,98,1086
48815,98,1104
48816,100,1102
48817,98,1094
48818,98,1098
48819,98,1560
48820,98,1104
48821,100,1096
48822,100,1098
48823,98,1110
48824,98,1098
48825,100,1086
48826,100,1104
48827,100,1098
48828,98,1092
48829,100,1092
48830,98,1098
48831,96,1092
48832,98,1098
48833,98,1094
48834,98,1092
48835,98,1092
48836,98,1098
48837,98,1098
48838,100,1622
48839,102,1092
48840,100,1098
48841,96,1092
48842,98,1092
48843,100,1088
48844,98,1100
48845,100,1096
48846,96,1088
48847,98,1098
48848,100,1118
48849,100,1094
48850,98,1092
48851,98,1096
48852,98,1096
48853,96,1096
48854,100,1096
48855,98,1098
48856,100,1102
48857,96,1628
48858,98,1098
48859,98,1104
48860,100,1092
48861,98,1092
48862,100,1094
48863,100,1092
48864,100,1104
48865,100,1102
48866,98,1098
48867,98,1098
48868,100,1094
48869,96,1096
48870,100,1092
48871,98,1098
48872,100,1098
48873,98,1098
48874,100,1092
48875,100,1092
48876,98,1568
48877,98,1098
48878,100,1096
48879,100,1098
48880,100,1108
48881,98,1104
48882,98,1092
48883,100,1094
48884,98,1100
48885,102,1104
48886,100,1098
48887,100,1098
48888,100,1094
48889,102,1092
48890,100,1100
48891,100,1098
48892,100,1092
48893,98,1086
48894,96,1090
48895,98,1620
48896,100,1090
48897,98,1092
48898,100,1104
48899,96,1092
48900,98,1094
48901,100,1098
48902,98,1098
48903,100,1104
48904,98,1090
48905,100,1094
48906,100,1102
48907,100,1094
48908,98,1100
48909,100,1098
48910,100,1104
48911,98,1096
48912,98,1092
48913,98,1066
48914,100,1610
48915,98,1100
48916,100,1112
48917,100,1092
48918,100,1098
48919,102,1102
48920,100,1092
48921,98,1088
48922,98,1098
48923,98,1102
48924,100,1106
48925,100,1090
48926,100,1104
48927,100,1102
48928,100,1092
48929,100,1092
48930,98,1098
48931,100,1104
48932,98,1092
48933,98,1626
48934,98,1098
48935,98,1088
48936,98,1092
48937,98,1096
48938,100,1096
48939,102,1096
48940,100,1096
48941,98,1104
48942,98,1092
48943,98,1092
48944,100,1094
48945,98,1092
48946,98,1104
48947,98,1098
48948,100,1094
48949,98,1102
48950,98,1096
48951,98,1098
48952,96,1624
48953,100,1092
48954,98,1090
48955,96,1098
48956,100,1102
48957,98,1096
48958,98,1102
48959,100,1102
48960,98,1096
48961,98,1092
48962,98,1094
48963,98,1098
48964,98,1088
48965,98,1092
48966,102,1092
48967,100,1092
48968,100,1096
48969,98,1094
48970,102,1098
48971,100,1572
48972,98,1096
48973,100,1104
48974,96,1098
48975,100,1096
48976,96,1096
48977,102,1098
48978,98,1100
48979,102,1098
48980,100,1102
48981,100,1096
48982,98,1098
48983,98,1098
48984,98,1098
48985,98,1100
48986,100,1090
48987,100,1096
48988,98,1096
48989,100,1088
48990,98,1602
48991,98,1108
48992,100,1098
48993,98,1088
48994,98,1104
48995,100,1104
48996,100,1094
48997,98,1098
48998,100,1098
48999,98,1104
49000,98,1092
49001,102,1088
49002,98,1100
49003,102,1094
49004,98,1092
49005,100,1098
49006,100,1092
49007,100,1094
49008,100,1088
49009,98,1098
49010,100,1560
49011,100,1096
49012,100,1094
49013,102,1100
49014,98,1098
49015,98,1098
49016,98,1098
49017,96,1092
49018,98,1092
49019,98,1098
49020,100,1108
49021,98,1096
49022,98,1096
49023,96,1102
49024,98,1098
49025,100,1092
49026,98,1092
49027,100,1094
49028,100,1094
49029,96,1566
49030,96,1104
49031,96,1096
49032,98,1092
49033,100,1100
49034,100,1102
49035,94,1094
49036,98,1104
49037,100,1096
49038,98,1096
49039,100,1094
49040,100,1092
49041,100,1098
49042,98,1094
49043,98,1098
49044,102,1092
49045,100,1102
49046,100,1094
49047,98,1090
49048,98,1578
49049,98,1084
49050,98,1090
49051,98,1098
49052,98,1044
49053,98,1092
49054,98,1108
49055,98,1098
49056,98,1096
49057,96,1088
49058,98,1092
49059,100,1100
49060,100,1092
49061,98,1092
49062,98,1110
49063,100,1094
49064,98,1098
49065,104,1092
49066,100,1092
49067,100,1622
49068,100,1092
49069,98,1092
49070,100,1094
49071,98,1092
49072,98,1092
49073,100,1098
49074,100,1100
49075,100,1092
49076,98,1088
49077,100,1094
49078,100,1094
49079,100,1100
49080,100,1106
49081,98,1096
49082,98,1104
49083,102,1098
49084,100,1094
49085,98,1098
49086,100,1598
49087,98,1094
49088,100,1094
49089,100,1086
49090,98,1104
49091,104,1098
49092,94,1098
49093,100,1096
49094,100,1094
49095,100,1106
49096,100,1088
49097,100,1094
49098,98,1092
49099,98,1094
49100,100,1092
49101,96,1096
49102,98,1098
49103,102,1094
49104,98,1086
49105,98,1622
49106,100,1104
49107,98,1094
49108,96,1094
49109,98,1098
49110,100,1100
49111,98,1098
49112,100,1096
49113,100,1100
49114,98,1092
49115,98,1092
49116,100,1096
49117,100,1094
49118,100,1098
49119,100,1098
49120,100,1102
49121,98,1092
49122,100,1092
49123,98,1092
49124,100,1638
49125,100,1088
49126,98,1104
49127,98,1104
49128,100,1092
49129,100,1096
49130,100,1092
49131,100,1098
49132,98,1102
49133,100,1100
49134,98,1094
49135,100,1102
49136,96,1094
49137,98,1092
49138,98,1094
49139,100,1098
49140,98,1098
49141,98,1096
49142,98,1098
49143,100,1574
49144,100,1100
49145,100,1096
49146,98,1094
49147,100,1098
49148,104,1104
49149,98,1092
49150,100,1088
49151,100,1096
49152,98,1102
49153,98,1090
49154,100,1090
49155,98,1104
49156,100,1092
49157,100,1096
49158,98,1098
49159,100,1104
49160,100,1094
49161,100,1086
49162,100,1582
49163,98,1102
49164,100,1104
49165,102,1088
49166,102,1104
49167,100,1098
49168,100,1092
49169,100,1102
49170,100,1094
49171,96,1098
49172,98,1096
49173,100,1096
49174,102,1092
49175,100,1090
49176,100,1098
49177,100,1104
49178,100,1104
49179,98,1098
49180,98,1090
49181,100,1604
49182,100,1088
49183,98,1100
49184,100,1104
49185,100,1096
49186,98,1102
49187,100,1094
49188,98,1100
49189,98,1086
49190,98,1090
49191,98,988
49192,98,1092
49193,100,1092
49194,100,1088
49195,100,1098
49196,100,1098
49197,100,1096
49198,98,1098
49199,100,1096
49200,98,1098
49201,100,1530
49202,100,1102
49203,94,1092
49204,98,1092
49205,100,1100
49206,100,1096
49207,100,1110
49208,96,1096
49209,98,1098
49210,100,1098
49211,98,1092
49212,102,1104
49213,104,1096
49214,98,1096
49215,100,1092
49216,100,1092
49217,100,1098
49218,98,1092
49219,98,1096
49220,100,1602
49221,100,1094
49222,98,1092
49223,100,1098
49224,98,1096
49225,98,1102
49226,100,1086
49227,100,1100
49228,96,1092
49229,98,1092
49230,98,1094
49231,102,1100
49232,100,1090
49233,100,1096
49234,98,1098
49235,98,1098
49236,100,1104
49237,102,1086
49238,100,1104
49239,98,1636
49240,104,1090
49241,98,1104
49242,96,1104
49243,98,1092
49244,96,1088
49245,98,1098
49246,100,1098
49247,98,1096
49248,98,1094
49249,98,1106
49250,98,1096
49251,100,1098
49252,98,1104
49253,98,1100
49254,100,1092
49255,98,1096
49256,100,1100
49257,100,1098
49258,98,1614
49259,100,1094
49260,96,1104
49261,98,1092
49262,100,1088
49263,98,1102
49264,100,1092
49265,100,1096
49266,100,1092
49267,98,1096
49268,98,1090
49269,96,1098
49270,98,1094
49271,102,1092
49272,100,1098
49273,100,1108
49274,98,1096
49275,100,1094
49276,100,1098
49277,98,1638
49278,100,1098
49279,100,1100
49280,98,1104
49281,98,1102
49282,98,1090
49283,104,1096
49284,98,1104
49285,100,1098
49286,100,1090
49287,98,1096
49288,98,1414
49289,102,1092
49290,104,1088
49291,98,1096
49292,102,1102
49293,98,1094
49294,98,1092
49295,98,1094
49296,98,1096
49297,100,1088
49298,102,1092
49299,98,1098
49300,100,1108
49301,98,1090
49302,100,1090
49303,100,1100
49304,98,1088
49305,100,1094
49306,98,1100
49307,100,1626
49308,98,1092
49309,100,1096
49310,100,1098
49311,100,1096
49312,98,1104
49313,100,1098
49314,100,1090
49315,102,1092
49316,100,1096
49317,98,1092
49318,100,1098
49319,98,1098
49320,100,1092
49321,100,1092
49322,100,1086
49323,102,1094
49324,98,1092
49325,98,1092
49326,100,1652
49327,98,1098
49328,98,1104
49329,98,1088
49330,100,1104
49331,100,1108
49332,98,1092
49333,100,1084
49334,98,1104
49335,98,1094
49336,100,1098
49337,98,1092
49338,100,1098
49339,98,1098
49340,98,1098
49341,100,1092
49342,102,1092
49343,98,1098
49344,100,1104
49345,98,1100
49346,98,1092
49347,100,1526
49348,100,1098
49349,96,1098
49350,98,1096
49351,100,1090
49352,98,1102
49353,100,1102
49354,98,1092
49355,102,1104
49356,100,1092
49357,100,1098
49358,100,1086
49359,104,1092
49360,100,1092
49361,98,1092
49362,98,1092
49363,100,1104
49364,98,1106
49365,100,1084
49366,100,1590
49367,100,1100
49368,98,1098
49369,98,1088
49370,102,1104
49371,100,1098
49372,98,1102
49373,100,1098
49374,100,1096
49375,100,1092
49376,98,988
49377,100,1094
49378,100,1092
49379,98,1100
49380,100,1102
49381,100,1098
49382,100,1106
49383,98,1092
49384,98,1108
49385,100,1614
49386,98,1100
49387,102,1098
49388,100,1104
49389,96,1092
49390,98,1086
49391,100,1098
49392,98,1092
49393,100,1096
49394,100,1098
49395,98,1094
49396,98,1094
49397,100,1098
49398,100,1096
49399,100,1104
49400,98,1100
49401,100,1096
49402,102,1102
49403,100,1100
49404,100,1610
49405,98,1098
49406,98,1098
49407,100,1102
49408,98,1092
49409,100,1098
49410,100,1092
49411,100,1088
49412,98,1098
49413,98,1092
49414,100,1104
49415,98,1092
49416,100,1096
49417,98,1088
49418,98,1092
49419,98,1096
49420,98,1100
49421,98,1098
49422,98,1092
49423,100,1632
49424,98,1096
49425,98,1094
49426,100,1094
49427,100,1094
49428,100,1098
49429,100,1104
49430,100,1104
49431,98,1098
49432,100,1092
49433,98,1088
49434,96,1092
49435,100,1100
49436,96,1088
49437,100,1092
49438,98,1094
49439,100,1098
49440,100,1088
49441,98,1094
49442,100,1632
49443,98,1098
49444,98,1098
49445,102,1096
49446,100,1092
49447,102,1092
49448,100,1098
49449,98,1102
49450,100,1088
49451,100,1094
49452,98,1094
49453,102,1098
49454,98,1086
49455,100,1106
49456,100,1104
49457,100,1098
49458,102,1096
49459,100,1098
49460,100,1108
49461,98,1094
49462,98,1524
49463,100,1094
49464,100,1108
49465,102,1094
49466,98,1090
49467,100,1094
49468,100,1104
49469,100,1098
49470,100,1098
49471,98,1100
49472,100,1092
49473,98,1100
49474,100,1102
49475,98,1092
49476,98,1092
49477,98,1096
49478,100,1094
49479,98,1094
49480,98,1086
49481,98,1102
49482,100,1526
49483,98,1092
49484,100,1108
49485,100,1092
49486,100,1092
49487,98,1094
49488,98,1098
49489,100,1096
49490,100,1094
49491,98,1100
49492,102,1100
49493,100,1098
49494,102,1098
49495,98,1098
49496,100,1096
49497,100,1094
49498,98,1092
49499,100,1094
49500,98,1104
49501,104,1554
49502,98,1104
49503,100,1096
49504,100,1100
49505,98,1098
49506,100,1100
49507,98,1092
49508,98,1098
49509,98,1092
49510,100,1100
49511,100,1094
49512,98,1092
49513,98,1098
49514,98,1098
49515,98,1102
49516,100,1104
49517,98,1096
49518,98,1096
49519,102,1092
49520,100,1098
49521,98,1424
49522,98,1092
49523,100,1094
49524,100,1098
49525,98,1098
49526,100,1094
49527,102,1106
49528,102,1096
49529,98,1092
49530,100,1090
49531,100,1092
49532,100,1102
49533,100,1090
49534,100,1098
49535,98,1100
49536,98,1092
49537,100,1098
49538,98,1092
49539,98,1094
49540,102,1564
49541,104,1100
49542,98,1098
49543,100,1096
49544,100,1100
49545,100,1104
49546,98,1088
49547,100,1096
49548,98,1108
49549,100,1102
49550,100,1098
49551,100,1098
49552,98,1098
49553,98,1092
49554,98,1090
49555,100,1094
49556,96,1092
49557,98,1104
49558,98,1104
49559,100,1588
49560,98,1096
49561,100,978
49562,98,1092
49563,98,1102
49564,98,1092
49565,100,1092
49566,100,1100
49567,100,1098
49568,96,1092
49569,100,1096
49570,98,1094
49571,98,1098
49572,98,1096
49573,100,1094
49574,98,1104
49575,100,1096
49576,100,1094
49577,98,1092
49578,96,1614
49579,98,1104
49580,100,1104
49581,100,1094
49582,100,1092
49583,98,1096
49584,100,1098
49585,98,1104
49586,100,1092
49587,100,1098
49588,104,1094
49589,100,1086
49590,98,1088
49591,100,1100
49592,100,1096
49593,98,1092
49594,100,1098
49595,100,1102
49596,100,1092
49597,98,1608
49598,100,1102
49599,98,1098
49600,98,1088
49601,102,1098
49602,100,1100
49603,100,1106
49604,102,1092
49605,98,1094
49606,98,1098
49607,100,1092
49608,100,1102
49609,98,1098
49610,98,1098
49611,98,1104
49612,102,1104
49613,100,1098
49614,98,1096
49615,100,1094
49616,98,1610
49617,98,1106
49618,98,1104
49619,98,1092
49620,100,1102
49621,100,1098
49622,98,1098
49623,100,1098
49624,100,1096
49625,98,1098
49626,100,1088
49627,98,1100
49628,98,1100
49629,100,1092
49630,96,1092
49631,98,1100
49632,98,1092
49633,100,1092
49634,98,1100
49635,100,1098
49636,100,1548
49637,100,1088
49638,98,1104
49639,100,1108
49640,98,1086
49641,100,1096
49642,98,1104
49643,96,1094
49644,100,1092
49645,98,1102
49646,98,1106
49647,98,1094
49648,102,1096
49649,102,1092
49650,98,1100
49651,98,1092
49652,100,1098
49653,100,1092
49654,100,1090
49655,100,1648
49656,100,1092
49657,100,1088
49658,100,1088
49659,100,1094
49660,98,1098
49661,92,1092
49662,100,1090
49663,98,1098
49664,96,1098
49665,100,1088
49666,100,1104
49667,98,1102
49668,96,1088
49669,98,1104
49670,98,1092
49671,98,1100
49672,100,1092
49673,98,1092
49674,100,1628
49675,100,1096
49676,98,1112
49677,104,1094
49678,98,1092
49679,100,1090
49680,96,1086
49681,98,1094
49682,102,1098
49683,100,1094
49684,100,1104
49685,100,1092
49686,100,1096
49687,98,1094
49688,98,1098
49689,94,1098
49690,100,1088
49691,98,1096
49692,100,1102
49693,98,1580
49694,100,1100
49695,100,1096
49696,98,1102
49697,100,1092
49698,98,1096
49699,100,1094
49700,98,1096
49701,100,1092
49702,100,1098
49703,100,1090
49704,100,1100
49705,98,1090
49706,98,1102
49707,100,1096
49708,98,1092
49709,100,1098
49710,100,1098
49711,98,1094
49712,98,1620
49713,98,1098
49714,104,1102
49715,98,1090
49716,104,1090
49717,102,1098
49718,100,1096
49719,100,1098
49720,100,1092
49721,100,1098
49722,98,1094
49723,98,1092
49724,98,1106
49725,100,1096
49726,100,1104
49727,100,1100
49728,100,1098
49729,98,1092
49730,100,1096
49731,98,1098
49732,98,1424
49733,102,1092
49734,98,1098
49735,98,1104
49736,96,1096
49737,104,1098
49738,98,1092
49739,98,1096
49740,98,1096
49741,98,1092
49742,100,1098
49743,92,1092
49744,100,1098
49745,98,1102
49746,98,1092
49747,98,1092
49748,98,1092
49749,98,1098
49750,98,1092
49751,100,1614
49752,98,1092
49753,98,1098
49754,98,1100
49755,100,1088
49756,98,1094
49757,100,1102
49758,98,1088
49759,98,1098
49760,100,1096
49761,100,1092
49762,98,1092
49763,102,1100
49764,100,1104
49765,100,1090
49766,100,1100
49767,100,1094
49768,98,1092
49769,100,1100
49770,100,1600
49771,100,1096
49772,98,1098
49773,100,1102
49774,98,1096
49775,98,1096
49776,100,1092
49777,100,1102
49778,98,1092
49779,98,1094
49780,98,1098
49781,100,1098
49782,96,1110
49783,100,1092
49784,96,1094
49785,98,1104
49786,100,1094
49787,100,1098
49788,98,1094
49789,98,1634
49790,100,1092
49791,104,1092
49792,98,1100
49793,102,1098
49794,100,1092
49795,100,1092
49796,100,1096
49797,100,1088
49798,102,1104
49799,100,1104
49800,100,1094
49801,100,1092
49802,100,1108
49803,102,1096
49804,98,1098
49805,100,1090
49806,100,1636
49807,98,1094
49808,102,1102
49809,100,1104
49810,98,1110
49811,98,1092
49812,98,1088
49813,98,1096
49814,100,1110
49815,98,1088
49816,100,1104
49817,100,1094
49818,98,1096
49819,98,1092
49820,100,1094
49821,98,1096
49822,102,1104
49823,98,1096
49824,98,1102
49825,102,1636
49826,100,1100
49827,102,1100
49828,98,1098
49829,100,1102
49830,98,1094
49831,100,1100
49832,100,1104
49833,98,1096
49834,100,1088
49835,102,1098
49836,98,1102
49837,100,1090
49838,100,1094
49839,100,1116
49840,100,1092
49841,98,1096
49842,100,1098
49843,98,1094
49844,98,1636
49845,98,1096
49846,98,1098
49847,98,1094
49848,100,1104
49849,100,1098
49850,100,1094
49851,96,1094
49852,100,1100
49853,98,1094
49854,98,1104
49855,96,1094
49856,98,1094
49857,98,1098
49858,98,1088
49859,100,1098
49860,98,1106
49861,102,1098
49862,100,1104
49863,104,1596
49864,98,1096
49865,100,1098
49866,102,1106
49867,98,1098
49868,98,1104
49869,98,1094
49870,100,1110
49871,100,1092
49872,98,1096
49873,102,1092
49874,100,1092
49875,100,1098
49876,98,1090
49877,98,1094
49878,100,1098
49879,98,1098
49880,100,1092
49881,98,1092
49882,98,1560
49883,100,1088
49884,96,1108
49885,98,980
49886,100,1100
49887,98,1096
49888,98,1096
49889,98,1096
49890,98,1098
49891,98,1094
49892,96,1098
49893,100,1092
49894,98,1090
49895,100,1094
49896,100,1092
49897,100,1088
49898,98,1098
49899,98,1098
49900,100,1098
49901,98,1096
49902,98,1596
49903,100,1096
49904,100,1102
49905,98,1104
49906,98,1096
49907,98,1094
49908,98,1092
49909,100,1098
49910,98,1092
49911,98,1092
49912,98,1098
49913,100,1100
49914,98,1094
49915,98,1096
49916,98,1092
49917,96,1098
49918,98,1090
49919,96,1094
49920,98,1096
49921,98,1614
49922,98,1092
49923,96,1100
49924,98,1110
49925,100,1098
49926,100,1096
49927,98,1094
49928,98,1096
49929,100,1092
49930,98,1104
49931,96,1096
49932,100,1092
49933,98,1096
49934,98,1106
49935,100,1094
49936,98,1096
49937,98,1086
49938,98,1104
49939,100,1100
49940,98,1560
49941,98,1098
49942,98,1092
49943,98,1104
49944,100,1100
49945,98,1098
49946,98,1098
49947,98,1104
49948,98,1092
49949,96,1098
49950,102,1094
49951,100,1090
49952,96,1094
49953,100,1098
49954,100,1088
49955,100,1104
49956,100,1110
49957,100,1092
49958,98,1098
49959,98,1644
49960,100,1096
49961,100,1092
49962,100,1098
49963,100,1098
49964,98,1094
49965,96,1096
49966,104,1096
49967,98,1104
49968,98,1094
49969,98,1094
49970,100,1100
49971,100,1102
49972,100,1098
49973,98,1092
49974,98,1090
49975,98,1096
49976,100,1090
49977,96,1098
49978,100,1286
49979,100,1102
49980,100,1098
49981,102,1092
49982,98,1092
49983,100,1110
49984,100,1098
49985,100,1098
49986,98,1100
49987,100,1092
49988,100,1092
49989,100,1094
49990,100,1098
49991,98,1094
49992,98,1098
49993,98,1098
49994,98,1098
49995,100,1094
49996,102,1104
49997,98,1626
49998,100,1088
49999,100,1102
